signal_date,buy_date,symbol,stock_code,name,rank,pred_prob,entry_score,pred_3d,pred_5d,pred_10d,rank_3d,rank_5d,rank_10d,amount,turnover_rate,total_mv,atr_qfq,target_pct,holding_days,max_holding_days,score_exit_entry_ratio,min_holding_days_before_score_exit,score_continue_entry_ratio,signal_stop_loss_pct,signal_take_profit_pct,strategy_variant,filter_name,entry_weight_name,dynamic_hold_name,buy_day_market_available,buy_day_hard_gate_complete,buy_day_st_rejected,buy_day_open_limit_up_rejected,latest_market_date
20240604,20240605,SZSE.300266,300266.SZ,兴源环境,1,0.9999829545454546,0.9999829545454546,0.9999772770308654,0.999810641923878,1.0,1.0,0.999810606060606,1.0,106088.109,5.336,201994.9508,,0.90000,2,3,0.97000,1,0.97000,0.06000,0.07000,w84_09_07_amt90_mv20__exec_c097_pos90_dd12,amt90k_mv20w,w84_5d09_3d07,h2_m3_c0975,True,True,False,False,20260625
20240605,20240606,SHSE.600022,600022.SH,山东钢铁,1,0.9998126064735946,0.9998126064735946,0.9997501892505678,0.9979182437547313,1.0,1.0,0.9979178497066061,1.0,98423.959,0.7752,1251765.3978,,0.90000,2,3,0.97000,1,0.97000,0.06000,0.07000,w84_09_07_amt90_mv20__exec_c097_pos90_dd12,amt90k_mv20w,w84_5d09_3d07,h2_m3_c0975,True,True,False,False,20260625
20240606,20240607,SZSE.300102,300102.SZ,乾照光电,1,0.9999659284497444,0.9999659284497444,0.9999545798637396,0.9996214988644966,1.0,1.0,0.999621427219383,1.0,197534.714,3.4977,557459.7836,,0.90000,2,3,0.97000,1,0.97000,0.06000,0.07000,w84_09_07_amt90_mv20__exec_c097_pos90_dd12,amt90k_mv20w,w84_5d09_3d07,h2_m3_c0975,True,True,False,False,20260625
20240607,20240611,SZSE.002368,002368.SZ,太极股份,1,0.9996818181818181,0.9996818181818181,0.9996667297860253,1.0,0.9996212838477561,1.0,1.0,0.9996212121212121,149795.687,1.1953,1251448.4223,,0.90000,2,3,0.97000,1,0.97000,0.06000,0.07000,w84_09_07_amt90_mv20__exec_c097_pos90_dd12,amt90k_mv20w,w84_5d09_3d07,h2_m3_c0975,True,True,False,False,20260625
20240611,20240612,SZSE.002368,002368.SZ,太极股份,1,1.0,1.0,1.0,1.0,1.0,1.0,1.0,1.0,314943.928,2.4374,1328105.8705,,0.90000,2,3,0.97000,1,0.97000,0.06000,0.07000,w84_09_07_amt90_mv20__exec_c097_pos90_dd12,amt90k_mv20w,w84_5d09_3d07,h2_m3_c0975,True,True,False,False,20260625
20240612,20240613,SZSE.002368,002368.SZ,太极股份,1,0.999827781983346,0.999827781983346,0.9998334910122989,1.0,0.9998107852412488,0.9998107494322483,1.0,0.9998107494322483,272254.947,2.0659,1333091.7208,,0.90000,2,3,0.97000,1,0.97000,0.06000,0.07000,w84_09_07_amt90_mv20__exec_c097_pos90_dd12,amt90k_mv20w,w84_5d09_3d07,h2_m3_c0975,True,True,False,False,20260625
20240613,20240614,SZSE.002368,002368.SZ,太极股份,1,1.0,1.0,1.0,1.0,1.0,1.0,1.0,1.0,218084.235,1.6584,1333714.952,,0.90000,2,3,0.97000,1,0.97000,0.06000,0.07000,w84_09_07_amt90_mv20__exec_c097_pos90_dd12,amt90k_mv20w,w84_5d09_3d07,h2_m3_c0975,True,True,False,False,20260625
20240614,20240617,SZSE.002368,002368.SZ,太极股份,1,1.0,1.0,1.0,1.0,1.0,1.0,1.0,1.0,296645.169,2.2011,1358644.2035,,0.90000,2,3,0.97000,1,0.97000,0.06000,0.07000,w84_09_07_amt90_mv20__exec_c097_pos90_dd12,amt90k_mv20w,w84_5d09_3d07,h2_m3_c0975,True,True,False,False,20260625
20240617,20240618,SZSE.002368,002368.SZ,太极股份,1,1.0,1.0,1.0,1.0,1.0,1.0,1.0,1.0,292887.942,2.1377,1392298.6929,,0.90000,2,3,0.97000,1,0.97000,0.06000,0.07000,w84_09_07_amt90_mv20__exec_c097_pos90_dd12,amt90k_mv20w,w84_5d09_3d07,h2_m3_c0975,True,True,False,False,20260625
20240618,20240619,SZSE.002368,002368.SZ,太极股份,1,1.0,1.0,1.0,1.0,1.0,1.0,1.0,1.0,210292.769,1.5091,1410372.4002,,0.90000,2,3,0.97000,1,0.97000,0.06000,0.07000,w84_09_07_amt90_mv20__exec_c097_pos90_dd12,amt90k_mv20w,w84_5d09_3d07,h2_m3_c0975,True,True,False,False,20260625
20240619,20240620,SZSE.002368,002368.SZ,太极股份,1,0.9998278797049366,0.9998278797049366,0.9998335854765507,1.0,0.9998108925869894,0.9998108568186117,1.0,0.9998108568186117,154424.734,1.1128,1390428.9991,,0.90000,2,3,0.97000,1,0.97000,0.06000,0.07000,w84_09_07_amt90_mv20__exec_c097_pos90_dd12,amt90k_mv20w,w84_5d09_3d07,h2_m3_c0975,True,True,False,False,20260625
20240620,20240621,SZSE.002368,002368.SZ,太极股份,1,0.9998278797049366,0.9998278797049366,0.9998335854765507,1.0,0.9998108925869894,0.9998108568186117,1.0,0.9998108568186117,164714.831,1.2041,1362383.5912,,0.90000,2,3,0.97000,1,0.97000,0.06000,0.07000,w84_09_07_amt90_mv20__exec_c097_pos90_dd12,amt90k_mv20w,w84_5d09_3d07,h2_m3_c0975,True,True,False,False,20260625
20240621,20240624,SHSE.600567,600567.SH,山鹰国际,1,0.999982977113675,0.999982977113675,0.9999773071104388,0.9998108925869894,1.0,1.0,0.9998108568186117,1.0,193820.665,3.1825,594586.1196,,0.90000,2,3,0.97000,1,0.97000,0.06000,0.07000,w84_09_07_amt90_mv20__exec_c097_pos90_dd12,amt90k_mv20w,w84_5d09_3d07,h2_m3_c0975,True,True,False,False,20260625
20240624,20240625,SHSE.601588,601588.SH,北辰实业,1,0.9999829803328291,0.9999829803328291,0.999977311401021,0.9998109283418416,1.0,1.0,0.9998108925869894,1.0,90720.813,2.5217,454547.7,,0.90000,2,3,0.97000,1,0.97000,0.06000,0.07000,w84_09_07_amt90_mv20__exec_c097_pos90_dd12,amt90k_mv20w,w84_5d09_3d07,h2_m3_c0975,True,True,False,False,20260625
20240625,20240626,SZSE.002368,002368.SZ,太极股份,1,0.9994756766988453,0.9994756766988453,0.9994549583648751,0.9996214988644966,0.9994322482967449,0.9998107136096914,0.999621427219383,0.9994321408290744,145868.286,1.1365,1275131.2112,,0.90000,2,3,0.97000,1,0.97000,0.06000,0.07000,w84_09_07_amt90_mv20__exec_c097_pos90_dd12,amt90k_mv20w,w84_5d09_3d07,h2_m3_c0975,True,True,False,False,20260625
20240626,20240627,SZSE.002368,002368.SZ,太极股份,1,0.9998468809073724,0.9998468809073724,0.9997958797958798,0.9982989982989983,1.0,1.0,0.9982986767485822,1.0,227502.483,1.7268,1359267.4348,,0.90000,2,3,0.97000,1,0.97000,0.06000,0.07000,w84_09_07_amt90_mv20__exec_c097_pos90_dd12,amt90k_mv20w,w84_5d09_3d07,h2_m3_c0975,True,True,False,False,20260625
20240627,20240628,SZSE.002368,002368.SZ,太极股份,1,1.0,1.0,1.0,1.0,1.0,1.0,1.0,1.0,270382.913,1.9907,1377341.1421,,0.90000,2,3,0.97000,1,0.97000,0.06000,0.07000,w84_09_07_amt90_mv20__exec_c097_pos90_dd12,amt90k_mv20w,w84_5d09_3d07,h2_m3_c0975,True,True,False,False,20260625
20240628,20240701,SZSE.002368,002368.SZ,太极股份,1,0.9997939508506616,0.9997939508506616,0.9997883197883198,0.9996219996219996,0.9998109998109999,0.9998109640831758,0.9996219281663516,0.9998109640831758,385436.102,2.7631,1405386.5499,,0.90000,2,3,0.97000,1,0.97000,0.06000,0.07000,w84_09_07_amt90_mv20__exec_c097_pos90_dd12,amt90k_mv20w,w84_5d09_3d07,h2_m3_c0975,True,True,False,False,20260625
20240701,20240702,SZSE.002368,002368.SZ,太极股份,1,1.0,1.0,1.0,1.0,1.0,1.0,1.0,1.0,178643.773,1.3041,1391675.4616,,0.90000,2,3,0.97000,1,0.97000,0.06000,0.07000,w84_09_07_amt90_mv20__exec_c097_pos90_dd12,amt90k_mv20w,w84_5d09_3d07,h2_m3_c0975,True,True,False,False,20260625
20240702,20240703,SZSE.300619,300619.SZ,金银河,1,0.9987445641898278,0.9987445641898278,0.9987674858223062,0.9994328922495274,0.9986767485822307,0.9986764983928909,0.9994327850255247,0.9986764983928909,122818.763,5.5196,265416.4019,,0.90000,2,3,0.97000,1,0.97000,0.06000,0.07000,w84_09_07_amt90_mv20__exec_c097_pos90_dd12,amt90k_mv20w,w84_5d09_3d07,h2_m3_c0975,True,True,False,False,20260625
20240703,20240704,SZSE.002373,002373.SZ,千方科技,1,0.996812854442344,0.996812854442344,0.9967869967869968,0.9967869967869968,0.9967869967869968,0.997164461247637,0.9967863894139887,0.9967863894139887,374583.055,3.0563,1381084.4999,,0.90000,2,3,0.97000,1,0.97000,0.06000,0.07000,w84_09_07_amt90_mv20__exec_c097_pos90_dd12,amt90k_mv20w,w84_5d09_3d07,h2_m3_c0975,True,True,False,False,20260625
20240704,20240705,SZSE.301315,301315.SZ,威士顿,1,0.997998487998488,0.997998487998488,0.997989417989418,0.99848828420257,0.9979213907785336,0.9982989982989983,0.9984879984879985,0.997920997920998,103038.423,9.3001,258896.0,,0.90000,2,3,0.97000,1,0.97000,0.06000,0.07000,w84_09_07_amt90_mv20__exec_c097_pos90_dd12,amt90k_mv20w,w84_5d09_3d07,h2_m3_c0975,True,True,False,False,20260625
20240705,20240708,SZSE.301315,301315.SZ,威士顿,1,0.9995104895104895,0.9995104895104895,0.9995011337868481,1.0,0.9994331065759637,0.9998109998109999,1.0,0.9994329994329995,94525.96,8.6196,263560.0,,0.90000,2,3,0.97000,1,0.97000,0.06000,0.07000,w84_09_07_amt90_mv20__exec_c097_pos90_dd12,amt90k_mv20w,w84_5d09_3d07,h2_m3_c0975,True,True,False,False,20260625
20240708,20240709,SZSE.002373,002373.SZ,千方科技,1,0.9961270801815432,0.9961270801815432,0.9961429381735678,0.9969748534694649,0.9960294951786727,0.9962178517397882,0.9969742813918305,0.9960287443267776,583987.838,5.0498,1291013.7717,,0.90000,2,3,0.97000,1,0.97000,0.06000,0.07000,w84_09_07_amt90_mv20__exec_c097_pos90_dd12,amt90k_mv20w,w84_5d09_3d07,h2_m3_c0975,True,True,False,False,20260625
20240709,20240710,SZSE.002459,002459.SZ,晶澳科技,1,0.9974480151228733,0.9974480151228733,0.9974447174447174,0.9981099981099981,0.9973539973539973,0.9977315689981097,0.998109640831758,0.9973534971644612,654207.648,2.0139999389648438,3269953.8948,0.4809400141239166,0.90000,2,3,0.97000,1,0.97000,0.06000,0.07000,w84_09_07_amt90_mv20__exec_c097_pos90_dd12,amt90k_mv20w,w84_5d09_3d07,h2_m3_c0975,True,True,False,False,20260625
20240710,20240711,SHSE.605266,605266.SH,健之佳,1,0.9992913832199546,0.9992913832199546,0.9992896278103155,0.9996221424522955,0.9992442849045909,0.9994331065759637,0.9996220710506425,0.999244142101285,165048.891,5.4378,339804.8144,,0.90000,2,3,0.97000,1,0.97000,0.06000,0.07000,w84_09_07_amt90_mv20__exec_c097_pos90_dd12,amt90k_mv20w,w84_5d09_3d07,h2_m3_c0975,True,True,False,False,20260625
20240711,20240712,SHSE.605266,605266.SH,健之佳,1,0.9987585034013606,0.9987585034013606,0.9987681843944833,0.9994332136784432,0.9986774985830342,0.9988662131519275,0.9994331065759637,0.9986772486772487,97656.742,3.1141,348268.5874,,0.90000,2,3,0.97000,1,0.97000,0.06000,0.07000,w84_09_07_amt90_mv20__exec_c097_pos90_dd12,amt90k_mv20w,w84_5d09_3d07,h2_m3_c0975,True,True,False,False,20260625
20240712,20240715,SHSE.603939,603939.SH,益丰药房,1,0.9964909297052154,0.9964909297052154,0.9964934819573021,0.998488569809182,0.9962214245229548,0.9971655328798186,0.99848828420257,0.9962207105064248,206271.923,0.7439000010490417,2764392.7032,1.0647399425506592,0.90000,2,3,0.97000,1,0.97000,0.06000,0.07000,w84_09_07_amt90_mv20__exec_c097_pos90_dd12,amt90k_mv20w,w84_5d09_3d07,h2_m3_c0975,True,True,False,False,20260625
20240715,20240716,SHSE.688017,688017.SH,绿的谐波,1,0.9966030606461362,0.9966030606461362,0.9966150358896864,0.9981110691348697,0.9964110313562523,0.9969771396183639,0.9981107122614774,0.996410353296807,197684.614,1.6371999979019165,1196054.3433,3.3630599975585938,0.90000,2,3,0.97000,1,0.97000,0.06000,0.07000,w84_09_07_amt90_mv20__exec_c097_pos90_dd12,amt90k_mv20w,w84_5d09_3d07,h2_m3_c0975,True,True,False,False,20260625
20240716,20240717,SHSE.688331,688331.SH,荣昌生物,1,0.9989268845645192,0.9989268845645192,0.9989119758216849,0.9992444276539478,0.9988666414809217,0.9992442849045909,0.9992442849045909,0.9988664273568865,93756.155,2.0277,1554612.429,,0.90000,2,3,0.97000,1,0.97000,0.06000,0.07000,w84_09_07_amt90_mv20__exec_c097_pos90_dd12,amt90k_mv20w,w84_5d09_3d07,h2_m3_c0975,True,True,False,False,20260625
20240717,20240718,SHSE.605266,605266.SH,健之佳,1,0.9985522585522586,0.9985522585522586,0.9985563114134544,0.9990551776266062,0.99848828420257,0.9986769986769987,0.9990549990549991,0.9984879984879985,103903.135,3.4384,337923.9759,,0.90000,2,3,0.97000,1,0.97000,0.06000,0.07000,w84_09_07_amt90_mv20__exec_c097_pos90_dd12,amt90k_mv20w,w84_5d09_3d07,h2_m3_c0975,True,True,False,False,20260625
20240718,20240719,SHSE.688331,688331.SH,荣昌生物,1,0.9964656964656965,0.9964656964656965,0.9964247921390779,0.9979213907785336,0.9962207105064248,0.9975429975429976,0.997920997920998,0.9962199962199962,110065.693,2.3694,1553523.7649,,0.90000,2,3,0.97000,1,0.97000,0.06000,0.07000,w84_09_07_amt90_mv20__exec_c097_pos90_dd12,amt90k_mv20w,w84_5d09_3d07,h2_m3_c0975,True,True,False,False,20260625
20240719,20240722,SZSE.301315,301315.SZ,威士顿,1,0.9983459357277882,0.9983459357277882,0.9983443583443583,0.9986769986769987,0.9982989982989983,0.9984877126654065,0.9986767485822307,0.9982986767485822,95695.641,8.7308,260744.0,,0.90000,2,3,0.97000,1,0.97000,0.06000,0.07000,w84_09_07_amt90_mv20__exec_c097_pos90_dd12,amt90k_mv20w,w84_5d09_3d07,h2_m3_c0975,True,True,False,False,20260625
20240722,20240723,SZSE.002373,002373.SZ,千方科技,1,0.9997429597429597,0.9997429597429597,0.9997203325774755,0.9990551776266062,0.9998110355253212,0.9998109998109999,0.9990549990549991,0.9998109998109999,272051.104,2.2398,1390565.6292,,0.90000,2,3,0.97000,1,0.97000,0.06000,0.07000,w84_09_07_amt90_mv20__exec_c097_pos90_dd12,amt90k_mv20w,w84_5d09_3d07,h2_m3_c0975,True,True,False,False,20260625
20240723,20240724,SZSE.301552,301552.SZ,科力装备,1,0.99991494991495,0.99991494991495,0.9998866213151928,0.9990551776266062,1.0,1.0,0.9990549990549991,1.0,751922.427,76.6145,470560.0,,0.90000,2,3,0.97000,1,0.97000,0.06000,0.07000,w84_09_07_amt90_mv20__exec_c097_pos90_dd12,amt90k_mv20w,w84_5d09_3d07,h2_m3_c0975,True,True,False,False,20260625
20240724,20240725,SZSE.002373,002373.SZ,千方科技,1,0.9998506898506898,0.9998506898506898,0.9998185941043084,0.99848828420257,1.0,0.9998109998109999,0.9984879984879985,1.0,447155.707,3.8792,1300494.9009,,0.90000,2,3,0.97000,1,0.97000,0.06000,0.07000,w84_09_07_amt90_mv20__exec_c097_pos90_dd12,amt90k_mv20w,w84_5d09_3d07,h2_m3_c0975,True,True,False,False,20260625
20240725,20240726,SHSE.600785,600785.SH,新华百货,1,0.9992608695652173,0.9992608695652173,0.9992666792666792,0.9994329994329995,0.9992439992439992,0.9992438563327032,0.9994328922495274,0.9992438563327032,229237.052,10.2084,221795.5482,,0.90000,2,3,0.97000,1,0.97000,0.06000,0.07000,w84_09_07_amt90_mv20__exec_c097_pos90_dd12,amt90k_mv20w,w84_5d09_3d07,h2_m3_c0975,True,True,False,False,20260625
20240726,20240729,SHSE.600785,600785.SH,新华百货,1,0.9996391460419423,0.9996391460419423,0.9996448809973555,0.999811106913487,0.9996222138269739,0.9996221424522955,0.9998110712261478,0.9996221424522955,171276.925,7.7472,218185.4478,,0.90000,2,3,0.97000,1,0.97000,0.06000,0.07000,w84_09_07_amt90_mv20__exec_c097_pos90_dd12,amt90k_mv20w,w84_5d09_3d07,h2_m3_c0975,True,True,False,False,20260625
20240729,20240730,SHSE.600057,600057.SH,厦门象屿,1,0.9994501133786848,0.9994501133786848,0.9994558851313055,0.9996221424522955,0.9994332136784432,0.9994331065759637,0.9996220710506425,0.9994331065759637,372502.017,3.3232,1133934.6174,,0.90000,2,3,0.97000,1,0.97000,0.06000,0.07000,w84_09_07_amt90_mv20__exec_c097_pos90_dd12,amt90k_mv20w,w84_5d09_3d07,h2_m3_c0975,True,True,False,False,20260625
20240730,20240731,SHSE.600785,600785.SH,新华百货,1,0.998380880408086,0.998380880408086,0.9983906309029089,0.9990555345674348,0.9982999622213827,0.998488569809182,0.9990553561307387,0.9982996410353296,103279.694,4.6232,224277.4923,,0.90000,2,3,0.97000,1,0.97000,0.06000,0.07000,w84_09_07_amt90_mv20__exec_c097_pos90_dd12,amt90k_mv20w,w84_5d09_3d07,h2_m3_c0975,True,True,False,False,20260625
20240731,20240801,SHSE.600060,600060.SH,海信视像,1,0.998333648214623,0.998333648214623,0.9983452965621459,0.9986777483944088,0.9982999622213827,0.9982996410353296,0.9986774985830342,0.9982996410353296,430018.182,1.9163000583648682,2319697.6747,0.7637900114059448,0.90000,2,3,0.97000,1,0.97000,0.06000,0.07000,w84_09_07_amt90_mv20__exec_c097_pos90_dd12,amt90k_mv20w,w84_5d09_3d07,h2_m3_c0975,True,True,False,False,20260625
20240801,20240802,SZSE.301096,301096.SZ,百诚医药,1,0.9994501133786848,0.9994501133786848,0.9994558851313055,0.9996221424522955,0.9994332136784432,0.9994331065759637,0.9996220710506425,0.9994331065759637,141818.176,4.8376,458661.7115,,0.90000,2,3,0.97000,1,0.97000,0.06000,0.07000,w84_09_07_amt90_mv20__exec_c097_pos90_dd12,amt90k_mv20w,w84_5d09_3d07,h2_m3_c0975,True,True,False,False,20260625
20240802,20240805,SZSE.300796,300796.SZ,贝斯美,1,0.9985020778239516,0.9985020778239516,0.9984891406987725,0.9984891406987725,0.9984891406987725,0.9986777483944088,0.9984888553078958,0.9984888553078958,167942.139,4.3231,381366.8728,,0.90000,2,3,0.97000,1,0.97000,0.06000,0.07000,w84_09_07_amt90_mv20__exec_c097_pos90_dd12,amt90k_mv20w,w84_5d09_3d07,h2_m3_c0975,True,True,False,False,20260625
20240805,20240806,SZSE.300796,300796.SZ,贝斯美,1,1.0,1.0,1.0,1.0,1.0,1.0,1.0,1.0,165797.039,4.5608,351030.8716,,0.90000,2,3,0.97000,1,0.97000,0.06000,0.07000,w84_09_07_amt90_mv20__exec_c097_pos90_dd12,amt90k_mv20w,w84_5d09_3d07,h2_m3_c0975,True,True,False,False,20260625
20240806,20240807,SZSE.300796,300796.SZ,贝斯美,1,1.0,1.0,1.0,1.0,1.0,1.0,1.0,1.0,312728.799,9.4278,327917.7278,,0.90000,2,3,0.97000,1,0.97000,0.06000,0.07000,w84_09_07_amt90_mv20__exec_c097_pos90_dd12,amt90k_mv20w,w84_5d09_3d07,h2_m3_c0975,True,True,False,False,20260625
20240807,20240808,SZSE.300796,300796.SZ,贝斯美,1,1.0,1.0,1.0,1.0,1.0,1.0,1.0,1.0,289839.19,8.4089,352114.3002,,0.90000,2,3,0.97000,1,0.97000,0.06000,0.07000,w84_09_07_amt90_mv20__exec_c097_pos90_dd12,amt90k_mv20w,w84_5d09_3d07,h2_m3_c0975,True,True,False,False,20260625
20240808,20240809,SZSE.300796,300796.SZ,贝斯美,1,0.9998414196715122,0.9998414196715122,0.999833899584749,1.0,0.9998112495281238,1.0,1.0,0.9998112138946573,183856.841,5.2834,341280.014,,0.90000,2,3,0.97000,1,0.97000,0.06000,0.07000,w84_09_07_amt90_mv20__exec_c097_pos90_dd12,amt90k_mv20w,w84_5d09_3d07,h2_m3_c0975,True,True,False,False,20260625
20240809,20240812,SZSE.300796,300796.SZ,贝斯美,1,0.9996526335661695,0.9996526335661695,0.9996451491128728,0.9998112495281238,0.9996224990562477,0.9998112138946573,0.9998112138946573,0.9996224277893148,170882.942,4.8304,353558.8717,,0.90000,2,3,0.97000,1,0.97000,0.06000,0.07000,w84_09_07_amt90_mv20__exec_c097_pos90_dd12,amt90k_mv20w,w84_5d09_3d07,h2_m3_c0975,True,True,False,False,20260625
20240812,20240813,SZSE.301487,301487.SZ,盟固利,1,0.9996526335661695,0.9996526335661695,0.9996451491128728,0.9998112495281238,0.9996224990562477,0.9998112138946573,0.9998112138946573,0.9996224277893148,580366.283,14.4242,673797.6981,,0.90000,2,3,0.97000,1,0.97000,0.06000,0.07000,w84_09_07_amt90_mv20__exec_c097_pos90_dd12,amt90k_mv20w,w84_5d09_3d07,h2_m3_c0975,True,True,False,False,20260625
20240813,20240814,SZSE.301487,301487.SZ,盟固利,1,0.9998112138946573,0.9998112138946573,0.9998112495281238,0.9998112495281238,0.9998112495281238,0.9998112138946573,0.9998112138946573,0.9998112138946573,375426.22,9.346,688965.0406,,0.90000,2,3,0.97000,1,0.97000,0.06000,0.07000,w84_09_07_amt90_mv20__exec_c097_pos90_dd12,amt90k_mv20w,w84_5d09_3d07,h2_m3_c0975,True,True,False,False,20260625
20240814,20240815,SZSE.301487,301487.SZ,盟固利,1,1.0,1.0,1.0,1.0,1.0,1.0,1.0,1.0,220184.638,5.4483,677934.2461,,0.90000,2,3,0.97000,1,0.97000,0.06000,0.07000,w84_09_07_amt90_mv20__exec_c097_pos90_dd12,amt90k_mv20w,w84_5d09_3d07,h2_m3_c0975,True,True,False,False,20260625
20240815,20240816,SZSE.301487,301487.SZ,盟固利,1,1.0,1.0,1.0,1.0,1.0,1.0,1.0,1.0,241614.825,6.0534,670120.7666,,0.90000,2,3,0.97000,1,0.97000,0.06000,0.07000,w84_09_07_amt90_mv20__exec_c097_pos90_dd12,amt90k_mv20w,w84_5d09_3d07,h2_m3_c0975,True,True,False,False,20260625
20240816,20240819,SZSE.301487,301487.SZ,盟固利,1,1.0,1.0,1.0,1.0,1.0,1.0,1.0,1.0,198012.328,5.057,653114.9584,,0.90000,2,3,0.97000,1,0.97000,0.06000,0.07000,w84_09_07_amt90_mv20__exec_c097_pos90_dd12,amt90k_mv20w,w84_5d09_3d07,h2_m3_c0975,True,True,False,False,20260625
20240819,20240820,SZSE.301487,301487.SZ,盟固利,1,0.9998112851481411,0.9998112851481411,0.999811320754717,0.999811320754717,0.999811320754717,0.9998112851481411,0.9998112851481411,0.9998112851481411,162594.79,4.2328,640245.6981,,0.90000,2,3,0.97000,1,0.97000,0.06000,0.07000,w84_09_07_amt90_mv20__exec_c097_pos90_dd12,amt90k_mv20w,w84_5d09_3d07,h2_m3_c0975,True,True,False,False,20260625
20240820,20240821,SZSE.301348,301348.SZ,蓝箭电子,1,0.999622641509434,0.999622641509434,0.9996227126957178,0.9996227126957178,0.9996227126957178,0.9996226415094339,0.9996226415094339,0.9996226415094339,90546.76,3.0899,437400.0,,0.90000,2,3,0.97000,1,0.97000,0.06000,0.07000,w84_09_07_amt90_mv20__exec_c097_pos90_dd12,amt90k_mv20w,w84_5d09_3d07,h2_m3_c0975,True,True,False,False,20260625
20240821,20240822,SZSE.301511,301511.SZ,德福科技,1,0.9989285040558384,0.9989285040558384,0.998913617502829,0.999245567710298,0.998868351565447,0.9992454253914356,0.9992454253914356,0.9988681380871534,132212.601,3.4881,644819.406,,0.90000,2,3,0.97000,1,0.97000,0.06000,0.07000,w84_09_07_amt90_mv20__exec_c097_pos90_dd12,amt90k_mv20w,w84_5d09_3d07,h2_m3_c0975,True,True,False,False,20260625
20240822,20240823,SZSE.300641,300641.SZ,正丹股份,1,0.9969817015657422,0.9969817015657422,0.996974726518295,0.9983025273481705,0.9967936627687665,0.9975476325221656,0.99830220713073,0.9967930579136012,463724.75,4.4898,1024880.7875,,0.90000,2,3,0.97000,1,0.97000,0.06000,0.07000,w84_09_07_amt90_mv20__exec_c097_pos90_dd12,amt90k_mv20w,w84_5d09_3d07,h2_m3_c0975,True,True,False,False,20260625
20240823,20240826,SHSE.688410,688410.SH,山外山,1,0.9995547169811321,0.9995547169811321,0.9995321637426899,0.9988681380871534,0.9996227126957178,0.9996226415094339,0.9988679245283019,0.9996226415094339,108699.249,5.2108,284043.0311,,0.90000,2,3,0.97000,1,0.97000,0.06000,0.07000,w84_09_07_amt90_mv20__exec_c097_pos90_dd12,amt90k_mv20w,w84_5d09_3d07,h2_m3_c0975,True,True,False,False,20260625
20240826,20240827,SZSE.300003,300003.SZ,乐普医疗,1,0.999326669181441,0.999326669181441,0.9993362247784273,1.0,0.9992457099754856,0.9994341757827235,1.0,0.999245567710298,1058408.883,6.724899768829346,1805386.1722,0.4329400062561035,0.90000,2,3,0.97000,1,0.97000,0.06000,0.07000,w84_09_07_amt90_mv20__exec_c097_pos90_dd12,amt90k_mv20w,w84_5d09_3d07,h2_m3_c0975,True,True,False,False,20260625
20240827,20240828,SHSE.600719,600719.SH,大连热电,1,0.9993227692888134,0.9993227692888134,0.9993134666163712,0.9998113919275745,0.999245567710298,0.9996227126957178,0.9998113563478589,0.9992454253914356,284378.237,13.8681,207559.5948,,0.90000,2,3,0.97000,1,0.97000,0.06000,0.07000,w84_09_07_amt90_mv20__exec_c097_pos90_dd12,amt90k_mv20w,w84_5d09_3d07,h2_m3_c0975,True,True,False,False,20260625
20240828,20240829,SZSE.301487,301487.SZ,盟固利,1,0.9996227126957178,0.9996227126957178,0.999622783855149,0.999622783855149,0.999622783855149,0.9996227126957178,0.9996227126957178,0.9996227126957178,364626.736,8.4339,728032.4378,,0.90000,2,3,0.97000,1,0.97000,0.06000,0.07000,w84_09_07_amt90_mv20__exec_c097_pos90_dd12,amt90k_mv20w,w84_5d09_3d07,h2_m3_c0975,True,True,False,False,20260625
20240829,20240830,SHSE.600719,600719.SH,大连热电,1,0.9998113563478588,0.9998113563478588,0.9998113919275745,0.9998113919275745,0.9998113919275745,0.9998113563478589,0.9998113563478589,0.9998113563478589,150397.366,7.5754,201895.2004,,0.90000,2,3,0.97000,1,0.97000,0.06000,0.07000,w84_09_07_amt90_mv20__exec_c097_pos90_dd12,amt90k_mv20w,w84_5d09_3d07,h2_m3_c0975,True,True,False,False,20260625
20240830,20240902,SHSE.600719,600719.SH,大连热电,1,0.9998113563478588,0.9998113563478588,0.9998113919275745,0.9998113919275745,0.9998113919275745,0.9998113563478589,0.9998113563478589,0.9998113563478589,134299.19,6.5393,204727.3976,,0.90000,2,3,0.97000,1,0.97000,0.06000,0.07000,w84_09_07_amt90_mv20__exec_c097_pos90_dd12,amt90k_mv20w,w84_5d09_3d07,h2_m3_c0975,True,True,False,False,20260625
20240902,20240903,SZSE.300573,300573.SZ,兴齐眼药,1,0.9993094339622641,0.9993094339622641,0.9993133371062064,0.9998113563478589,0.9992454253914356,0.9994339622641509,0.999811320754717,0.999245283018868,830723.174,7.4477,1424004.6468,,0.90000,2,3,0.97000,1,0.97000,0.06000,0.07000,w84_09_07_amt90_mv20__exec_c097_pos90_dd12,amt90k_mv20w,w84_5d09_3d07,h2_m3_c0975,True,True,False,False,20260625
20240903,20240904,SZSE.300573,300573.SZ,兴齐眼药,1,0.9998113919275744,0.9998113919275744,0.9998114274938714,0.9998114274938714,0.9998114274938714,0.9998113919275745,0.9998113919275745,0.9998113919275745,489790.12,4.4783,1417899.7764,,0.90000,2,3,0.97000,1,0.97000,0.06000,0.07000,w84_09_07_amt90_mv20__exec_c097_pos90_dd12,amt90k_mv20w,w84_5d09_3d07,h2_m3_c0975,True,True,False,False,20260625
20240904,20240905,SZSE.300573,300573.SZ,兴齐眼药,1,0.9994814256081462,0.9994814256081462,0.9994796380090497,0.9998114630467572,0.9994343891402715,0.9996228549877428,0.9998114274938714,0.9994342824816141,358755.11,3.3054,1405341.1856,,0.90000,2,3,0.97000,1,0.97000,0.06000,0.07000,w84_09_07_amt90_mv20__exec_c097_pos90_dd12,amt90k_mv20w,w84_5d09_3d07,h2_m3_c0975,True,True,False,False,20260625
20240905,20240906,SZSE.300573,300573.SZ,兴齐眼药,1,0.9996228549877427,0.9996228549877427,0.9996229260935143,0.9996229260935143,0.9996229260935143,0.9996228549877428,0.9996228549877428,0.9996228549877428,483113.969,4.3818,1421388.2738,,0.90000,2,3,0.97000,1,0.97000,0.06000,0.07000,w84_09_07_amt90_mv20__exec_c097_pos90_dd12,amt90k_mv20w,w84_5d09_3d07,h2_m3_c0975,True,True,False,False,20260625
20240906,20240909,SZSE.300573,300573.SZ,兴齐眼药,1,0.9998114630467572,0.9998114630467572,0.9998114985862394,0.9998114985862394,0.9998114985862394,0.9998114630467572,0.9998114630467572,0.9998114630467572,349819.817,3.2606,1377607.6312,,0.90000,2,3,0.97000,1,0.97000,0.06000,0.07000,w84_09_07_amt90_mv20__exec_c097_pos90_dd12,amt90k_mv20w,w84_5d09_3d07,h2_m3_c0975,True,True,False,False,20260625
20240909,20240910,SZSE.300573,300573.SZ,兴齐眼药,1,0.9998113563478588,0.9998113563478588,0.9998113919275745,0.9998113919275745,0.9998113919275745,0.9998113563478589,0.9998113563478589,0.9998113563478589,367707.95,3.5282,1348478.6777,,0.90000,2,3,0.97000,1,0.97000,0.06000,0.07000,w84_09_07_amt90_mv20__exec_c097_pos90_dd12,amt90k_mv20w,w84_5d09_3d07,h2_m3_c0975,True,True,False,False,20260625
20240910,20240911,SHSE.600686,600686.SH,金龙汽车,1,0.9995378230522544,0.9995378230522544,0.9995096190116937,0.9986797434930215,0.999622783855149,0.9996227126957178,0.9986794944350122,0.9996227126957178,139847.085,1.6542,845398.9046,,0.90000,2,3,0.97000,1,0.97000,0.06000,0.07000,w84_09_07_amt90_mv20__exec_c097_pos90_dd12,amt90k_mv20w,w84_5d09_3d07,h2_m3_c0975,True,True,False,False,20260625
20240911,20240912,SZSE.300573,300573.SZ,兴齐眼药,1,0.9996399622997172,0.9996399622997172,0.9996456841311723,0.9998115341123257,0.9996230682246513,0.9996229971724788,0.9998114985862394,0.9996229971724788,290122.598,2.8265,1330512.916,,0.90000,2,3,0.97000,1,0.97000,0.06000,0.07000,w84_09_07_amt90_mv20__exec_c097_pos90_dd12,amt90k_mv20w,w84_5d09_3d07,h2_m3_c0975,True,True,False,False,20260625
20240912,20240913,SZSE.300573,300573.SZ,兴齐眼药,1,0.999306314797361,0.999306314797361,0.9992913682623445,0.9996230682246513,0.9992461364493027,0.9996229971724788,0.9996229971724788,0.9992459943449575,321960.917,3.1765,1299639.7138,,0.90000,2,3,0.97000,1,0.97000,0.06000,0.07000,w84_09_07_amt90_mv20__exec_c097_pos90_dd12,amt90k_mv20w,w84_5d09_3d07,h2_m3_c0975,True,True,False,False,20260625
20240913,20240918,SZSE.300573,300573.SZ,兴齐眼药,1,0.9984771956275914,0.9984771956275914,0.9982664405502167,0.9924627850009422,0.9990578481251178,0.9992461364493027,0.9924613644930268,0.9990576705616283,393052.62,4.0188,1253765.9727,,0.90000,2,3,0.97000,1,0.97000,0.06000,0.07000,w84_09_07_amt90_mv20__exec_c097_pos90_dd12,amt90k_mv20w,w84_5d09_3d07,h2_m3_c0975,True,True,False,False,20260625
20240918,20240919,SZSE.300573,300573.SZ,兴齐眼药,1,0.999134288947567,0.999134288947567,0.9991250235715633,0.9996228549877428,0.999057137469357,0.9994341757827235,0.999622783855149,0.9990569596378726,371601.791,3.9424,1218357.7239,,0.90000,2,3,0.97000,1,0.97000,0.06000,0.07000,w84_09_07_amt90_mv20__exec_c097_pos90_dd12,amt90k_mv20w,w84_5d09_3d07,h2_m3_c0975,True,True,False,False,20260625
20240919,20240920,SZSE.300573,300573.SZ,兴齐眼药,1,0.9992932529212214,0.9992932529212214,0.9992915017900885,0.9996231392500471,0.9992462785000942,0.999434602336977,0.9996230682246513,0.9992461364493027,419828.957,4.4325,1224985.869,,0.90000,2,3,0.97000,1,0.97000,0.06000,0.07000,w84_09_07_amt90_mv20__exec_c097_pos90_dd12,amt90k_mv20w,w84_5d09_3d07,h2_m3_c0975,True,True,False,False,20260625
20240920,20240923,SHSE.688331,688331.SH,荣昌生物,1,0.9995118733509234,0.9995118733509234,0.9995025438100622,1.0,0.9994347088750707,0.9998115341123257,1.0,0.999434602336977,90814.236,2.4203,1249242.1305,,0.90000,2,3,0.97000,1,0.97000,0.06000,0.07000,w84_09_07_amt90_mv20__exec_c097_pos90_dd12,amt90k_mv20w,w84_5d09_3d07,h2_m3_c0975,True,True,False,False,20260625
20240923,20240924,SZSE.300573,300573.SZ,兴齐眼药,1,0.9998285283587713,0.9998285283587713,0.9998342125094197,1.0,0.9998116051243406,0.9998115696250236,1.0,0.9998115696250236,375142.446,4.2076,1141785.2056,,0.90000,2,3,0.97000,1,0.97000,0.06000,0.07000,w84_09_07_amt90_mv20__exec_c097_pos90_dd12,amt90k_mv20w,w84_5d09_3d07,h2_m3_c0975,True,True,False,False,20260625
20240924,20240925,SZSE.300573,300573.SZ,兴齐眼药,1,0.9997776940467219,0.9997776940467219,0.9997664343567526,0.9994349218308533,0.9998116406102844,0.9998116051243406,0.9994348153730218,0.9998116051243406,797926.35,8.7376,1234055.9623,,0.90000,2,3,0.97000,1,0.97000,0.06000,0.07000,w84_09_07_amt90_mv20__exec_c097_pos90_dd12,amt90k_mv20w,w84_5d09_3d07,h2_m3_c0975,True,True,False,False,20260625
20240925,20240926,SZSE.300573,300573.SZ,兴齐眼药,1,0.99945208058746,0.99945208058746,0.9994578313253011,0.9996234939759037,0.9994352409638554,0.9994351346262474,0.999623423084165,0.9994351346262474,1153772.798,11.3886,1322838.2217,,0.90000,2,3,0.97000,1,0.97000,0.06000,0.07000,w84_09_07_amt90_mv20__exec_c097_pos90_dd12,amt90k_mv20w,w84_5d09_3d07,h2_m3_c0975,True,True,False,False,20260625
20240926,20240927,SZSE.300573,300573.SZ,兴齐眼药,1,0.9975790662650603,0.9975790662650603,0.997545642763034,0.9988706945228685,0.997364953886693,0.9984939759036144,0.9988704819277109,0.9973644578313253,1116627.625,10.6127,1436214.3878,,0.90000,2,3,0.97000,1,0.97000,0.06000,0.07000,w84_09_07_amt90_mv20__exec_c097_pos90_dd12,amt90k_mv20w,w84_5d09_3d07,h2_m3_c0975,True,True,False,False,20260625
20240927,20240930,SZSE.002422,002422.SZ,科伦药业,1,0.9961765813253012,0.9961765813253012,0.9961076604554865,0.9979296066252588,0.9958592132505176,0.9977409638554217,0.9979292168674698,0.9958584337349398,727183.172,1.9012000560760498,4748720.7929,1.1797900199890137,0.90000,2,3,0.97000,1,0.97000,0.06000,0.07000,w84_09_07_amt90_mv20__exec_c097_pos90_dd12,amt90k_mv20w,w84_5d09_3d07,h2_m3_c0975,True,True,False,False,20260625
20240930,20241008,SHSE.601991,601991.SH,大唐发电,1,0.9955132793369749,0.9955132793369749,0.995517890772128,0.9971751412429378,0.995291902071563,0.9960444528159729,0.9971746091542664,0.9952910152571106,712873.282,1.9758000373840332,5496493.0197,0.08331000059843063,0.90000,2,3,0.97000,1,0.97000,0.06000,0.07000,w84_09_07_amt90_mv20__exec_c097_pos90_dd12,amt90k_mv20w,w84_5d09_3d07,h2_m3_c0975,True,True,False,False,20260625
20241008,20241009,SZSE.300140,300140.SZ,节能环境,1,0.9971366635249763,0.9971366635249763,0.9970448548812665,0.9947229551451188,0.9973614775725593,0.9975494816211121,0.9947219604147031,0.9973609802073515,399027.974,5.527900218963623,2231328.2515,0.28547999262809753,0.90000,2,3,0.97000,1,0.97000,0.06000,0.07000,w84_09_07_amt90_mv20__exec_c097_pos90_dd12,amt90k_mv20w,w84_5d09_3d07,h2_m3_c0975,True,True,False,False,20260625
20241009,20241010,SZSE.000415,000415.SZ,渤海租赁,1,0.9988011310084824,0.9988011310084824,0.9987787410478703,0.9981153411232567,0.998869204673954,0.9988689915174364,0.998114985862394,0.9988689915174364,791971.798,4.934100151062012,1774957.6079,0.12950000166893005,0.90000,2,3,0.97000,1,0.97000,0.06000,0.07000,w84_09_07_amt90_mv20__exec_c097_pos90_dd12,amt90k_mv20w,w84_5d09_3d07,h2_m3_c0975,True,True,False,False,20260625
20241010,20241011,SZSE.002191,002191.SZ,劲嘉股份,1,0.9984866189219751,0.9984866189219751,0.9983870359902016,0.9962313925004711,0.9986809873751649,0.9990576705616283,0.9962306822465133,0.9986807387862797,112837.238,1.8319,615554.2256,,0.90000,2,3,0.97000,1,0.97000,0.06000,0.07000,w84_09_07_amt90_mv20__exec_c097_pos90_dd12,amt90k_mv20w,w84_5d09_3d07,h2_m3_c0975,True,True,False,False,20260625
20241011,20241014,SZSE.000062,000062.SZ,深圳华强,1,0.9999321650650084,0.9999321650650084,0.9999095704596835,0.9992464204973625,1.0,1.0,0.9992462785000942,1.0,1728883.403,6.525100231170654,2602222.3931,2.786060094833374,0.90000,2,3,0.97000,1,0.97000,0.06000,0.07000,w84_09_07_amt90_mv20__exec_c097_pos90_dd12,amt90k_mv20w,w84_5d09_3d07,h2_m3_c0975,True,True,False,False,20260625
20241014,20241015,SHSE.600353,600353.SH,旭光电子,1,0.9990373021853806,0.9990373021853806,0.9990129967978905,0.998681484271991,0.9990582030514221,0.9992464204973625,0.9986812358703844,0.9990580256217031,126057.582,2.4583,522787.8897,,0.90000,2,3,0.97000,1,0.97000,0.06000,0.07000,w84_09_07_amt90_mv20__exec_c097_pos90_dd12,amt90k_mv20w,w84_5d09_3d07,h2_m3_c0975,True,True,False,False,20260625
20241015,20241016,SZSE.300030,300030.SZ,阳普医疗,1,0.9967639856846865,0.9967639856846865,0.9962109227871939,0.9753295668549906,0.9990583804143126,0.9967978903748352,0.9753249199472593,0.9990582030514221,177404.362,9.6356,205300.3772,,0.90000,2,3,0.97000,1,0.97000,0.06000,0.07000,w84_09_07_amt90_mv20__exec_c097_pos90_dd12,amt90k_mv20w,w84_5d09_3d07,h2_m3_c0975,True,True,False,False,20260625
20241016,20241017,SZSE.000415,000415.SZ,渤海租赁,1,0.9952974397590362,0.9952974397590362,0.9953096179183136,0.9968003011481272,0.9951063429324299,0.9956701807228916,0.9967996987951807,0.995105421686747,260002.959,1.7265000343322754,1725481.4377,0.14300000667572021,0.90000,2,3,0.97000,1,0.97000,0.06000,0.07000,w84_09_07_amt90_mv20__exec_c097_pos90_dd12,amt90k_mv20w,w84_5d09_3d07,h2_m3_c0975,True,True,False,False,20260625
20241017,20241018,SZSE.002195,002195.SZ,岩山科技,1,0.9950874882408278,0.9950874882408278,0.9950489089541008,0.9973664409330324,0.9947328818660647,0.9964252116650988,0.9973659454374412,0.9947318908748825,331363.489,2.1217000484466553,1562424.7639,0.12099999934434891,0.90000,2,3,0.97000,1,0.97000,0.06000,0.07000,w84_09_07_amt90_mv20__exec_c097_pos90_dd12,amt90k_mv20w,w84_5d09_3d07,h2_m3_c0975,True,True,False,False,20260625
20241018,20241021,SZSE.000415,000415.SZ,渤海租赁,1,0.9969232216785848,0.9969232216785848,0.9968165569143932,0.9983066792097837,0.9966133584195672,0.9988709070380128,0.9983063605570192,0.9966127211140384,340937.069,2.266900062561035,1737850.4802,0.15000000596046448,0.90000,2,3,0.97000,1,0.97000,0.06000,0.07000,w84_09_07_amt90_mv20__exec_c097_pos90_dd12,amt90k_mv20w,w84_5d09_3d07,h2_m3_c0975,True,True,False,False,20260625
20241021,20241022,SZSE.300072,300072.SZ,海新能科,1,0.9974275498682725,0.9974275498682725,0.9973433678269049,0.9971777986829727,0.9973659454374412,0.9984945427173504,0.997177267595032,0.9973654497553632,292074.548,3.7234,789506.0215,,0.90000,2,3,0.97000,1,0.97000,0.06000,0.07000,w84_09_07_amt90_mv20__exec_c097_pos90_dd12,amt90k_mv20w,w84_5d09_3d07,h2_m3_c0975,True,True,False,False,20260625
20241022,20241023,SHSE.600520,600520.SH,三佳科技,1,0.9947524938829285,0.9947524938829285,0.9938878434324426,0.9642453895370718,0.9979299962363568,0.9958592132505176,0.9642386598908338,0.9979296066252588,146225.305,2.3917,611381.37,,0.90000,2,3,0.97000,1,0.97000,0.06000,0.07000,w84_09_07_amt90_mv20__exec_c097_pos90_dd12,amt90k_mv20w,w84_5d09_3d07,h2_m3_c0975,True,True,False,False,20260625
20241023,20241024,SZSE.300917,300917.SZ,特发服务,1,0.9935800376647834,0.9935800376647834,0.9928902278290341,0.9683675390698551,0.9962342308416494,0.9941619585687382,0.9683615819209039,0.9962335216572504,891983.485,8.7012,1015859.0,,0.90000,2,3,0.97000,1,0.97000,0.06000,0.07000,w84_09_07_amt90_mv20__exec_c097_pos90_dd12,amt90k_mv20w,w84_5d09_3d07,h2_m3_c0975,True,True,False,False,20260625
20241024,20241025,SHSE.600881,600881.SH,亚泰集团,1,0.9973644578313252,0.9973644578313252,0.9968078298513082,0.9789196310935442,0.9992471296819123,0.9984939759036144,0.9789156626506024,0.9992469879518072,457022.652,8.0345,591302.273,,0.90000,2,3,0.97000,1,0.97000,0.06000,0.07000,w84_09_07_amt90_mv20__exec_c097_pos90_dd12,amt90k_mv20w,w84_5d09_3d07,h2_m3_c0975,True,True,False,False,20260625
20241025,20241028,SHSE.600635,600635.SH,大众公用,1,0.9972759789156627,0.9972759789156627,0.9972143798230755,0.9988706945228685,0.9969885187276492,0.9986822289156626,0.9988704819277109,0.9969879518072289,108660.282,1.1822,1121925.1765,,0.90000,2,3,0.97000,1,0.97000,0.06000,0.07000,w84_09_07_amt90_mv20__exec_c097_pos90_dd12,amt90k_mv20w,w84_5d09_3d07,h2_m3_c0975,True,True,False,False,20260625
20241028,20241029,SZSE.002640,002640.SZ,跨境通,1,0.9967489169335091,0.9967489169335091,0.9962561205273069,0.97984934086629,0.9984934086629002,0.9975513279336975,0.9798455453004332,0.9984931248822754,703004.637,15.6763,503247.3496,,0.90000,2,3,0.97000,1,0.97000,0.06000,0.07000,w84_09_07_amt90_mv20__exec_c097_pos90_dd12,amt90k_mv20w,w84_5d09_3d07,h2_m3_c0975,True,True,False,False,20260625
20241029,20241030,SZSE.300059,300059.SZ,东方财富,1,0.9964790058369422,0.9964790058369422,0.9963027108433734,0.9926581325301205,0.9967996987951807,0.9975522500470722,0.9926567501412163,0.996799096215402,20458360.791,6.777500152587891,35012333.2096,2.2228400707244873,0.90000,2,3,0.97000,1,0.97000,0.06000,0.07000,w84_09_07_amt90_mv20__exec_c097_pos90_dd12,amt90k_mv20w,w84_5d09_3d07,h2_m3_c0975,True,True,False,False,20260625
20241030,20241031,SZSE.300287,300287.SZ,飞利信,1,0.9974119419853078,0.9974119419853078,0.9970621468926554,0.9879472693032015,0.9983050847457627,0.9988698436617065,0.9879449990582031,0.9983047654925598,699789.583,10.4041,739166.0111,,0.90000,2,3,0.97000,1,0.97000,0.06000,0.07000,w84_09_07_amt90_mv20__exec_c097_pos90_dd12,amt90k_mv20w,w84_5d09_3d07,h2_m3_c0975,True,True,False,False,20260625
20241031,20241101,SHSE.688615,688615.SH,合合信息,1,0.9937549407114624,0.9937549407114624,0.9934512608204743,0.9868272487768159,0.994354535190064,0.9954827780914738,0.9868247694334651,0.9943534726143421,382651.923,9.519499778747559,2150000.0,24.27804946899414,0.90000,2,3,0.97000,1,0.97000,0.06000,0.07000,w84_09_07_amt90_mv20__exec_c097_pos90_dd12,amt90k_mv20w,w84_5d09_3d07,h2_m3_c0975,True,True,False,False,20260625
20241101,20241104,SHSE.688981,688981.SH,中芯国际,1,0.99710035774807,0.99710035774807,0.9970406626506025,0.9960466867469879,0.9971762048192772,0.9975522500470722,0.9960459423837319,0.997175673131237,7623522.111,4.443399906158447,67631584.7001,8.249500274658203,0.90000,2,3,0.97000,1,0.97000,0.06000,0.07000,w84_09_07_amt90_mv20__exec_c097_pos90_dd12,amt90k_mv20w,w84_5d09_3d07,h2_m3_c0975,True,True,False,False,20260625
20241104,20241105,SZSE.000423,000423.SZ,东阿阿胶,1,0.9978520331325301,0.9978520331325301,0.9973047242612461,0.9789196310935442,0.9998117824204781,0.9986822289156626,0.9789156626506024,0.9998117469879518,1197129.833,3.289599895477295,3699646.8539,2.420559883117676,0.90000,2,3,0.97000,1,0.97000,0.06000,0.07000,w84_09_07_amt90_mv20__exec_c097_pos90_dd12,amt90k_mv20w,w84_5d09_3d07,h2_m3_c0975,True,True,False,False,20260625
20241105,20241106,SZSE.300120,300120.SZ,经纬辉开,1,0.9968579492003763,0.9968579492003763,0.9968171557562077,0.9983069977426636,0.9966139954853274,0.9979303857008467,0.9983066792097837,0.9966133584195672,349748.961,4.8989,773134.2284,,0.90000,2,3,0.97000,1,0.97000,0.06000,0.07000,w84_09_07_amt90_mv20__exec_c097_pos90_dd12,amt90k_mv20w,w84_5d09_3d07,h2_m3_c0975,True,True,False,False,20260625
20241106,20241107,SZSE.300847,300847.SZ,中船汉光,1,0.9957468021068472,0.9957468021068472,0.9948993793492571,0.9657701711491442,0.998871544103818,0.9968021068472536,0.9657637321294206,0.9988713318284425,614133.368,10.2926,614812.77,,0.90000,2,3,0.97000,1,0.97000,0.06000,0.07000,w84_09_07_amt90_mv20__exec_c097_pos90_dd12,amt90k_mv20w,w84_5d09_3d07,h2_m3_c0975,True,True,False,False,20260625
20241107,20241108,SZSE.002543,002543.SZ,万和电气,1,0.9972366440933033,0.9972366440933033,0.9971261989843897,0.9981192401730299,0.9969907842768478,0.9990594431903687,0.9981188863807374,0.9969902182091799,107164.535,1.7178,710138.0,,0.90000,2,3,0.97000,1,0.97000,0.06000,0.07000,w84_09_07_amt90_mv20__exec_c097_pos90_dd12,amt90k_mv20w,w84_5d09_3d07,h2_m3_c0975,True,True,False,False,20260625
20241108,20241111,SHSE.600210,600210.SH,紫江企业,1,0.9974915381722452,0.9974915381722452,0.9970746380898665,0.9825155104342922,0.999059973679263,0.9979315532154945,0.9825122226400903,0.9990597969161339,217293.951,1.6874,1287708.9981,,0.90000,2,3,0.97000,1,0.97000,0.06000,0.07000,w84_09_07_amt90_mv20__exec_c097_pos90_dd12,amt90k_mv20w,w84_5d09_3d07,h2_m3_c0975,True,True,False,False,20260625
20241111,20241112,SZSE.000716,000716.SZ,黑芝麻,1,0.9963643206624012,0.9963643206624012,0.9960940733772343,0.9881467544684854,0.9971777986829727,0.997177267595032,0.9881445238991343,0.997177267595032,131167.62,2.644,533470.6014,,0.90000,2,3,0.97000,1,0.97000,0.06000,0.07000,w84_09_07_amt90_mv20__exec_c097_pos90_dd12,amt90k_mv20w,w84_5d09_3d07,h2_m3_c0975,True,True,False,False,20260625
20241112,20241113,SZSE.000536,000536.SZ,华映科技,1,0.9961693320790216,0.9961693320790216,0.9955981941309255,0.9757336343115124,0.9983069977426636,0.9968015051740358,0.9757290686735653,0.9983066792097837,257768.485,1.4286,1806219.4204,,0.90000,2,3,0.97000,1,0.97000,0.06000,0.07000,w84_09_07_amt90_mv20__exec_c097_pos90_dd12,amt90k_mv20w,w84_5d09_3d07,h2_m3_c0975,True,True,False,False,20260625
20241113,20241114,SHSE.600496,600496.SH,精工钢构,1,0.9948391345249294,0.9948391345249294,0.9948081264108352,0.9981188863807374,0.9943566591422122,0.9964252116650988,0.9981185324553151,0.9943555973659455,98415.27,1.5674,628020.1946,,0.90000,2,3,0.97000,1,0.97000,0.06000,0.07000,w84_09_07_amt90_mv20__exec_c097_pos90_dd12,amt90k_mv20w,w84_5d09_3d07,h2_m3_c0975,True,True,False,False,20260625
20241114,20241115,SZSE.000716,000716.SZ,黑芝麻,1,0.9960722347629797,0.9960722347629797,0.9960278352454391,0.9958623283806658,0.9960504043633628,0.9966139954853274,0.9958615500376222,0.9960496613995485,115470.476,2.6116,475451.9061,,0.90000,2,3,0.97000,1,0.97000,0.06000,0.07000,w84_09_07_amt90_mv20__exec_c097_pos90_dd12,amt90k_mv20w,w84_5d09_3d07,h2_m3_c0975,True,True,False,False,20260625
20241115,20241118,SHSE.688631,688631.SH,莱斯信息,1,0.9990522752914629,0.9990522752914629,0.9988870088362474,0.9921037789058094,0.9998119947358526,0.9988717562993606,0.9921022940955246,0.9998119593832268,601548.314,10.0364,1542012.51,,0.90000,2,3,0.97000,1,0.97000,0.06000,0.07000,w84_09_07_amt90_mv20__exec_c097_pos90_dd12,amt90k_mv20w,w84_5d09_3d07,h2_m3_c0975,True,True,False,False,20260625
20241118,20241119,SZSE.002693,002693.SZ,双成药业,1,0.9999492003762935,0.9999492003762935,0.9999322799097066,0.9994356659142212,1.0,1.0,0.9994355597365946,1.0,1094337.565,11.6978,934296.0068,,0.90000,2,3,0.97000,1,0.97000,0.06000,0.07000,w84_09_07_amt90_mv20__exec_c097_pos90_dd12,amt90k_mv20w,w84_5d09_3d07,h2_m3_c0975,True,True,False,False,20260625
20241119,20241120,SHSE.688130,688130.SH,晶华微,1,0.9997442647611884,0.9997442647611884,0.9997217522090618,0.999059973679263,0.9998119947358526,0.9998119593832268,0.9990597969161339,0.9998119593832268,109573.088,14.9809,230948.3823,,0.90000,2,3,0.97000,1,0.97000,0.06000,0.07000,w84_09_07_amt90_mv20__exec_c097_pos90_dd12,amt90k_mv20w,w84_5d09_3d07,h2_m3_c0975,True,True,False,False,20260625
20241120,20241121,SZSE.000520,000520.SZ,凤凰航运,1,0.9968802856605901,0.9968802856605901,0.9965125892521609,0.9860954528372792,0.9979331078541902,0.9981206540124037,0.9860928396917873,0.997932719413644,232425.352,4.3363,539440.4815,,0.90000,2,3,0.97000,1,0.97000,0.06000,0.07000,w84_09_07_amt90_mv20__exec_c097_pos90_dd12,amt90k_mv20w,w84_5d09_3d07,h2_m3_c0975,True,True,False,False,20260625
20241121,20241122,SZSE.300337,300337.SZ,银邦股份,1,0.9975549708701371,0.9975549708701371,0.9970537391957911,0.9823374671176249,0.9990605035700865,0.9990603270062018,0.9823341477165947,0.9990603270062018,1307859.595,12.329,1207400.48,,0.90000,2,3,0.97000,1,0.97000,0.06000,0.07000,w84_09_07_amt90_mv20__exec_c097_pos90_dd12,amt90k_mv20w,w84_5d09_3d07,h2_m3_c0975,True,True,False,False,20260625
20241122,20241125,SZSE.300337,300337.SZ,银邦股份,1,0.9995866992297575,0.9995866992297575,0.9995567242674681,0.999060856498873,0.9996243425995492,0.9998121360135263,0.999060680067631,0.9996242720270524,946922.71,9.2024,1151509.92,,0.90000,2,3,0.97000,1,0.97000,0.06000,0.07000,w84_09_07_amt90_mv20__exec_c097_pos90_dd12,amt90k_mv20w,w84_5d09_3d07,h2_m3_c0975,True,True,False,False,20260625
20241125,20241126,SHSE.603991,603991.SH,领先股份,1,0.9997951897782789,0.9997951897782789,0.9997895923351494,0.9996242720270524,0.9998121360135263,0.9998121007140173,0.9996242014280345,0.9998121007140173,328388.883,7.2509,450936.7379,,0.90000,2,3,0.97000,1,0.97000,0.06000,0.07000,w84_09_07_amt90_mv20__exec_c097_pos90_dd12,amt90k_mv20w,w84_5d09_3d07,h2_m3_c0975,True,True,False,False,20260625
20241126,20241127,SZSE.300489,300489.SZ,光智科技,1,0.9999323689648694,0.9999323689648694,0.9999098422238918,0.9992486851990984,1.0,1.0,0.9992485440541048,1.0,345881.257,3.7454,912357.8775,,0.90000,2,3,0.97000,1,0.97000,0.06000,0.07000,w84_09_07_amt90_mv20__exec_c097_pos90_dd12,amt90k_mv20w,w84_5d09_3d07,h2_m3_c0975,True,True,False,False,20260625
20241127,20241128,SHSE.603991,603991.SH,领先股份,1,1.0,1.0,1.0,1.0,1.0,1.0,1.0,1.0,287084.418,6.4484,455259.7678,,0.90000,2,3,0.97000,1,0.97000,0.06000,0.07000,w84_09_07_amt90_mv20__exec_c097_pos90_dd12,amt90k_mv20w,w84_5d09_3d07,h2_m3_c0975,True,True,False,False,20260625
20241128,20241129,SZSE.300489,300489.SZ,光智科技,1,0.9999323308270676,0.9999323308270676,0.9999097913925954,0.9992482616049615,1.0,1.0,0.9992481203007518,1.0,681583.162,7.2398,913183.9146,,0.90000,2,3,0.97000,1,0.97000,0.06000,0.07000,w84_09_07_amt90_mv20__exec_c097_pos90_dd12,amt90k_mv20w,w84_5d09_3d07,h2_m3_c0975,True,True,False,False,20260625
20241129,20241202,SHSE.603991,603991.SH,领先股份,1,0.9996395043184378,0.9996395043184378,0.9995644828233528,0.9977473249483761,0.9998122770790313,1.0,0.9977469019902365,0.9998122418325197,372954.878,8.4257,447284.523,,0.90000,2,3,0.97000,1,0.97000,0.06000,0.07000,w84_09_07_amt90_mv20__exec_c097_pos90_dd12,amt90k_mv20w,w84_5d09_3d07,h2_m3_c0975,True,True,False,False,20260625
20241202,20241203,SHSE.603991,603991.SH,领先股份,1,0.9997802404207363,0.9997802404207363,0.9997070422535211,0.9975586854460093,1.0,1.0,0.9975582268970699,1.0,320030.895,7.0098,462042.4526,,0.90000,2,3,0.97000,1,0.97000,0.06000,0.07000,w84_09_07_amt90_mv20__exec_c097_pos90_dd12,amt90k_mv20w,w84_5d09_3d07,h2_m3_c0975,True,True,False,False,20260625
20241203,20241204,SHSE.603991,603991.SH,领先股份,1,0.9997107438016528,0.9997107438016528,0.9996769953051643,0.9986854460093897,0.9998122065727699,0.9998121712997746,0.9986851990984222,0.9998121712997746,227325.243,4.9801,455334.3028,,0.90000,2,3,0.97000,1,0.97000,0.06000,0.07000,w84_09_07_amt90_mv20__exec_c097_pos90_dd12,amt90k_mv20w,w84_5d09_3d07,h2_m3_c0975,True,True,False,False,20260625
20241204,20241205,SHSE.603205,603205.SH,健尔康,1,0.993499248685199,0.993499248685199,0.9925333333333333,0.9556807511737089,0.9975586854460093,0.9934259954921112,0.9556724267468069,0.9975582268970699,128083.925,9.9091,522960.0,,0.90000,2,3,0.97000,1,0.97000,0.06000,0.07000,w84_09_07_amt90_mv20__exec_c097_pos90_dd12,amt90k_mv20w,w84_5d09_3d07,h2_m3_c0975,True,True,False,False,20260625
20241205,20241206,SZSE.300102,300102.SZ,乾照光电,1,0.9878753753753754,0.9878753753753754,0.9876449615312441,0.9823606680427848,0.9883655470069431,0.9891141141141141,0.9823573573573574,0.9883633633633634,314831.996,3.0327,1052861.9393,,0.90000,2,3,0.97000,1,0.97000,0.06000,0.07000,w84_09_07_amt90_mv20__exec_c097_pos90_dd12,amt90k_mv20w,w84_5d09_3d07,h2_m3_c0975,True,True,False,False,20260625
20241206,20241209,SHSE.603863,603863.SH,松炀资源,1,0.9914832895230943,0.9914832895230943,0.9910568800450534,0.9750328515111695,0.9932419748451286,0.9915508824633872,0.975028163725122,0.9932407059707097,139543.6,3.1937,436927.75,,0.90000,2,3,0.97000,1,0.97000,0.06000,0.07000,w84_09_07_amt90_mv20__exec_c097_pos90_dd12,amt90k_mv20w,w84_5d09_3d07,h2_m3_c0975,True,True,False,False,20260625
20241209,20241210,SHSE.600868,600868.SH,梅雁吉祥,1,0.9941115702479337,0.9941115702479337,0.9932244131455399,0.9586854460093897,0.9979342723004695,0.993801652892562,0.9586776859504132,0.9979338842975206,194174.981,3.072,632083.5101,,0.90000,2,3,0.97000,1,0.97000,0.06000,0.07000,w84_09_07_amt90_mv20__exec_c097_pos90_dd12,amt90k_mv20w,w84_5d09_3d07,h2_m3_c0975,True,True,False,False,20260625
20241210,20241211,SHSE.600246,600246.SH,万通发展,1,0.9908503848319881,0.9908503848319881,0.990900900900901,0.9984984984984985,0.9898648648648649,0.9928665290031913,0.9984982166322508,0.9898629622676929,859408.685,5.1637,1637602.7367,,0.90000,2,3,0.97000,1,0.97000,0.06000,0.07000,w84_09_07_amt90_mv20__exec_c097_pos90_dd12,amt90k_mv20w,w84_5d09_3d07,h2_m3_c0975,True,True,False,False,20260625
20241211,20241212,SHSE.688090,688090.SH,瑞松科技,1,0.9900957207207206,0.9900957207207206,0.9902045411897167,0.9968099080502909,0.9893038093450929,0.990990990990991,0.9968093093093093,0.9893018018018018,349445.948,8.3511,410122.7616,,0.90000,2,3,0.97000,1,0.97000,0.06000,0.07000,w84_09_07_amt90_mv20__exec_c097_pos90_dd12,amt90k_mv20w,w84_5d09_3d07,h2_m3_c0975,True,True,False,False,20260625
20241212,20241213,SHSE.600246,600246.SH,万通发展,1,0.9879489585288046,0.9879489585288046,0.9880075046904315,0.9977485928705441,0.9866791744840525,0.9906173766185026,0.9977481703884407,0.9866766747982736,827170.144,4.7609,1727034.925,,0.90000,2,3,0.97000,1,0.97000,0.06000,0.07000,w84_09_07_amt90_mv20__exec_c097_pos90_dd12,amt90k_mv20w,w84_5d09_3d07,h2_m3_c0975,True,True,False,False,20260625
20241213,20241216,SHSE.688090,688090.SH,瑞松科技,1,0.9915406267592419,0.9915406267592419,0.9915872420262664,0.9986866791744841,0.9906191369606003,0.9934321636329517,0.9986864327265903,0.9906173766185026,232250.121,5.5545,414267.3186,,0.90000,2,3,0.97000,1,0.97000,0.06000,0.07000,w84_09_07_amt90_mv20__exec_c097_pos90_dd12,amt90k_mv20w,w84_5d09_3d07,h2_m3_c0975,True,True,False,False,20260625
20241216,20241217,SZSE.002593,002593.SZ,日上集团,1,0.9929533095818488,0.9929533095818488,0.9930108736407949,0.9981252343457068,0.9923134608173978,0.993999624976561,0.9981248828051753,0.9923120195012188,133697.235,3.1886,590835.6513,,0.90000,2,3,0.97000,1,0.97000,0.06000,0.07000,w84_09_07_amt90_mv20__exec_c097_pos90_dd12,amt90k_mv20w,w84_5d09_3d07,h2_m3_c0975,True,True,False,False,20260625
20241217,20241218,SZSE.002593,002593.SZ,日上集团,1,0.9889418386491557,0.9889418386491557,0.989120240105046,0.9973738510598387,0.9879947477021197,0.9894934333958724,0.9973733583489681,0.9879924953095685,103981.002,2.7534,532154.0152,,0.90000,2,3,0.97000,1,0.97000,0.06000,0.07000,w84_09_07_amt90_mv20__exec_c097_pos90_dd12,amt90k_mv20w,w84_5d09_3d07,h2_m3_c0975,True,True,False,False,20260625
20241218,20241219,SHSE.600246,600246.SH,万通发展,1,0.9856582895723931,0.9856582895723931,0.9857416088505532,0.991186949184324,0.9849990624414026,0.986496624156039,0.991185296324081,0.9849962490622656,1093045.098,7.4003,1480599.5617,,0.90000,2,3,0.97000,1,0.97000,0.06000,0.07000,w84_09_07_amt90_mv20__exec_c097_pos90_dd12,amt90k_mv20w,w84_5d09_3d07,h2_m3_c0975,True,True,False,False,20260625
20241219,20241220,SHSE.600246,600246.SH,万通发展,1,0.9887319452260364,0.9887319452260364,0.9888597149287321,0.9979369842460615,0.9876219054763691,0.9902457325079722,0.9979365972613018,0.9876195835678109,547171.759,3.7502,1470662.6519,,0.90000,2,3,0.97000,1,0.97000,0.06000,0.07000,w84_09_07_amt90_mv20__exec_c097_pos90_dd12,amt90k_mv20w,w84_5d09_3d07,h2_m3_c0975,True,True,False,False,20260625
20241220,20241223,SZSE.002277,002277.SZ,友阿股份,1,0.9948172446110589,0.9948172446110589,0.9939580209895053,0.9606446776611695,0.9985007496251874,0.99456419868791,0.9606373008434864,0.9985004686035613,316151.6,3.1452,1005198.5888,,0.90000,2,3,0.97000,1,0.97000,0.06000,0.07000,w84_09_07_amt90_mv20__exec_c097_pos90_dd12,amt90k_mv20w,w84_5d09_3d07,h2_m3_c0975,True,True,False,False,20260625
20241223,20241224,SHSE.688656,688656.SH,浩欧博,1,0.9999662478904932,0.9999662478904932,0.999955005624297,0.9996250468691413,1.0,1.0,0.9996249765610351,1.0,136745.528,2.1935,613620.5898,,0.90000,2,3,0.97000,1,0.97000,0.06000,0.07000,w84_09_07_amt90_mv20__exec_c097_pos90_dd12,amt90k_mv20w,w84_5d09_3d07,h2_m3_c0975,True,True,False,False,20260625
20241224,20241225,SZSE.301446,301446.SZ,福事特,1,0.998567410463154,0.998567410463154,0.9983202099737533,0.9887514060742407,0.9996250468691413,0.9984999062441403,0.988749296831052,0.9996249765610351,171679.664,26.981,257504.0,,0.90000,2,3,0.97000,1,0.97000,0.06000,0.07000,w84_09_07_amt90_mv20__exec_c097_pos90_dd12,amt90k_mv20w,w84_5d09_3d07,h2_m3_c0975,True,True,False,False,20260625
20241225,20241226,SHSE.688090,688090.SH,瑞松科技,1,0.980249530956848,0.980249530956848,0.9803639092102795,0.9863065090977302,0.9795535546801726,0.9808630393996247,0.9863039399624766,0.9795497185741088,102607.547,3.0367,335143.9563,,0.90000,2,3,0.97000,1,0.97000,0.06000,0.07000,w84_09_07_amt90_mv20__exec_c097_pos90_dd12,amt90k_mv20w,w84_5d09_3d07,h2_m3_c0975,True,True,False,False,20260625
20241226,20241227,SHSE.605066,605066.SH,天正电气,1,0.9862174320524837,0.9862174320524837,0.9858545727136431,0.9728260869565217,0.9876311844077961,0.9865042174320525,0.9728209934395501,0.9876288659793815,124483.824,3.4652,362743.4525,,0.90000,2,3,0.97000,1,0.97000,0.06000,0.07000,w84_09_07_amt90_mv20__exec_c097_pos90_dd12,amt90k_mv20w,w84_5d09_3d07,h2_m3_c0975,True,True,False,False,20260625
20241227,20241230,SZSE.002347,002347.SZ,泰尔股份,1,0.9829045565347834,0.9829045565347834,0.9829621297337833,0.9872515935508062,0.9823772028496438,0.9836864804050253,0.9872492030751921,0.9823738983686481,242777.258,6.8538,358843.3182,,0.90000,2,3,0.97000,1,0.97000,0.06000,0.07000,w84_09_07_amt90_mv20__exec_c097_pos90_dd12,amt90k_mv20w,w84_5d09_3d07,h2_m3_c0975,True,True,False,False,20260625
20241230,20241231,SHSE.688090,688090.SH,瑞松科技,1,0.9888930581613509,0.9888930581613509,0.988865128493716,0.9883699118364284,0.9889326580378915,0.9891181988742964,0.9883677298311445,0.9889305816135084,125937.196,3.614,348990.5447,,0.90000,2,3,0.97000,1,0.97000,0.06000,0.07000,w84_09_07_amt90_mv20__exec_c097_pos90_dd12,amt90k_mv20w,w84_5d09_3d07,h2_m3_c0975,True,True,False,False,20260625
20241231,20250102,SHSE.688090,688090.SH,瑞松科技,1,0.9779579973748359,0.9779579973748359,0.9781102362204726,0.9866891638545182,0.9769403824521935,0.9789986874179636,0.9866866679167448,0.9769360585036565,100031.51,2.9185,334578.7894,,0.90000,2,3,0.97000,1,0.97000,0.06000,0.07000,w84_09_07_amt90_mv20__exec_c097_pos90_dd12,amt90k_mv20w,w84_5d09_3d07,h2_m3_c0975,True,True,False,False,20260625
20250102,20250103,SZSE.002354,002354.SZ,天娱数科,1,0.9779257314328582,0.9779257314328582,0.9780386274142134,0.9819988749296831,0.9774985936621039,0.9778694673668417,0.9819954988747187,0.9774943735933983,1078760.407,12.2753,891821.757,,0.90000,2,3,0.97000,1,0.97000,0.06000,0.07000,w84_09_07_amt90_mv20__exec_c097_pos90_dd12,amt90k_mv20w,w84_5d09_3d07,h2_m3_c0975,True,True,False,False,20260625
20250103,20250106,SZSE.002354,002354.SZ,天娱数科,1,0.9910646672914714,0.9910646672914714,0.9911244377811095,0.9947526236881559,0.9906296851574213,0.9915651358950328,0.9947516401124649,0.9906279287722587,997554.298,11.9386,825638.3242,,0.90000,2,3,0.97000,1,0.97000,0.06000,0.07000,w84_09_07_amt90_mv20__exec_c097_pos90_dd12,amt90k_mv20w,w84_5d09_3d07,h2_m3_c0975,True,True,False,False,20260625
20250106,20250107,SHSE.605179,605179.SH,一鸣食品,1,0.9999493908153703,0.9999493908153703,0.9999325337331334,0.9994377811094453,1.0,1.0,0.9994376757263356,1.0,317838.838,4.4196,715384.0,,0.90000,2,3,0.97000,1,0.97000,0.06000,0.07000,w84_09_07_amt90_mv20__exec_c097_pos90_dd12,amt90k_mv20w,w84_5d09_3d07,h2_m3_c0975,True,True,False,False,20260625
20250107,20250108,SHSE.605179,605179.SH,一鸣食品,1,1.0,1.0,1.0,1.0,1.0,1.0,1.0,1.0,235138.197,3.2216,747063.0,,0.90000,2,3,0.97000,1,0.97000,0.06000,0.07000,w84_09_07_amt90_mv20__exec_c097_pos90_dd12,amt90k_mv20w,w84_5d09_3d07,h2_m3_c0975,True,True,False,False,20260625
20250108,20250109,SHSE.605179,605179.SH,一鸣食品,1,0.9904852913621884,0.9904852913621884,0.9905282877482203,0.9925065567628325,0.9902585237916823,0.990631440884392,0.9925051527075136,0.9902566985197676,397298.938,5.2346,776336.0,,0.90000,2,3,0.97000,1,0.97000,0.06000,0.07000,w84_09_07_amt90_mv20__exec_c097_pos90_dd12,amt90k_mv20w,w84_5d09_3d07,h2_m3_c0975,True,True,False,False,20260625
20250109,20250110,SZSE.300006,300006.SZ,莱美药业,1,0.9795934807043837,0.9795934807043837,0.9797040644315415,0.9874508334894175,0.9786476868327402,0.9808917197452229,0.9874484825777444,0.9786436867740727,105077.956,2.8468,368513.0105,,0.90000,2,3,0.97000,1,0.97000,0.06000,0.07000,w84_09_07_amt90_mv20__exec_c097_pos90_dd12,amt90k_mv20w,w84_5d09_3d07,h2_m3_c0975,True,True,False,False,20260625
20250110,20250113,SHSE.600579,600579.SH,中化装备,1,0.9916894549541112,0.9916894549541112,0.9917303370786517,0.9928838951310861,0.9915730337078652,0.9915714553287133,0.9928825622775801,0.9915714553287133,451442.274,10.2283,422484.3546,,0.90000,2,3,0.97000,1,0.97000,0.06000,0.07000,w84_09_07_amt90_mv20__exec_c097_pos90_dd12,amt90k_mv20w,w84_5d09_3d07,h2_m3_c0975,True,True,False,False,20260625
20250113,20250114,SHSE.600579,600579.SH,中化装备,1,0.9995429855778235,0.9995429855778235,0.9994531835205993,0.996816479400749,0.999812734082397,0.9998126990073047,0.9968158831241806,0.9998126990073047,386851.904,9.8654,390328.0513,,0.90000,2,3,0.97000,1,0.97000,0.06000,0.07000,w84_09_07_amt90_mv20__exec_c097_pos90_dd12,amt90k_mv20w,w84_5d09_3d07,h2_m3_c0975,True,True,False,False,20260625
20250114,20250115,SHSE.603779,603779.SH,威龙股份,1,0.9778154249344815,0.9778154249344815,0.9780048661800486,0.9868987460228336,0.9767920643833052,0.9784724822163984,0.9868962935230251,0.976787719955073,153278.226,6.6002,235778.7553,,0.90000,2,3,0.97000,1,0.97000,0.06000,0.07000,w84_09_07_amt90_mv20__exec_c097_pos90_dd12,amt90k_mv20w,w84_5d09_3d07,h2_m3_c0975,True,True,False,False,20260625
20250115,20250116,SHSE.600807,600807.SH,济高发展,1,0.9820490269461076,0.9820490269461076,0.9821665107577175,0.9885874649204864,0.9812909260991581,0.9827844311377245,0.9885853293413174,0.9812874251497006,146642.903,6.893,237082.1079,,0.90000,2,3,0.97000,1,0.97000,0.06000,0.07000,w84_09_07_amt90_mv20__exec_c097_pos90_dd12,amt90k_mv20w,w84_5d09_3d07,h2_m3_c0975,True,True,False,False,20260625
20250116,20250117,SZSE.300025,300025.SZ,华星创业,1,0.9753480538922157,0.9753480538922157,0.9755584658559401,0.9842843779232928,0.9743685687558465,0.9756736526946108,0.9842814371257484,0.9743637724550899,195247.501,5.0511,450790.5289,,0.90000,2,3,0.97000,1,0.97000,0.06000,0.07000,w84_09_07_amt90_mv20__exec_c097_pos90_dd12,amt90k_mv20w,w84_5d09_3d07,h2_m3_c0975,True,True,False,False,20260625
20250117,20250120,SHSE.600579,600579.SH,中化装备,1,0.9996425898203593,0.9996425898203593,0.9996482694106642,0.9998129092609915,0.9996258185219832,0.999625748502994,0.999812874251497,0.999625748502994,246424.417,5.9551,410116.5456,,0.90000,2,3,0.97000,1,0.97000,0.06000,0.07000,w84_09_07_amt90_mv20__exec_c097_pos90_dd12,amt90k_mv20w,w84_5d09_3d07,h2_m3_c0975,True,True,False,False,20260625
20250120,20250121,SHSE.600579,600579.SH,中化装备,1,0.9981021897810218,0.9981021897810218,0.9979865269461078,0.9941991017964071,0.9985029940119761,0.9983155530600786,0.9941980160958264,0.9985027138311809,239894.426,5.833,416547.8063,,0.90000,2,3,0.97000,1,0.97000,0.06000,0.07000,w84_09_07_amt90_mv20__exec_c097_pos90_dd12,amt90k_mv20w,w84_5d09_3d07,h2_m3_c0975,True,True,False,False,20260625
20250121,20250122,SHSE.600807,600807.SH,济高发展,1,0.980579981290926,0.980579981290926,0.9807332585110363,0.9889637111859334,0.9796109240553685,0.9814780168381665,0.9889616463985033,0.9796071094480823,145216.582,6.8072,238851.3774,,0.90000,2,3,0.97000,1,0.97000,0.06000,0.07000,w84_09_07_amt90_mv20__exec_c097_pos90_dd12,amt90k_mv20w,w84_5d09_3d07,h2_m3_c0975,True,True,False,False,20260625
20250122,20250123,SZSE.300025,300025.SZ,华星创业,1,0.974236305851561,0.974236305851561,0.9744523364485982,0.9844859813084113,0.9730841121495327,0.9749485885212189,0.9844830809497103,0.9730790802019069,107044.495,2.9603,423315.7111,,0.90000,2,3,0.97000,1,0.97000,0.06000,0.07000,w84_09_07_amt90_mv20__exec_c097_pos90_dd12,amt90k_mv20w,w84_5d09_3d07,h2_m3_c0975,True,True,False,False,20260625
20250123,20250124,SHSE.600130,600130.SH,波导股份,1,0.9804654205607476,0.9804654205607476,0.9806615585871801,0.9882264997196786,0.9796299757054756,0.9805607476635514,0.9882242990654205,0.979626168224299,410551.791,16.1519,249000.0,,0.90000,2,3,0.97000,1,0.97000,0.06000,0.07000,w84_09_07_amt90_mv20__exec_c097_pos90_dd12,amt90k_mv20w,w84_5d09_3d07,h2_m3_c0975,True,True,False,False,20260625
20250124,20250127,SZSE.002398,002398.SZ,垒知集团,1,0.9988760052365813,0.9988760052365813,0.9987958115183245,0.9968212415856395,0.9990650710545999,0.9992519169627828,0.9968206470918272,0.9990648962034786,129658.326,4.4228,353197.6555,,0.90000,2,3,0.97000,1,0.97000,0.06000,0.07000,w84_09_07_amt90_mv20__exec_c097_pos90_dd12,amt90k_mv20w,w84_5d09_3d07,h2_m3_c0975,True,True,False,False,20260625
20250127,20250205,SHSE.600130,600130.SH,波导股份,1,0.9993885564697083,0.9993885564697083,0.9993718452047111,0.9988782950084127,0.9994391475042064,0.99943904263276,0.9988780852655198,0.99943904263276,184743.069,7.4534,245250.0,,0.90000,2,3,0.97000,1,0.97000,0.06000,0.07000,w84_09_07_amt90_mv20__exec_c097_pos90_dd12,amt90k_mv20w,w84_5d09_3d07,h2_m3_c0975,True,True,False,False,20260625
20250205,20250206,SZSE.002693,002693.SZ,双成药业,1,0.9762130841121496,0.9762130841121496,0.9764081480097178,0.9843019996262381,0.9753317136983741,0.9764485981308412,0.9842990654205608,0.9753271028037384,175330.767,3.196,555684.265,,0.90000,2,3,0.97000,1,0.97000,0.06000,0.07000,w84_09_07_amt90_mv20__exec_c097_pos90_dd12,amt90k_mv20w,w84_5d09_3d07,h2_m3_c0975,True,True,False,False,20260625
20250206,20250207,SZSE.300025,300025.SZ,华星创业,1,0.9739405829596413,0.9739405829596413,0.9741677563982813,0.983373809079021,0.9729123855781805,0.9742152466367713,0.9833707025411061,0.9729073243647235,237953.27,6.3362,449772.943,,0.90000,2,3,0.97000,1,0.97000,0.06000,0.07000,w84_09_07_amt90_mv20__exec_c097_pos90_dd12,amt90k_mv20w,w84_5d09_3d07,h2_m3_c0975,True,True,False,False,20260625
20250207,20250210,SHSE.600633,600633.SH,浙数文化,1,0.9941890881913302,0.9941890881913302,0.9933121614048197,0.9579674948626938,0.9981318886605641,0.9934603886397608,0.9579596412556054,0.9981315396113603,303025.743,1.7584,1723313.2074,,0.90000,2,3,0.97000,1,0.97000,0.06000,0.07000,w84_09_07_amt90_mv20__exec_c097_pos90_dd12,amt90k_mv20w,w84_5d09_3d07,h2_m3_c0975,True,True,False,False,20260625
20250210,20250211,SHSE.600130,600130.SH,波导股份,1,0.9785973104221143,0.9785973104221143,0.978860877684407,0.9895424836601308,0.9774042950513538,0.9788942846469929,0.9895405304445275,0.9774000747104968,236563.316,8.3215,291000.0,,0.90000,2,3,0.97000,1,0.97000,0.06000,0.07000,w84_09_07_amt90_mv20__exec_c097_pos90_dd12,amt90k_mv20w,w84_5d09_3d07,h2_m3_c0975,True,True,False,False,20260625
20250211,20250212,SHSE.601005,601005.SH,重庆钢铁,1,0.999983186997945,0.999983186997945,0.9999775868509526,0.999813223757938,1.0,1.0,0.9998131888660564,1.0,149625.115,1.2651,1248604.3174,,0.90000,2,3,0.97000,1,0.97000,0.06000,0.07000,w84_09_07_amt90_mv20__exec_c097_pos90_dd12,amt90k_mv20w,w84_5d09_3d07,h2_m3_c0975,True,True,False,False,20260625
20250212,20250213,SHSE.600633,600633.SH,浙数文化,1,0.9803119745936858,0.9803119745936858,0.9795367949196863,0.9486365334329473,0.9837504669406052,0.979824397534093,0.9486269381655147,0.9837474313469082,269721.494,1.1751,2295214.7943,,0.90000,2,3,0.97000,1,0.97000,0.06000,0.07000,w84_09_07_amt90_mv20__exec_c097_pos90_dd12,amt90k_mv20w,w84_5d09_3d07,h2_m3_c0975,True,True,False,False,20260625
20250213,20250214,SHSE.600130,600130.SH,波导股份,1,0.9755771385879716,0.9755771385879716,0.9757684407096172,0.984313725490196,0.9746031746031746,0.9760926410160627,0.9843107956667911,0.9745984310795667,126503.373,4.523,279750.0,,0.90000,2,3,0.97000,1,0.97000,0.06000,0.07000,w84_09_07_amt90_mv20__exec_c097_pos90_dd12,amt90k_mv20w,w84_5d09_3d07,h2_m3_c0975,True,True,False,False,20260625
20250214,20250217,SHSE.688506,688506.SH,百利天恒,1,0.9952662058658696,0.9952662058658696,0.9943145311916325,0.9594695554725439,0.99906611878969,0.9957033439192976,0.9594619839342425,0.9990659443302821,293414.727,1.7628999948501587,7324666.0,9.381500244140625,0.90000,2,3,0.97000,1,0.97000,0.06000,0.07000,w84_09_07_amt90_mv20__exec_c097_pos90_dd12,amt90k_mv20w,w84_5d09_3d07,h2_m3_c0975,True,True,False,False,20260625
20250217,20250218,SZSE.002063,002063.SZ,远光软件,1,0.9767481799514653,0.9767481799514653,0.9769615528182156,0.9873086972751026,0.9755505785740948,0.9775994026507373,0.9873063281687512,0.9755460145603883,1015694.322,8.4027,1293560.184,,0.90000,2,3,0.97000,1,0.97000,0.06000,0.07000,w84_09_07_amt90_mv20__exec_c097_pos90_dd12,amt90k_mv20w,w84_5d09_3d07,h2_m3_c0975,True,True,False,False,20260625
20250218,20250219,SHSE.600246,600246.SH,万通发展,1,0.9804667662434653,0.9804667662434653,0.980638417024454,0.9878663431024828,0.9796527907410865,0.9807692307692307,0.9878640776699029,0.9796489917849142,301783.504,2.7059,1096215.2589,,0.90000,2,3,0.97000,1,0.97000,0.06000,0.07000,w84_09_07_amt90_mv20__exec_c097_pos90_dd12,amt90k_mv20w,w84_5d09_3d07,h2_m3_c0975,True,True,False,False,20260625
20250219,20250220,SHSE.600246,600246.SH,万通发展,1,0.9772908887229275,0.9772908887229275,0.9775247339929065,0.9865596415904424,0.976292701138697,0.9774085138162808,0.9865571321882002,0.9762882748319641,423296.43,3.6535,1205059.3271,,0.90000,2,3,0.97000,1,0.97000,0.06000,0.07000,w84_09_07_amt90_mv20__exec_c097_pos90_dd12,amt90k_mv20w,w84_5d09_3d07,h2_m3_c0975,True,True,False,False,20260625
20250220,20250221,SHSE.600246,600246.SH,万通发展,1,0.9781979458450046,0.9781979458450046,0.9783383121732636,0.9851568334578044,0.9774085138162808,0.9788982259570495,0.9850606909430439,0.9774042950513538,718739.494,5.9751,1199228.3949,,0.90000,2,3,0.97000,1,0.97000,0.06000,0.07000,w84_09_07_amt90_mv20__exec_c097_pos90_dd12,amt90k_mv20w,w84_5d09_3d07,h2_m3_c0975,True,True,False,False,20260625
20250221,20250224,SHSE.600130,600130.SH,波导股份,1,0.9705077468732499,0.9705077468732499,0.9705860395670025,0.9738708473310936,0.9701381112355356,0.9706925518013814,0.9738659697591936,0.9701325368676498,269442.067,9.7982,280500.0,,0.90000,2,3,0.97000,1,0.97000,0.06000,0.07000,w84_09_07_amt90_mv20__exec_c097_pos90_dd12,amt90k_mv20w,w84_5d09_3d07,h2_m3_c0975,True,True,False,False,20260625
20250224,20250225,SZSE.002527,002527.SZ,新时达,1,0.9956369069854314,0.9956369069854314,0.9949505135387489,0.9675070028011205,0.9986928104575163,0.9951438177063877,0.9675009338812103,0.9986925663055659,149898.69,1.5737,1193510.3238,,0.90000,2,3,0.97000,1,0.97000,0.06000,0.07000,w84_09_07_amt90_mv20__exec_c097_pos90_dd12,amt90k_mv20w,w84_5d09_3d07,h2_m3_c0975,True,True,False,False,20260625
20250225,20250226,SHSE.688016,688016.SH,心脉医疗,1,0.9973598654708519,0.9973598654708519,0.9967719036054549,0.9772090416588829,0.9994395665981692,0.9983183856502242,0.977204783258595,0.999439461883408,954440.307,7.8076,1183932.6338,,0.90000,2,3,0.97000,1,0.97000,0.06000,0.07000,w84_09_07_amt90_mv20__exec_c097_pos90_dd12,amt90k_mv20w,w84_5d09_3d07,h2_m3_c0975,True,True,False,False,20260625
20250226,20250227,SHSE.605100,605100.SH,华丰股份,1,0.9949112647113767,0.9949112647113767,0.9939110945087786,0.9561075831154278,0.99906611878969,0.9949560993835233,0.956099383523258,0.9990659443302821,169629.027,4.7693,358179.276,,0.90000,2,3,0.97000,1,0.97000,0.06000,0.07000,w84_09_07_amt90_mv20__exec_c097_pos90_dd12,amt90k_mv20w,w84_5d09_3d07,h2_m3_c0975,True,True,False,False,20260625
20250227,20250228,SHSE.600589,600589.SH,大位科技,1,0.9829321622126705,0.9829321622126705,0.9820777279521674,0.9465620328849028,0.9869207772795217,0.9818725471874415,0.9465520463464773,0.986918333021865,150040.73,1.456,1030493.5133,,0.90000,2,3,0.97000,1,0.97000,0.06000,0.07000,w84_09_07_amt90_mv20__exec_c097_pos90_dd12,amt90k_mv20w,w84_5d09_3d07,h2_m3_c0975,True,True,False,False,20260625
20250228,20250303,SHSE.688758,688758.SH,赛分科技,1,0.9996618086696561,0.9996618086696561,0.9996114328413973,0.9981318886605641,0.9998131888660564,0.999813153961136,0.9981315396113603,0.999813153961136,124113.862,18.352,699243.197,,0.90000,2,3,0.97000,1,0.97000,0.06000,0.07000,w84_09_07_amt90_mv20__exec_c097_pos90_dd12,amt90k_mv20w,w84_5d09_3d07,h2_m3_c0975,True,True,False,False,20260625
20250303,20250304,SHSE.688205,688205.SH,德科立,1,0.9819906542056075,0.9819906542056075,0.9820295271911792,0.987292094935526,0.9813119043169501,0.9833644859813084,0.9872897196261682,0.9813084112149533,387200.943,8.2092,835248.5279,,0.90000,2,3,0.97000,1,0.97000,0.06000,0.07000,w84_09_07_amt90_mv20__exec_c097_pos90_dd12,amt90k_mv20w,w84_5d09_3d07,h2_m3_c0975,True,True,False,False,20260625
20250304,20250305,SHSE.688205,688205.SH,德科立,1,0.9950915545590433,0.9950915545590433,0.9950607136185317,0.9971978329908463,0.9947692882495797,0.9962630792227205,0.9971973094170403,0.9947683109118086,318464.994,6.8366,835369.4208,,0.90000,2,3,0.97000,1,0.97000,0.06000,0.07000,w84_09_07_amt90_mv20__exec_c097_pos90_dd12,amt90k_mv20w,w84_5d09_3d07,h2_m3_c0975,True,True,False,False,20260625
20250305,20250306,SHSE.688205,688205.SH,德科立,1,0.9902765838161092,0.9902765838161092,0.990306427503737,0.9945814648729447,0.9897234678624813,0.991403475985797,0.9945804522519155,0.9897215473743226,554261.493,11.4332,872362.6252,,0.90000,2,3,0.97000,1,0.97000,0.06000,0.07000,w84_09_07_amt90_mv20__exec_c097_pos90_dd12,amt90k_mv20w,w84_5d09_3d07,h2_m3_c0975,True,True,False,False,20260625
20250306,20250307,SHSE.603300,603300.SH,海南华铁,1,0.9994858852121891,0.9994858852121891,0.9994841121495328,0.9998130841121495,0.9994392523364486,0.9996260983361376,0.9998130491680688,0.9994391475042064,428665.138,1.8635,2300294.1175,,0.90000,2,3,0.97000,1,0.97000,0.06000,0.07000,w84_09_07_amt90_mv20__exec_c097_pos90_dd12,amt90k_mv20w,w84_5d09_3d07,h2_m3_c0975,True,True,False,False,20260625
20250307,20250310,SZSE.002093,002093.SZ,国脉科技,1,0.9968947466816227,0.9968947466816227,0.9964560747663551,0.982803738317757,0.9983177570093458,0.9979435408487568,0.9828005234623294,0.9983174425126192,141541.66,1.4114,1003470.0,,0.90000,2,3,0.97000,1,0.97000,0.06000,0.07000,w84_09_07_amt90_mv20__exec_c097_pos90_dd12,amt90k_mv20w,w84_5d09_3d07,h2_m3_c0975,True,True,False,False,20260625
20250310,20250311,SZSE.301306,301306.SZ,西测测试,1,0.9986502149934566,0.9986502149934566,0.9986018691588785,0.9979439252336448,0.9986915887850467,0.999065245840344,0.9979435408487568,0.9986913441764815,92203.818,5.315,370094.0,,0.90000,2,3,0.97000,1,0.97000,0.06000,0.07000,w84_09_07_amt90_mv20__exec_c097_pos90_dd12,amt90k_mv20w,w84_5d09_3d07,h2_m3_c0975,True,True,False,False,20260625
20250311,20250312,SZSE.002693,002693.SZ,双成药业,1,0.9995889387144992,0.9995889387144992,0.9995591257238932,0.9990659443302821,0.9996263777321128,0.999813153961136,0.9990657698056801,0.999626307922272,104472.907,2.0431,515459.3593,,0.90000,2,3,0.97000,1,0.97000,0.06000,0.07000,w84_09_07_amt90_mv20__exec_c097_pos90_dd12,amt90k_mv20w,w84_5d09_3d07,h2_m3_c0975,True,True,False,False,20260625
20250312,20250313,SZSE.002693,002693.SZ,双成药业,1,1.0,1.0,1.0,1.0,1.0,1.0,1.0,1.0,122519.31,2.6615,464037.8303,,0.90000,2,3,0.97000,1,0.97000,0.06000,0.07000,w84_09_07_amt90_mv20__exec_c097_pos90_dd12,amt90k_mv20w,w84_5d09_3d07,h2_m3_c0975,True,True,False,False,20260625
20250313,20250314,SHSE.688205,688205.SH,德科立,1,0.9998300018681112,0.9998300018681112,0.9998356369069854,1.0,0.999813223757938,0.9998131888660564,1.0,0.9998131888660564,402352.514,8.8102,796079.2526,,0.90000,2,3,0.97000,1,0.97000,0.06000,0.07000,w84_09_07_amt90_mv20__exec_c097_pos90_dd12,amt90k_mv20w,w84_5d09_3d07,h2_m3_c0975,True,True,False,False,20260625
20250314,20250317,SHSE.688205,688205.SH,德科立,1,0.9992564916869046,0.9992564916869046,0.9991445648113559,0.9956107583115428,0.9996264475158759,0.9996263777321128,0.995516532785354,0.9996263777321128,349348.503,7.6344,825456.2091,,0.90000,2,3,0.97000,1,0.97000,0.06000,0.07000,w84_09_07_amt90_mv20__exec_c097_pos90_dd12,amt90k_mv20w,w84_5d09_3d07,h2_m3_c0975,True,True,False,False,20260625
20250317,20250318,SHSE.688205,688205.SH,德科立,1,0.9998130841121494,0.9998130841121494,0.9998131190431695,0.9998131190431695,0.9998131190431695,0.9998130841121495,0.9998130841121495,0.9998130841121495,356819.878,7.7079,822071.21,,0.90000,2,3,0.97000,1,0.97000,0.06000,0.07000,w84_09_07_amt90_mv20__exec_c097_pos90_dd12,amt90k_mv20w,w84_5d09_3d07,h2_m3_c0975,True,True,False,False,20260625
20250318,20250319,SHSE.688205,688205.SH,德科立,1,0.9973431665421957,0.9973431665421957,0.9968041814448385,0.9802128056748179,0.999066641777114,0.9986930545182973,0.9802091112770724,0.9990664675130695,351010.637,7.6725,827753.1728,,0.90000,2,3,0.97000,1,0.97000,0.06000,0.07000,w84_09_07_amt90_mv20__exec_c097_pos90_dd12,amt90k_mv20w,w84_5d09_3d07,h2_m3_c0975,True,True,False,False,20260625
20250319,20250320,SHSE.688205,688205.SH,德科立,1,0.9993126634292119,0.9993126634292119,0.999297852474323,0.9996265172735761,0.9992530345471522,0.9996264475158759,0.9996264475158759,0.999252895031752,610109.925,13.9674,765251.5823,,0.90000,2,3,0.97000,1,0.97000,0.06000,0.07000,w84_09_07_amt90_mv20__exec_c097_pos90_dd12,amt90k_mv20w,w84_5d09_3d07,h2_m3_c0975,True,True,False,False,20260625
20250320,20250321,SHSE.688205,688205.SH,德科立,1,0.9996564600448096,0.9996564600448096,0.9996490573081949,0.9998133283554228,0.9996266567108456,0.9998132935026139,0.9998132935026139,0.9996265870052278,209630.936,4.844,766339.6177,,0.90000,2,3,0.97000,1,0.97000,0.06000,0.07000,w84_09_07_amt90_mv20__exec_c097_pos90_dd12,amt90k_mv20w,w84_5d09_3d07,h2_m3_c0975,True,True,False,False,20260625
20250321,20250324,SZSE.002907,002907.SZ,华森制药,1,1.0,1.0,1.0,1.0,1.0,1.0,1.0,1.0,130783.846,2.9423,600921.0958,,0.90000,2,3,0.97000,1,0.97000,0.06000,0.07000,w84_09_07_amt90_mv20__exec_c097_pos90_dd12,amt90k_mv20w,w84_5d09_3d07,h2_m3_c0975,True,True,False,False,20260625
20250324,20250325,SZSE.002693,002693.SZ,双成药业,1,0.9996733246219898,0.9996733246219898,0.9996715192235909,1.0,0.9996267263904441,0.9998133283554228,1.0,0.9996266567108456,322012.671,8.2625,389808.365,,0.90000,2,3,0.97000,1,0.97000,0.06000,0.07000,w84_09_07_amt90_mv20__exec_c097_pos90_dd12,amt90k_mv20w,w84_5d09_3d07,h2_m3_c0975,True,True,False,False,20260625
20250325,20250326,SZSE.002693,002693.SZ,双成药业,1,0.9994738805970148,0.9994738805970148,0.9994851706771124,0.9998134676366349,0.9994404029099049,0.9994402985074626,0.9998134328358209,0.9994402985074626,191869.516,4.9438,391052.4343,,0.90000,2,3,0.97000,1,0.97000,0.06000,0.07000,w84_09_07_amt90_mv20__exec_c097_pos90_dd12,amt90k_mv20w,w84_5d09_3d07,h2_m3_c0975,True,True,False,False,20260625
20250326,20250327,SZSE.002693,002693.SZ,双成药业,1,0.9998302555493377,0.9998302555493377,0.9998358821335324,1.0,0.9998135024244685,0.9998134676366349,1.0,0.9998134676366349,141831.737,3.7059,384832.088,,0.90000,2,3,0.97000,1,0.97000,0.06000,0.07000,w84_09_07_amt90_mv20__exec_c097_pos90_dd12,amt90k_mv20w,w84_5d09_3d07,h2_m3_c0975,True,True,False,False,20260625
20250327,20250328,SZSE.002693,002693.SZ,双成药业,1,0.9996438560507179,0.9996438560507179,0.9996495152870992,0.999813571961223,0.9996271439224459,0.9996270743986575,0.9998135371993288,0.9996270743986575,148651.053,3.9676,379441.1213,,0.90000,2,3,0.97000,1,0.97000,0.06000,0.07000,w84_09_07_amt90_mv20__exec_c097_pos90_dd12,amt90k_mv20w,w84_5d09_3d07,h2_m3_c0975,True,True,False,False,20260625
20250328,20250331,SZSE.002693,002693.SZ,双成药业,1,0.999500279694201,0.999500279694201,0.9994854586129754,0.999813571961223,0.9994407158836689,0.9998135371993288,0.9998135371993288,0.9994406115979863,288842.543,7.4706,385246.7778,,0.90000,2,3,0.97000,1,0.97000,0.06000,0.07000,w84_09_07_amt90_mv20__exec_c097_pos90_dd12,amt90k_mv20w,w84_5d09_3d07,h2_m3_c0975,True,True,False,False,20260625
20250331,20250401,SZSE.002693,002693.SZ,双成药业,1,0.9992337807606264,0.9992337807606264,0.9992096924510717,0.9988816402609506,0.9992544268406337,0.9994407158836689,0.9988814317673378,0.9992542878448919,323241.43,9.1989,355803.8055,,0.90000,2,3,0.97000,1,0.97000,0.06000,0.07000,w84_09_07_amt90_mv20__exec_c097_pos90_dd12,amt90k_mv20w,w84_5d09_3d07,h2_m3_c0975,True,True,False,False,20260625
20250401,20250402,SZSE.002693,002693.SZ,双成药业,1,0.9995172413793103,0.9995172413793103,0.9995080134178159,1.0,0.9994409243384271,0.9998136067101584,1.0,0.9994408201304753,191914.059,5.3566,359950.703,,0.90000,2,3,0.97000,1,0.97000,0.06000,0.07000,w84_09_07_amt90_mv20__exec_c097_pos90_dd12,amt90k_mv20w,w84_5d09_3d07,h2_m3_c0975,True,True,False,False,20260625
20250402,20250403,SZSE.002693,002693.SZ,双成药业,1,0.9995043786100242,0.9995043786100242,0.9995081967213115,1.0,0.999441132637854,0.9996273523383641,1.0,0.9994410285075461,139946.674,3.9326,356218.4953,,0.90000,2,3,0.97000,1,0.97000,0.06000,0.07000,w84_09_07_amt90_mv20__exec_c097_pos90_dd12,amt90k_mv20w,w84_5d09_3d07,h2_m3_c0975,True,True,False,False,20260625
20250403,20250407,SZSE.002693,002693.SZ,双成药业,1,0.9987926215762996,0.9987926215762996,0.9988077496274217,0.9996274217585693,0.9986959761549925,0.9988820570150923,0.9996273523383641,0.9986957331842743,93043.065,2.6405,352486.2875,,0.90000,2,3,0.97000,1,0.97000,0.06000,0.07000,w84_09_07_amt90_mv20__exec_c097_pos90_dd12,amt90k_mv20w,w84_5d09_3d07,h2_m3_c0975,True,True,False,False,20260625
20250407,20250408,SZSE.300541,300541.SZ,先进数通,1,0.9991575023299162,0.9991575023299162,0.9991352963101007,0.9996272828922848,0.9990682072307119,0.9996272134203169,0.9996272134203169,0.9990680335507922,456839.692,11.2567,452406.8056,,0.90000,2,3,0.97000,1,0.97000,0.06000,0.07000,w84_09_07_amt90_mv20__exec_c097_pos90_dd12,amt90k_mv20w,w84_5d09_3d07,h2_m3_c0975,True,True,False,False,20260625
20250408,20250409,SHSE.603100,603100.SH,川仪股份,1,0.999815505031681,0.999815505031681,0.9997540525433203,0.9979504378610025,1.0,1.0,0.9979500559075661,1.0,395283.158,3.611,1122983.307,,0.90000,2,3,0.97000,1,0.97000,0.06000,0.07000,w84_09_07_amt90_mv20__exec_c097_pos90_dd12,amt90k_mv20w,w84_5d09_3d07,h2_m3_c0975,True,True,False,False,20260625
20250409,20250410,SHSE.603100,603100.SH,川仪股份,1,0.99975973179363,0.99975973179363,0.9997243947858474,0.9990689013035382,0.9998137802607077,1.0,0.9990687278822872,0.9998137455764574,356582.983,3.1371,1153778.096,,0.90000,2,3,0.97000,1,0.97000,0.06000,0.07000,w84_09_07_amt90_mv20__exec_c097_pos90_dd12,amt90k_mv20w,w84_5d09_3d07,h2_m3_c0975,True,True,False,False,20260625
20250410,20250411,SZSE.002693,002693.SZ,双成药业,1,0.9993145837213634,0.9993145837213634,0.9992998137802608,0.9996275605214152,0.9992551210428305,0.9996274911529148,0.9996274911529148,0.9992549823058298,148499.212,4.6977,328848.9718,,0.90000,2,3,0.97000,1,0.97000,0.06000,0.07000,w84_09_07_amt90_mv20__exec_c097_pos90_dd12,amt90k_mv20w,w84_5d09_3d07,h2_m3_c0975,True,True,False,False,20260625
20250411,20250414,SZSE.002693,002693.SZ,双成药业,1,0.9984037995902403,0.9984037995902403,0.9984134078212291,0.9990689013035382,0.9983240223463687,0.9985099646116595,0.9990687278822872,0.9983237101881169,429469.445,12.451,347924.7003,,0.90000,2,3,0.97000,1,0.97000,0.06000,0.07000,w84_09_07_amt90_mv20__exec_c097_pos90_dd12,amt90k_mv20w,w84_5d09_3d07,h2_m3_c0975,True,True,False,False,20260625
20250414,20250415,SZSE.300561,300561.SZ,汇金科技,1,0.998289865871833,0.998289865871833,0.9982790091264667,0.9979512013410319,0.9983237101881169,0.9983233979135618,0.9979508196721312,0.9983233979135618,1481741.983,35.5464,795005.6234,,0.90000,2,3,0.97000,1,0.97000,0.06000,0.07000,w84_09_07_amt90_mv20__exec_c097_pos90_dd12,amt90k_mv20w,w84_5d09_3d07,h2_m3_c0975,True,True,False,False,20260625
20250415,20250416,SZSE.300561,300561.SZ,汇金科技,1,0.99852617849823,0.99852617849823,0.9985320417287631,0.9986959761549925,0.9985096870342772,0.9985094093534563,0.9986957331842743,0.9985094093534563,1193969.429,29.5537,721837.545,,0.90000,2,3,0.97000,1,0.97000,0.06000,0.07000,w84_09_07_amt90_mv20__exec_c097_pos90_dd12,amt90k_mv20w,w84_5d09_3d07,h2_m3_c0975,True,True,False,False,20260625
20250416,20250417,SZSE.300561,300561.SZ,汇金科技,1,0.9986799478681809,0.9986799478681809,0.99867460908414,0.9985107967237528,0.9986969471332837,0.9986967045242972,0.9985105194563396,0.9986967045242972,810981.045,21.6785,671637.0248,,0.90000,2,3,0.97000,1,0.97000,0.06000,0.07000,w84_09_07_amt90_mv20__exec_c097_pos90_dd12,amt90k_mv20w,w84_5d09_3d07,h2_m3_c0975,True,True,False,False,20260625
20250417,20250418,SZSE.300561,300561.SZ,汇金科技,1,0.9985272761124557,0.9985272761124557,0.9985331347728965,0.9986969471332837,0.9985107967237528,0.9985105194563396,0.9986967045242972,0.9985105194563396,733578.404,19.9629,646700.8187,,0.90000,2,3,0.97000,1,0.97000,0.06000,0.07000,w84_09_07_amt90_mv20__exec_c097_pos90_dd12,amt90k_mv20w,w84_5d09_3d07,h2_m3_c0975,True,True,False,False,20260625
20250418,20250421,SZSE.300561,300561.SZ,汇金科技,1,0.998899441340782,0.998899441340782,0.9989052318004096,0.9990690746602122,0.9988828895922547,0.9988826815642458,0.9990689013035382,0.9988826815642458,616333.427,17.8635,611593.2654,,0.90000,2,3,0.97000,1,0.97000,0.06000,0.07000,w84_09_07_amt90_mv20__exec_c097_pos90_dd12,amt90k_mv20w,w84_5d09_3d07,h2_m3_c0975,True,True,False,False,20260625
20250421,20250422,SZSE.300561,300561.SZ,汇金科技,1,0.9986967045242972,0.9986967045242972,0.9986969471332837,0.9986969471332837,0.9986969471332837,0.9986967045242972,0.9986967045242972,0.9986967045242972,682032.478,21.6523,568283.0127,,0.90000,2,3,0.97000,1,0.97000,0.06000,0.07000,w84_09_07_amt90_mv20__exec_c097_pos90_dd12,amt90k_mv20w,w84_5d09_3d07,h2_m3_c0975,True,True,False,False,20260625
20250422,20250423,SZSE.300561,300561.SZ,汇金科技,1,0.9988822652757079,0.9988822652757079,0.9988824734587446,0.9988824734587446,0.9988824734587446,0.9988822652757079,0.9988822652757079,0.9988822652757079,757287.459,24.4515,541378.1588,,0.90000,2,3,0.97000,1,0.97000,0.06000,0.07000,w84_09_07_amt90_mv20__exec_c097_pos90_dd12,amt90k_mv20w,w84_5d09_3d07,h2_m3_c0975,False,False,False,False,20260625
20250423,20250424,SZSE.002693,002693.SZ,双成药业,1,0.9962122905027933,0.9962122905027933,0.996201824613666,0.9970210389126792,0.9960901135728915,0.9966480446927374,0.9970204841713222,0.9960893854748604,113445.651,2.8816,396858.0908,,0.90000,2,3,0.97000,1,0.97000,0.06000,0.07000,w84_09_07_amt90_mv20__exec_c097_pos90_dd12,amt90k_mv20w,w84_5d09_3d07,h2_m3_c0975,True,True,False,False,20260625
20250424,20250425,SZSE.300846,300846.SZ,首都在线,1,0.9956879538261031,0.9956879538261031,0.9956887565152643,0.9968354430379747,0.9955323901712584,0.9960901135728915,0.9968348538447217,0.9955315583690189,797259.912,11.2296,895326.7864,,0.90000,2,3,0.97000,1,0.97000,0.06000,0.07000,w84_09_07_amt90_mv20__exec_c097_pos90_dd12,amt90k_mv20w,w84_5d09_3d07,h2_m3_c0975,True,True,False,False,20260625
20250425,20250428,SHSE.601868,601868.SH,中国能建,1,0.999815676782722,0.999815676782722,0.9997542814594192,0.9979523454951601,1.0,1.0,0.9979519642524669,1.0,300031.491,0.4117000102996826,9338820.6545,0.042490001767873764,0.90000,2,3,0.97000,1,0.97000,0.06000,0.07000,w84_09_07_amt90_mv20__exec_c097_pos90_dd12,amt90k_mv20w,w84_5d09_3d07,h2_m3_c0975,True,True,False,False,20260625
20250428,20250429,SZSE.300846,300846.SZ,首都在线,1,0.9918635855385761,0.9918635855385761,0.9918539221166388,0.994969256567915,0.9914291037823738,0.993104733507268,0.9949683190458442,0.9914275065225494,876468.493,12.0622,917847.5831,,0.90000,2,3,0.97000,1,0.97000,0.06000,0.07000,w84_09_07_amt90_mv20__exec_c097_pos90_dd12,amt90k_mv20w,w84_5d09_3d07,h2_m3_c0975,True,True,False,False,20260625
20250429,20250430,SHSE.603322,603322.SH,超讯通信,1,0.9962811154781958,0.9962811154781958,0.9963173652694611,0.9981287425149701,0.9960703592814372,0.9964439453490548,0.9981283922889762,0.99606962380685,797757.072,16.8207,461729.3123,,0.90000,2,3,0.97000,1,0.97000,0.06000,0.07000,w84_09_07_amt90_mv20__exec_c097_pos90_dd12,amt90k_mv20w,w84_5d09_3d07,h2_m3_c0975,True,True,False,False,20260625
20250430,20250506,SHSE.601857,601857.SH,中国石油,1,0.9947139117427075,0.9947139117427075,0.9944139091418956,0.9863525892690223,0.9955131800336512,0.9958863126402393,0.9863500373971578,0.9955123410620793,714431.984,0.0551999993622303,146233761.2766,0.17003999650478363,0.90000,2,3,0.97000,1,0.97000,0.06000,0.07000,w84_09_07_amt90_mv20__exec_c097_pos90_dd12,amt90k_mv20w,w84_5d09_3d07,h2_m3_c0975,True,True,False,False,20260625
20250506,20250507,SHSE.603338,603338.SH,浙江鼎力,1,0.983265078183172,0.983265078183172,0.9834878094174576,0.9906942117997395,0.9825051181835102,0.9828741623231572,0.990692479523455,0.9825018615040954,461339.395,2.0618999004364014,2268944.8458,2.3643999099731445,0.90000,2,3,0.97000,1,0.97000,0.06000,0.07000,w84_09_07_amt90_mv20__exec_c097_pos90_dd12,amt90k_mv20w,w84_5d09_3d07,h2_m3_c0975,True,True,False,False,20260625
20250507,20250508,SHSE.600221,600221.SH,海航控股,1,0.9996669147748418,0.9996669147748418,0.9996353488372094,0.9983255813953489,0.9998139534883721,0.9996278377372534,0.9983252698176405,0.9998139188686267,323273.792,0.7167,5877326.0248,,0.90000,2,3,0.97000,1,0.97000,0.06000,0.07000,w84_09_07_amt90_mv20__exec_c097_pos90_dd12,amt90k_mv20w,w84_5d09_3d07,h2_m3_c0975,True,True,False,False,20260625
20250508,20250509,SHSE.600157,600157.SH,永泰能源,1,0.9980018604651163,0.9980018604651163,0.9979389880952381,0.9964657738095238,0.9981398809523809,0.9983255813953489,0.9964651162790698,0.998139534883721,334856.078,1.0989999771118164,3043833.6879,0.03700000047683716,0.90000,2,3,0.97000,1,0.97000,0.06000,0.07000,w84_09_07_amt90_mv20__exec_c097_pos90_dd12,amt90k_mv20w,w84_5d09_3d07,h2_m3_c0975,True,True,False,False,20260625
20250509,20250512,SHSE.600157,600157.SH,永泰能源,1,0.9996186046511628,0.9996186046511628,0.9995089285714286,0.9959077380952381,1.0,0.9998139534883721,0.995906976744186,1.0,253591.596,0.836899995803833,3021615.9237,0.03550000116229057,0.90000,2,3,0.97000,1,0.97000,0.06000,0.07000,w84_09_07_amt90_mv20__exec_c097_pos90_dd12,amt90k_mv20w,w84_5d09_3d07,h2_m3_c0975,True,True,False,False,20260625
20250512,20250513,SHSE.600221,600221.SH,海航控股,1,0.9961953488372094,0.9961953488372094,0.9954910714285714,0.9706101190476191,0.9988839285714286,0.9968372093023256,0.9706046511627907,0.9988837209302326,250072.819,0.5625,5877326.0248,,0.90000,2,3,0.97000,1,0.97000,0.06000,0.07000,w84_09_07_amt90_mv20__exec_c097_pos90_dd12,amt90k_mv20w,w84_5d09_3d07,h2_m3_c0975,True,True,False,False,20260625
20250513,20250514,SHSE.600157,600157.SH,永泰能源,1,0.9992970057652966,0.9992970057652966,0.9992041651171439,0.9960952026775753,0.9996281145407214,0.9994420680676958,0.9960944764738702,0.9996280453784638,349422.896,1.1433000564575195,3043833.6879,0.029999999329447746,0.90000,2,3,0.97000,1,0.97000,0.06000,0.07000,w84_09_07_amt90_mv20__exec_c097_pos90_dd12,amt90k_mv20w,w84_5d09_3d07,h2_m3_c0975,True,True,False,False,20260625
20250514,20250515,SHSE.601005,601005.SH,重庆钢铁,1,0.9990515157150828,0.9990515157150828,0.9988322796578655,0.9916325771662328,0.9998140572703608,0.9994420680676958,0.9916310210154361,0.9998140226892319,99067.341,0.9125,1159581.0535,,0.90000,2,3,0.97000,1,0.97000,0.06000,0.07000,w84_09_07_amt90_mv20__exec_c097_pos90_dd12,amt90k_mv20w,w84_5d09_3d07,h2_m3_c0975,True,True,False,False,20260625
20250515,20250516,SHSE.600157,600157.SH,永泰能源,1,0.9955729166666667,0.9955729166666667,0.9954547145248279,0.993490794123117,0.995722521852334,0.9964657738095238,0.9934895833333334,0.9957217261904762,426801.136,1.4035999774932861,3021615.9237,0.028999999165534973,0.90000,2,3,0.97000,1,0.97000,0.06000,0.07000,w84_09_07_amt90_mv20__exec_c097_pos90_dd12,amt90k_mv20w,w84_5d09_3d07,h2_m3_c0975,True,True,False,False,20260625
20250516,20250519,SHSE.600157,600157.SH,永泰能源,1,0.998642365631393,0.998642365631393,0.9985347712904425,0.9946076608404611,0.9990702863518036,0.9986981588246234,0.9946066579877255,0.9990701134461596,306596.591,1.0104999542236328,3021615.9237,0.02850000001490116,0.90000,2,3,0.97000,1,0.97000,0.06000,0.07000,w84_09_07_amt90_mv20__exec_c097_pos90_dd12,amt90k_mv20w,w84_5d09_3d07,h2_m3_c0975,True,True,False,False,20260625
20250519,20250520,SHSE.601005,601005.SH,重庆钢铁,1,0.9992612579084481,0.9992612579084481,0.9990846511627907,0.9923720930232558,1.0,0.9992556754745069,0.9923706736136956,1.0,97907.922,0.899,1159581.0535,,0.90000,2,3,0.97000,1,0.97000,0.06000,0.07000,w84_09_07_amt90_mv20__exec_c097_pos90_dd12,amt90k_mv20w,w84_5d09_3d07,h2_m3_c0975,True,True,False,False,20260625
20250520,20250521,SHSE.600221,600221.SH,海航控股,1,0.9965687732342007,0.9965687732342007,0.9960602118565323,0.9780709905222078,0.998513287493031,0.9970260223048327,0.9780669144981413,0.9985130111524163,204505.25,0.4575,5877326.0248,,0.90000,2,3,0.97000,1,0.97000,0.06000,0.07000,w84_09_07_amt90_mv20__exec_c097_pos90_dd12,amt90k_mv20w,w84_5d09_3d07,h2_m3_c0975,True,True,False,False,20260625
20250521,20250522,SHSE.600221,600221.SH,海航控股,1,0.9994568452380951,0.9994568452380951,0.99938255532825,0.9975822949600148,0.9996280453784638,0.9998139880952381,0.9975818452380952,0.9996279761904762,326390.905,0.7255,5920541.6573,,0.90000,2,3,0.97000,1,0.97000,0.06000,0.07000,w84_09_07_amt90_mv20__exec_c097_pos90_dd12,amt90k_mv20w,w84_5d09_3d07,h2_m3_c0975,True,True,False,False,20260625
20250522,20250523,SHSE.603800,603800.SH,洪田股份,1,0.9916731807184068,0.9916731807184068,0.9917454410122813,0.995347971715668,0.9912541868254559,0.991997022147776,0.9953471058998697,0.991252559091755,95347.418,2.1363,439088.0,,0.90000,2,3,0.97000,1,0.97000,0.06000,0.07000,w84_09_07_amt90_mv20__exec_c097_pos90_dd12,amt90k_mv20w,w84_5d09_3d07,h2_m3_c0975,True,True,False,False,20260625
20250523,20250526,SHSE.601005,601005.SH,重庆钢铁,1,0.9995367441860464,0.9995367441860464,0.9994791666666667,0.9970238095238095,0.9998139880952381,0.9994418604651163,0.9970232558139535,0.9998139534883721,106892.638,0.9865,1141877.5259,,0.90000,2,3,0.97000,1,0.97000,0.06000,0.07000,w84_09_07_amt90_mv20__exec_c097_pos90_dd12,amt90k_mv20w,w84_5d09_3d07,h2_m3_c0975,True,True,False,False,20260625
20250526,20250527,SHSE.600221,600221.SH,海航控股,1,0.9994992553983618,0.9994992553983618,0.9994118741857435,0.996463800483901,0.9998138842359948,0.9996276991809382,0.9964631422189129,0.9998138495904692,276752.795,0.6257,5834110.3922,,0.90000,2,3,0.97000,1,0.97000,0.06000,0.07000,w84_09_07_amt90_mv20__exec_c097_pos90_dd12,amt90k_mv20w,w84_5d09_3d07,h2_m3_c0975,True,True,False,False,20260625
20250527,20250528,SHSE.600221,600221.SH,海航控股,1,0.9998659717051377,0.9998659717051377,0.999821328866555,0.9985110738879583,1.0,1.0,0.9985107967237528,1.0,107648.74,0.244,5790894.7597,,0.90000,2,3,0.97000,1,0.97000,0.06000,0.07000,w84_09_07_amt90_mv20__exec_c097_pos90_dd12,amt90k_mv20w,w84_5d09_3d07,h2_m3_c0975,True,True,False,False,20260625
20250528,20250529,SHSE.600221,600221.SH,海航控股,1,0.9993761638733705,0.9993761638733705,0.9992924967417613,0.9968348538447217,0.9996276298640849,0.9996275605214152,0.9968342644320298,0.9996275605214152,242840.724,0.548,5790894.7597,,0.90000,2,3,0.97000,1,0.97000,0.06000,0.07000,w84_09_07_amt90_mv20__exec_c097_pos90_dd12,amt90k_mv20w,w84_5d09_3d07,h2_m3_c0975,True,True,False,False,20260625
20250529,20250530,SHSE.600221,600221.SH,海航控股,1,0.9960673739065699,0.9960673739065699,0.995355414960923,0.9694826944547823,0.9988835132117603,0.996463800483901,0.9694770147031454,0.9988833054159687,300354.014,0.6781,5834110.3922,,0.90000,2,3,0.97000,1,0.97000,0.06000,0.07000,w84_09_07_amt90_mv20__exec_c097_pos90_dd12,amt90k_mv20w,w84_5d09_3d07,h2_m3_c0975,True,True,False,False,20260625
20250530,20250603,SHSE.600221,600221.SH,海航控股,1,0.9968149664929262,0.9968149664929262,0.9962553508282153,0.9756188349153173,0.999069421179974,0.9970215934475056,0.975614296351452,0.9990692479523455,302202.042,0.6811,5834110.3922,,0.90000,2,3,0.97000,1,0.97000,0.06000,0.07000,w84_09_07_amt90_mv20__exec_c097_pos90_dd12,amt90k_mv20w,w84_5d09_3d07,h2_m3_c0975,True,True,False,False,20260625
20250603,20250604,SHSE.600221,600221.SH,海航控股,1,0.9996888971684054,0.9996888971684054,0.9996200409759732,0.9968336747997765,1.0,0.9996274217585693,0.9968330849478391,1.0,150973.304,0.3422,5790894.7597,,0.90000,2,3,0.97000,1,0.97000,0.06000,0.07000,w84_09_07_amt90_mv20__exec_c097_pos90_dd12,amt90k_mv20w,w84_5d09_3d07,h2_m3_c0975,True,True,False,False,20260625
20250604,20250605,SHSE.600221,600221.SH,海航控股,1,0.998382954968366,0.998382954968366,0.9980279069767442,0.9849302325581395,0.9998139534883721,0.9985113509490138,0.9849274283587645,0.9998139188686267,193965.828,0.44,5790894.7597,,0.90000,2,3,0.97000,1,0.97000,0.06000,0.07000,w84_09_07_amt90_mv20__exec_c097_pos90_dd12,amt90k_mv20w,w84_5d09_3d07,h2_m3_c0975,True,True,False,False,20260625
20250605,20250606,SHSE.600221,600221.SH,海航控股,1,0.9960267857142856,0.9960267857142856,0.9952017853821834,0.9641063790217593,0.9994420680676958,0.99609375,0.9640997023809523,0.9994419642857143,158180.237,0.3594,5790894.7597,,0.90000,2,3,0.97000,1,0.97000,0.06000,0.07000,w84_09_07_amt90_mv20__exec_c097_pos90_dd12,amt90k_mv20w,w84_5d09_3d07,h2_m3_c0975,True,True,False,False,20260625
20250606,20250609,SHSE.600221,600221.SH,海航控股,1,0.9982874674600224,0.9982874674600224,0.9979178285926752,0.9840118981223276,0.9998140918386317,0.9983265154332466,0.9840089252510227,0.9998140572703608,468050.642,1.0538,5834110.3922,,0.90000,2,3,0.97000,1,0.97000,0.06000,0.07000,w84_09_07_amt90_mv20__exec_c097_pos90_dd12,amt90k_mv20w,w84_5d09_3d07,h2_m3_c0975,True,True,False,False,20260625
20250609,20250610,SZSE.002633,002633.SZ,申科股份,1,0.9797673985857833,0.9797673985857833,0.9799144186046512,0.9867906976744186,0.9789767441860465,0.9802754000744325,0.9867882396724972,0.9789728321548195,104349.303,5.0299,207900.0,,0.90000,2,3,0.97000,1,0.97000,0.06000,0.07000,w84_09_07_amt90_mv20__exec_c097_pos90_dd12,amt90k_mv20w,w84_5d09_3d07,h2_m3_c0975,True,True,False,False,20260625
20250610,20250611,SHSE.603995,603995.SH,甬金股份,1,0.9941449814126395,0.9941449814126395,0.99329492659357,0.9570711763612711,0.9982345288979744,0.9938661710037174,0.9570631970260223,0.9981412639405205,116786.343,1.6339,714781.6182,,0.90000,2,3,0.97000,1,0.97000,0.06000,0.07000,w84_09_07_amt90_mv20__exec_c097_pos90_dd12,amt90k_mv20w,w84_5d09_3d07,h2_m3_c0975,True,True,False,False,20260625
20250611,20250612,SHSE.603787,603787.SH,新日股份,1,0.9944101801969162,0.9944101801969162,0.9934769687964339,0.9565378900445766,0.9985141158989599,0.9938695894482631,0.9565298160876834,0.9985138398662455,131589.785,4.0696,323352.025,,0.90000,2,3,0.97000,1,0.97000,0.06000,0.07000,w84_09_07_amt90_mv20__exec_c097_pos90_dd12,amt90k_mv20w,w84_5d09_3d07,h2_m3_c0975,True,True,False,False,20260625
20250612,20250613,SHSE.600809,600809.SH,山西汾酒,1,0.9972301690507153,0.9972301690507153,0.996961367013373,0.9882986627043091,0.9981426448736999,0.9977707597993684,0.988296488946684,0.998142299832807,1463856.378,0.6879000067710876,21209077.9995,3.8239998817443848,0.90000,2,3,0.97000,1,0.97000,0.06000,0.07000,w84_09_07_amt90_mv20__exec_c097_pos90_dd12,amt90k_mv20w,w84_5d09_3d07,h2_m3_c0975,True,True,False,False,20260625
20250613,20250616,SZSE.002015,002015.SZ,协鑫能科,1,0.9959866220735785,0.9959866220735785,0.9954969347947241,0.9788222180939996,0.9977707597993684,0.9966555183946488,0.9788182831661093,0.9977703455964325,195300.996,1.2352,1581118.174,,0.90000,2,3,0.97000,1,0.97000,0.06000,0.07000,w84_09_07_amt90_mv20__exec_c097_pos90_dd12,amt90k_mv20w,w84_5d09_3d07,h2_m3_c0975,True,True,False,False,20260625
20250616,20250617,SHSE.600221,600221.SH,海航控股,1,0.9960976968796433,0.9960976968796433,0.9952163416898793,0.9628597957288765,0.9996285979572888,0.9964710252600297,0.962852897473997,0.99962852897474,148309.555,0.3406,5704463.4946,,0.90000,2,3,0.97000,1,0.97000,0.06000,0.07000,w84_09_07_amt90_mv20__exec_c097_pos90_dd12,amt90k_mv20w,w84_5d09_3d07,h2_m3_c0975,True,True,False,False,20260625
20250617,20250618,SHSE.600221,600221.SH,海航控股,1,0.9976470588235294,0.9976470588235294,0.9970983302411874,0.9771799628942486,0.9998144712430427,0.9979588049730933,0.9771757283354983,0.9998144368157358,141724.898,0.3253,5747679.1272,,0.90000,2,3,0.97000,1,0.97000,0.06000,0.07000,w84_09_07_amt90_mv20__exec_c097_pos90_dd12,amt90k_mv20w,w84_5d09_3d07,h2_m3_c0975,True,True,False,False,20260625
20250618,20250619,SHSE.600576,600576.SH,祥源文旅,1,0.9975134533308592,0.9975134533308592,0.9974471243042671,0.997773654916512,0.9974025974025974,0.9985154945258861,0.9977732417888291,0.9974021154203007,204410.057,3.7667,870002.463,,0.90000,2,3,0.97000,1,0.97000,0.06000,0.07000,w84_09_07_amt90_mv20__exec_c097_pos90_dd12,amt90k_mv20w,w84_5d09_3d07,h2_m3_c0975,True,True,False,False,20260625
20250619,20250620,SHSE.600576,600576.SH,祥源文旅,1,0.9978711952487009,0.9978711952487009,0.9978177769530525,0.9981443681573576,0.9977732417888291,0.9987008166295471,0.9981440237564959,0.9977728285077951,235176.805,4.2306,877384.3021,,0.90000,2,3,0.97000,1,0.97000,0.06000,0.07000,w84_09_07_amt90_mv20__exec_c097_pos90_dd12,amt90k_mv20w,w84_5d09_3d07,h2_m3_c0975,True,True,False,False,20260625
20250620,20250623,SHSE.600576,600576.SH,祥源文旅,1,0.9985136388940434,0.9985136388940434,0.9984267161410018,0.997773654916512,0.9985157699443413,0.9994433104472072,0.9977732417888291,0.9985154945258861,272057.199,5.1607,826765.977,,0.90000,2,3,0.97000,1,0.97000,0.06000,0.07000,w84_09_07_amt90_mv20__exec_c097_pos90_dd12,amt90k_mv20w,w84_5d09_3d07,h2_m3_c0975,True,True,False,False,20260625
20250623,20250624,SHSE.600157,600157.SH,永泰能源,1,0.9963075780089152,0.9963075780089152,0.9954688950789229,0.963602599814299,0.9998142989786444,0.9962852897473997,0.9635958395245171,0.99981426448737,463962.022,1.5576000213623047,2977180.3954,0.019999999552965164,0.90000,2,3,0.97000,1,0.97000,0.06000,0.07000,w84_09_07_amt90_mv20__exec_c097_pos90_dd12,amt90k_mv20w,w84_5d09_3d07,h2_m3_c0975,True,True,False,False,20260625
20250624,20250625,SZSE.002217,002217.SZ,合力泰,1,0.9978670874327084,0.9978670874327084,0.9978025241276912,0.9966592427616926,0.9979584261321455,0.9983293113049935,0.996658622609987,0.9979580471505476,140527.443,1.0527,1757658.7481,,0.90000,2,3,0.97000,1,0.97000,0.06000,0.07000,w84_09_07_amt90_mv20__exec_c097_pos90_dd12,amt90k_mv20w,w84_5d09_3d07,h2_m3_c0975,True,True,False,False,20260625
20250625,20250626,SHSE.600221,600221.SH,海航控股,1,0.9967328754408762,0.9967328754408762,0.9961172976985895,0.9730883444691908,0.9992576095025983,0.9968442546872099,0.9730833488026731,0.9992574716911082,204265.697,0.4703,5747679.1272,,0.90000,2,3,0.97000,1,0.97000,0.06000,0.07000,w84_09_07_amt90_mv20__exec_c097_pos90_dd12,amt90k_mv20w,w84_5d09_3d07,h2_m3_c0975,True,True,False,False,20260625
20250626,20250627,SHSE.600157,600157.SH,永泰能源,1,0.9980649350649351,0.9980649350649351,0.9977814876646262,0.988313856427379,0.9990725282878872,0.9985157699443413,0.9883116883116884,0.9990723562152134,258773.202,0.8672000169754028,2977180.3954,0.019999999552965164,0.90000,2,3,0.97000,1,0.97000,0.06000,0.07000,w84_09_07_amt90_mv20__exec_c097_pos90_dd12,amt90k_mv20w,w84_5d09_3d07,h2_m3_c0975,True,True,False,False,20260625
20250627,20250630,SHSE.600221,600221.SH,海航控股,1,0.9981399665862261,0.9981399665862261,0.9978544914625093,0.9875649591685226,0.9992576095025983,0.9983293113049935,0.9875626508260628,0.9992574716911082,330631.769,0.7541,5747679.1272,,0.90000,2,3,0.97000,1,0.97000,0.06000,0.07000,w84_09_07_amt90_mv20__exec_c097_pos90_dd12,amt90k_mv20w,w84_5d09_3d07,h2_m3_c0975,True,True,False,False,20260625
20250630,20250701,SHSE.600221,600221.SH,海航控股,1,0.9983825441039925,0.9983825441039925,0.9980096546602303,0.9847753434831044,0.999814333457111,0.9987000928505106,0.9847725162488393,0.9998142989786444,191067.208,0.4343,5790894.7597,,0.90000,2,3,0.97000,1,0.97000,0.06000,0.07000,w84_09_07_amt90_mv20__exec_c097_pos90_dd12,amt90k_mv20w,w84_5d09_3d07,h2_m3_c0975,True,True,False,False,20260625
20250701,20250702,SHSE.600157,600157.SH,永泰能源,1,0.9991088005941329,0.9991088005941329,0.9988639316873956,0.9905327640616298,1.0,0.999443000371333,0.9905310063126624,1.0,217815.612,0.7354999780654907,2954962.6313,0.01899999938905239,0.90000,2,3,0.97000,1,0.97000,0.06000,0.07000,w84_09_07_amt90_mv20__exec_c097_pos90_dd12,amt90k_mv20w,w84_5d09_3d07,h2_m3_c0975,True,True,False,False,20260625
20250702,20250703,SHSE.600022,600022.SH,山东钢铁,1,0.9995710306406684,0.9995710306406684,0.9995172669884886,0.9987003341997772,0.999628666914222,1.0,0.9987000928505106,0.9996285979572888,311617.305,2.1467,1476441.2385,,0.90000,2,3,0.97000,1,0.97000,0.06000,0.07000,w84_09_07_amt90_mv20__exec_c097_pos90_dd12,amt90k_mv20w,w84_5d09_3d07,h2_m3_c0975,True,True,False,False,20260625
20250703,20250704,SHSE.600221,600221.SH,海航控股,1,0.9986239554317549,0.9986239554317549,0.9983587077608616,0.9890456739695507,0.999628666914222,0.9988857938718663,0.9890436397400185,0.9996285979572888,122847.2,0.278,5790894.7597,,0.90000,2,3,0.97000,1,0.97000,0.06000,0.07000,w84_09_07_amt90_mv20__exec_c097_pos90_dd12,amt90k_mv20w,w84_5d09_3d07,h2_m3_c0975,True,True,False,False,20260625
20250704,20250707,SHSE.600221,600221.SH,海航控股,1,0.9983794319658437,0.9983794319658437,0.9979881217520415,0.9845953971789161,0.9998144023756496,0.9988862075366624,0.9845925375904956,0.999814367922777,363121.959,0.8144,5834110.3922,,0.90000,2,3,0.97000,1,0.97000,0.06000,0.07000,w84_09_07_amt90_mv20__exec_c097_pos90_dd12,amt90k_mv20w,w84_5d09_3d07,h2_m3_c0975,True,True,False,False,20260625
20250707,20250708,SHSE.600221,600221.SH,海航控股,1,0.9986334942443371,0.9986334942443371,0.9983441618711713,0.9875626508260628,0.999814367922777,0.9987003341997772,0.9875603416264389,0.999814333457111,211794.961,0.4755,5834110.3922,,0.90000,2,3,0.97000,1,0.97000,0.06000,0.07000,w84_09_07_amt90_mv20__exec_c097_pos90_dd12,amt90k_mv20w,w84_5d09_3d07,h2_m3_c0975,True,True,False,False,20260625
20250708,20250709,SHSE.605500,605500.SH,森林包装,1,0.9938514391829156,0.9938514391829156,0.9928852580764946,0.9584106943928704,0.9975863349424434,0.9946146703806871,0.9584029712163417,0.997585886722377,103967.319,2.287,454596.8,,0.90000,2,3,0.97000,1,0.97000,0.06000,0.07000,w84_09_07_amt90_mv20__exec_c097_pos90_dd12,amt90k_mv20w,w84_5d09_3d07,h2_m3_c0975,True,True,False,False,20260625
20250709,20250710,SHSE.600221,600221.SH,海航控股,1,0.9996974758723087,0.9996974758723087,0.9996585637409537,0.9985154945258861,0.9998144368157358,0.9998144023756496,0.9985152190051967,0.9998144023756496,812421.321,1.7781,6006972.9224,,0.90000,2,3,0.97000,1,0.97000,0.06000,0.07000,w84_09_07_amt90_mv20__exec_c097_pos90_dd12,amt90k_mv20w,w84_5d09_3d07,h2_m3_c0975,True,True,False,False,20260625
20250710,20250711,SHSE.688500,688500.SH,慧辰股份,1,0.9976447661469933,0.9976447661469933,0.9974095379476713,0.9920207830766375,0.9981443681573576,0.9988864142538976,0.9920193021529324,0.9981440237564959,146379.777,3.9597,357111.8441,,0.90000,2,3,0.97000,1,0.97000,0.06000,0.07000,w84_09_07_amt90_mv20__exec_c097_pos90_dd12,amt90k_mv20w,w84_5d09_3d07,h2_m3_c0975,True,True,False,False,20260625
20250711,20250714,SZSE.002209,002209.SZ,达意隆,1,0.9996977002967359,0.9996977002967359,0.9996588169849805,0.9985165955868719,0.999814574448359,0.9998145400593472,0.9985163204747775,0.9998145400593472,132260.711,6.1136,277247.4667,,0.90000,2,3,0.97000,1,0.97000,0.06000,0.07000,w84_09_07_amt90_mv20__exec_c097_pos90_dd12,amt90k_mv20w,w84_5d09_3d07,h2_m3_c0975,True,True,False,False,20260625
20250714,20250715,SHSE.601908,601908.SH,京运通,1,0.9942615955473098,0.9942615955473098,0.9933147838990911,0.9578927842700797,0.9981450565757745,0.9944341372912802,0.9578849721706865,0.9981447124304267,92973.109,0.8298,1120375.7275,,0.90000,2,3,0.97000,1,0.97000,0.06000,0.07000,w84_09_07_amt90_mv20__exec_c097_pos90_dd12,amt90k_mv20w,w84_5d09_3d07,h2_m3_c0975,True,True,False,False,20260625
20250715,20250716,SZSE.002355,002355.SZ,兴民智通,1,0.9980875533296234,0.9980875533296234,0.9980341246290801,0.9972181008902077,0.9981454005934718,0.9985160452606195,0.9972175848636616,0.9981450565757745,104847.57,2.4581,428193.576,,0.90000,2,3,0.97000,1,0.97000,0.06000,0.07000,w84_09_07_amt90_mv20__exec_c097_pos90_dd12,amt90k_mv20w,w84_5d09_3d07,h2_m3_c0975,True,True,False,False,20260625
20250716,20250717,SHSE.600826,600826.SH,兰生股份,1,0.9945186421814134,0.9945186421814134,0.9936053412462909,0.9603115727002968,0.9981454005934718,0.994991652754591,0.960304210721573,0.9981450565757745,109603.293,1.2449,880433.6582,,0.90000,2,3,0.97000,1,0.97000,0.06000,0.07000,w84_09_07_amt90_mv20__exec_c097_pos90_dd12,amt90k_mv20w,w84_5d09_3d07,h2_m3_c0975,True,True,False,False,20260625
20250717,20250718,SHSE.603386,603386.SH,骏亚科技,1,0.9971958456973293,0.9971958456973293,0.9970851103282034,0.9961060634155386,0.9972186167253848,0.9983308605341247,0.9961053412462908,0.9972181008902077,111007.744,2.5266,441188.1011,,0.90000,2,3,0.97000,1,0.97000,0.06000,0.07000,w84_09_07_amt90_mv20__exec_c097_pos90_dd12,amt90k_mv20w,w84_5d09_3d07,h2_m3_c0975,True,True,False,False,20260625
20250718,20250721,SHSE.603316,603316.SH,诚邦股份,1,0.994169912817659,0.994169912817659,0.9933605341246291,0.9623516320474778,0.9975890207715133,0.9940641810424782,0.9623446484882211,0.9975885735485067,128055.153,5.5339,230966.736,,0.90000,2,3,0.97000,1,0.97000,0.06000,0.07000,w84_09_07_amt90_mv20__exec_c097_pos90_dd12,amt90k_mv20w,w84_5d09_3d07,h2_m3_c0975,True,True,False,False,20260625
20250721,20250722,SHSE.603400,603400.SH,华之杰,1,0.9964150593471809,0.9964150593471809,0.9955349527164843,0.965510847394771,0.999629148896718,0.9975890207715133,0.9655044510385756,0.9996290801186943,107264.47,10.4493,525300.0,,0.90000,2,3,0.97000,1,0.97000,0.06000,0.07000,w84_09_07_amt90_mv20__exec_c097_pos90_dd12,amt90k_mv20w,w84_5d09_3d07,h2_m3_c0975,True,True,False,False,20260625
20250722,20250723,SZSE.300059,300059.SZ,东方财富,1,0.9981076066790353,0.9981076066790353,0.9975292153589316,0.9794101279910963,1.0,0.999443413729128,0.9794063079777365,1.0,10742489.97,3.4172000885009766,37202704.687,0.6870700120925903,0.90000,2,3,0.97000,1,0.97000,0.06000,0.07000,w84_09_07_amt90_mv20__exec_c097_pos90_dd12,amt90k_mv20w,w84_5d09_3d07,h2_m3_c0975,True,True,False,False,20260625
20250723,20250724,SHSE.601107,601107.SH,四川成渝,1,0.9971709306637003,0.9971709306637003,0.996404077849861,0.9727525486561631,0.9996292863762744,0.9990730441230997,0.9727474972191323,0.9996292176492398,389248.814,2.9675,1788965.1,,0.90000,2,3,0.97000,1,0.97000,0.06000,0.07000,w84_09_07_amt90_mv20__exec_c097_pos90_dd12,amt90k_mv20w,w84_5d09_3d07,h2_m3_c0975,True,True,False,False,20260625
20250724,20250725,SHSE.601107,601107.SH,四川成渝,1,0.9969349156313738,0.9969349156313738,0.9961586948461253,0.9707081942899518,0.9996292176492398,0.9983311700352309,0.9707027628407194,0.999629148896718,189636.724,1.5143,1764500.62,,0.90000,2,3,0.97000,1,0.97000,0.06000,0.07000,w84_09_07_amt90_mv20__exec_c097_pos90_dd12,amt90k_mv20w,w84_5d09_3d07,h2_m3_c0975,True,True,False,False,20260625
20250725,20250728,SHSE.601886,601886.SH,江河集团,1,0.9982335495829471,0.9982335495829471,0.9979985174203113,0.991475166790215,0.9988880652335063,0.9990732159406858,0.9914735866543095,0.9988878591288229,221788.283,2.5525,861081.5656,,0.90000,2,3,0.97000,1,0.97000,0.06000,0.07000,w84_09_07_amt90_mv20__exec_c097_pos90_dd12,amt90k_mv20w,w84_5d09_3d07,h2_m3_c0975,True,True,False,False,20260625
20250728,20250729,SZSE.301015,301015.SZ,百洋医药,1,0.997290585618977,0.997290585618977,0.9966425792106726,0.9760978321289605,0.9994441356309061,0.998702742772424,0.9760934025203855,0.9994440326167532,136522.974,1.2112,1124300.0592,,0.90000,2,3,0.97000,1,0.97000,0.06000,0.07000,w84_09_07_amt90_mv20__exec_c097_pos90_dd12,amt90k_mv20w,w84_5d09_3d07,h2_m3_c0975,True,True,False,False,20260625
20250729,20250730,SZSE.300659,300659.SZ,中孚信息,1,0.9954888888888889,0.9954888888888889,0.9954452879096464,0.998703943714127,0.99500092575449,0.9972222222222222,0.9987037037037036,0.995,118940.783,4.6487,353352.4569,,0.90000,2,3,0.97000,1,0.97000,0.06000,0.07000,w84_09_07_amt90_mv20__exec_c097_pos90_dd12,amt90k_mv20w,w84_5d09_3d07,h2_m3_c0975,True,True,False,False,20260625
20250730,20250731,SZSE.300433,300433.SZ,蓝思科技,1,0.9988518518518518,0.9988518518518518,0.9985669320496204,0.9880577670801703,1.0,0.9990740740740741,0.9879629629629629,1.0,1345655.426,1.18340003490448,11948175.9959,0.8067899942398071,0.90000,2,3,0.97000,1,0.97000,0.06000,0.07000,w84_09_07_amt90_mv20__exec_c097_pos90_dd12,amt90k_mv20w,w84_5d09_3d07,h2_m3_c0975,True,True,False,False,20260625
20250731,20250801,SHSE.603316,603316.SH,诚邦股份,1,0.997436990363232,0.997436990363232,0.997361497128034,0.997035390031499,0.9974059662775616,0.9983320978502594,0.9970348406226834,0.997405485544848,91320.155,4.0849,221188.968,,0.90000,2,3,0.97000,1,0.97000,0.06000,0.07000,w84_09_07_amt90_mv20__exec_c097_pos90_dd12,amt90k_mv20w,w84_5d09_3d07,h2_m3_c0975,True,True,False,False,20260625
20250801,20250804,SZSE.002811,002811.SZ,郑中设计,1,0.999106911246989,0.999106911246989,0.9991181919229344,0.9994442386068915,0.9990737310114858,0.9990735593848434,0.9994441356309061,0.9990735593848434,155785.89,4.7192,359093.0258,,0.90000,2,3,0.97000,1,0.97000,0.06000,0.07000,w84_09_07_amt90_mv20__exec_c097_pos90_dd12,amt90k_mv20w,w84_5d09_3d07,h2_m3_c0975,True,True,False,False,20260625
20250804,20250805,SZSE.300274,300274.SZ,阳光电源,1,0.9984427141268075,0.9984427141268075,0.9981167747914735,0.9870250231696015,0.9996292863762744,0.9988876529477196,0.9870226177233964,0.9996292176492398,2497398.311,2.1447999477386475,15296153.8863,2.7210800647735596,0.90000,2,3,0.97000,1,0.97000,0.06000,0.07000,w84_09_07_amt90_mv20__exec_c097_pos90_dd12,amt90k_mv20w,w84_5d09_3d07,h2_m3_c0975,True,True,False,False,20260625
20250805,20250806,SHSE.600252,600252.SH,中恒集团,1,0.9988303985171455,0.9988303985171455,0.9986434395848778,0.992772424017791,0.9994440326167532,0.9992585727525487,0.9927710843373494,0.9994439295644115,145162.605,1.4604,997317.0157,,0.90000,2,3,0.97000,1,0.97000,0.06000,0.07000,w84_09_07_amt90_mv20__exec_c097_pos90_dd12,amt90k_mv20w,w84_5d09_3d07,h2_m3_c0975,True,True,False,False,20260625
20250806,20250807,SZSE.002266,002266.SZ,浙富控股,1,0.99822493978136,0.99822493978136,0.9978806965542794,0.9877732493516117,0.9992589848091886,0.9992588475078747,0.9877709838799333,0.9992588475078747,408344.155,2.3052000999450684,1894595.5189,0.19050000607967377,0.90000,2,3,0.97000,1,0.97000,0.06000,0.07000,w84_09_07_amt90_mv20__exec_c097_pos90_dd12,amt90k_mv20w,w84_5d09_3d07,h2_m3_c0975,True,True,False,False,20260625
20250807,20250808,SHSE.600930,600930.SH,华电新能,1,0.9956994626644432,0.9956994626644432,0.9951018895887366,0.9646165246387551,0.9992589848091886,0.9929590513248101,0.9646099685010191,0.9992588475078747,1052743.251,6.567399978637695,26138186.4085,,0.90000,2,3,0.97000,1,0.97000,0.06000,0.07000,w84_09_07_amt90_mv20__exec_c097_pos90_dd12,amt90k_mv20w,w84_5d09_3d07,h2_m3_c0975,True,True,False,False,20260625
20250808,20250811,SHSE.603406,603406.SH,天富龙,1,0.9956769772180033,0.9956769772180033,0.995037037037037,0.9640740740740741,0.9992592592592593,0.9933320985367661,0.9640674198925727,0.9992591220596406,1970531.035,81.5408,2272056.8,,0.90000,2,3,0.97000,1,0.97000,0.06000,0.07000,w84_09_07_amt90_mv20__exec_c097_pos90_dd12,amt90k_mv20w,w84_5d09_3d07,h2_m3_c0975,True,True,False,False,20260625
20250811,20250812,SZSE.002176,002176.SZ,江特电机,1,0.9995148148148147,0.9995148148148147,0.9994149231623773,0.9964821329383448,0.9998148491020181,0.9998148148148148,0.9964814814814815,0.9998148148148148,340793.995,2.3014,1481090.6043,,0.90000,2,3,0.97000,1,0.97000,0.06000,0.07000,w84_09_07_amt90_mv20__exec_c097_pos90_dd12,amt90k_mv20w,w84_5d09_3d07,h2_m3_c0975,True,True,False,False,20260625
20250812,20250813,SZSE.301632,301632.SZ,广东建科,1,0.9954932444937997,0.9954932444937997,0.9946336047372317,0.9579940784603997,0.9996299037749815,0.9940773644271701,0.9579863039052379,0.9996298352766981,1948170.151,84.5926,1423522.56,,0.90000,2,3,0.97000,1,0.97000,0.06000,0.07000,w84_09_07_amt90_mv20__exec_c097_pos90_dd12,amt90k_mv20w,w84_5d09_3d07,h2_m3_c0975,True,True,False,False,20260625
20250813,20250814,SZSE.000778,000778.SZ,新兴铸管,1,0.9943962962962962,0.9943962962962962,0.9968894649139048,0.9985187928161452,0.9966672838363266,0.9968518518518519,0.9972222222222222,0.9938888888888889,107920.064,0.7335,1494119.7214,,0.90000,2,3,0.97000,1,0.97000,0.06000,0.07000,w84_09_07_amt90_mv20__exec_c097_pos90_dd12,amt90k_mv20w,w84_5d09_3d07,h2_m3_c0975,True,True,False,False,20260625
20250814,20250815,SZSE.000552,000552.SZ,甘肃能化,1,0.9943150684931507,0.9943150684931507,0.9967388487877106,0.998611882287618,0.9964834351286322,0.9974083672713809,0.9975934838948538,0.9937060348019252,99299.332,1.0533,1343303.7079,,0.90000,2,3,0.97000,1,0.97000,0.06000,0.07000,w84_09_07_amt90_mv20__exec_c097_pos90_dd12,amt90k_mv20w,w84_5d09_3d07,h2_m3_c0975,True,True,False,False,20260625
20250815,20250818,SZSE.000751,000751.SZ,锌业股份,1,0.9941288650249953,0.9941288650249953,0.9967493520918178,0.9987041836356905,0.996482784154017,0.9972227365302722,0.997407887428254,0.993519718570635,104943.361,2.1905,550930.0329,,0.90000,2,3,0.97000,1,0.97000,0.06000,0.07000,w84_09_07_amt90_mv20__exec_c097_pos90_dd12,amt90k_mv20w,w84_5d09_3d07,h2_m3_c0975,True,True,False,False,20260625
20250818,20250819,SHSE.601985,601985.SH,中国核电,1,1.0,1.0,1.0,1.0,1.0,1.0,1.0,1.0,1131027.805,0.6601999998092651,18634609.879,0.08431000262498856,0.90000,2,3,0.97000,1,0.97000,0.06000,0.07000,w84_09_07_amt90_mv20__exec_c097_pos90_dd12,amt90k_mv20w,w84_5d09_3d07,h2_m3_c0975,True,True,False,False,20260625
20250819,20250820,SHSE.601816,601816.SH,京沪高铁,1,1.0,1.0,1.0,1.0,1.0,1.0,1.0,1.0,1575743.012,0.6061000227928162,25783833.028,0.06747999787330627,0.90000,2,3,0.97000,1,0.97000,0.06000,0.07000,w84_09_07_amt90_mv20__exec_c097_pos90_dd12,amt90k_mv20w,w84_5d09_3d07,h2_m3_c0975,True,True,False,False,20260625
20250820,20250821,SHSE.601816,601816.SH,京沪高铁,1,0.9999833333333332,0.9999833333333332,0.9999777818922422,0.9998148491020181,1.0,1.0,0.9998148148148148,1.0,1592834.135,0.6230000257492065,25734907.3486,0.06747999787330627,0.90000,2,3,0.97000,1,0.97000,0.06000,0.07000,w84_09_07_amt90_mv20__exec_c097_pos90_dd12,amt90k_mv20w,w84_5d09_3d07,h2_m3_c0975,True,True,False,False,20260625
20250821,20250822,SHSE.688696,688696.SH,极米科技,1,0.9998315750508975,0.9998315750508975,0.9998371576609918,1.0,0.9998149518874907,0.9998149176383491,1.0,0.9998149176383491,437556.653,5.2517,842660.0,,0.90000,2,3,0.97000,1,0.97000,0.06000,0.07000,w84_09_07_amt90_mv20__exec_c097_pos90_dd12,amt90k_mv20w,w84_5d09_3d07,h2_m3_c0975,True,True,False,False,20260625
20250822,20250825,SHSE.601816,601816.SH,京沪高铁,1,0.9996595114729829,0.9996595114729829,0.9996521739130435,0.9998149861239592,0.9996299722479186,0.9998149518874907,0.9998149518874907,0.9996299037749815,880167.899,0.337799996137619,26175238.463,0.06599000096321106,0.90000,2,3,0.97000,1,0.97000,0.06000,0.07000,w84_09_07_amt90_mv20__exec_c097_pos90_dd12,amt90k_mv20w,w84_5d09_3d07,h2_m3_c0975,True,True,False,False,20260625
20250825,20250826,SHSE.688315,688315.SH,诺禾致源,1,0.9999167283493708,0.9999167283493708,0.9998889916743756,0.9990749306197965,1.0,1.0,0.9990747594374537,1.0,125498.428,1.8229,686730.0,,0.90000,2,3,0.97000,1,0.97000,0.06000,0.07000,w84_09_07_amt90_mv20__exec_c097_pos90_dd12,amt90k_mv20w,w84_5d09_3d07,h2_m3_c0975,True,True,False,False,20260625
20250826,20250827,SHSE.601816,601816.SH,京沪高铁,1,0.9998445883441258,0.9998445883441258,0.9998372179060303,1.0,0.9998150203477617,1.0,1.0,0.9998149861239592,741167.321,0.2809999883174896,26468792.5392,0.06499999761581421,0.90000,2,3,0.97000,1,0.97000,0.06000,0.07000,w84_09_07_amt90_mv20__exec_c097_pos90_dd12,amt90k_mv20w,w84_5d09_3d07,h2_m3_c0975,True,True,False,False,20260625
20250827,20250828,SHSE.601816,601816.SH,京沪高铁,1,0.9995042545320015,0.9995042545320015,0.999489550582578,0.9998150545589051,0.9994451636767153,0.9998150203477617,0.9998150203477617,0.9994450610432852,872094.919,0.3337000012397766,25881684.3867,0.06797999888658524,0.90000,2,3,0.97000,1,0.97000,0.06000,0.07000,w84_09_07_amt90_mv20__exec_c097_pos90_dd12,amt90k_mv20w,w84_5d09_3d07,h2_m3_c0975,True,True,False,False,20260625
20250828,20250829,SZSE.300126,300126.SZ,锐奇股份,1,0.9993915294987978,0.9993915294987978,0.9993565088757397,0.9987056213017751,0.9994452662721893,0.9996301091178103,0.9987053819123358,0.9994451636767153,131469.682,8.8305,216721.7688,,0.90000,2,3,0.97000,1,0.97000,0.06000,0.07000,w84_09_07_amt90_mv20__exec_c097_pos90_dd12,amt90k_mv20w,w84_5d09_3d07,h2_m3_c0975,True,True,False,False,20260625
20250829,20250901,SZSE.001965,001965.SZ,招商公路,1,0.9996262028127312,0.9996262028127312,0.9996077705827937,0.9994449583718779,0.9996299722479186,0.9998149518874907,0.9994448556624722,0.9996299037749815,427105.584,0.5965999960899353,7099971.2272,0.17149999737739563,0.90000,2,3,0.97000,1,0.97000,0.06000,0.07000,w84_09_07_amt90_mv20__exec_c097_pos90_dd12,amt90k_mv20w,w84_5d09_3d07,h2_m3_c0975,True,True,False,False,20260625
20250901,20250902,SHSE.601006,601006.SH,大秦铁路,1,0.9994615099925981,0.9994615099925981,0.9994671600370028,0.9996299722479186,0.9994449583718779,0.9994448556624722,0.9996299037749815,0.9994448556624722,1340500.503,1.0715999603271484,12430808.6508,0.055240001529455185,0.90000,2,3,0.97000,1,0.97000,0.06000,0.07000,w84_09_07_amt90_mv20__exec_c097_pos90_dd12,amt90k_mv20w,w84_5d09_3d07,h2_m3_c0975,True,True,False,False,20260625
20250902,20250903,SHSE.600519,600519.SH,贵州茅台,1,0.9994412580943571,0.9994412580943571,0.9994228634850166,0.9992600813910469,0.9994450610432852,0.9996299722479186,0.9992599444958372,0.9994449583718779,8470012.816,0.4526999890804291,186751057.163,20.508329391479492,0.90000,2,3,0.97000,1,0.97000,0.06000,0.07000,w84_09_07_amt90_mv20__exec_c097_pos90_dd12,amt90k_mv20w,w84_5d09_3d07,h2_m3_c0975,True,True,False,False,20260625
20250903,20250904,SHSE.688081,688081.SH,兴图新科,1,0.9998150545589051,0.9998150545589051,0.9998150887573964,0.9998150887573964,0.9998150887573964,0.9998150545589051,0.9998150545589051,0.9998150545589051,116405.569,4.7716,233385.6,,0.90000,2,3,0.97000,1,0.97000,0.06000,0.07000,w84_09_07_amt90_mv20__exec_c097_pos90_dd12,amt90k_mv20w,w84_5d09_3d07,h2_m3_c0975,True,True,False,False,20260625
20250904,20250905,SHSE.601606,601606.SH,长城军工,1,1.0,1.0,1.0,1.0,1.0,1.0,1.0,1.0,1187132.801,2.7815,4248323.7944,,0.90000,2,3,0.97000,1,0.97000,0.06000,0.07000,w84_09_07_amt90_mv20__exec_c097_pos90_dd12,amt90k_mv20w,w84_5d09_3d07,h2_m3_c0975,True,True,False,False,20260625
20250905,20250908,SZSE.301357,301357.SZ,北方长龙,1,0.999491400036989,0.999491400036989,0.9994896449704141,0.9998150887573964,0.9994452662721893,0.9996301091178103,0.9998150545589051,0.9994451636767153,1051889.23,37.4322,1141733.6,,0.90000,2,3,0.97000,1,0.97000,0.06000,0.07000,w84_09_07_amt90_mv20__exec_c097_pos90_dd12,amt90k_mv20w,w84_5d09_3d07,h2_m3_c0975,True,True,False,False,20260625
20250908,20250909,SZSE.300347,300347.SZ,泰格医药,1,0.9994139397300796,0.9994139397300796,0.9993419593345656,0.9972273567467652,0.999630314232902,0.9996302458864855,0.9972268441486412,0.9996302458864855,794687.115,2.085599899291992,5785234.03,2.944999933242798,0.90000,2,3,0.97000,1,0.97000,0.06000,0.07000,w84_09_07_amt90_mv20__exec_c097_pos90_dd12,amt90k_mv20w,w84_5d09_3d07,h2_m3_c0975,True,True,False,False,20260625
20250909,20250910,SZSE.300620,300620.SZ,光库科技,1,0.999815157116451,0.999815157116451,0.9998151912770283,0.9998151912770282,0.9998151912770282,0.999815157116451,0.999815157116451,0.999815157116451,1448481.128,6.6353,2175346.1579,,0.90000,2,3,0.97000,1,0.97000,0.06000,0.07000,w84_09_07_amt90_mv20__exec_c097_pos90_dd12,amt90k_mv20w,w84_5d09_3d07,h2_m3_c0975,True,True,False,False,20260625
20250910,20250911,SHSE.603367,603367.SH,辰欣药业,1,0.9996230598669622,0.9996230598669622,0.9995861814151117,0.999261038241271,0.9996305191206355,1.0,0.9992609016999261,0.999630450849963,447531.45,4.6149,958933.2452,,0.90000,2,3,0.97000,1,0.97000,0.06000,0.07000,w84_09_07_amt90_mv20__exec_c097_pos90_dd12,amt90k_mv20w,w84_5d09_3d07,h2_m3_c0975,True,True,False,False,20260625
20250911,20250912,SZSE.002918,002918.SZ,蒙娜丽莎,1,1.0,1.0,1.0,1.0,1.0,1.0,1.0,1.0,142568.423,4.707,574616.5009,,0.90000,2,3,0.97000,1,0.97000,0.06000,0.07000,w84_09_07_amt90_mv20__exec_c097_pos90_dd12,amt90k_mv20w,w84_5d09_3d07,h2_m3_c0975,True,True,False,False,20260625
20250912,20250915,SZSE.002918,002918.SZ,蒙娜丽莎,1,0.9975484943654165,0.9975484943654165,0.9975175471001108,0.9996305873660879,0.9972294052456594,0.9987068169222243,0.9996305191206355,0.9972288934047663,124852.918,4.1962,557593.9022,,0.90000,2,3,0.97000,1,0.97000,0.06000,0.07000,w84_09_07_amt90_mv20__exec_c097_pos90_dd12,amt90k_mv20w,w84_5d09_3d07,h2_m3_c0975,True,True,False,False,20260625
20250915,20250916,SHSE.600057,600057.SH,厦门象屿,1,0.9990685640362224,0.9990685640362224,0.9990317812269032,0.9987065779748706,0.9990761271249076,0.9994455738310848,0.9987063389391979,0.9990759563851414,125342.027,0.7855,2054262.5919,,0.90000,2,3,0.97000,1,0.97000,0.06000,0.07000,w84_09_07_amt90_mv20__exec_c097_pos90_dd12,amt90k_mv20w,w84_5d09_3d07,h2_m3_c0975,True,True,False,False,20260625
20250916,20250917,SZSE.002316,002316.SZ,亚联发展,1,0.999183145444465,0.999183145444465,0.998980044345898,0.99150036954915,1.0,0.9992607651081131,0.9914987987433007,1.0,156127.768,8.4845,212677.92,,0.90000,2,3,0.97000,1,0.97000,0.06000,0.07000,w84_09_07_amt90_mv20__exec_c097_pos90_dd12,amt90k_mv20w,w84_5d09_3d07,h2_m3_c0975,True,True,False,False,20260625
20250917,20250918,SHSE.600012,600012.SH,皖通高速,1,0.998264325323475,0.998264325323475,0.9980114581408241,0.9902051376824986,0.9990759563851414,0.9988909426987062,0.9902033271719038,0.9990757855822551,170854.439,1.1089,2255341.2935,,0.90000,2,3,0.97000,1,0.97000,0.06000,0.07000,w84_09_07_amt90_mv20__exec_c097_pos90_dd12,amt90k_mv20w,w84_5d09_3d07,h2_m3_c0975,True,True,False,False,20260625
20250918,20250919,SHSE.601128,601128.SH,常熟银行,1,1.0,1.0,1.0,1.0,1.0,1.0,1.0,1.0,664361.808,2.826200008392334,2328193.0997,0.1489199995994568,0.90000,2,3,0.97000,1,0.97000,0.06000,0.07000,w84_09_07_amt90_mv20__exec_c097_pos90_dd12,amt90k_mv20w,w84_5d09_3d07,h2_m3_c0975,True,True,False,False,20260625
20250919,20250922,SZSE.001203,001203.SZ,大中矿业,1,0.9988985400110886,0.9988985400110886,0.9986548410938655,0.99150036954915,0.999630450849963,0.9996303825540566,0.9914987987433007,0.9996303825540566,189388.691,1.227,1799071.5273,,0.90000,2,3,0.97000,1,0.97000,0.06000,0.07000,w84_09_07_amt90_mv20__exec_c097_pos90_dd12,amt90k_mv20w,w84_5d09_3d07,h2_m3_c0975,True,True,False,False,20260625
20250922,20250923,SHSE.603778,603778.SH,国晟科技,1,0.9993526909561679,0.9993526909561679,0.9992159763313609,0.9948224852071006,0.9998150887573964,0.9996301091178103,0.9948215276493434,0.9998150545589051,169748.687,7.7891,219975.1102,,0.90000,2,3,0.97000,1,0.97000,0.06000,0.07000,w84_09_07_amt90_mv20__exec_c097_pos90_dd12,amt90k_mv20w,w84_5d09_3d07,h2_m3_c0975,True,True,False,False,20260625
20250923,20250924,SHSE.603778,603778.SH,国晟科技,1,0.999322002586366,0.999322002586366,0.9992537864794976,0.9964905799778352,0.9996305873660879,0.999261038241271,0.9964899316460373,0.9996305191206355,133755.179,6.321,218661.826,,0.90000,2,3,0.97000,1,0.97000,0.06000,0.07000,w84_09_07_amt90_mv20__exec_c097_pos90_dd12,amt90k_mv20w,w84_5d09_3d07,h2_m3_c0975,True,True,False,False,20260625
20250924,20250925,SZSE.001208,001208.SZ,华菱线缆,1,0.9985381630012936,0.9985381630012936,0.9985439763488544,0.9987065779748706,0.9985218033998522,0.9985215302162262,0.9987063389391979,0.9985215302162262,261616.243,6.7798,782931.16,,0.90000,2,3,0.97000,1,0.97000,0.06000,0.07000,w84_09_07_amt90_mv20__exec_c097_pos90_dd12,amt90k_mv20w,w84_5d09_3d07,h2_m3_c0975,True,True,False,False,20260625
20250925,20250926,SHSE.601233,601233.SH,桐昆股份,1,0.9986759002770084,0.9986759002770084,0.9986041358936485,0.9964918759231906,0.9988921713441654,0.9988919667590028,0.9964912280701754,0.9988919667590028,283167.261,0.8373000025749207,3390739.4799,0.512499988079071,0.90000,2,3,0.97000,1,0.97000,0.06000,0.07000,w84_09_07_amt90_mv20__exec_c097_pos90_dd12,amt90k_mv20w,w84_5d09_3d07,h2_m3_c0975,True,True,False,False,20260625
20250926,20250929,SZSE.002989,002989.SZ,中天精装,1,0.9998282548476454,0.9998282548476454,0.9998153618906942,0.9998153618906942,0.9998153618906942,1.0,0.9998153277931672,0.9998153277931672,520257.186,8.9091,634384.3894,,0.90000,2,3,0.97000,1,0.97000,0.06000,0.07000,w84_09_07_amt90_mv20__exec_c097_pos90_dd12,amt90k_mv20w,w84_5d09_3d07,h2_m3_c0975,True,True,False,False,20260625
20250929,20250930,SZSE.000545,000545.SZ,金浦钛业,1,0.9999667282809612,0.9999667282809612,0.9999556459064868,0.9996303825540566,1.0,1.0,0.999630314232902,1.0,226147.754,8.6604,264471.2697,,0.90000,2,3,0.97000,1,0.97000,0.06000,0.07000,w84_09_07_amt90_mv20__exec_c097_pos90_dd12,amt90k_mv20w,w84_5d09_3d07,h2_m3_c0975,True,True,False,False,20260625
20250930,20251009,SZSE.002743,002743.SZ,富煌钢构,1,0.9998448180306669,0.9998448180306669,0.9998374584410787,1.0,0.999815293683044,1.0,1.0,0.9998152595603178,309635.791,14.1933,218069.5075,,0.90000,2,3,0.97000,1,0.97000,0.06000,0.07000,w84_09_07_amt90_mv20__exec_c097_pos90_dd12,amt90k_mv20w,w84_5d09_3d07,h2_m3_c0975,True,True,False,False,20260625
20251009,20251010,SZSE.002743,002743.SZ,富煌钢构,1,0.9997984840081346,0.9997984840081346,0.9997929759704252,0.999630314232902,0.999815157116451,0.9998151229432427,0.9996302458864855,0.9998151229432427,203904.664,9.1483,223727.9977,,0.90000,2,3,0.97000,1,0.97000,0.06000,0.07000,w84_09_07_amt90_mv20__exec_c097_pos90_dd12,amt90k_mv20w,w84_5d09_3d07,h2_m3_c0975,True,True,False,False,20260625
20251010,20251013,SZSE.300264,300264.SZ,佳创视讯,1,1.0,1.0,1.0,1.0,1.0,1.0,1.0,1.0,198828.461,10.0157,230939.6296,,0.90000,2,3,0.97000,1,0.97000,0.06000,0.07000,w84_09_07_amt90_mv20__exec_c097_pos90_dd12,amt90k_mv20w,w84_5d09_3d07,h2_m3_c0975,True,True,False,False,20260625
20251013,20251014,SHSE.688189,688189.SH,南新制药,1,1.0,1.0,1.0,1.0,1.0,1.0,1.0,1.0,167921.281,7.7186,218696.8,,0.90000,2,3,0.97000,1,0.97000,0.06000,0.07000,w84_09_07_amt90_mv20__exec_c097_pos90_dd12,amt90k_mv20w,w84_5d09_3d07,h2_m3_c0975,True,True,False,False,20260625
20251014,20251015,SHSE.688189,688189.SH,南新制药,1,0.9998153277931672,0.9998153277931672,0.9998153618906942,0.9998153618906942,0.9998153618906942,0.9998153277931672,0.9998153277931672,0.9998153277931672,127306.331,5.8455,214032.0,,0.90000,2,3,0.97000,1,0.97000,0.06000,0.07000,w84_09_07_amt90_mv20__exec_c097_pos90_dd12,amt90k_mv20w,w84_5d09_3d07,h2_m3_c0975,True,True,False,False,20260625
20251015,20251016,SHSE.688189,688189.SH,南新制药,1,0.9999168975069253,0.9999168975069253,0.9998892171344166,0.9990768094534712,1.0,1.0,0.9990766389658357,1.0,138733.318,6.2749,226105.6,,0.90000,2,3,0.97000,1,0.97000,0.06000,0.07000,w84_09_07_amt90_mv20__exec_c097_pos90_dd12,amt90k_mv20w,w84_5d09_3d07,h2_m3_c0975,True,True,False,False,20260625
20251016,20251017,SZSE.002151,002151.SZ,北斗星通,1,0.9994039490680938,0.9994039490680938,0.9992841328413284,0.9953874538745388,0.9998154981549815,0.9996309282155379,0.9953866026942241,0.999815464107769,231994.459,1.7693,1600501.3715,,0.90000,2,3,0.97000,1,0.97000,0.06000,0.07000,w84_09_07_amt90_mv20__exec_c097_pos90_dd12,amt90k_mv20w,w84_5d09_3d07,h2_m3_c0975,True,True,False,False,20260625
20251017,20251020,SHSE.688189,688189.SH,南新制药,1,0.9996606418295831,0.9996606418295831,0.9996533284160058,0.9998156002212797,0.9996312004425595,0.99981556621173,0.99981556621173,0.99963113242346,94945.854,4.2855,218148.0,,0.90000,2,3,0.97000,1,0.97000,0.06000,0.07000,w84_09_07_amt90_mv20__exec_c097_pos90_dd12,amt90k_mv20w,w84_5d09_3d07,h2_m3_c0975,True,True,False,False,20260625
20251020,20251021,SZSE.301052,301052.SZ,果麦文化,1,0.9998155321896329,0.9998155321896329,0.99981556621173,0.99981556621173,0.99981556621173,0.9998155321896329,0.9998155321896329,0.9998155321896329,345380.207,9.5769,446999.3343,,0.90000,2,3,0.97000,1,0.97000,0.06000,0.07000,w84_09_07_amt90_mv20__exec_c097_pos90_dd12,amt90k_mv20w,w84_5d09_3d07,h2_m3_c0975,True,True,False,False,20260625
20251021,20251022,SZSE.301052,301052.SZ,果麦文化,1,0.9994464944649445,0.9994464944649445,0.9994465965688988,0.9994465965688988,0.9994465965688988,0.9994464944649446,0.9994464944649446,0.9994464944649446,345502.883,9.5792,445811.8222,,0.90000,2,3,0.97000,1,0.97000,0.06000,0.07000,w84_09_07_amt90_mv20__exec_c097_pos90_dd12,amt90k_mv20w,w84_5d09_3d07,h2_m3_c0975,True,True,False,False,20260625
20251022,20251023,SHSE.688192,688192.SH,迪哲医药,1,0.999950184501845,0.999950184501845,0.9999335915882679,0.9994465965688988,1.0,1.0,0.9994464944649446,1.0,501597.107,1.8030999898910522,2761530.9058,3.32450008392334,0.90000,2,3,0.97000,1,0.97000,0.06000,0.07000,w84_09_07_amt90_mv20__exec_c097_pos90_dd12,amt90k_mv20w,w84_5d09_3d07,h2_m3_c0975,True,True,False,False,20260625
20251023,20251024,SHSE.688166,688166.SH,博瑞医药,1,0.9999834009590556,0.9999834009590556,0.9999778720265535,0.9998156002212797,1.0,1.0,0.99981556621173,1.0,307221.1,1.412500023841858,2195901.8349,5.0304999351501465,0.90000,2,3,0.97000,1,0.97000,0.06000,0.07000,w84_09_07_amt90_mv20__exec_c097_pos90_dd12,amt90k_mv20w,w84_5d09_3d07,h2_m3_c0975,True,True,False,False,20260625
20251024,20251027,SZSE.300765,300765.SZ,新诺威,1,1.0,1.0,1.0,1.0,1.0,1.0,1.0,1.0,967060.83,2.1231,5088840.2361,,0.90000,2,3,0.97000,1,0.97000,0.06000,0.07000,w84_09_07_amt90_mv20__exec_c097_pos90_dd12,amt90k_mv20w,w84_5d09_3d07,h2_m3_c0975,True,True,False,False,20260625
20251027,20251028,SZSE.003006,003006.SZ,百亚股份,1,0.9993009959424567,0.9993009959424567,0.9991296330444404,0.9940992070809515,0.9998156002212797,0.99981556621173,0.9940981187753597,0.99981556621173,190815.261,1.9063,1005375.8286,,0.90000,2,3,0.97000,1,0.97000,0.06000,0.07000,w84_09_07_amt90_mv20__exec_c097_pos90_dd12,amt90k_mv20w,w84_5d09_3d07,h2_m3_c0975,True,True,False,False,20260625
20251028,20251029,SZSE.300765,300765.SZ,新诺威,1,0.9995224045731145,0.9995224045731145,0.9995132743362831,1.0,0.9994469026548672,0.9998156002212797,1.0,0.9994468006638392,848476.191,1.958,4838822.6921,,0.90000,2,3,0.97000,1,0.97000,0.06000,0.07000,w84_09_07_amt90_mv20__exec_c097_pos90_dd12,amt90k_mv20w,w84_5d09_3d07,h2_m3_c0975,True,True,False,False,20260625
20251029,20251030,SHSE.601838,601838.SH,成都银行,1,0.9993675087589895,0.9993675087589895,0.9993510324483776,1.0,0.9992625368731564,0.9998156002212797,1.0,0.999262400885119,2226817.728,3.0678999423980713,7235009.1527,0.41749998927116394,0.90000,2,3,0.97000,1,0.97000,0.06000,0.07000,w84_09_07_amt90_mv20__exec_c097_pos90_dd12,amt90k_mv20w,w84_5d09_3d07,h2_m3_c0975,True,True,False,False,20260625
20251030,20251031,SHSE.603676,603676.SH,卫信康,1,1.0,1.0,1.0,1.0,1.0,1.0,1.0,1.0,90659.797,1.8823,476066.681,,0.90000,2,3,0.97000,1,0.97000,0.06000,0.07000,w84_09_07_amt90_mv20__exec_c097_pos90_dd12,amt90k_mv20w,w84_5d09_3d07,h2_m3_c0975,True,True,False,False,20260625
20251031,20251103,SHSE.688169,688169.SH,石头科技,1,1.0,1.0,1.0,1.0,1.0,1.0,1.0,1.0,1937467.556,4.594600200653076,4233798.0531,8.08899974822998,0.90000,2,3,0.97000,1,0.97000,0.06000,0.07000,w84_09_07_amt90_mv20__exec_c097_pos90_dd12,amt90k_mv20w,w84_5d09_3d07,h2_m3_c0975,True,True,False,False,20260625
20251103,20251104,SZSE.300056,300056.SZ,中创环保,1,0.999690322580645,0.999690322580645,0.9996756358274972,1.0,0.9996314043494287,1.0,1.0,0.9996313364055299,435700.813,12.8115,339231.5898,,0.90000,2,3,0.97000,1,0.97000,0.06000,0.07000,w84_09_07_amt90_mv20__exec_c097_pos90_dd12,amt90k_mv20w,w84_5d09_3d07,h2_m3_c0975,True,True,False,False,20260625
20251104,20251105,SHSE.603508,603508.SH,思维列控,1,1.0,1.0,1.0,1.0,1.0,1.0,1.0,1.0,478125.625,4.7493,1004657.9834,,0.90000,2,3,0.97000,1,0.97000,0.06000,0.07000,w84_09_07_amt90_mv20__exec_c097_pos90_dd12,amt90k_mv20w,w84_5d09_3d07,h2_m3_c0975,True,True,False,False,20260625
20251105,20251106,SZSE.002421,002421.SZ,达实智能,1,0.9985695852534561,0.9985695852534561,0.9983486914854405,0.9929966826391449,0.9990785108735717,0.9996313364055299,0.9929953917050691,0.9990783410138249,562363.723,9.1702,651018.5632,,0.90000,2,3,0.97000,1,0.97000,0.06000,0.07000,w84_09_07_amt90_mv20__exec_c097_pos90_dd12,amt90k_mv20w,w84_5d09_3d07,h2_m3_c0975,True,True,False,False,20260625
20251106,20251107,SZSE.002421,002421.SZ,达实智能,1,0.9993751152073733,0.9993751152073733,0.9992628086988574,0.9952082565425728,0.9998157021747144,0.9994470046082949,0.9952073732718894,0.999815668202765,469514.204,7.8329,625571.5835,,0.90000,2,3,0.97000,1,0.97000,0.06000,0.07000,w84_09_07_amt90_mv20__exec_c097_pos90_dd12,amt90k_mv20w,w84_5d09_3d07,h2_m3_c0975,True,True,False,False,20260625
20251107,20251110,SZSE.000875,000875.SZ,电投绿能,1,0.9992832135618205,0.9992832135618205,0.9991672807663965,0.9957627118644068,0.9996315401621223,0.9996314722682882,0.9957619310853142,0.9996314722682882,399203.416,1.9677,2205380.5406,,0.90000,2,3,0.97000,1,0.97000,0.06000,0.07000,w84_09_07_amt90_mv20__exec_c097_pos90_dd12,amt90k_mv20w,w84_5d09_3d07,h2_m3_c0975,True,True,False,False,20260625
20251110,20251111,SZSE.301397,301397.SZ,溯联股份,1,0.9979631675874769,0.9979631675874769,0.9979083041797091,0.9974222058552753,0.9979745903148591,0.9985267034990792,0.9974217311233886,0.9979742173112339,124424.722,5.4029,502168.5089,,0.90000,2,3,0.97000,1,0.97000,0.06000,0.07000,w84_09_07_amt90_mv20__exec_c097_pos90_dd12,amt90k_mv20w,w84_5d09_3d07,h2_m3_c0975,True,True,False,False,20260625
20251111,20251112,SZSE.300377,300377.SZ,赢时胜,1,1.0,1.0,1.0,1.0,1.0,1.0,1.0,1.0,876554.455,7.6511,1275954.2329,,0.90000,2,3,0.97000,1,0.97000,0.06000,0.07000,w84_09_07_amt90_mv20__exec_c097_pos90_dd12,amt90k_mv20w,w84_5d09_3d07,h2_m3_c0975,True,True,False,False,20260625
20251112,20251113,SHSE.601519,601519.SH,大智慧,1,0.9983029633719861,0.9983029633719861,0.9982554287817447,0.9976076555023924,0.9983437615016563,0.9987115773973864,0.9976072151665747,0.9983434566537824,1213286.674,4.8333,2506341.6,,0.90000,2,3,0.97000,1,0.97000,0.06000,0.07000,w84_09_07_amt90_mv20__exec_c097_pos90_dd12,amt90k_mv20w,w84_5d09_3d07,h2_m3_c0975,True,True,False,False,20260625
20251113,20251114,SZSE.000719,000719.SZ,中原传媒,1,0.9997459499263623,0.9997459499263623,0.9997055034051169,0.9988956377691883,0.999815939628198,1.0,0.9988954344624448,0.9998159057437408,109744.855,1.3345,1260587.0188,,0.90000,2,3,0.97000,1,0.97000,0.06000,0.07000,w84_09_07_amt90_mv20__exec_c097_pos90_dd12,amt90k_mv20w,w84_5d09_3d07,h2_m3_c0975,True,True,False,False,20260625
20251114,20251117,SZSE.301397,301397.SZ,溯联股份,1,0.9989871086556169,0.9989871086556169,0.9989836125943656,0.9996317436936107,0.9988952310808322,0.9992633517495396,0.9996316758747698,0.9988950276243094,159385.65,6.9333,500611.88,,0.90000,2,3,0.97000,1,0.97000,0.06000,0.07000,w84_09_07_amt90_mv20__exec_c097_pos90_dd12,amt90k_mv20w,w84_5d09_3d07,h2_m3_c0975,True,True,False,False,20260625
20251117,20251118,SZSE.301199,301199.SZ,迈赫股份,1,1.0,1.0,1.0,1.0,1.0,1.0,1.0,1.0,201969.623,12.1902,435701.784,,0.90000,2,3,0.97000,1,0.97000,0.06000,0.07000,w84_09_07_amt90_mv20__exec_c097_pos90_dd12,amt90k_mv20w,w84_5d09_3d07,h2_m3_c0975,True,True,False,False,20260625
20251118,20251119,SZSE.300746,300746.SZ,汉嘉数智,1,1.0,1.0,1.0,1.0,1.0,1.0,1.0,1.0,207882.729,7.3793,278335.3584,,0.90000,2,3,0.97000,1,0.97000,0.06000,0.07000,w84_09_07_amt90_mv20__exec_c097_pos90_dd12,amt90k_mv20w,w84_5d09_3d07,h2_m3_c0975,True,True,False,False,20260625
20251119,20251120,SZSE.002137,002137.SZ,实益达,1,1.0,1.0,1.0,1.0,1.0,1.0,1.0,1.0,135040.335,3.7626,519754.3686,,0.90000,2,3,0.97000,1,0.97000,0.06000,0.07000,w84_09_07_amt90_mv20__exec_c097_pos90_dd12,amt90k_mv20w,w84_5d09_3d07,h2_m3_c0975,True,True,False,False,20260625
20251120,20251121,SZSE.002137,002137.SZ,实益达,1,0.9997680839315295,0.9997680839315295,0.9996908354803091,0.9974236290025764,1.0,1.0,0.9974231547947727,1.0,187480.465,5.2038,527839.4366,,0.90000,2,3,0.97000,1,0.97000,0.06000,0.07000,w84_09_07_amt90_mv20__exec_c097_pos90_dd12,amt90k_mv20w,w84_5d09_3d07,h2_m3_c0975,True,True,False,False,20260625
20251121,20251124,SZSE.300950,300950.SZ,德固特,1,0.999799484915379,0.999799484915379,0.9997940040463491,0.9996321500827662,0.9998160750413831,0.9998160412067697,0.9996320824135394,0.9998160412067697,104593.329,5.1406,338658.08,,0.90000,2,3,0.97000,1,0.97000,0.06000,0.07000,w84_09_07_amt90_mv20__exec_c097_pos90_dd12,amt90k_mv20w,w84_5d09_3d07,h2_m3_c0975,True,True,False,False,20260625
20251124,20251125,SHSE.688108,688108.SH,赛诺医疗,1,0.999138438880707,0.999138438880707,0.9991238726302227,0.9994478188845941,0.9990796981409903,0.9994477172312224,0.9994477172312224,0.999079528718704,201981.06,2.6601,768440.656,,0.90000,2,3,0.97000,1,0.97000,0.06000,0.07000,w84_09_07_amt90_mv20__exec_c097_pos90_dd12,amt90k_mv20w,w84_5d09_3d07,h2_m3_c0975,True,True,False,False,20260625
20251125,20251126,SHSE.688108,688108.SH,赛诺医疗,1,0.9997661141804788,0.9997661141804788,0.9997495857116554,0.9992634873872215,0.9998158718468054,0.9998158379373849,0.9992633517495396,0.9998158379373849,212280.796,2.7123,781754.192,,0.90000,2,3,0.97000,1,0.97000,0.06000,0.07000,w84_09_07_amt90_mv20__exec_c097_pos90_dd12,amt90k_mv20w,w84_5d09_3d07,h2_m3_c0975,True,True,False,False,20260625
20251126,20251127,SHSE.600516,600516.SH,方大炭素,1,0.999867354458364,0.999867354458364,0.9998231718548536,0.9985264321237797,1.0,1.0,0.9985261606484893,1.0,1135337.129,4.370999813079834,2580647.0059,0.44749999046325684,0.90000,2,3,0.97000,1,0.97000,0.06000,0.07000,w84_09_07_amt90_mv20__exec_c097_pos90_dd12,amt90k_mv20w,w84_5d09_3d07,h2_m3_c0975,True,True,False,False,20260625
20251127,20251128,SHSE.600383,600383.SH,金地集团,1,0.9977726602800294,0.9977726602800294,0.9973549456621845,0.9847117332842144,0.9990790200773623,0.998894620486367,0.9847089167280766,0.9990788504053059,677867.577,4.3004,1580104.2502,,0.90000,2,3,0.97000,1,0.97000,0.06000,0.07000,w84_09_07_amt90_mv20__exec_c097_pos90_dd12,amt90k_mv20w,w84_5d09_3d07,h2_m3_c0975,True,True,False,False,20260625
20251128,20251201,SHSE.688617,688617.SH,惠泰医疗,1,0.9997659848903631,0.9997659848903631,0.9997494473102432,0.9992630803242447,0.9998157700810612,0.9998157361341441,0.9992629445365764,0.9998157361341441,381725.564,1.1583000421524048,3301654.4771,8.31134033203125,0.90000,2,3,0.97000,1,0.97000,0.06000,0.07000,w84_09_07_amt90_mv20__exec_c097_pos90_dd12,amt90k_mv20w,w84_5d09_3d07,h2_m3_c0975,True,True,False,False,20260625
20251201,20251202,SZSE.301095,301095.SZ,广立微,1,0.9998452183526809,0.9998452183526809,0.9998378776713338,1.0,0.9998157700810612,1.0,1.0,0.9998157361341441,243022.358,2.0503,1367318.9878,,0.90000,2,3,0.97000,1,0.97000,0.06000,0.07000,w84_09_07_amt90_mv20__exec_c097_pos90_dd12,amt90k_mv20w,w84_5d09_3d07,h2_m3_c0975,True,True,False,False,20260625
20251202,20251203,SZSE.301155,301155.SZ,海力风电,1,0.9994475138121546,0.9994475138121546,0.9994476155404162,0.9994476155404162,0.9994476155404162,0.9994475138121547,0.9994475138121547,0.9994475138121547,203852.392,2.1456,1676740.4698,,0.90000,2,3,0.97000,1,0.97000,0.06000,0.07000,w84_09_07_amt90_mv20__exec_c097_pos90_dd12,amt90k_mv20w,w84_5d09_3d07,h2_m3_c0975,True,True,False,False,20260625
20251203,20251204,SZSE.002488,002488.SZ,金固股份,1,1.0,1.0,1.0,1.0,1.0,1.0,1.0,1.0,378408.691,4.9948,817255.4724,,0.90000,2,3,0.97000,1,0.97000,0.06000,0.07000,w84_09_07_amt90_mv20__exec_c097_pos90_dd12,amt90k_mv20w,w84_5d09_3d07,h2_m3_c0975,True,True,False,False,20260625
20251204,20251205,SZSE.300730,300730.SZ,科创信息,1,0.9990154582259846,0.9990154582259846,0.9989328426862926,0.9965041398344067,0.9992640294388224,0.9992638940007361,0.9965034965034965,0.9992638940007361,125241.534,5.2466,297083.1827,,0.90000,2,3,0.97000,1,0.97000,0.06000,0.07000,w84_09_07_amt90_mv20__exec_c097_pos90_dd12,amt90k_mv20w,w84_5d09_3d07,h2_m3_c0975,True,True,False,False,20260625
20251205,20251208,SZSE.300730,300730.SZ,科创信息,1,0.9994606038291605,0.9994606038291605,0.9994478188845941,0.9994478188845941,0.9994478188845941,0.9996318114874816,0.9994477172312224,0.9994477172312224,98408.284,4.0708,306969.8795,,0.90000,2,3,0.97000,1,0.97000,0.06000,0.07000,w84_09_07_amt90_mv20__exec_c097_pos90_dd12,amt90k_mv20w,w84_5d09_3d07,h2_m3_c0975,True,True,False,False,20260625
20251208,20251209,SZSE.002488,002488.SZ,金固股份,1,0.999966875230033,0.999966875230033,0.9999558417663293,0.9996320147194112,1.0,1.0,0.9996319470003681,1.0,656480.299,8.2729,854086.7178,,0.90000,2,3,0.97000,1,0.97000,0.06000,0.07000,w84_09_07_amt90_mv20__exec_c097_pos90_dd12,amt90k_mv20w,w84_5d09_3d07,h2_m3_c0975,True,True,False,False,20260625
20251209,20251210,SZSE.300765,300765.SZ,新诺威,1,0.9998325358851674,0.9998325358851674,0.9998380864765409,1.0,0.9998160073597057,0.999815973500184,1.0,0.999815973500184,411574.728,0.9184,4418849.4018,,0.90000,2,3,0.97000,1,0.97000,0.06000,0.07000,w84_09_07_amt90_mv20__exec_c097_pos90_dd12,amt90k_mv20w,w84_5d09_3d07,h2_m3_c0975,True,True,False,False,20260625
20251210,20251211,SZSE.300918,300918.SZ,南山智尚,1,0.9997993003130179,0.9997993003130179,0.9997938144329898,0.9996318114874816,0.9998159057437408,0.9998158718468054,0.9996317436936107,0.9998158718468054,604537.835,7.6324,789569.7061,,0.90000,2,3,0.97000,1,0.97000,0.06000,0.07000,w84_09_07_amt90_mv20__exec_c097_pos90_dd12,amt90k_mv20w,w84_5d09_3d07,h2_m3_c0975,True,True,False,False,20260625
20251211,20251212,SZSE.002267,002267.SZ,陕天然气,1,0.9999834376150165,0.9999834376150165,0.9999779208831647,0.9998160073597057,1.0,1.0,0.999815973500184,1.0,165714.23,1.954,835168.6592,,0.90000,2,3,0.97000,1,0.97000,0.06000,0.07000,w84_09_07_amt90_mv20__exec_c097_pos90_dd12,amt90k_mv20w,w84_5d09_3d07,h2_m3_c0975,True,True,False,False,20260625
20251212,20251215,SHSE.600886,600886.SH,国投电力,1,0.999933774834437,0.999933774834437,0.9999117160198638,0.9992643001655325,1.0,1.0,0.9992641648270787,1.0,245576.93,0.23999999463558197,11014184.1045,0.20000000298023224,0.90000,2,3,0.97000,1,0.97000,0.06000,0.07000,w84_09_07_amt90_mv20__exec_c097_pos90_dd12,amt90k_mv20w,w84_5d09_3d07,h2_m3_c0975,True,True,False,False,20260625
20251215,20251216,SHSE.600886,600886.SH,国投电力,1,0.9997166513339467,0.9997166513339467,0.9996835908756438,0.9987122884473878,0.9998160412067697,0.9998160073597057,0.9987120515179393,0.9998160073597057,237210.201,0.23240000009536743,10958152.6447,0.1979999989271164,0.90000,2,3,0.97000,1,0.97000,0.06000,0.07000,w84_09_07_amt90_mv20__exec_c097_pos90_dd12,amt90k_mv20w,w84_5d09_3d07,h2_m3_c0975,True,True,False,False,20260625
20251216,20251217,SZSE.300723,300723.SZ,一品红,1,0.9977303660106676,0.9977303660106676,0.9977123942625965,0.9998161088635528,0.9974255240897388,0.9987125252896818,0.9998160750413831,0.9974250505793636,1439279.878,10.3412,1509557.224,,0.90000,2,3,0.97000,1,0.97000,0.06000,0.07000,w84_09_07_amt90_mv20__exec_c097_pos90_dd12,amt90k_mv20w,w84_5d09_3d07,h2_m3_c0975,True,True,False,False,20260625
20251217,20251218,SHSE.603815,603815.SH,交建股份,1,0.9993821257815373,0.9993821257815373,0.9993601765030335,0.9987129987129987,0.9994484280198566,0.9994483265906583,0.9987127620448695,0.9994483265906583,442835.168,9.3431,472858.1155,,0.90000,2,3,0.97000,1,0.97000,0.06000,0.07000,w84_09_07_amt90_mv20__exec_c097_pos90_dd12,amt90k_mv20w,w84_5d09_3d07,h2_m3_c0975,True,True,False,False,20260625
20251218,20251219,SHSE.603815,603815.SH,交建股份,1,0.9996489615879434,0.9996489615879434,0.9996545387725101,0.9998162440279309,0.9996324880558618,0.9996324205109355,0.9998162102554677,0.9996324205109355,253390.291,5.3817,466049.949,,0.90000,2,3,0.97000,1,0.97000,0.06000,0.07000,w84_09_07_amt90_mv20__exec_c097_pos90_dd12,amt90k_mv20w,w84_5d09_3d07,h2_m3_c0975,True,True,False,False,20260625
20251219,20251222,SHSE.603833,603833.SH,欧派家居,1,0.9992941176470588,0.9992941176470588,0.9992868957912148,0.9994486307664032,0.999264841021871,0.9994485294117647,0.9994485294117647,0.9992647058823529,119011.648,0.36880001425743103,3225464.4308,1.2922099828720093,0.90000,2,3,0.97000,1,0.97000,0.06000,0.07000,w84_09_07_amt90_mv20__exec_c097_pos90_dd12,amt90k_mv20w,w84_5d09_3d07,h2_m3_c0975,True,True,False,False,20260625
20251222,20251223,SZSE.300681,300681.SZ,英搏尔,1,0.9999172185430463,0.9999172185430463,0.9998896450248299,0.9990803752069156,1.0,1.0,0.9990802060338484,1.0,183416.851,3.5355,711213.7647,,0.90000,2,3,0.97000,1,0.97000,0.06000,0.07000,w84_09_07_amt90_mv20__exec_c097_pos90_dd12,amt90k_mv20w,w84_5d09_3d07,h2_m3_c0975,True,True,False,False,20260625
20251223,20251224,SHSE.688121,688121.SH,卓然股份,1,0.9998162102554677,0.9998162102554677,0.9998162440279309,0.9998162440279309,0.9998162440279309,0.9998162102554677,0.9998162102554677,0.9998162102554677,159409.771,6.9942,258143.4733,,0.90000,2,3,0.97000,1,0.97000,0.06000,0.07000,w84_09_07_amt90_mv20__exec_c097_pos90_dd12,amt90k_mv20w,w84_5d09_3d07,h2_m3_c0975,True,True,False,False,20260625
20251224,20251225,SZSE.300723,300723.SZ,一品红,1,0.9998328127870658,0.9998328127870658,0.9998383541513592,1.0,0.9998163115356355,0.9998162777879845,1.0,0.9998162777879845,427059.564,2.9287,1575956.0606,,0.90000,2,3,0.97000,1,0.97000,0.06000,0.07000,w84_09_07_amt90_mv20__exec_c097_pos90_dd12,amt90k_mv20w,w84_5d09_3d07,h2_m3_c0975,True,True,False,False,20260625
20251225,20251226,SHSE.603786,603786.SH,科博达,1,0.9997833272126331,0.9997833272126331,0.9997723517532586,0.9994492381127226,0.9998164127042408,0.9998163789937569,0.9994491369812707,0.9998163789937569,351799.148,1.163699984550476,3061637.6427,3.2070200443267822,0.90000,2,3,0.97000,1,0.97000,0.06000,0.07000,w84_09_07_amt90_mv20__exec_c097_pos90_dd12,amt90k_mv20w,w84_5d09_3d07,h2_m3_c0975,True,True,False,False,20260625
20251226,20251229,SHSE.603786,603786.SH,科博达,1,0.9999834710743802,0.9999834710743802,0.9999779654792509,0.9998163789937569,1.0,1.0,0.9998163452708907,1.0,286583.388,0.9419000148773193,3075368.7705,3.2321999073028564,0.90000,2,3,0.97000,1,0.97000,0.06000,0.07000,w84_09_07_amt90_mv20__exec_c097_pos90_dd12,amt90k_mv20w,w84_5d09_3d07,h2_m3_c0975,True,True,False,False,20260625
20251229,20251230,SHSE.688611,688611.SH,杭州柯林,1,0.998099871488893,0.998099871488893,0.9977459618208516,0.9866005873715125,0.9992657856093979,0.9988984762254453,0.9865981274095833,0.9992656508169635,104677.343,1.3915,752682.7672,,0.90000,2,3,0.97000,1,0.97000,0.06000,0.07000,w84_09_07_amt90_mv20__exec_c097_pos90_dd12,amt90k_mv20w,w84_5d09_3d07,h2_m3_c0975,True,True,False,False,20260625
20251230,20251231,SZSE.002358,002358.SZ,森源电气,1,0.999034685263351,0.999034685263351,0.9989577981651376,0.996697247706422,0.9992660550458715,0.9992659203523583,0.996696641585612,0.9992659203523583,178444.458,3.4027,516944.8792,,0.90000,2,3,0.97000,1,0.97000,0.06000,0.07000,w84_09_07_amt90_mv20__exec_c097_pos90_dd12,amt90k_mv20w,w84_5d09_3d07,h2_m3_c0975,True,True,False,False,20260625
20251231,20260105,SZSE.300670,300670.SZ,大烨智能,1,0.9993284403669724,0.9993284403669724,0.9993322326178683,0.9998165474224913,0.9992661896899652,0.9994495412844037,0.9998165137614679,0.9992660550458715,179940.309,11.4861,225330.4606,,0.90000,2,3,0.97000,1,0.97000,0.06000,0.07000,w84_09_07_amt90_mv20__exec_c097_pos90_dd12,amt90k_mv20w,w84_5d09_3d07,h2_m3_c0975,True,True,False,False,20260625
20260105,20260106,SHSE.688611,688611.SH,杭州柯林,1,0.9994256880733945,0.9994256880733945,0.9992515134837645,0.9937626123647038,1.0,0.9998165137614679,0.9937614678899083,1.0,276682.263,3.4503,808363.192,,0.90000,2,3,0.97000,1,0.97000,0.06000,0.07000,w84_09_07_amt90_mv20__exec_c097_pos90_dd12,amt90k_mv20w,w84_5d09_3d07,h2_m3_c0975,True,True,False,False,20260625
20260106,20260107,SHSE.688611,688611.SH,杭州柯林,1,0.9995707997065297,0.9995707997065297,0.9994278378874014,0.9952319823950119,1.0,1.0,0.9952311078503302,1.0,133855.388,1.6351,816492.8408,,0.90000,2,3,0.97000,1,0.97000,0.06000,0.07000,w84_09_07_amt90_mv20__exec_c097_pos90_dd12,amt90k_mv20w,w84_5d09_3d07,h2_m3_c0975,True,True,False,False,20260625
20260107,20260108,SZSE.300842,300842.SZ,帝科股份,1,1.0,1.0,1.0,1.0,1.0,1.0,1.0,1.0,500875.952,6.0816,915698.2201,,0.90000,2,3,0.97000,1,0.97000,0.06000,0.07000,w84_09_07_amt90_mv20__exec_c097_pos90_dd12,amt90k_mv20w,w84_5d09_3d07,h2_m3_c0975,True,True,False,False,20260625
20260108,20260109,SZSE.002715,002715.SZ,登云股份,1,0.998420763022744,0.998420763022744,0.9983862094260041,1.0,0.9981661470750046,0.9994497432134997,1.0,0.9981658107116654,191728.123,8.9036,217764.0,,0.90000,2,3,0.97000,1,0.97000,0.06000,0.07000,w84_09_07_amt90_mv20__exec_c097_pos90_dd12,amt90k_mv20w,w84_5d09_3d07,h2_m3_c0975,True,True,False,False,20260625
20260109,20260112,SZSE.002698,002698.SZ,博实股份,1,0.9999339691856199,0.9999339691856199,0.9999119750596002,0.9992664588300019,1.0,1.0,0.9992663242846662,1.0,340438.525,2.4203,1707677.72,,0.90000,2,3,0.97000,1,0.97000,0.06000,0.07000,w84_09_07_amt90_mv20__exec_c097_pos90_dd12,amt90k_mv20w,w84_5d09_3d07,h2_m3_c0975,True,True,False,False,20260625
20260112,20260113,SZSE.300741,300741.SZ,华宝股份,1,0.9989820249449743,0.9989820249449743,0.9988703465982028,0.9959655235650101,0.9992664588300019,0.9994497432134997,0.995964783565664,0.9992663242846662,100593.86,0.8495,1188648.4,,0.90000,2,3,0.97000,1,0.97000,0.06000,0.07000,w84_09_07_amt90_mv20__exec_c097_pos90_dd12,amt90k_mv20w,w84_5d09_3d07,h2_m3_c0975,True,True,False,False,20260625
20260113,20260114,SZSE.001328,001328.SZ,登康口腔,1,0.9983507805325987,0.9983507805325987,0.9983621006243113,0.9998163789937569,0.9981637899375688,0.9987144168962351,0.9998163452708907,0.9981634527089073,159549.049,9.3019,699025.628,,0.90000,2,3,0.97000,1,0.97000,0.06000,0.07000,w84_09_07_amt90_mv20__exec_c097_pos90_dd12,amt90k_mv20w,w84_5d09_3d07,h2_m3_c0975,True,True,False,False,20260625
20260114,20260115,SZSE.300500,300500.SZ,启迪设计,1,0.9990233155865614,0.9990233155865614,0.9990308370044053,1.0,0.998898678414097,0.9992656508169635,1.0,0.9988984762254453,104887.471,4.9695,221470.0082,,0.90000,2,3,0.97000,1,0.97000,0.06000,0.07000,w84_09_07_amt90_mv20__exec_c097_pos90_dd12,amt90k_mv20w,w84_5d09_3d07,h2_m3_c0975,True,True,False,False,20260625
20260115,20260116,SZSE.002584,002584.SZ,西陇科学,1,0.9977119266055046,0.9977119266055046,0.9972628875435701,0.9825720051366722,0.9992661896899652,0.9985321100917431,0.9825688073394495,0.9992660550458715,460995.16,10.4735,550688.6531,,0.90000,2,3,0.97000,1,0.97000,0.06000,0.07000,w84_09_07_amt90_mv20__exec_c097_pos90_dd12,amt90k_mv20w,w84_5d09_3d07,h2_m3_c0975,True,True,False,False,20260625
20260116,20260119,SZSE.000990,000990.SZ,诚志股份,1,0.9992426187419768,0.9992426187419768,0.999068573524019,0.9935826916024936,0.9998166483314999,0.9996332294150009,0.993581514762516,0.9998166147075005,192944.094,1.9711,981911.9283,,0.90000,2,3,0.97000,1,0.97000,0.06000,0.07000,w84_09_07_amt90_mv20__exec_c097_pos90_dd12,amt90k_mv20w,w84_5d09_3d07,h2_m3_c0975,True,True,False,False,20260625
20260119,20260120,SZSE.300947,300947.SZ,德必集团,1,0.9993932172318973,0.9993932172318973,0.9992082111436951,0.9934017595307918,1.0,0.9998166819431714,0.9934005499541705,1.0,124692.295,3.96,316935.7485,,0.90000,2,3,0.97000,1,0.97000,0.06000,0.07000,w84_09_07_amt90_mv20__exec_c097_pos90_dd12,amt90k_mv20w,w84_5d09_3d07,h2_m3_c0975,True,True,False,False,20260625
20260120,20260121,SZSE.002745,002745.SZ,木林森,1,0.99903663003663,0.99903663003663,0.9988280534700604,0.9915766343160594,0.999816883354697,0.9992673992673993,0.9915750915750916,0.9998168498168498,364221.684,3.4721,1469324.735,,0.90000,2,3,0.97000,1,0.97000,0.06000,0.07000,w84_09_07_amt90_mv20__exec_c097_pos90_dd12,amt90k_mv20w,w84_5d09_3d07,h2_m3_c0975,True,True,False,False,20260625
20260121,20260122,SZSE.002876,002876.SZ,三利谱,1,0.9983547086844998,0.9983547086844998,0.9983660010991025,0.9998168162667155,0.9981681626671551,0.998717478930011,0.9998167827042873,0.9981678270428729,153922.378,3.7321,481487.3767,,0.90000,2,3,0.97000,1,0.97000,0.06000,0.07000,w84_09_07_amt90_mv20__exec_c097_pos90_dd12,amt90k_mv20w,w84_5d09_3d07,h2_m3_c0975,True,True,False,False,20260625
20260122,20260123,SZSE.300812,300812.SZ,易天股份,1,0.9978095238095238,0.9978095238095238,0.9975682109503754,0.9904779344442409,0.9985350668375755,0.9985347985347985,0.9904761904761905,0.9985347985347985,262699.411,9.5748,414067.6977,,0.90000,2,3,0.97000,1,0.97000,0.06000,0.07000,w84_09_07_amt90_mv20__exec_c097_pos90_dd12,amt90k_mv20w,w84_5d09_3d07,h2_m3_c0975,True,True,False,False,20260625
20260123,20260126,SZSE.002626,002626.SZ,金达威,1,0.999582494048709,0.999582494048709,0.9994873672647382,0.9970706700842182,0.9998169168802636,1.0,0.9970701336751511,0.999816883354697,253818.522,2.0379,1246096.7372,,0.90000,2,3,0.97000,1,0.97000,0.06000,0.07000,w84_09_07_amt90_mv20__exec_c097_pos90_dd12,amt90k_mv20w,w84_5d09_3d07,h2_m3_c0975,True,True,False,False,20260625
20260126,20260127,SZSE.300991,300991.SZ,创益通,1,0.9996189080249176,0.9996189080249176,0.9995530316907859,0.9976186114673017,0.9998168162667155,0.9998167827042873,0.9976181751557347,0.9998167827042873,141838.811,3.8183,576288.0,,0.90000,2,3,0.97000,1,0.97000,0.06000,0.07000,w84_09_07_amt90_mv20__exec_c097_pos90_dd12,amt90k_mv20w,w84_5d09_3d07,h2_m3_c0975,True,True,False,False,20260625
20260127,20260128,SHSE.601026,601026.SH,道生天合,1,0.9988127519237815,0.9988127519237815,0.9988276241069792,0.9996336325334311,0.9987177138670086,0.9989006962257237,0.9996335654085746,0.998717478930011,159329.47,7.2812,1359023.4,,0.90000,2,3,0.97000,1,0.97000,0.06000,0.07000,w84_09_07_amt90_mv20__exec_c097_pos90_dd12,amt90k_mv20w,w84_5d09_3d07,h2_m3_c0975,True,True,False,False,20260625
20260128,20260129,SHSE.605007,605007.SH,五洲特纸,1,0.9997966660560542,0.9997966660560542,0.9997728937728938,0.9994505494505495,0.9998168498168498,1.0,0.9994504488001466,0.9998168162667155,174283.418,3.122,660788.9742,,0.90000,2,3,0.97000,1,0.97000,0.06000,0.07000,w84_09_07_amt90_mv20__exec_c097_pos90_dd12,amt90k_mv20w,w84_5d09_3d07,h2_m3_c0975,True,True,False,False,20260625
20260129,20260130,SZSE.301265,301265.SZ,华新科技,1,0.9992783882783882,0.9992783882783882,0.9990551181102363,0.9921259842519685,1.0,0.9998168498168498,0.9921245421245422,1.0,377718.882,14.4587,467790.593,,0.90000,2,3,0.97000,1,0.97000,0.06000,0.07000,w84_09_07_amt90_mv20__exec_c097_pos90_dd12,amt90k_mv20w,w84_5d09_3d07,h2_m3_c0975,True,True,False,False,20260625
20260130,20260202,SZSE.002012,002012.SZ,凯恩股份,1,0.9999340538560175,0.9999340538560175,0.999912087912088,0.9992673992673993,1.0,1.0,0.999267265066862,1.0,288316.712,9.6434,301150.8027,,0.90000,2,3,0.97000,1,0.97000,0.06000,0.07000,w84_09_07_amt90_mv20__exec_c097_pos90_dd12,amt90k_mv20w,w84_5d09_3d07,h2_m3_c0975,True,True,False,False,20260625
20260202,20260203,SHSE.688229,688229.SH,博睿数据,1,0.999225416590368,0.999225416590368,0.9991065543756866,0.9952398388868546,0.9996338337605273,0.9994506500640908,0.9952389672221205,0.9996337667093939,149037.09,4.8921,294904.8,,0.90000,2,3,0.97000,1,0.97000,0.06000,0.07000,w84_09_07_amt90_mv20__exec_c097_pos90_dd12,amt90k_mv20w,w84_5d09_3d07,h2_m3_c0975,True,True,False,False,20260625
20260203,20260204,SZSE.301387,301387.SZ,光大同创,1,0.9999011351153424,0.9999011351153424,0.9998682042833608,0.9989017023613399,1.0,1.0,0.9989015012815818,1.0,140034.765,5.4393,646994.8034,,0.90000,2,3,0.97000,1,0.97000,0.06000,0.07000,w84_09_07_amt90_mv20__exec_c097_pos90_dd12,amt90k_mv20w,w84_5d09_3d07,h2_m3_c0975,True,True,False,False,20260625
20260204,20260205,SZSE.300048,300048.SZ,合康新能,1,1.0,1.0,1.0,1.0,1.0,1.0,1.0,1.0,336508.836,4.1411,816887.2865,,0.90000,2,3,0.97000,1,0.97000,0.06000,0.07000,w84_09_07_amt90_mv20__exec_c097_pos90_dd12,amt90k_mv20w,w84_5d09_3d07,h2_m3_c0975,True,True,False,False,20260625
20260205,20260206,SHSE.603477,603477.SH,巨星农牧,1,0.9991378363536518,0.9991378363536518,0.9989019033674963,0.9908491947291361,1.0,0.99945085118067,0.9908475196778327,1.0,156807.068,1.7303,904864.9091,,0.90000,2,3,0.97000,1,0.97000,0.06000,0.07000,w84_09_07_amt90_mv20__exec_c097_pos90_dd12,amt90k_mv20w,w84_5d09_3d07,h2_m3_c0975,True,True,False,False,20260625
20260206,20260209,SZSE.301281,301281.SZ,科源制药,1,0.9997071206296906,0.9997071206296906,0.9996266471449488,0.9968887262079063,1.0,0.9998169503935567,0.9968881566904632,1.0,105167.101,4.5539,363854.4,,0.90000,2,3,0.97000,1,0.97000,0.06000,0.07000,w84_09_07_amt90_mv20__exec_c097_pos90_dd12,amt90k_mv20w,w84_5d09_3d07,h2_m3_c0975,True,True,False,False,20260625
20260209,20260210,SHSE.600101,600101.SH,明星电力,1,0.9955840351519589,0.9955840351519589,0.9950869485630606,0.9778509976203551,0.9974373055097931,0.9961552544855364,0.9778469425119004,0.997436836323691,173008.039,3.1056,558271.8579,,0.90000,2,3,0.97000,1,0.97000,0.06000,0.07000,w84_09_07_amt90_mv20__exec_c097_pos90_dd12,amt90k_mv20w,w84_5d09_3d07,h2_m3_c0975,True,True,False,False,20260625
20260210,20260211,SHSE.600101,600101.SH,明星电力,1,0.9989921346259375,0.9989921346259375,0.9989173372348208,0.9963423555230432,0.9992684711046086,0.9990854216206329,0.9963416864825315,0.9992683372965063,117174.347,2.1185,552793.2332,,0.90000,2,3,0.97000,1,0.97000,0.06000,0.07000,w84_09_07_amt90_mv20__exec_c097_pos90_dd12,amt90k_mv20w,w84_5d09_3d07,h2_m3_c0975,True,True,False,False,20260625
20260211,20260212,SZSE.301102,301102.SZ,兆讯传媒,1,0.9999670691547748,0.9999670691547748,0.9999561002377904,0.9996341686482532,1.0,1.0,0.9996341017197219,1.0,178292.376,3.4159,516838.0,,0.90000,2,3,0.97000,1,0.97000,0.06000,0.07000,w84_09_07_amt90_mv20__exec_c097_pos90_dd12,amt90k_mv20w,w84_5d09_3d07,h2_m3_c0975,True,True,False,False,20260625
20260212,20260213,SHSE.688663,688663.SH,新风光,1,0.9999671052631578,0.9999671052631578,0.9999561483646995,0.9996345697058286,1.0,1.0,0.9996345029239766,1.0,217177.978,2.6785,806405.22,,0.90000,2,3,0.97000,1,0.97000,0.06000,0.07000,w84_09_07_amt90_mv20__exec_c097_pos90_dd12,amt90k_mv20w,w84_5d09_3d07,h2_m3_c0975,True,True,False,False,20260625
20260213,20260224,SHSE.688663,688663.SH,新风光,1,0.9998135283363803,0.9998135283363803,0.9997952842259185,0.9996344361177115,0.9998172180588558,1.0,0.9996343692870201,0.9998171846435101,129590.197,1.6111,798907.0662,,0.90000,2,3,0.97000,1,0.97000,0.06000,0.07000,w84_09_07_amt90_mv20__exec_c097_pos90_dd12,amt90k_mv20w,w84_5d09_3d07,h2_m3_c0975,True,True,False,False,20260625
20260224,20260225,SHSE.600780,600780.SH,通宝能源,1,0.9993072564430635,0.9993072564430635,0.9992690058479532,0.9992690058479532,0.9992690058479532,0.9998172180588558,0.9992688722354232,0.9992688722354232,113183.755,1.5973,711978.0668,,0.90000,2,3,0.97000,1,0.97000,0.06000,0.07000,w84_09_07_amt90_mv20__exec_c097_pos90_dd12,amt90k_mv20w,w84_5d09_3d07,h2_m3_c0975,True,True,False,False,20260625
20260225,20260226,SZSE.300006,300006.SZ,莱美药业,1,0.9970318215069494,0.9970318215069494,0.9970378496982996,0.9994514536478333,0.9967087218869994,0.9978054133138259,0.9994513533284565,0.9967081199707388,139454.825,2.5135,554353.3826,,0.90000,2,3,0.97000,1,0.97000,0.06000,0.07000,w84_09_07_amt90_mv20__exec_c097_pos90_dd12,amt90k_mv20w,w84_5d09_3d07,h2_m3_c0975,True,True,False,False,20260625
20260226,20260227,SZSE.300592,300592.SZ,华凯易佰,1,0.9999670811997075,0.9999670811997075,0.9999561162918267,0.9996343024318888,1.0,1.0,0.9996342355523044,1.0,107704.123,2.2018,566914.7795,,0.90000,2,3,0.97000,1,0.97000,0.06000,0.07000,w84_09_07_amt90_mv20__exec_c097_pos90_dd12,amt90k_mv20w,w84_5d09_3d07,h2_m3_c0975,True,True,False,False,20260625
20260227,20260302,SHSE.688576,688576.SH,西山科技,1,1.0,1.0,1.0,1.0,1.0,1.0,1.0,1.0,93240.563,5.1932,379561.5005,,0.90000,2,3,0.97000,1,0.97000,0.06000,0.07000,w84_09_07_amt90_mv20__exec_c097_pos90_dd12,amt90k_mv20w,w84_5d09_3d07,h2_m3_c0975,True,True,False,False,20260625
20260302,20260303,SHSE.688299,688299.SH,长阳科技,1,0.9988860435339307,0.9988860435339307,0.9988734455010972,1.0029983540599854,0.9987198244330651,0.9994512529723797,1.0,0.998719590268886,202447.846,3.4392,580246.253,,0.90000,2,3,0.97000,1,0.97000,0.06000,0.07000,w84_09_07_amt90_mv20__exec_c097_pos90_dd12,amt90k_mv20w,w84_5d09_3d07,h2_m3_c0975,True,True,False,False,20260625
20260303,20260304,SZSE.301293,301293.SZ,三博脑科,1,0.9998336076065093,0.9998336076065093,0.9998391224862889,1.0029994515539304,0.9998171846435101,0.9998171512159444,1.0,0.9998171512159444,1147827.039,9.7748,1456327.9981,,0.90000,2,3,0.97000,1,0.97000,0.06000,0.07000,w84_09_07_amt90_mv20__exec_c097_pos90_dd12,amt90k_mv20w,w84_5d09_3d07,h2_m3_c0975,True,True,False,False,20260625
20260304,20260305,SHSE.688768,688768.SH,容知日新,1,1.0,1.0,1.0,1.003,1.0,1.0,1.0,1.0,231389.805,5.4717,422785.766,,0.90000,2,3,0.97000,1,0.97000,0.06000,0.07000,w84_09_07_amt90_mv20__exec_c097_pos90_dd12,amt90k_mv20w,w84_5d09_3d07,h2_m3_c0975,True,True,False,False,20260625
20260305,20260306,SZSE.002508,002508.SZ,老板电器,1,0.9993550155307874,0.9993550155307874,0.9992619656558275,0.999527950310559,0.999634636463281,0.9996345697058286,0.9965284122053718,0.9996345697058286,191739.628,1.0273000001907349,1890822.7709,0.6064800024032593,0.90000,2,3,0.97000,1,0.97000,0.06000,0.07000,w84_09_07_amt90_mv20__exec_c097_pos90_dd12,amt90k_mv20w,w84_5d09_3d07,h2_m3_c0975,True,True,False,False,20260625
20260306,20260309,SZSE.000533,000533.SZ,顺钠股份,1,0.9999835586408476,0.9999835586408476,0.9999780821917809,1.0028173515981735,1.0,1.0,0.9998173182316404,1.0,148069.213,1.4529,1027934.208,,0.90000,2,3,0.97000,1,0.97000,0.06000,0.07000,w84_09_07_amt90_mv20__exec_c097_pos90_dd12,amt90k_mv20w,w84_5d09_3d07,h2_m3_c0975,True,True,False,False,20260625
20260309,20260310,SHSE.601021,601021.SH,春秋航空,1,0.9996641109894121,0.9996641109894121,0.9996568716919146,1.0028169373973352,0.9996349698850155,0.9998174516246805,0.9998174516246805,0.9996349032493611,1259663.676,2.71370005607605,4656867.0935,1.7339999675750732,0.90000,2,3,0.97000,1,0.97000,0.06000,0.07000,w84_09_07_amt90_mv20__exec_c097_pos90_dd12,amt90k_mv20w,w84_5d09_3d07,h2_m3_c0975,True,True,False,False,20260625
20260310,20260311,SHSE.688819,688819.SH,天能股份,1,0.9993626734842951,0.9993626734842951,0.9991674274237722,0.9930618951981012,1.0,0.99981738495252,0.9930606281957634,1.0,119764.485,0.39500001072883606,3038784.6,0.8264999985694885,0.90000,2,3,0.97000,1,0.97000,0.06000,0.07000,w84_09_07_amt90_mv20__exec_c097_pos90_dd12,amt90k_mv20w,w84_5d09_3d07,h2_m3_c0975,True,True,False,False,20260625
20260311,20260312,SZSE.300227,300227.SZ,光韵达,1,0.9994834823872969,0.9994834823872969,0.9994160583941606,1.0008096715328467,0.9996350364963503,0.9998174849425078,0.997809819310093,0.9996349698850155,314656.809,5.5425,714689.026,,0.90000,2,3,0.97000,1,0.97000,0.06000,0.07000,w84_09_07_amt90_mv20__exec_c097_pos90_dd12,amt90k_mv20w,w84_5d09_3d07,h2_m3_c0975,True,True,False,False,20260625
20260312,20260313,SZSE.000420,000420.SZ,吉林化纤,1,0.9983245117722213,0.9983245117722213,0.9983065693430657,1.002266788321168,0.9981751824817519,0.9989049096550465,0.999269939770031,0.9981748494250776,495630.609,4.0167,1234351.9082,,0.90000,2,3,0.97000,1,0.97000,0.06000,0.07000,w84_09_07_amt90_mv20__exec_c097_pos90_dd12,amt90k_mv20w,w84_5d09_3d07,h2_m3_c0975,True,True,False,False,20260625
20260313,20260316,SZSE.002445,002445.SZ,中南文化,1,0.9989795545819642,0.9989795545819642,0.9989706150757438,1.0024502646468334,0.9989049096550465,0.9992698064987222,0.9994523548740416,0.9989047097480832,516189.168,4.8582,1067096.7814,,0.90000,2,3,0.97000,1,0.97000,0.06000,0.07000,w84_09_07_amt90_mv20__exec_c097_pos90_dd12,amt90k_mv20w,w84_5d09_3d07,h2_m3_c0975,True,True,False,False,20260625
20260316,20260317,SZSE.002737,002737.SZ,葵花药业,1,0.9996421398575863,0.9996421398575863,0.9995399780941949,0.9991659364731654,1.0,0.9998174182946868,0.9961657841884243,1.0,99379.819,1.3602,732920.0,,0.90000,2,3,0.97000,1,0.97000,0.06000,0.07000,w84_09_07_amt90_mv20__exec_c097_pos90_dd12,amt90k_mv20w,w84_5d09_3d07,h2_m3_c0975,True,True,False,False,20260625
20260317,20260318,SHSE.601880,601880.SH,辽港股份,1,0.9976639269406392,0.9976639269406392,0.9976186997808619,1.0019004747991236,0.9974433893352812,0.9987214611872146,0.9989041095890411,0.9974429223744292,278242.522,0.8519999980926514,4148631.0295,0.05050000175833702,0.90000,2,3,0.97000,1,0.97000,0.06000,0.07000,w84_09_07_amt90_mv20__exec_c097_pos90_dd12,amt90k_mv20w,w84_5d09_3d07,h2_m3_c0975,True,True,False,False,20260625
20260318,20260319,SHSE.688153,688153.SH,唯捷创芯,1,0.9994850255661066,0.9994850255661066,0.9994960744933358,1.002815775059339,0.9994522548840606,0.9994521548575602,0.99981738495252,0.9994521548575602,97711.563,0.6605,1565909.0361,,0.90000,2,3,0.97000,1,0.97000,0.06000,0.07000,w84_09_07_amt90_mv20__exec_c097_pos90_dd12,amt90k_mv20w,w84_5d09_3d07,h2_m3_c0975,True,True,False,False,20260625
20260319,20260320,SHSE.601886,601886.SH,江河集团,1,0.9998338203067932,0.9998338203067932,0.9998393280993244,1.002999452254884,0.9998174182946868,0.99981738495252,1.0,0.99981738495252,167223.906,1.9102,857682.5594,,0.90000,2,3,0.97000,1,0.97000,0.06000,0.07000,w84_09_07_amt90_mv20__exec_c097_pos90_dd12,amt90k_mv20w,w84_5d09_3d07,h2_m3_c0975,True,True,False,False,20260625
20260320,20260323,SHSE.601886,601886.SH,江河集团,1,1.0,1.0,1.0,1.003,1.0,1.0,1.0,1.0,213213.907,2.3387,906401.648,,0.90000,2,3,0.97000,1,0.97000,0.06000,0.07000,w84_09_07_amt90_mv20__exec_c097_pos90_dd12,amt90k_mv20w,w84_5d09_3d07,h2_m3_c0975,True,True,False,False,20260625
20260323,20260324,SZSE.001330,001330.SZ,博纳影业,1,0.9979521810549371,0.9979521810549371,0.9977737226277372,0.9921532846715329,0.9985401459854014,0.9983573644825698,0.9921518525278336,0.9985398795400621,431609.371,4.7448,894811.8586,,0.90000,2,3,0.97000,1,0.97000,0.06000,0.07000,w84_09_07_amt90_mv20__exec_c097_pos90_dd12,amt90k_mv20w,w84_5d09_3d07,h2_m3_c0975,True,True,False,False,20260625
20260324,20260325,SHSE.601100,601100.SH,恒立液压,1,1.0,1.0,1.0,1.003,1.0,1.0,1.0,1.0,2277683.998,1.868299961090088,12469635.2256,4.696499824523926,0.90000,2,3,0.97000,1,0.97000,0.06000,0.07000,w84_09_07_amt90_mv20__exec_c097_pos90_dd12,amt90k_mv20w,w84_5d09_3d07,h2_m3_c0975,True,True,False,False,20260625
20260325,20260326,SZSE.301275,301275.SZ,汉朔科技,1,0.9993446513326031,0.9993446513326031,0.9993356451907282,1.002816389852163,0.999269939770031,0.9996349032493611,0.9998174516246805,0.9992698064987222,303933.149,2.5577,1706496.0,,0.90000,2,3,0.97000,1,0.97000,0.06000,0.07000,w84_09_07_amt90_mv20__exec_c097_pos90_dd12,amt90k_mv20w,w84_5d09_3d07,h2_m3_c0975,True,True,False,False,20260625
20260326,20260327,SHSE.603668,603668.SH,天马科技,1,0.9995088552127076,0.9995088552127076,0.9994231471339905,0.9995304855786783,0.9998174516246805,0.9996348365893738,0.9965309475990506,0.9998174182946868,198546.952,3.6358,540618.1778,,0.90000,2,3,0.97000,1,0.97000,0.06000,0.07000,w84_09_07_amt90_mv20__exec_c097_pos90_dd12,amt90k_mv20w,w84_5d09_3d07,h2_m3_c0975,True,True,False,False,20260625
20260327,20260330,SZSE.002655,002655.SZ,共达电声,1,0.9998355864084765,0.9998355864084765,0.9997808219178083,1.0011735159817352,1.0,1.0,0.9981731823164048,1.0,424742.971,6.6695,639101.4045,,0.90000,2,3,0.97000,1,0.97000,0.06000,0.07000,w84_09_07_amt90_mv20__exec_c097_pos90_dd12,amt90k_mv20w,w84_5d09_3d07,h2_m3_c0975,True,True,False,False,20260625
20260330,20260331,SZSE.301275,301275.SZ,汉朔科技,1,0.9982017543859648,0.9982017543859648,0.9981947743467934,1.0013506303672575,0.9981728485291431,0.9983552631578947,0.9983552631578947,0.998172514619883,214240.575,1.8366,1704806.4,,0.90000,2,3,0.97000,1,0.97000,0.06000,0.07000,w84_09_07_amt90_mv20__exec_c097_pos90_dd12,amt90k_mv20w,w84_5d09_3d07,h2_m3_c0975,True,True,False,False,20260625
20260331,20260401,SZSE.300509,300509.SZ,新美星,1,0.9994905970421764,0.9994905970421764,0.9994596568090545,1.0011728733114276,0.9996349032493611,0.9994522548840606,0.9981741829468688,0.9996348365893738,126693.65,4.4779,334339.2,,0.90000,2,3,0.97000,1,0.97000,0.06000,0.07000,w84_09_07_amt90_mv20__exec_c097_pos90_dd12,amt90k_mv20w,w84_5d09_3d07,h2_m3_c0975,True,True,False,False,20260625
20260401,20260402,SZSE.300509,300509.SZ,新美星,1,0.9991496350364962,0.9991496350364962,0.9991534391534391,1.0026329137018792,0.9990877577084474,0.9992700729927008,0.9996350364963503,0.9990875912408759,107740.119,3.7785,343527.6,,0.90000,2,3,0.97000,1,0.97000,0.06000,0.07000,w84_09_07_amt90_mv20__exec_c097_pos90_dd12,amt90k_mv20w,w84_5d09_3d07,h2_m3_c0975,True,True,False,False,20260625
20260402,20260403,SHSE.603200,603200.SH,上海洗霸,1,0.9986605839416057,0.9986605839416057,0.9986498814085021,1.0024499178981938,0.9985404123335158,0.9990875912408759,0.9994525547445255,0.9985401459854014,219234.741,2.1587,1007431.2713,,0.90000,2,3,0.97000,1,0.97000,0.06000,0.07000,w84_09_07_amt90_mv20__exec_c097_pos90_dd12,amt90k_mv20w,w84_5d09_3d07,h2_m3_c0975,True,True,False,False,20260625
20260403,20260407,SZSE.002146,002146.SZ,荣盛发展,1,0.9980642218573252,0.9980642218573252,0.9976431959139,0.9830353885443269,0.9996351696461145,0.9985404123335158,0.983032293377121,0.999635103083379,128144.572,2.3945,591350.2837,,0.90000,2,3,0.97000,1,0.97000,0.06000,0.07000,w84_09_07_amt90_mv20__exec_c097_pos90_dd12,amt90k_mv20w,w84_5d09_3d07,h2_m3_c0975,True,True,False,False,20260625
20260407,20260408,SZSE.002671,002671.SZ,龙泉股份,1,0.9995145985401459,0.9995145985401459,0.9995183360700601,1.00299890530925,0.9994526546250684,0.9996350364963503,1.0,0.9994525547445255,138209.283,5.3565,266969.288,,0.90000,2,3,0.97000,1,0.97000,0.06000,0.07000,w84_09_07_amt90_mv20__exec_c097_pos90_dd12,amt90k_mv20w,w84_5d09_3d07,h2_m3_c0975,True,True,False,False,20260625
20260408,20260409,SZSE.002671,002671.SZ,龙泉股份,1,1.0,1.0,1.0,1.003,1.0,1.0,1.0,1.0,104491.015,3.9454,273164.7778,,0.90000,2,3,0.97000,1,0.97000,0.06000,0.07000,w84_09_07_amt90_mv20__exec_c097_pos90_dd12,amt90k_mv20w,w84_5d09_3d07,h2_m3_c0975,True,True,False,False,20260625
20260409,20260410,SHSE.603358,603358.SH,华达科技,1,0.9980116639329324,0.9980116639329324,0.9980102040816327,1.0024489795918368,0.9978134110787172,0.9985420083834518,0.9994532531437944,0.9978130125751777,455477.041,2.8926,1633296.6753,,0.90000,2,3,0.97000,1,0.97000,0.06000,0.07000,w84_09_07_amt90_mv20__exec_c097_pos90_dd12,amt90k_mv20w,w84_5d09_3d07,h2_m3_c0975,True,True,False,False,20260625
20260410,20260413,SHSE.600022,600022.SH,山东钢铁,1,0.9971243853578582,0.9971243853578582,0.9970793882010197,1.0013557902403496,0.9969045884923525,0.998178838098707,0.9983609542888363,0.9969040247678018,146876.208,0.8918,1647622.8313,,0.90000,2,3,0.97000,1,0.97000,0.06000,0.07000,w84_09_07_amt90_mv20__exec_c097_pos90_dd12,amt90k_mv20w,w84_5d09_3d07,h2_m3_c0975,True,True,False,False,20260625
20260413,20260414,SZSE.301108,301108.SZ,洁雅股份,1,0.9971389546530687,0.9971389546530687,0.9964967225054625,0.9761471230881282,0.9992716678805535,0.9985430704789656,0.9761427790930614,0.9992715352394828,105856.564,5.9913,308404.1305,,0.90000,2,3,0.97000,1,0.97000,0.06000,0.07000,w84_09_07_amt90_mv20__exec_c097_pos90_dd12,amt90k_mv20w,w84_5d09_3d07,h2_m3_c0975,True,True,False,False,20260625
20260414,20260415,SZSE.000408,000408.SZ,藏格矿业,1,0.9998179832544594,0.9998179832544594,0.999818016378526,1.0028174704276616,0.999818016378526,0.9998179832544594,0.9998179832544594,0.9998179832544594,1185298.62,0.8907999992370605,13317084.5433,3.1031301021575928,0.90000,2,3,0.97000,1,0.97000,0.06000,0.07000,w84_09_07_amt90_mv20__exec_c097_pos90_dd12,amt90k_mv20w,w84_5d09_3d07,h2_m3_c0975,True,True,False,False,20260625
20260415,20260416,SZSE.301696,301696.SZ,三瑞智能,1,0.9999016751638747,0.9999016751638747,0.9998689240851993,1.0019077007099946,1.0,1.0,0.9989075018208303,1.0,1709488.926,48.5425,4559713.99,,0.90000,2,3,0.97000,1,0.97000,0.06000,0.07000,w84_09_07_amt90_mv20__exec_c097_pos90_dd12,amt90k_mv20w,w84_5d09_3d07,h2_m3_c0975,True,True,False,False,20260625
20260416,20260417,SZSE.300492,300492.SZ,华图山鼎,1,0.9996524745269287,0.9996524745269287,0.9996579952701474,1.002816991086047,0.9996361651810078,0.9996360989810772,0.9998180494905385,0.9996360989810772,305642.188,3.1086,1002089.9905,,0.90000,2,3,0.97000,1,0.97000,0.06000,0.07000,w84_09_07_amt90_mv20__exec_c097_pos90_dd12,amt90k_mv20w,w84_5d09_3d07,h2_m3_c0975,True,True,False,False,20260625
20260417,20260420,SZSE.300492,300492.SZ,华图山鼎,1,1.0,1.0,1.0,1.003,1.0,1.0,1.0,1.0,205613.523,1.9956,1042802.9695,,0.90000,2,3,0.97000,1,0.97000,0.06000,0.07000,w84_09_07_amt90_mv20__exec_c097_pos90_dd12,amt90k_mv20w,w84_5d09_3d07,h2_m3_c0975,True,True,False,False,20260625
20260420,20260421,SZSE.300492,300492.SZ,华图山鼎,1,0.999528319067565,0.999528319067565,0.9995193008011652,1.0029994537509104,0.9994537509104151,0.9998178838098707,1.0,0.9994536514296121,214720.635,2.022,1076435.4304,,0.90000,2,3,0.97000,1,0.97000,0.06000,0.07000,w84_09_07_amt90_mv20__exec_c097_pos90_dd12,amt90k_mv20w,w84_5d09_3d07,h2_m3_c0975,True,True,False,False,20260625
20260421,20260422,SZSE.300492,300492.SZ,华图山鼎,1,0.9994996360989811,0.9994996360989811,0.9994979079497908,1.002816991086047,0.9994542477715117,0.9996360989810772,0.9998180494905385,0.9994541484716157,157306.811,1.4721,1060897.6269,,0.90000,2,3,0.97000,1,0.97000,0.06000,0.07000,w84_09_07_amt90_mv20__exec_c097_pos90_dd12,amt90k_mv20w,w84_5d09_3d07,h2_m3_c0975,True,True,False,False,20260625
20260422,20260423,SZSE.300492,300492.SZ,华图山鼎,1,0.9986481077147016,0.9986481077147016,0.9986319810805894,1.0022696016008732,0.9985446607240313,0.9990902474526928,0.9992721979621543,0.9985443959243085,118485.616,1.1231,1055193.8762,,0.90000,2,3,0.97000,1,0.97000,0.06000,0.07000,w84_09_07_amt90_mv20__exec_c097_pos90_dd12,amt90k_mv20w,w84_5d09_3d07,h2_m3_c0975,True,True,False,False,20260625
20260423,20260424,SHSE.603390,603390.SH,通达电气,1,0.9983051156016749,0.9983051156016749,0.9982453585729887,1.0017236985802693,0.9981798325445941,0.9992718004733296,0.998725650828327,0.9981795011833242,116085.96,2.4958,466642.1828,,0.90000,2,3,0.97000,1,0.97000,0.06000,0.07000,w84_09_07_amt90_mv20__exec_c097_pos90_dd12,amt90k_mv20w,w84_5d09_3d07,h2_m3_c0975,True,True,False,False,20260625
20260424,20260427,SZSE.300543,300543.SZ,朗科智能,1,0.9998343949044586,0.9998343949044586,0.999839883551674,1.0029994541484717,0.9998180494905385,0.999818016378526,1.0,0.999818016378526,126714.004,5.6073,279104.2853,,0.90000,2,3,0.97000,1,0.97000,0.06000,0.07000,w84_09_07_amt90_mv20__exec_c097_pos90_dd12,amt90k_mv20w,w84_5d09_3d07,h2_m3_c0975,True,True,False,False,20260625
20260427,20260428,SZSE.300492,300492.SZ,华图山鼎,1,0.9996650891882054,0.9996650891882054,0.9996578707916287,1.0028174704276616,0.9996360327570518,0.9998179832544594,0.9998179832544594,0.9996359665089188,112319.98,1.1116,1004056.8011,,0.90000,2,3,0.97000,1,0.97000,0.06000,0.07000,w84_09_07_amt90_mv20__exec_c097_pos90_dd12,amt90k_mv20w,w84_5d09_3d07,h2_m3_c0975,True,True,False,False,20260625
20260428,20260429,SHSE.600057,600057.SH,厦门象屿,1,0.9983561144523417,0.9983561144523417,0.9983309037900875,1.0024506195335277,0.9981778425655977,0.9990887552396573,0.9994532531437944,0.9981775104793147,312744.171,2.1377,2031021.3774,,0.90000,2,3,0.97000,1,0.97000,0.06000,0.07000,w84_09_07_amt90_mv20__exec_c097_pos90_dd12,amt90k_mv20w,w84_5d09_3d07,h2_m3_c0975,True,True,False,False,20260625
20260429,20260430,SZSE.002036,002036.SZ,联创电子,1,0.9989177806262589,0.9989177806262589,0.9989234712559502,1.002081288905163,0.9989015012815818,0.9989013001281817,0.9990844167734847,0.9989013001281817,510454.916,6.1667,835502.4642,,0.90000,2,3,0.97000,1,0.97000,0.06000,0.07000,w84_09_07_amt90_mv20__exec_c097_pos90_dd12,amt90k_mv20w,w84_5d09_3d07,h2_m3_c0975,True,True,False,False,20260625
20260430,20260506,SZSE.002036,002036.SZ,联创电子,1,0.9987928191976552,0.9987928191976552,0.9987838827838829,1.002264652014652,0.9987179487179487,0.9990840813335776,0.999267265066862,0.9987177138670086,337866.276,4.1543,812235.307,,0.90000,2,3,0.97000,1,0.97000,0.06000,0.07000,w84_09_07_amt90_mv20__exec_c097_pos90_dd12,amt90k_mv20w,w84_5d09_3d07,h2_m3_c0975,True,True,False,False,20260625
20260506,20260507,SHSE.600741,600741.SH,华域汽车,1,0.9994370559300418,0.9994370559300418,0.9994316939890711,1.0022697632058288,0.9994535519125683,0.999453452359264,0.9992712698123519,0.999453452359264,653186.084,1.125499963760376,5829386.6464,0.3995000123977661,0.90000,2,3,0.97000,1,0.97000,0.06000,0.07000,w84_09_07_amt90_mv20__exec_c097_pos90_dd12,amt90k_mv20w,w84_5d09_3d07,h2_m3_c0975,True,True,False,False,20260625
20260507,20260508,SZSE.002576,002576.SZ,通达动力,1,0.9993426802621994,0.9993426802621994,0.9993154924449298,1.0026353540870199,0.9992718004733296,0.9998179169701383,0.9996358339402768,0.9992716678805535,123890.164,4.0409,313194.7,,0.90000,2,3,0.97000,1,0.97000,0.06000,0.07000,w84_09_07_amt90_mv20__exec_c097_pos90_dd12,amt90k_mv20w,w84_5d09_3d07,h2_m3_c0975,True,True,False,False,20260625
20260508,20260511,SHSE.601162,601162.SH,天风证券,1,0.9999508196721312,0.9999508196721312,0.9999344381715535,1.002453651429612,1.0,1.0,0.9994535519125683,1.0,418652.031,1.2901999950408936,3797892.4332,0.1014999970793724,0.90000,2,3,0.97000,1,0.97000,0.06000,0.07000,w84_09_07_amt90_mv20__exec_c097_pos90_dd12,amt90k_mv20w,w84_5d09_3d07,h2_m3_c0975,True,True,False,False,20260625
20260511,20260512,SHSE.601162,601162.SH,天风证券,1,0.9999344262295082,0.9999344262295082,0.999912584228738,1.0022715352394826,1.0,1.0,0.9992714025500911,1.0,789175.631,2.4123001098632812,3858336.3446,0.09950000047683716,0.90000,2,3,0.97000,1,0.97000,0.06000,0.07000,w84_09_07_amt90_mv20__exec_c097_pos90_dd12,amt90k_mv20w,w84_5d09_3d07,h2_m3_c0975,True,True,False,False,20260625
20260512,20260513,SHSE.601162,601162.SH,天风证券,1,0.9997686281654217,0.9997686281654217,0.999752276867031,1.0022708561020037,0.9998178506375228,0.999817817453088,0.9992712698123519,0.999817817453088,630584.598,1.9148999452590942,3848262.3594,0.09799999743700027,0.90000,2,3,0.97000,1,0.97000,0.06000,0.07000,w84_09_07_amt90_mv20__exec_c097_pos90_dd12,amt90k_mv20w,w84_5d09_3d07,h2_m3_c0975,True,True,False,False,20260625
20260513,20260514,SZSE.002045,002045.SZ,国光电器,1,0.9998689002184997,0.9998689002184997,0.9998252321135991,1.0015436009466594,1.0,1.0,0.9985433357611071,1.0,130480.691,2.0188,647980.5681,,0.90000,2,3,0.97000,1,0.97000,0.06000,0.07000,w84_09_07_amt90_mv20__exec_c097_pos90_dd12,amt90k_mv20w,w84_5d09_3d07,h2_m3_c0975,True,True,False,False,20260625
20260514,20260515,SZSE.300092,300092.SZ,科新机电,1,0.999606700655499,0.999606700655499,0.9994756963407974,0.9986308028399782,1.0,1.0,0.9956300072833212,1.0,113638.959,3.2263,452521.2437,,0.90000,2,3,0.97000,1,0.97000,0.06000,0.07000,w84_09_07_amt90_mv20__exec_c097_pos90_dd12,amt90k_mv20w,w84_5d09_3d07,h2_m3_c0975,True,True,False,False,20260625
20260515,20260518,SZSE.300092,300092.SZ,科新机电,1,0.9998361849290134,0.9998361849290134,0.9997816196542311,1.0011801637852593,1.0,1.0,0.9981798325445941,1.0,100075.236,2.8769,453343.0135,,0.90000,2,3,0.97000,1,0.97000,0.06000,0.07000,w84_09_07_amt90_mv20__exec_c097_pos90_dd12,amt90k_mv20w,w84_5d09_3d07,h2_m3_c0975,True,True,False,False,20260625
20260518,20260519,SHSE.603739,603739.SH,蔚蓝生物,1,0.9996835212804656,0.9996835212804656,0.9996217494089835,1.0011814875431897,0.999818148754319,1.0,0.9981811567842852,0.9998181156784285,149951.735,4.0054,374735.7505,,0.90000,2,3,0.97000,1,0.97000,0.06000,0.07000,w84_09_07_amt90_mv20__exec_c097_pos90_dd12,amt90k_mv20w,w84_5d09_3d07,h2_m3_c0975,True,True,False,False,20260625
20260519,20260520,SZSE.301090,301090.SZ,华润材料,1,0.9996832332058985,0.9996832332058985,0.9996214051692756,1.001179832544594,0.9998179832544594,1.0,0.9981795011833242,0.9998179501183324,113954.197,0.944,1203000.985,,0.90000,2,3,0.97000,1,0.97000,0.06000,0.07000,w84_09_07_amt90_mv20__exec_c097_pos90_dd12,amt90k_mv20w,w84_5d09_3d07,h2_m3_c0975,True,True,False,False,20260625
20260520,20260521,SHSE.603701,603701.SH,德宏股份,1,0.9993323631071493,0.9993323631071493,0.9991269552564569,0.9927246271371408,1.0,0.9998180825905039,0.9927233036201565,1.0,183523.572,2.7299,675359.1522,,0.90000,2,3,0.97000,1,0.97000,0.06000,0.07000,w84_09_07_amt90_mv20__exec_c097_pos90_dd12,amt90k_mv20w,w84_5d09_3d07,h2_m3_c0975,True,True,False,False,20260625
20260521,20260522,SHSE.603701,603701.SH,德宏股份,1,0.9999018181818182,0.9999018181818182,0.999869114706417,1.0019092892201418,1.0,1.0,0.9989090909090909,1.0,161767.315,2.3799,664120.5904,,0.90000,2,3,0.97000,1,0.97000,0.06000,0.07000,w84_09_07_amt90_mv20__exec_c097_pos90_dd12,amt90k_mv20w,w84_5d09_3d07,h2_m3_c0975,True,True,False,False,20260625
20260522,20260525,SHSE.603701,603701.SH,德宏股份,1,0.9999182264219517,0.9999182264219517,0.999890988372093,1.0020915697674417,1.0,1.0,0.9990914046883518,1.0,111207.21,1.6676,667779.6571,,0.90000,2,3,0.97000,1,0.97000,0.06000,0.07000,w84_09_07_amt90_mv20__exec_c097_pos90_dd12,amt90k_mv20w,w84_5d09_3d07,h2_m3_c0975,True,True,False,False,20260625
20260525,20260526,SHSE.603701,603701.SH,德宏股份,1,0.9997819371252044,0.9997819371252044,0.9997529069767442,1.0022732558139535,0.9998183139534884,1.0,0.9992731237506814,0.9998182809376703,125380.048,1.8553,674052.3427,,0.90000,2,3,0.97000,1,0.97000,0.06000,0.07000,w84_09_07_amt90_mv20__exec_c097_pos90_dd12,amt90k_mv20w,w84_5d09_3d07,h2_m3_c0975,True,True,False,False,20260625
20260526,20260527,SHSE.603701,603701.SH,德宏股份,1,0.9988896965291658,0.9988896965291658,0.9985973837209302,0.9896438953488372,0.9998183139534884,0.9996365618753407,0.9896420134472106,0.9998182809376703,118895.271,1.7732,678756.8569,,0.90000,2,3,0.97000,1,0.97000,0.06000,0.07000,w84_09_07_amt90_mv20__exec_c097_pos90_dd12,amt90k_mv20w,w84_5d09_3d07,h2_m3_c0975,True,True,False,False,20260625
20260527,20260528,SHSE.600606,600606.SH,绿地控股,1,0.999983651226158,0.999983651226158,0.9999782055938976,1.0028183799491464,1.0,1.0,0.9998183469573115,1.0,121882.466,0.6245999932289124,1953536.3456,0.07999999821186066,0.90000,2,3,0.97000,1,0.97000,0.06000,0.07000,w84_09_07_amt90_mv20__exec_c097_pos90_dd12,amt90k_mv20w,w84_5d09_3d07,h2_m3_c0975,True,True,False,False,20260625
20260528,20260529,SHSE.600839,600839.SH,四川长虹,1,0.9973042688465031,0.9973042688465031,0.9972902288412642,1.0017226661823466,0.9970940791863422,0.9980018165304269,0.9987284287011807,0.9970935513169845,685033.573,2.0068,3416020.7243,,0.90000,2,3,0.97000,1,0.97000,0.06000,0.07000,w84_09_07_amt90_mv20__exec_c097_pos90_dd12,amt90k_mv20w,w84_5d09_3d07,h2_m3_c0975,True,True,False,False,20260625
20260529,20260601,SZSE.301439,301439.SZ,泓淋电力,1,0.9992534059945504,0.9992534059945504,0.9992299309843806,1.0019086451144206,0.9992735197965855,0.9994550408719346,0.9989100817438692,0.9992733878292461,237094.581,6.6114,761472.2402,,0.90000,2,3,0.97000,1,0.97000,0.06000,0.07000,w84_09_07_amt90_mv20__exec_c097_pos90_dd12,amt90k_mv20w,w84_5d09_3d07,h2_m3_c0975,True,True,False,False,20260625
20260601,20260602,SHSE.603629,603629.SH,利通电子,1,0.9986635191574359,0.9986635191574359,0.9986347131445171,1.0022716049382716,0.9985475671750181,0.9992736517159978,0.9992736517159978,0.9985473034319956,582078.756,1.0412,5683425.12,,0.90000,2,3,0.97000,1,0.97000,0.06000,0.07000,w84_09_07_amt90_mv20__exec_c097_pos90_dd12,amt90k_mv20w,w84_5d09_3d07,h2_m3_c0975,True,True,False,False,20260625
20260602,20260603,SZSE.300972,300972.SZ,万辰集团,1,0.998547039593171,0.998547039593171,0.9985473034319956,1.0015429453422915,0.9985473034319956,0.998547039593171,0.998547039593171,0.998547039593171,562209.465,1.6109000444412231,3782292.4979,10.849499702453613,0.90000,2,3,0.97000,1,0.97000,0.06000,0.07000,w84_09_07_amt90_mv20__exec_c097_pos90_dd12,amt90k_mv20w,w84_5d09_3d07,h2_m3_c0975,True,True,False,False,20260625
20260603,20260604,SZSE.300972,300972.SZ,万辰集团,1,0.998125226860254,0.998125226860254,0.9980547994919252,1.0000929050988931,0.9981854472872437,0.9987295825771325,0.9970961887477314,0.9981851179673321,468107.186,1.3280999660491943,3806959.1939,10.498499870300293,0.90000,2,3,0.97000,1,0.97000,0.06000,0.07000,w84_09_07_amt90_mv20__exec_c097_pos90_dd12,amt90k_mv20w,w84_5d09_3d07,h2_m3_c0975,True,True,False,False,20260625
20260604,20260605,SZSE.300106,300106.SZ,西部牧业,1,0.9986769509981851,0.9986769509981851,0.9986427145708582,1.0010007258210851,0.9987298131010706,0.9989110707803993,0.9980036297640653,0.9987295825771325,249755.527,8.5062,285932.6154,,0.90000,2,3,0.97000,1,0.97000,0.06000,0.07000,w84_09_07_amt90_mv20__exec_c097_pos90_dd12,amt90k_mv20w,w84_5d09_3d07,h2_m3_c0975,True,True,False,False,20260625
20260605,20260608,SZSE.000802,000802.SZ,北京文化,1,0.9997859604571013,0.9997859604571013,0.9997751178817555,1.002455386289445,0.9998186434530286,0.9998186105568656,0.9994558316705968,0.9998186105568656,371874.099,10.8222,348643.4242,,0.90000,2,3,0.97000,1,0.97000,0.06000,0.07000,w84_09_07_amt90_mv20__exec_c097_pos90_dd12,amt90k_mv20w,w84_5d09_3d07,h2_m3_c0975,True,True,False,False,20260625
20260608,20260609,SZSE.300106,300106.SZ,西部牧业,1,0.9986615886833514,0.9986615886833514,0.9986219401631913,1.000820852221215,0.998730734360834,0.998911860718172,0.9978237214363439,0.9987305041712006,204013.273,7.5944,261840.7321,1.037,0.90000,2,3,0.97000,1,0.97000,0.06000,0.07000,w84_09_07_amt90_mv20__exec_c097_pos90_dd12,amt90k_mv20w,w84_5d09_3d07,h2_m3_c0975,True,True,False,False,20260625
20260609,20260610,SZSE.002487,002487.SZ,大金重工,1,0.9993362350380849,0.9993362350380849,0.9993399818676337,1.0028170444242974,0.999274705349048,0.999455930359086,0.9998186434530286,0.9992745738121146,1747983.31521,4.5638,4527632.807,3.5165,0.90000,2,3,0.97000,1,0.97000,0.06000,0.07000,w84_09_07_amt90_mv20__exec_c097_pos90_dd12,amt90k_mv20w,w84_5d09_3d07,h2_m3_c0975,True,True,False,False,20260625
20260610,20260611,SHSE.688693,688693.SH,锴威特,1,0.9979804028307022,0.9979804028307022,0.9979317851959362,1.0017267779390422,0.997822931785196,0.9989112683723462,0.9987298131010706,0.9978225367446925,441518.596,11.6584,697789.4782,10.7085,0.90000,2,3,0.97000,1,0.97000,0.06000,0.07000,w84_09_07_amt90_mv20__exec_c097_pos90_dd12,amt90k_mv20w,w84_5d09_3d07,h2_m3_c0975,True,True,False,False,20260625
20260611,20260612,SZSE.000876,000876.SZ,新希望,1,0.9977164639680524,0.9977164639680524,0.9976479128856625,0.9993647912885663,0.9978221415607985,0.9981847885278635,0.996369577055727,0.9978217462334362,353565.10585,1.1787,2976334.4317,0.191,0.90000,2,3,0.97000,1,0.97000,0.06000,0.07000,w84_09_07_amt90_mv20__exec_c097_pos90_dd12,amt90k_mv20w,w84_5d09_3d07,h2_m3_c0975,True,True,False,False,20260625
20260612,20260615,SHSE.688808,688808.SH,联讯仪器,1,0.9985281306715064,0.9985281306715064,0.9984975503538378,1.0024534567229177,0.9983669025585193,0.9992740471869328,0.9994555353901996,0.9983666061705989,4066089.518,10.0112,21344400.0693,210.143,0.90000,2,3,0.97000,1,0.97000,0.06000,0.07000,w84_09_07_amt90_mv20__exec_c097_pos90_dd12,amt90k_mv20w,w84_5d09_3d07,h2_m3_c0975,True,True,False,False,20260625
20260615,20260616,SHSE.600518,600518.SH,康美药业,1,0.99905540417802,0.99905540417802,0.9988957500908101,0.9934616781692699,0.9996367598982928,0.9992733878292461,0.9934604904632153,0.9996366939146231,310967.954,1.6013,1922216.6399,0.0505,0.90000,2,3,0.97000,1,0.97000,0.06000,0.07000,w84_09_07_amt90_mv20__exec_c097_pos90_dd12,amt90k_mv20w,w84_5d09_3d07,h2_m3_c0975,True,True,False,False,20260625
20260616,20260617,SZSE.002482,002482.SZ,广田集团,1,0.9997913642960813,0.9997913642960813,0.9997387992018865,1.0008227825140577,1.0,0.9998185776487664,0.997822931785196,1.0,109448.11138,2.1143,525134.736,0.0595,0.90000,2,3,0.97000,1,0.97000,0.06000,0.07000,w84_09_07_amt90_mv20__exec_c097_pos90_dd12,amt90k_mv20w,w84_5d09_3d07,h2_m3_c0975,True,True,False,False,20260625
20260617,20260618,SZSE.300255,300255.SZ,常山药业,1,0.9982915758896151,0.9982915758896151,0.9982937012161917,1.0020880377563985,0.9981847885278635,0.9985475671750181,0.9990922294843864,0.9981844589687727,1897781.10904,7.8348,2290299.7628,2.556,0.90000,2,3,0.97000,1,0.97000,0.06000,0.07000,w84_09_07_amt90_mv20__exec_c097_pos90_dd12,amt90k_mv20w,w84_5d09_3d07,h2_m3_c0975,True,True,False,False,20260625
20260618,20260622,SZSE.300747,300747.SZ,锐科激光,1,0.9996821649110061,0.9996821649110061,0.9996804067550391,1.002999455238787,0.999636825857999,0.9998183799491464,1.0,0.9996367598982928,2132551.3294,7.4257,3035448.0,4.21503,0.90000,2,3,0.97000,1,0.97000,0.06000,0.07000,w84_09_07_amt90_mv20__exec_c097_pos90_dd12,amt90k_mv20w,w84_5d09_3d07,h2_m3_c0975,True,True,False,False,20260625
20260622,20260623,SHSE.688059,688059.SH,华锐精密,1,1.0,1.0,1.0,1.003,1.0,1.0,1.0,1.0,1195045.984,5.9525,2116720.556,13.163,0.90000,2,3,0.97000,1,0.97000,0.06000,0.07000,w84_09_07_amt90_mv20__exec_c097_pos90_dd12,amt90k_mv20w,w84_5d09_3d07,h2_m3_c0975,True,True,False,False,20260625
20260623,20260624,SZSE.300959,300959.SZ,线上线下,1,0.9992489114658925,0.9992489114658925,0.9991293306729548,0.9997349900235807,0.9994558316705968,1.0,0.9967343976777939,0.999455732946299,436844.72644,5.3584,1248031.5662,18.1055,0.90000,2,3,0.97000,1,0.97000,0.06000,0.07000,w84_09_07_amt90_mv20__exec_c097_pos90_dd12,amt90k_mv20w,w84_5d09_3d07,h2_m3_c0975,True,True,False,False,20260625
20260624,20260625,SZSE.301217,301217.SZ,铜冠铜箔,1,0.9994320450009072,0.9994320450009072,0.9992597968069666,0.9938316400580551,1.0,0.9998185447287243,0.9938305207766286,1.0,8572052.13472,5.6541,15476890.3695,16.7085,0.90000,2,3,0.97000,1,0.97000,0.06000,0.07000,w84_09_07_amt90_mv20__exec_c097_pos90_dd12,amt90k_mv20w,w84_5d09_3d07,h2_m3_c0975,True,True,False,False,20260625
20260625,,SHSE.688322,688322.SH,奥比中光,1,0.9995154264972776,0.9995154264972776,0.9994411177644711,1.001003992015968,0.9996370894574488,1.0,0.9980036297640653,0.9996370235934664,2317028.733,5.7828,5058341.79,11.566,0.90000,2,3,0.97000,1,0.97000,0.06000,0.07000,w84_09_07_amt90_mv20__exec_c097_pos90_dd12,amt90k_mv20w,w84_5d09_3d07,h2_m3_c0975,False,False,False,False,20260625
