signal_date,buy_date,symbol,stock_code,name,rank,pred_prob,entry_score,pred_1d,pred_3d,pred_5d,pred_10d,rank_1d,rank_3d,rank_5d,rank_10d,amount,turnover_rate,total_mv,atr_qfq,target_pct,holding_days,max_holding_days,score_exit_entry_ratio,min_holding_days_before_score_exit
20240604,20240605,SZSE.300266,300266.SZ,兴源环境,1,1.0,0.9999810606060606,0.762544972543079,0.9999772770308654,0.999810641923878,1.0,0.7625,1.0,0.999810606060606,1.0,106088.109,5.336,201994.9508,nan,0.99000,5,5,0.98000,1
20240605,20240606,SHSE.600022,600022.SH,山东钢铁,1,1.0,0.9997917849706607,0.982778198334595,0.9997501892505678,0.9979182437547313,1.0,0.9827749384819231,1.0,0.9979178497066061,1.0,98423.959,0.7752,1251765.3978,nan,0.99000,5,5,0.98000,1
20240606,20240607,SZSE.300102,300102.SZ,乾照光电,1,1.0,0.9999621427219383,0.9981074943224829,0.9999545798637396,0.9996214988644966,1.0,0.9981071360969146,1.0,0.999621427219383,1.0,197534.714,3.4977,557459.7836,nan,0.99000,5,5,0.98000,1
20240607,20240611,SZSE.002368,002368.SZ,太极股份,1,0.9999998565197429,0.9996590909090909,0.8894148835447832,0.9996667297860253,1.0,0.9996212838477561,0.7865530303030303,1.0,1.0,0.9996212121212121,149795.687,1.1953,1251448.4223,nan,0.99000,5,5,0.98000,1
20240611,20240612,SZSE.002368,002368.SZ,太极股份,1,1.0,1.0,0.8895095625828442,1.0,1.0,1.0,0.7867424242424242,1.0,1.0,1.0,314943.928,2.4374,1328105.8705,nan,0.99000,5,5,0.98000,1
20240612,20240613,SZSE.002368,002368.SZ,太极股份,1,0.9999999641842227,0.9998296744890235,0.993755912961211,0.9998334910122989,1.0,0.9998107852412488,0.9937547312641938,0.9998107494322483,1.0,0.9998107494322483,272254.947,2.0659,1333091.7208,nan,0.99000,5,5,0.98000,1
20240613,20240614,SZSE.002368,002368.SZ,太极股份,1,1.0,1.0,0.9918653045781309,1.0,1.0,1.0,0.9918637653736991,1.0,1.0,1.0,218084.235,1.6584,1333714.952,nan,0.99000,5,5,0.98000,1
20240614,20240617,SZSE.002368,002368.SZ,太极股份,1,1.0,1.0,0.9981089258698941,1.0,1.0,1.0,0.9981085681861169,1.0,1.0,1.0,296645.169,2.2011,1358644.2035,nan,0.99000,5,5,0.98000,1
20240617,20240618,SZSE.002368,002368.SZ,太极股份,1,1.0,1.0,0.9986759977302818,1.0,1.0,1.0,0.998675747256905,1.0,1.0,1.0,292887.942,2.1377,1392298.6929,nan,0.99000,5,5,0.98000,1
20240618,20240619,SZSE.002368,002368.SZ,太极股份,1,1.0,1.0,0.9869491204842066,1.0,1.0,1.0,0.9869466515323496,1.0,1.0,1.0,210292.769,1.5091,1410372.4002,nan,0.99000,5,5,0.98000,1
20240619,20240620,SZSE.002368,002368.SZ,太极股份,1,0.9999999642248569,0.9998297711367505,1.0,0.9998335854765507,1.0,0.9998108925869894,1.0,0.9998108568186117,1.0,0.9998108568186117,154424.734,1.1128,1390428.9991,nan,0.99000,5,5,0.98000,1
20240620,20240621,SZSE.002368,002368.SZ,太极股份,1,0.9999999642248569,0.9998297711367505,1.0,0.9998335854765507,1.0,0.9998108925869894,1.0,0.9998108568186117,1.0,0.9998108568186117,164714.831,1.2041,1362383.5912,nan,0.99000,5,5,0.98000,1
20240621,20240624,SHSE.600567,600567.SH,山鹰国际,1,1.0,0.9999810856818612,0.99357034795764,0.9999773071104388,0.9998108925869894,1.0,0.9935691318327974,1.0,0.9998108568186117,1.0,193820.665,3.1825,594586.1196,nan,0.99000,5,5,0.98000,1
20240624,20240625,SHSE.601588,601588.SH,北辰实业,1,1.0,0.999981089258699,0.6295140858385329,0.999977311401021,0.9998109283418416,1.0,0.5601361573373677,1.0,0.9998108925869894,1.0,90720.813,2.5217,454547.7,nan,0.99000,5,5,0.98000,1
20240625,20240626,SZSE.002368,002368.SZ,太极股份,1,0.999999677535962,0.9994510694681052,0.9998107494322483,0.9994549583648751,0.9996214988644966,0.9994322482967449,0.9998107136096914,0.9998107136096914,0.999621427219383,0.9994321408290744,145868.286,1.1365,1275131.2112,nan,0.99000,5,5,0.98000,1
20240626,20240627,SZSE.002368,002368.SZ,太极股份,1,1.0,0.9998298676748583,0.9954639954639954,0.9997958797958798,0.9982989982989983,1.0,0.9954631379962193,1.0,0.9982986767485822,1.0,227502.483,1.7268,1359267.4348,nan,0.99000,5,5,0.98000,1
20240627,20240628,SZSE.002368,002368.SZ,太极股份,1,1.0,1.0,0.9943278502552467,1.0,1.0,1.0,0.9943267776096822,1.0,1.0,1.0,270382.913,1.9907,1377341.1421,nan,0.99000,5,5,0.98000,1
20240628,20240701,SZSE.002368,002368.SZ,太极股份,1,0.9999999642654221,0.9997920604914935,0.9948969948969949,0.9997883197883198,0.9996219996219996,0.9998109998109999,0.9948960302457467,0.9998109640831758,0.9996219281663516,0.9998109640831758,385436.102,2.7631,1405386.5499,nan,0.99000,5,5,0.98000,1
20240701,20240702,SZSE.002368,002368.SZ,太极股份,1,1.0,1.0,0.9943278502552467,1.0,1.0,1.0,0.9943267776096822,1.0,1.0,1.0,178643.773,1.3041,1391675.4616,nan,0.99000,5,5,0.98000,1
20240702,20240703,SZSE.300619,300619.SZ,金银河,1,0.9999982483434959,0.9987521270561542,0.7449905482041588,0.9987674858223062,0.9994328922495274,0.9986767485822307,0.7430516165626773,0.9986764983928909,0.9994327850255247,0.9986764983928909,122818.763,5.5196,265416.4019,nan,0.99000,5,5,0.98000,1
20240703,20240704,SZSE.300736,300736.SZ,百邦科技,1,0.9999991066355538,0.9991115311909263,0.9922509922509922,0.9991230391230391,0.9996219996219996,0.9990549990549991,0.9922495274102079,0.999054820415879,0.9996219281663516,0.999054820415879,162146.801,11.1792,144503.2193,nan,0.99000,5,5,0.98000,1
20240704,20240705,SZSE.300619,300619.SZ,金银河,1,0.999999678510357,0.9994518994518995,0.9986772486772487,0.9994557823129252,0.9996220710506425,0.9994331065759637,0.9986769986769987,0.9994329994329995,0.9996219996219996,0.9994329994329995,48180.697,2.2667,254842.5765,nan,0.99000,5,5,0.98000,1
20240705,20240708,SZSE.301315,301315.SZ,威士顿,1,0.999999678510357,0.9994896994896995,0.9931972789115646,0.9995011337868481,1.0,0.9994331065759637,0.9931959931959932,0.9998109998109999,1.0,0.9994329994329995,94525.96,8.6196,263560.0,nan,0.99000,5,5,0.98000,1
20240708,20240709,SZSE.300736,300736.SZ,百邦科技,1,0.9999998569535454,0.9996596066565809,0.9914917753828701,0.9996672338816411,1.0,0.9996218566836831,0.9914901664145235,0.9998108925869894,1.0,0.9996217851739788,144680.212,11.6355,121611.6202,nan,0.99000,5,5,0.98000,1
20240709,20240710,SZSE.300736,300736.SZ,百邦科技,1,0.9999999642654221,0.9997164461247637,0.9965034965034965,0.9996975996975997,0.9988659988659989,0.9998109998109999,0.9964083175803403,0.9998109640831758,0.9988657844990548,0.9998109640831758,130855.358,11.0166,121611.6202,nan,0.99000,5,5,0.98000,1
20240710,20240711,SZSE.300736,300736.SZ,百邦科技,1,0.9999996786318458,0.9994708994708995,0.9911203476289439,0.9994785565841677,0.9998110712261478,0.9994332136784432,0.9909297052154195,0.9996220710506425,0.9998110355253212,0.9994331065759637,105306.069,8.9107,117059.3136,nan,0.99000,5,5,0.98000,1
20240711,20240712,SZSE.300736,300736.SZ,百邦科技,1,0.9999998571697092,0.9996409674981104,0.9930096353674664,0.9996448139051578,0.9998110712261478,0.9996221424522955,0.9930083144368859,0.9996220710506425,0.9998110355253212,0.9996220710506425,123801.872,10.3858,120050.8294,nan,0.99000,5,5,0.98000,1
20240712,20240715,SZSE.300736,300736.SZ,百邦科技,1,0.9999998571697092,0.9996409674981104,0.9907424900812394,0.9996448139051578,0.9998110712261478,0.9996221424522955,0.9907407407407407,0.9996220710506425,0.9998110355253212,0.9996220710506425,87583.547,7.5036,117059.3136,nan,0.99000,5,5,0.98000,1
20240715,20240716,SZSE.300736,300736.SZ,百邦科技,1,0.9999998572236737,0.9996410353296807,0.9901775595013222,0.9996448809973555,0.999811106913487,0.9996222138269739,0.9901757037596826,0.9998110712261478,0.9998110712261478,0.9996221424522955,98817.296,8.8265,111596.5456,nan,0.99000,5,5,0.98000,1
20240716,20240717,SZSE.300736,300736.SZ,百邦科技,1,0.9999999643059184,0.9998110712261478,0.989233094068757,0.999811106913487,0.999811106913487,0.999811106913487,0.9892310598904213,0.9998110712261478,0.9998110712261478,0.9998110712261478,76444.011,6.8884,111856.6774,nan,0.99000,5,5,0.98000,1
20240717,20240718,SZSE.300736,300736.SZ,百邦科技,1,0.999999678510357,0.9994896994896995,0.9822373393801965,0.9995011337868481,1.0,0.9994331065759637,0.9822339822339823,0.9996219996219996,1.0,0.9994329994329995,116859.644,10.9774,106263.8436,nan,0.99000,5,5,0.98000,1
20240718,20240719,SZSE.300736,300736.SZ,百邦科技,1,0.9999998571157143,0.9996597996597997,0.9616402116402116,0.9996674225245654,1.0,0.9996220710506425,0.9614439614439615,0.9996219996219996,1.0,0.9996219996219996,99684.432,9.8374,103532.4596,nan,0.99000,5,5,0.98000,1
20240719,20240722,SZSE.300736,300736.SZ,百邦科技,1,0.9999998570616886,0.9996408317580341,0.9583254583254583,0.9996446796446796,0.9998109998109999,0.9996219996219996,0.9582230623818525,0.9996219281663516,0.9998109640831758,0.9996219281663516,95753.06,9.2338,103532.4596,nan,0.99000,5,5,0.98000,1
20240722,20240723,SZSE.002373,002373.SZ,千方科技,1,0.9999999642789286,0.9997353997353998,0.9998110355253212,0.9997203325774755,0.9990551776266062,0.9998110355253212,0.9998109998109999,0.9998109998109999,0.9990549990549991,0.9998109998109999,272051.104,2.2398,1390565.6292,nan,0.99000,5,5,0.98000,1
20240723,20240724,SZSE.301552,301552.SZ,科力装备,1,1.0,0.9999054999054999,0.981103552532124,0.9998866213151928,0.9990551776266062,1.0,0.9673029673029673,1.0,0.9990549990549991,1.0,751922.427,76.6145,470560.0,nan,0.99000,5,5,0.98000,1
20240724,20240725,SZSE.002373,002373.SZ,千方科技,1,1.0,0.9998487998487999,0.996031746031746,0.9998185941043084,0.99848828420257,1.0,0.996030996030996,0.9998109998109999,0.9984879984879985,1.0,447155.707,3.8792,1300494.9009,nan,0.99000,5,5,0.98000,1
20240725,20240726,SZSE.000981,000981.SZ,山子高科,1,1.0,0.9998298676748583,1.0,0.9997958797958798,0.9982989982989983,1.0,1.0,0.9998109640831758,0.9982986767485822,1.0,10505.7,0.1988,809795.1419,nan,0.99000,5,5,0.98000,1
20240726,20240729,SHSE.688217,688217.SH,睿昂基因,1,1.0,1.0,0.9816773706082358,1.0,1.0,1.0,0.981673908936331,1.0,1.0,1.0,41248.864,5.5776,73562.215,nan,0.99000,5,5,0.98000,1
20240729,20240730,SHSE.688217,688217.SH,睿昂基因,1,0.9999999642924273,0.9998299319727891,0.9922539202720574,0.99983374267901,1.0,0.9998110712261478,0.9922524565381708,1.0,1.0,0.9998110355253212,31399.831,4.2461,73841.4945,nan,0.99000,5,5,0.98000,1
20240730,20240731,SHSE.688511,688511.SH,天微电子,1,1.0,0.9999811071226148,0.9879108424631659,0.9999773328296184,0.999811106913487,1.0,0.9879085584734555,1.0,0.9998110712261478,1.0,12098.647,1.8993,123920.0,nan,0.99000,5,5,0.98000,1
20240731,20240801,SHSE.688511,688511.SH,天微电子,1,1.0,0.9999055356130739,0.9771439365319229,0.9998866641480921,0.9990555345674348,1.0,0.9771396183638769,1.0,0.9990553561307387,1.0,38345.707,3.1553,124640.0,nan,0.99000,5,5,0.98000,1
20240801,20240802,SZSE.300736,300736.SZ,百邦科技,1,0.9999999642924273,0.9998110355253212,0.9824296240317401,0.9998110712261478,0.9998110712261478,0.9998110712261478,0.9824263038548753,0.9998110355253212,0.9998110355253212,0.9998110355253212,105893.367,9.6604,110425.9525,nan,0.99000,5,5,0.98000,1
20240802,20240805,SZSE.300736,300736.SZ,百邦科技,1,0.9999999643194019,0.9998299962221383,0.9873465533522191,0.999833805476865,1.0,0.9998111425873466,0.9873441632036267,1.0,1.0,0.999811106913487,88518.237,8.257,107304.3708,nan,0.99000,5,5,0.98000,1
20240805,20240806,SZSE.300796,300796.SZ,贝斯美,1,1.0,1.0,0.9355996222851747,1.0,1.0,1.0,0.9318095957687949,1.0,1.0,1.0,165797.039,4.5608,351030.8716,nan,0.99000,5,5,0.98000,1
20240806,20240807,SZSE.300796,300796.SZ,贝斯美,1,1.0,1.0,0.9909382669435529,1.0,1.0,1.0,0.9909365558912386,1.0,1.0,1.0,312728.799,9.4278,327917.7278,nan,0.99000,5,5,0.98000,1
20240807,20240808,SZSE.300796,300796.SZ,贝斯美,1,1.0,1.0,0.9335472909193884,1.0,1.0,1.0,0.933345921450151,1.0,1.0,1.0,289839.19,8.4089,352114.3002,nan,0.99000,5,5,0.98000,1
20240808,20240809,SZSE.300796,300796.SZ,贝斯美,1,0.9999999643598064,0.9998300925051916,0.9404492261230654,0.999833899584749,1.0,0.9998112495281238,0.9403435907117236,1.0,1.0,0.9998112138946573,183856.841,5.2834,341280.014,nan,0.99000,5,5,0.98000,1
20240809,20240812,SHSE.603665,603665.SH,康隆达,1,1.0,1.0,0.9984899962249906,1.0,1.0,1.0,0.9984897111572588,1.0,1.0,1.0,69637.573,2.9326,236447.4469,nan,0.99000,5,5,0.98000,1
20240812,20240813,SHSE.603665,603665.SH,康隆达,1,1.0,1.0,0.9977349943374858,1.0,1.0,1.0,0.9977345667358882,1.0,1.0,1.0,77306.318,3.4203,227047.8911,nan,0.99000,5,5,0.98000,1
20240813,20240814,SZSE.301487,301487.SZ,盟固利,1,0.9999999643598064,0.9998112138946573,0.9939599848999623,0.9998112495281238,0.9998112495281238,0.9998112495281238,0.9939588446290353,0.9998112138946573,0.9998112138946573,0.9998112138946573,375426.22,9.346,688965.0406,nan,0.99000,5,5,0.98000,1
20240814,20240815,SZSE.301487,301487.SZ,盟固利,1,1.0,1.0,0.9984902811851293,1.0,1.0,1.0,0.9984899962249906,1.0,1.0,1.0,220184.638,5.4483,677934.2461,nan,0.99000,5,5,0.98000,1
20240815,20240816,SZSE.301487,301487.SZ,盟固利,1,1.0,1.0,0.999811320754717,1.0,1.0,1.0,0.9998112851481411,1.0,1.0,1.0,241614.825,6.0534,670120.7666,nan,0.99000,5,5,0.98000,1
20240816,20240819,SZSE.301487,301487.SZ,盟固利,1,1.0,1.0,1.0,1.0,1.0,1.0,1.0,1.0,1.0,1.0,198012.328,5.057,653114.9584,nan,0.99000,5,5,0.98000,1
20240819,20240820,SHSE.603665,603665.SH,康隆达,1,1.0,1.0,0.930188679245283,1.0,1.0,1.0,0.9301755048122288,1.0,1.0,1.0,33428.569,1.5158,222348.1132,nan,0.99000,5,5,0.98000,1
20240820,20240821,SHSE.603665,603665.SH,康隆达,1,1.0,1.0,0.9916996793057914,1.0,1.0,1.0,0.9916981132075472,1.0,1.0,1.0,48894.954,2.296,211165.883,nan,0.99000,5,5,0.98000,1
20240821,20240822,SHSE.603665,603665.SH,康隆达,1,0.9999996797221525,0.9994717977740049,0.9356846473029046,0.9994794417201056,0.9998113919275745,0.9994341757827235,0.935672514619883,0.9998113563478589,0.9998113563478589,0.9994340690435767,64521.0,3.1581,209545.27,nan,0.99000,5,5,0.98000,1
20240822,20240823,SHSE.603665,603665.SH,康隆达,1,0.99999985765429,0.999660441426146,0.9425688419464353,0.9996680497925311,1.0,0.999622783855149,0.9424636860969628,0.9998113563478589,1.0,0.9996227126957178,78880.536,3.7016,218296.5805,nan,0.99000,5,5,0.98000,1
20240823,20240826,SHSE.603665,603665.SH,康隆达,1,0.9999999644001424,0.999811320754717,0.9389737785323524,0.9998113563478589,0.9998113563478589,0.9998113563478589,0.9383018867924529,0.999811320754717,0.999811320754717,0.999811320754717,45299.662,2.1516,212138.2509,nan,0.99000,5,5,0.98000,1
20240826,20240827,SHSE.600719,600719.SH,大连热电,1,0.999999964426995,0.9998113919275745,0.9432396756552894,0.9998114274938714,0.9998114274938714,0.9998114274938714,0.9432289701999246,0.9998113919275745,0.9998113919275745,0.9998113919275745,18373.679,0.9101,201895.2004,nan,0.99000,5,5,0.98000,1
20240827,20240828,SHSE.603665,603665.SH,康隆达,1,0.9999996797221525,0.999490662139219,0.9415314975480951,0.9995020746887967,1.0,0.9994341757827235,0.9407658932276929,0.9998113563478589,1.0,0.9994340690435767,65357.317,2.9284,222023.9906,nan,0.99000,5,5,0.98000,1
20240828,20240829,SHSE.600719,600719.SH,大连热电,1,1.0,1.0,0.942285929837797,1.0,1.0,1.0,0.9422750424448217,1.0,1.0,1.0,209301.239,10.4567,198658.4036,nan,0.99000,5,5,0.98000,1
20240829,20240830,SHSE.600719,600719.SH,大连热电,1,0.9999999644135725,0.999811356347859,0.9877404752923425,0.9998113919275745,0.9998113919275745,0.9998113919275745,0.9877381626108281,0.9998113563478589,0.9998113563478589,0.9998113563478589,150397.366,7.5754,201895.2004,nan,0.99000,5,5,0.98000,1
20240830,20240902,SHSE.600719,600719.SH,大连热电,1,0.9999999644135725,0.999811356347859,0.995850622406639,0.9998113919275745,0.9998113919275745,0.9998113919275745,0.9958498396528956,0.9998113563478589,0.9998113563478589,0.9998113563478589,134299.19,6.5393,204727.3976,nan,0.99000,5,5,0.98000,1
20240902,20240903,SHSE.601005,601005.SH,重庆钢铁,1,1.0,0.9994528301886793,0.978494623655914,0.9993435200905489,0.9945293340879079,1.0,0.9784905660377359,0.9996226415094339,0.9945283018867924,1.0,25601.002,0.2924,936453.238,nan,0.99000,5,5,0.98000,1
20240903,20240904,SZSE.300573,300573.SZ,兴齐眼药,1,0.999999964426995,0.9998113919275745,0.9306996039977371,0.9998114274938714,0.9998114274938714,0.9998114274938714,0.9296491889852886,0.9998113919275745,0.9998113919275745,0.9998113919275745,489790.12,4.4783,1417899.7764,nan,0.99000,5,5,0.98000,1
20240904,20240905,SHSE.600719,600719.SH,大连热电,1,0.99999996444041,0.9998302847444843,0.9979260935143288,0.9998340874811463,1.0,0.9998114630467572,0.9979257024325854,0.9998114274938714,1.0,0.9998114274938714,62482.247,3.1233,199063.0032,nan,0.99000,5,5,0.98000,1
20240905,20240906,SHSE.600719,600719.SH,大连热电,1,0.99999996444041,0.9998114274938715,0.9952865761689291,0.9998114630467572,0.9998114630467572,0.9998114630467572,0.9952856873467848,0.9998114274938714,0.9998114274938714,0.9998114274938714,66478.86,3.354,199872.2024,nan,0.99000,5,5,0.98000,1
20240906,20240909,SZSE.300573,300573.SZ,兴齐眼药,1,0.9999999644538172,0.9998114630467572,1.0,0.9998114985862394,0.9998114985862394,0.9998114985862394,1.0,0.9998114630467572,0.9998114630467572,0.9998114630467572,349819.817,3.2606,1377607.6312,nan,0.99000,5,5,0.98000,1
20240909,20240910,SZSE.300573,300573.SZ,兴齐眼药,1,0.9999999644135725,0.999811356347859,0.9998113919275745,0.9998113919275745,0.9998113919275745,0.9998113919275745,0.9998113563478589,0.9998113563478589,0.9998113563478589,0.9998113563478589,367707.95,3.5282,1348478.6777,nan,0.99000,5,5,0.98000,1
20240910,20240911,SHSE.600686,600686.SH,金龙汽车,1,0.99999985765429,0.9995283908696472,1.0,0.9995096190116937,0.9986797434930215,0.999622783855149,1.0,0.9996227126957178,0.9986794944350122,0.9996227126957178,139847.085,1.6542,845398.9046,nan,0.99000,5,5,0.98000,1
20240911,20240912,SZSE.300573,300573.SZ,兴齐眼药,1,0.999999857868868,0.9996418473138549,0.9990576705616283,0.9996456841311723,0.9998115341123257,0.9996230682246513,0.9990574929311969,0.9996229971724788,0.9998114985862394,0.9996229971724788,290122.598,2.8265,1330512.916,nan,0.99000,5,5,0.98000,1
20240912,20240913,SZSE.300573,300573.SZ,兴齐眼药,1,0.9999994314754722,0.9992836946277097,0.9981153411232567,0.9992913682623445,0.9996230682246513,0.9992461364493027,0.998114985862394,0.9996229971724788,0.9996229971724788,0.9992459943449575,321960.917,3.1765,1299639.7138,nan,0.99000,5,5,0.98000,1
20240913,20240918,SHSE.600743,600743.SH,华远控股,1,0.9999999644806092,0.9997361477572559,0.9853024307518372,0.9997211230450349,0.9990578481251178,0.9998115696250236,0.9852996607614022,0.9998115341123257,0.9990576705616283,0.9998115341123257,11987.751,0.4285,281532.1049,nan,0.99000,5,5,0.98000,1
20240918,20240919,SZSE.300573,300573.SZ,兴齐眼药,1,0.9999991106748753,0.9991135420596002,0.9969828399019423,0.9991250235715633,0.9996228549877428,0.999057137469357,0.996982270841192,0.9994341757827235,0.999622783855149,0.9990569596378726,371601.791,3.9424,1218357.7239,nan,0.99000,5,5,0.98000,1
20240919,20240920,SZSE.300573,300573.SZ,兴齐眼药,1,0.9999994316897469,0.9992838296268376,0.9971735443753533,0.9992915017900885,0.9996231392500471,0.9992462785000942,0.997173011684885,0.999434602336977,0.9996230682246513,0.9992461364493027,419828.957,4.4325,1224985.869,nan,0.99000,5,5,0.98000,1
20240920,20240923,SHSE.688331,688331.SH,荣昌生物,1,0.9999996803254827,0.9994911421032793,0.9958545317505182,0.9995025438100622,1.0,0.9994347088750707,0.9958537504711648,0.9998115341123257,1.0,0.999434602336977,90814.236,2.4203,1249242.1305,nan,0.99000,5,5,0.98000,1
20240923,20240924,SZSE.300573,300573.SZ,兴齐眼药,1,0.9999999644939938,0.9998304126625213,0.9172946495855313,0.9998342125094197,1.0,0.9998116051243406,0.9161484831354815,0.9998115696250236,1.0,0.9998115696250236,375142.446,4.2076,1141785.2056,nan,0.99000,5,5,0.98000,1
20240924,20240925,SZSE.300573,300573.SZ,兴齐眼药,1,0.9999999645073708,0.9997739261492088,0.9935957807496704,0.9997664343567526,0.9994349218308533,0.9998116406102844,0.993594574227581,0.9998116051243406,0.9994348153730218,0.9998116051243406,797926.35,8.7376,1234055.9623,nan,0.99000,5,5,0.98000,1
20240925,20240926,SZSE.300573,300573.SZ,兴齐眼药,1,0.9999996809271096,0.9994539634720392,0.9945406626506024,0.9994578313253011,0.9996234939759037,0.9994352409638554,0.9945396347203916,0.9994351346262474,0.999623423084165,0.9994351346262474,1153772.798,11.3886,1322838.2217,nan,0.99000,5,5,0.98000,1
20240926,20240927,SZSE.300573,300573.SZ,兴齐眼药,1,0.9999930539174772,0.9975150602409638,0.39826839826839827,0.997545642763034,0.9988706945228685,0.997364953886693,0.005835843373493976,0.9984939759036144,0.9988704819277109,0.9973644578313253,1116627.625,10.6127,1436214.3878,nan,0.99000,5,5,0.98000,1
20240927,20240930,SHSE.603106,603106.SH,恒银科技,1,0.9999977318914212,0.9984563253012049,0.9992471296819123,0.9984490871447393,0.9981178242047807,0.9984942593638246,0.9992469879518072,0.9986822289156626,0.9981174698795181,0.9984939759036144,44939.817,1.1198,401320.92,nan,0.99000,5,5,0.98000,1
20240930,20241008,SHSE.603106,603106.SH,恒银科技,1,0.9999994323318449,0.9993030702580524,0.9981167608286252,0.9993145009416196,0.9998116760828625,0.9992467043314501,0.9981164061028442,0.9994349218308533,0.9998116406102844,0.9992465624411377,25793.15,0.5843,441400.96,nan,0.99000,5,5,0.98000,1
20241008,20241009,SHSE.603091,603091.SH,众鑫股份,1,0.9999991116804252,0.9991517436380772,0.997173011684885,0.999170750094233,1.0,0.9990576705616283,0.9971724787935909,0.9994344957587182,1.0,0.9990574929311969,20948.346,2.2052,484714.1176,nan,0.99000,5,5,0.98000,1
20241009,20241010,SHSE.603106,603106.SH,恒银科技,1,0.9999999644672171,0.9997360980207352,0.996607614021862,0.9997210704862419,0.9990576705616283,0.9998115341123257,0.9966069745523092,0.9998114985862394,0.9990574929311969,0.9998114985862394,49756.917,0.9317,534053.52,nan,0.99000,5,5,0.98000,1
20241010,20241011,SZSE.002191,002191.SZ,劲嘉股份,1,0.99999825954985,0.998435733132303,0.9879404560015075,0.9983870359902016,0.9962313925004711,0.9986809873751649,0.9879381831888429,0.9990576705616283,0.9962306822465133,0.9986807387862797,112837.238,1.8319,615554.2256,nan,0.99000,5,5,0.98000,1
20241011,20241014,SZSE.000062,000062.SZ,深圳华强,1,1.0,0.9999246278500095,0.9996232102486813,0.9999095704596835,0.9992464204973625,1.0,0.9996231392500471,1.0,0.9992462785000942,1.0,1728883.403,6.525100231170654,2602222.3931,2.786060094833374,0.99000,5,5,0.98000,1
20241014,20241015,SHSE.600353,600353.SH,旭光电子,1,0.9999991126842707,0.9990203466465712,0.48907515539649654,0.9990129967978905,0.998681484271991,0.9990582030514221,0.03918613413715147,0.9992464204973625,0.9986812358703844,0.9990580256217031,126057.582,2.4583,522787.8897,nan,0.99000,5,5,0.98000,1
20241015,20241016,SZSE.300030,300030.SZ,阳普医疗,1,0.9999991130185076,0.9966848747410059,0.4500941619585687,0.9962109227871939,0.9753295668549906,0.9990583804143126,0.004520625353173856,0.9967978903748352,0.9753249199472593,0.9990582030514221,177404.362,9.6356,205300.3772,nan,0.99000,5,5,0.98000,1
20241016,20241017,SZSE.000859,000859.SZ,国风新材,1,0.9999977318914212,0.9964796686746988,0.4743083003952569,0.9960775456427631,0.9783549783549783,0.9984942593638246,0.004518072289156626,0.9967996987951807,0.9783509036144579,0.9984939759036144,51861.96,1.3278,390645.6542,nan,0.99000,5,5,0.98000,1
20241017,20241018,SHSE.600939,600939.SH,重庆建工,1,0.9999987256287561,0.9989087488240828,0.9948269375470279,0.9989164785553047,0.999247554552295,0.9988713318284425,0.9936030103480715,0.9990592662276576,0.999247412982126,0.9988711194731891,29671.163,0.416,713172.4129,nan,0.99000,5,5,0.98000,1
20241018,20241021,SZSE.000415,000415.SZ,渤海租赁,1,0.9999885263417487,0.9967820850583364,1.0,0.9968165569143932,0.9983066792097837,0.9966133584195672,1.0,0.9988709070380128,0.9983063605570192,0.9966127211140384,340937.069,2.266900062561035,1737850.4802,0.15000000596046448,0.99000,5,5,0.98000,1
20241021,20241022,SHSE.603656,603656.SH,泰禾智能,1,0.9999994333995925,0.9992660895747083,0.4189087488240828,0.9992699905926623,0.9994355597365946,0.999247412982126,0.012420022581859239,0.9992472713586752,0.9994354535190064,0.9992472713586752,13082.289,0.5446,240221.719,nan,0.99000,5,5,0.98000,1
20241022,20241023,SHSE.603656,603656.SH,泰禾智能,1,0.9999909309805463,0.9971390927912667,0.9705494919081671,0.9971697403086187,0.9984945427173504,0.9969890854347008,0.9666854884246189,0.9983060417843026,0.9984942593638246,0.9969885187276492,13327.578,0.5044,264243.8909,nan,0.99000,5,5,0.98000,1
20241023,20241024,SHSE.603656,603656.SH,泰禾智能,1,0.9999987232276805,0.9988700564971752,0.9990585577104123,0.9988702692524947,0.9988702692524948,0.9988702692524948,0.9990583804143126,0.9988700564971752,0.9988700564971752,0.9988700564971752,12122.397,0.4171,290649.9424,nan,0.99000,5,5,0.98000,1
20241024,20241025,SHSE.603656,603656.SH,泰禾智能,1,0.999995711857218,0.9980045180722892,0.9944475814041032,0.9980199510634293,0.9986824769433466,0.9979296066252588,0.9928463855421686,0.9986822289156626,0.9986822289156626,0.9979292168674698,24847.326,0.7769,319806.6244,nan,0.99000,5,5,0.98000,1
20241025,20241028,SHSE.600635,600635.SH,大众公用,1,0.9999909275656844,0.997176204819277,1.0,0.9972143798230755,0.9988706945228685,0.9969885187276492,1.0,0.9986822289156626,0.9988704819277109,0.9969879518072289,108660.282,1.1822,1121925.1765,nan,0.99000,5,5,0.98000,1
20241028,20241029,SHSE.603656,603656.SH,泰禾智能,1,0.999998261516275,0.9987379920889057,0.9986817325800377,0.9987495291902071,0.9992467043314501,0.9986817325800377,0.998681484271991,0.9990582030514221,0.9992465624411377,0.998681484271991,23038.584,0.5954,386922.0054,nan,0.99000,5,5,0.98000,1
20241029,20241030,SZSE.002633,002633.SZ,申科股份,1,0.9999994327593058,0.9992656750141217,0.9975527108433735,0.999269578313253,0.9994352409638554,0.9992469879518072,0.9975522500470722,0.9992468461683299,0.9994351346262474,0.9992468461683299,14533.155,0.832,175500.0,nan,0.99000,5,5,0.98000,1
20241030,20241031,SZSE.300287,300287.SZ,飞利信,1,0.9999971261799648,0.9972687888491242,0.9587570621468926,0.9970621468926554,0.9879472693032015,0.9983050847457627,0.9587492936522886,0.9988698436617065,0.9879449990582031,0.9983047654925598,699789.583,10.4041,739166.0111,nan,0.99000,5,5,0.98000,1
20241031,20241101,SHSE.688435,688435.SH,英方软件,1,0.9999885220222539,0.9965179747788444,0.9638690252164095,0.9964998118178396,0.9956718103123824,0.9966127211140384,0.96386222473179,0.9983060417843026,0.9956709956709957,0.9966120835686053,74436.94,4.5628,297761.0,nan,0.99000,5,5,0.98000,1
20241101,20241104,SHSE.688981,688981.SH,中芯国际,1,0.9999920231777384,0.9970627000564866,0.46442018072289154,0.9970406626506025,0.9960466867469879,0.9971762048192772,0.010544153643381661,0.9975522500470722,0.9960459423837319,0.997175673131237,7623522.111,4.443399906158447,67631584.7001,8.249500274658203,0.99000,5,5,0.98000,1
20241104,20241105,SZSE.000423,000423.SZ,东阿阿胶,1,0.9999999645608034,0.9977221385542169,0.9213250517598344,0.9973047242612461,0.9789196310935442,0.9998117824204781,0.9213102409638554,0.9986822289156626,0.9789156626506024,0.9998117469879518,1197129.833,3.289599895477295,3699646.8539,2.420559883117676,0.99000,5,5,0.98000,1
20241105,20241106,SZSE.300616,300616.SZ,尚品宅配,1,0.9999998584031952,0.9991909689557855,0.9747930775018812,0.9991045899172311,0.9952972159518435,0.9996237772761475,0.974788334901223,0.999247412982126,0.9952963311382879,0.999623706491063,80821.474,3.9421,296810.1256,nan,0.99000,5,5,0.98000,1
20241106,20241107,SHSE.688435,688435.SH,英方软件,1,0.9999998584564621,0.997234762979684,0.9029527929283431,0.9967575700583036,0.9757381982320857,0.999623848034606,0.9029345372460497,0.9981188863807374,0.9757336343115124,0.9996237772761475,69203.206,4.3084,289745.0,nan,0.99000,5,5,0.98000,1
20241107,20241108,SZSE.002543,002543.SZ,万和电气,1,0.9999909412135717,0.9971030850263357,0.9964265563287568,0.9971261989843897,0.9981192401730299,0.9969907842768478,0.996425884123401,0.9990594431903687,0.9981188863807374,0.9969902182091799,107164.535,1.7178,710138.0,nan,0.99000,5,5,0.98000,1
20241108,20241111,SHSE.600210,600210.SH,紫江企业,1,0.999999116018161,0.9974050394885295,0.9394623049445384,0.9970746380898665,0.9825155104342922,0.999059973679263,0.9394509213990222,0.9979315532154945,0.9825122226400903,0.9990597969161339,217293.951,1.6874,1287708.9981,nan,0.99000,5,5,0.98000,1
20241111,20241112,SHSE.601828,601828.SH,美凯龙,1,0.9999949005963328,0.9971208129469327,0.9929444967074318,0.9969971777986829,0.9915333960489181,0.9977422389463781,0.9907790741437712,0.9979299962363568,0.991531802785096,0.9977418140760256,53887.548,0.3389,1916082.3761,nan,0.99000,5,5,0.98000,1
20241112,20241113,SZSE.002165,002165.SZ,红宝丽,1,0.9999949025150248,0.9965945437441205,0.9541008276899925,0.9963656884875847,0.986267870579383,0.9977426636568849,0.9540921919096895,0.9973659454374412,0.9862652869238006,0.9977422389463781,61637.879,1.5687,397045.712,nan,0.99000,5,5,0.98000,1
20241113,20241114,SHSE.603955,603955.SH,大千生态,1,0.9999982654391404,0.9951458137347131,0.8416102332580888,0.9944394281414597,0.9633182844243793,0.9986832204665161,0.8415804327375352,0.9958607714016933,0.9633113828786454,0.9986829727187206,64965.185,2.5502,254746.44,nan,0.99000,5,5,0.98000,1
20241114,20241115,SZSE.000716,000716.SZ,黑芝麻,1,0.9999843948249418,0.9960308502633559,0.998683468121121,0.9960278352454391,0.9958623283806658,0.9960504043633628,0.9986832204665161,0.9966139954853274,0.9958615500376222,0.9960496613995485,115470.476,2.6116,475451.9061,nan,0.99000,5,5,0.98000,1
20241115,20241118,SHSE.688631,688631.SH,莱斯信息,1,0.9999999646407265,0.9990409928544566,0.9631509682271103,0.9988870088362474,0.9921037789058094,0.9998119947358526,0.9631440391124483,0.9988717562993606,0.9921022940955246,0.9998119593832268,601548.314,10.0364,1542012.51,nan,0.99000,5,5,0.98000,1
20241118,20241119,SZSE.002693,002693.SZ,双成药业,1,1.0,0.9999435559736595,0.9981188863807374,0.9999322799097066,0.9994356659142212,1.0,0.9981185324553151,1.0,0.9994355597365946,1.0,1094337.565,11.6978,934296.0068,nan,0.99000,5,5,0.98000,1
20241119,20241120,SHSE.688130,688130.SH,晶华微,1,0.9999999646407265,0.9997367431365175,0.9556307576612145,0.9997217522090618,0.999059973679263,0.9998119947358526,0.9556224144415194,0.9998119593832268,0.9990597969161339,0.9998119593832268,109573.088,14.9809,230948.3823,nan,0.99000,5,5,0.98000,1
20241120,20241121,SZSE.000520,000520.SZ,凤凰航运,1,0.9999957263509772,0.9967487314414585,0.4606350995866216,0.9965125892521609,0.9860954528372792,0.9979331078541902,0.004134561172711896,0.9981206540124037,0.9860928396917873,0.997932719413644,232425.352,4.3363,539440.4815,nan,0.99000,5,5,0.98000,1
20241121,20241122,SZSE.300337,300337.SZ,银邦股份,1,0.9999991170146647,0.9973877090772412,0.9579105599398722,0.9970537391957911,0.9823374671176249,0.9990605035700865,0.9579026498778425,0.9990603270062018,0.9823341477165947,0.9990603270062018,1307859.595,12.329,1207400.48,nan,0.99000,5,5,0.98000,1
20241122,20241125,SZSE.300337,300337.SZ,银邦股份,1,0.9999998588284903,0.9995679128311104,0.98572501878287,0.9995567242674681,0.999060856498873,0.9996243425995492,0.9857223370279917,0.9998121360135263,0.999060680067631,0.9996242720270524,946922.71,9.2024,1151509.92,nan,0.99000,5,5,0.98000,1
20241125,20241126,SHSE.603991,603991.SH,领先股份,1,0.9999999646938583,0.999793310785419,0.9992485440541048,0.9997895923351494,0.9996242720270524,0.9998121360135263,0.9992484028560692,0.9998121007140173,0.9996242014280345,0.9998121007140173,328388.883,7.2509,450936.7379,nan,0.99000,5,5,0.98000,1
20241126,20241127,SZSE.300489,300489.SZ,光智科技,1,1.0,0.9999248544054105,0.4691021788129226,0.9999098422238918,0.9992486851990984,1.0,0.0022543678376855157,1.0,0.9992485440541048,1.0,345881.257,3.7454,912357.8775,nan,0.99000,5,5,0.98000,1
20241127,20241128,SHSE.603991,603991.SH,领先股份,1,1.0,1.0,0.4737929738869059,1.0,1.0,1.0,0.0024426907177752723,1.0,1.0,1.0,287084.418,6.4484,455259.7678,nan,0.99000,5,5,0.98000,1
20241128,20241129,SZSE.300489,300489.SZ,光智科技,1,1.0,0.9999248120300752,0.9971809810186055,0.9999097913925954,0.9992482616049615,1.0,0.9971804511278195,1.0,0.9992481203007518,1.0,681583.162,7.2398,913183.9146,nan,0.99000,5,5,0.98000,1
20241129,20241202,SHSE.603991,603991.SH,领先股份,1,0.9999999647468706,0.9996057078482914,0.9879857330580064,0.9995644828233528,0.9977473249483761,0.9998122770790313,0.9879834772812617,1.0,0.9977469019902365,0.9998122418325197,372954.878,8.4257,447284.523,nan,0.99000,5,5,0.98000,1
20241202,20241203,SHSE.603991,603991.SH,领先股份,1,1.0,0.999755822689707,0.9960563380281691,0.9997070422535211,0.9975586854460093,1.0,0.9960555972952667,1.0,0.9975582268970699,1.0,320030.895,7.0098,462042.4526,nan,0.99000,5,5,0.98000,1
20241203,20241204,SHSE.603268,603268.SH,松发股份,1,1.0,0.9998873027798648,0.4512676056338028,0.9998647887323944,0.9988732394366198,1.0,0.004132231404958678,1.0,0.9988730277986476,1.0,55255.79,1.0284,537278.3976,nan,0.99000,5,5,0.98000,1
20241204,20241205,SHSE.688178,688178.SH,万德斯,1,0.9999779502371072,0.9954921111945905,0.4655399061032864,0.9955305164319249,0.9971830985915493,0.9953051643192489,0.006010518407212622,0.9966190833959429,0.9971825694966191,0.9953042824943651,12095.026,1.0117,117996.6471,nan,0.99000,5,5,0.98000,1
20241205,20241206,SHSE.688701,688701.SH,卓锦股份,1,0.9999898194929163,0.9965465465465466,0.4679114280352787,0.9965059110527303,0.9942765997372865,0.9968099080502909,0.00563063063063063,0.9971846846846847,0.9941816816816816,0.9968093093093093,17990.463,1.9958,90502.9487,nan,0.99000,5,5,0.98000,1
20241206,20241209,SHSE.688701,688701.SH,卓锦股份,1,0.9999930903866268,0.9972962823882839,0.9804768162192604,0.9972817721043739,0.9966209874225643,0.9973718791064389,0.9804731505820503,0.9975591438227563,0.9966203529853549,0.997371385655276,22107.252,2.4235,91711.4451,nan,0.99000,5,5,0.98000,1
20241209,20241210,SHSE.688565,688565.SH,力源科技,1,0.9999909684171191,0.997107438016529,0.9909859154929578,0.9971305164319249,0.9981220657276996,0.9969953051643192,0.990984222389181,0.9981217129977461,0.9981217129977461,0.9969947407963937,24626.299,2.2413,111217.9572,nan,0.99000,5,5,0.98000,1
20241210,20241211,SHSE.688565,688565.SH,力源科技,1,0.9999964760104944,0.9982729491270885,0.45861486486486486,0.9983033033033033,0.9996246246246246,0.9981231231231231,0.00788436268068331,0.9990613853951568,0.9996245541580627,0.9981227707903135,23237.163,2.1088,109546.6491,nan,0.99000,5,5,0.98000,1
20241211,20241212,SHSE.688701,688701.SH,卓锦股份,1,0.9999977454932409,0.9981231231231231,0.9639707262150498,0.9980484143366485,0.9947457309063614,0.9984987802589604,0.963963963963964,0.9990615615615616,0.9947447447447447,0.9984984984984985,9612.328,1.0638,90368.6714,nan,0.99000,5,5,0.98000,1
20241212,20241213,SHSE.688701,688701.SH,卓锦股份,1,0.9999982745410182,0.9984049540251454,0.9654784240150094,0.9983489681050657,0.9958724202626642,0.9986866791744841,0.9654719459560893,0.9986864327265903,0.9958716457121412,0.9986864327265903,11820.042,1.3044,91040.0582,nan,0.99000,5,5,0.98000,1
20241213,20241216,SHSE.688701,688701.SH,卓锦股份,1,0.9999998591462056,0.99962469506474,0.9945590994371483,0.999624765478424,0.999624765478424,0.999624765478424,0.9945580784387315,0.99962469506474,0.99962469506474,0.99962469506474,11155.191,1.2354,89428.7298,nan,0.99000,5,5,0.98000,1
20241216,20241217,SHSE.600824,600824.SH,益民集团,1,0.9999996835541956,0.9974873429589349,0.9341957255343082,0.9970978627671542,0.9799400074990626,0.999437570303712,0.9341833864616539,0.9981248828051753,0.979936246015376,0.9994374648415526,55864.844,0.9091,614497.7836,nan,0.99000,5,5,0.98000,1
20241217,20241218,SHSE.688701,688701.SH,卓锦股份,1,0.9999287195209952,0.9921575984990619,0.9814293753517164,0.9922791221159257,0.9975614331269931,0.9915588069780529,0.9814258911819888,0.9932457786116323,0.9975609756097561,0.9915572232645403,15560.98,1.8335,83386.248,nan,0.99000,5,5,0.98000,1
20241218,20241219,SHSE.688565,688565.SH,力源科技,1,0.9998775598813432,0.9889909977494373,0.9688730545659103,0.9890043127695481,0.9894993437089818,0.9889368085505345,0.9688672168042011,0.9893098274568642,0.9894973743435859,0.9889347336834209,16547.497,1.6736,99214.9263,nan,0.99000,5,5,0.98000,1
20241219,20241220,SHSE.688701,688701.SH,卓锦股份,1,0.9999379300756968,0.992759332207841,0.9793698424606152,0.9928882220555139,0.9984996249062266,0.9921230307576894,0.9793659726130182,0.9941849559182142,0.9984993434627649,0.992121553179516,11688.15,1.4145,82580.5838,nan,0.99000,5,5,0.98000,1
20241220,20241223,SZSE.002277,002277.SZ,友阿股份,1,0.9999977514055911,0.9947141518275538,0.9991566716641679,0.9939580209895053,0.9606446776611695,0.9985007496251874,0.9990627928772259,0.99456419868791,0.9606373008434864,0.9985004686035613,316151.6,3.1452,1005198.5888,nan,0.99000,5,5,0.98000,1
20241223,20241224,SHSE.688656,688656.SH,浩欧博,1,1.0,0.9999624976561036,0.4275403074615673,0.999955005624297,0.9996250468691413,1.0,0.002250140633789612,1.0,0.9996249765610351,1.0,136745.528,2.1935,613620.5898,nan,0.99000,5,5,0.98000,1
20241224,20241225,SZSE.301446,301446.SZ,福事特,1,0.9999998593574202,0.9985374085880367,0.458286464191976,0.9983202099737533,0.9887514060742407,0.9996250468691413,0.004875304706544159,0.9984999062441403,0.988749296831052,0.9996249765610351,171679.664,26.981,257504.0,nan,0.99000,5,5,0.98000,1
20241225,20241226,SZSE.000668,000668.SZ,荣丰控股,1,0.9998019986694311,0.9857410881801126,0.9557306321515663,0.9857062464828362,0.9840555242918777,0.9859313449634215,0.9553470919324578,0.9863039399624766,0.9840525328330206,0.9859287054409006,38128.855,3.7855,100733.5365,nan,0.99000,5,5,0.98000,1
20241226,20241227,SHSE.603421,603421.SH,鼎信通讯,1,0.9999465607485009,0.9898219306466729,0.8988005997001499,0.9892503748125937,0.9640179910044977,0.9926911544227887,0.8987816307403936,0.9900656044985942,0.9640112464854733,0.9926897844423618,38081.046,0.6877,553709.7438,nan,0.99000,5,5,0.98000,1
20241227,20241230,SHSE.688565,688565.SH,力源科技,1,0.9998022213721941,0.9858991186949185,0.45134983127109113,0.9858942632170977,0.9855643044619422,0.9859392575928009,0.0018751171948246765,0.9866866679167448,0.98556159759985,0.985936621038815,6905.508,0.7549,91921.9455,nan,0.99000,5,5,0.98000,1
20241230,20241231,SHSE.688090,688090.SH,瑞松科技,1,0.9998774679765848,0.988874296435272,0.9608891389983117,0.988865128493716,0.9883699118364284,0.9889326580378915,0.9600375234521576,0.9891181988742964,0.9883677298311445,0.9889305816135084,125937.196,3.614,348990.5447,nan,0.99000,5,5,0.98000,1
20241231,20250102,SZSE.000668,000668.SZ,荣丰控股,1,0.9998776057949524,0.9892368273017064,0.9237907761529809,0.9892988376452942,0.9919385076865391,0.98893888263967,0.9174948434277143,0.9894993437089818,0.9919369960622539,0.9889368085505345,38666.826,4.016,94419.3353,nan,0.99000,5,5,0.98000,1
20250102,20250103,SZSE.000668,000668.SZ,荣丰控股,1,0.9998896948543212,0.9887659414853713,0.9272454528408025,0.9886217888618039,0.9821863866491656,0.9894993437089818,0.927231807951988,0.9885596399099775,0.9821830457614403,0.9894973743435859,43147.797,4.5488,94419.3353,nan,0.99000,5,5,0.98000,1
20250103,20250106,SZSE.002848,002848.SZ,高斯贝尔,1,0.9999640224894575,0.9943017806935334,0.9975637181409296,0.9943628185907045,0.9970014992503748,0.9940029985007496,0.9975632614807872,0.9953139643861293,0.9970009372071228,0.9940018744142456,76489.173,6.4978,117339.3,nan,0.99000,5,5,0.98000,1
20250106,20250107,SHSE.605179,605179.SH,一鸣食品,1,1.0,0.9999437675726336,0.9996251874062968,0.9999325337331334,0.9994377811094453,1.0,0.9996251171508903,1.0,0.9994376757263356,1.0,317838.838,4.4196,715384.0,nan,0.99000,5,5,0.98000,1
20250107,20250108,SHSE.605179,605179.SH,一鸣食品,1,1.0,1.0,1.0,1.0,1.0,1.0,1.0,1.0,1.0,1.0,235138.197,3.2216,747063.0,nan,0.99000,5,5,0.98000,1
20250108,20250109,SZSE.002848,002848.SZ,高斯贝尔,1,0.9999724753593905,0.9949035038411093,0.9615024353690521,0.9949344323716749,0.9962532783814163,0.9947545897339828,0.9606520517144463,0.9949409780775716,0.9962525763537567,0.9947536068952595,54932.199,4.6957,121016.6,nan,0.99000,5,5,0.98000,1
20250109,20250110,SZSE.000691,000691.SZ,亚太实业,1,0.9999964905192782,0.9974147620831771,0.9200224761191235,0.997272897546357,0.9910095523506275,0.9981269900730474,0.90783064818284,0.9973772948669913,0.991007868115399,0.9981266391907081,41164.245,3.978,103446.4,nan,0.99000,5,5,0.98000,1
20250110,20250113,SZSE.002848,002848.SZ,高斯贝尔,1,0.9999996842650433,0.9994380970219142,0.9934456928838952,0.999438202247191,0.999438202247191,0.999438202247191,0.9934444652556659,0.9994380970219142,0.9994380970219142,0.9994380970219142,59423.588,5.0908,115500.65,nan,0.99000,5,5,0.98000,1
20250113,20250114,SHSE.600579,600579.SH,中化装备,1,0.9999999649183381,0.9995130174189923,0.9941947565543071,0.9994531835205993,0.996816479400749,0.999812734082397,0.9941936692264469,0.9998126990073047,0.9968158831241806,0.9998126990073047,386851.904,9.8654,390328.0513,nan,0.99000,5,5,0.98000,1
20250114,20250115,SZSE.000691,000691.SZ,亚太实业,1,0.9999949539131072,0.9978285286409584,0.9986898746022833,0.9978439079169006,0.9985027138311809,0.9977540707467715,0.9986896293523025,0.9983152377386747,0.9985024335454886,0.9977536503182328,24862.796,2.2763,110881.61,nan,0.99000,5,5,0.98000,1
20250115,20250116,SZSE.000691,000691.SZ,亚太实业,1,0.9999957630584639,0.9979603293413174,0.9865294667913939,0.9979644527595884,0.9981290926099158,0.9979420018709074,0.9865269461077845,0.9979416167664671,0.9981287425149701,0.9979416167664671,107026.204,9.5997,110881.61,nan,0.99000,5,5,0.98000,1
20250116,20250117,SZSE.000691,000691.SZ,亚太实业,1,0.9999982842137581,0.9984094311377245,0.9766136576239476,0.9983536014967259,0.9958840037418147,0.9986903648269411,0.9766092814371258,0.998877245508982,0.9958832335329342,0.9986901197604791,63930.875,5.6889,113467.77,nan,0.99000,5,5,0.98000,1
20250117,20250120,SHSE.600579,600579.SH,中化装备,1,0.999999859935817,0.9996444610778443,1.0,0.9996482694106642,0.9998129092609915,0.9996258185219832,1.0,0.999625748502994,0.999812874251497,0.999625748502994,246424.417,5.9551,410116.5456,nan,0.99000,5,5,0.98000,1
20250120,20250121,SZSE.000691,000691.SZ,亚太实业,1,0.9999987389504473,0.9989331836047165,0.998877245508982,0.9989446107784431,0.999438622754491,0.998877245508982,0.9988770353733858,0.9992513569155905,0.9994385176866929,0.9988770353733858,15865.914,1.5883,99890.43,nan,0.99000,5,5,0.98000,1
20250121,20250122,SZSE.000691,000691.SZ,亚太实业,1,0.999999439952886,0.9993077642656689,0.9640852974186308,0.9993191170968949,0.9998129442573886,0.9992517770295548,0.9637043966323667,0.9996258185219832,0.9998129092609915,0.9992516370439664,158905.128,17.3173,93425.03,nan,0.99000,5,5,0.98000,1
20250122,20250123,SZSE.002848,002848.SZ,高斯贝尔,1,0.9999998601975457,0.9996634885025238,0.9857943925233645,0.9996710280373832,1.0,0.9996261682242991,0.9857917367732286,0.9996260983361376,1.0,0.9996260983361376,65975.436,5.7065,116503.55,nan,0.99000,5,5,0.98000,1
20250123,20250124,SZSE.000691,000691.SZ,亚太实业,1,0.9999998602498035,0.9996261682242991,0.9647729396374509,0.999626238086339,0.999626238086339,0.999626238086339,0.9642990654205608,0.9996261682242991,0.9996261682242991,0.9996261682242991,74346.707,8.2151,88575.98,nan,0.99000,5,5,0.98000,1
20250124,20250127,SZSE.000668,000668.SZ,荣丰控股,1,0.9999999650232356,0.9998129792406958,0.9605459985041137,0.99981301421092,0.99981301421092,0.99981301421092,0.960351599027492,0.9998129792406957,0.9998129792406957,0.9998129792406957,107693.014,12.7983,81497.249,nan,0.99000,5,5,0.98000,1
20250127,20250205,SHSE.600130,600130.SH,波导股份,1,0.9999996853268321,0.999382946896036,0.9538231445129931,0.9993718452047111,0.9988782950084127,0.9994391475042064,0.9538145100972326,0.99943904263276,0.9988780852655198,0.99943904263276,184743.069,7.4534,245250.0,nan,0.99000,5,5,0.98000,1
20250205,20250206,SZSE.000668,000668.SZ,荣丰控股,1,1.0,1.0,0.9880396187628481,1.0,1.0,1.0,0.9880373831775701,1.0,1.0,1.0,99509.855,11.2594,86489.8732,nan,0.99000,5,5,0.98000,1
20250206,20250207,SHSE.688701,688701.SH,卓锦股份,1,0.999999127213944,0.9991031390134528,0.4547917055856529,0.9991107790024285,0.9994395665981692,0.9990659443302821,0.005044843049327354,0.999439461883408,0.999439461883408,0.9990657698056801,16416.093,2.084,78955.0947,nan,0.99000,5,5,0.98000,1
20250207,20250210,SZSE.002848,002848.SZ,高斯贝尔,1,0.9999977656676967,0.9986173393124066,0.9188305623015132,0.9986400149448907,0.9996263777321128,0.9985055109284513,0.9168535127055306,0.9985052316890882,0.999626307922272,0.9985052316890882,87494.686,8.3933,107143.15,nan,0.99000,5,5,0.98000,1
20250210,20250211,SZSE.002848,002848.SZ,高斯贝尔,1,0.9999726498741546,0.9951998505790064,0.846311858076564,0.9952866479925304,0.9990662931839402,0.9947712418300654,0.845909600298842,0.9960776989166978,0.99906611878969,0.9947702652222637,94092.765,8.7002,113327.7,nan,0.99000,5,5,0.98000,1
20250211,20250212,SHSE.601005,601005.SH,重庆钢铁,1,1.0,0.9999813188866057,0.9988793425476279,0.9999775868509526,0.999813223757938,1.0,0.9988791331963385,1.0,0.9998131888660564,1.0,149625.115,1.2651,1248604.3174,nan,0.99000,5,5,0.98000,1
20250212,20250213,SHSE.688701,688701.SH,卓锦股份,1,0.9999664626378255,0.9946945637960022,0.43481509152035863,0.9947926783713112,0.99906611878969,0.9942099364960777,0.013076779376050812,0.9966373995890155,0.9990659443302821,0.9942088548477489,9019.588,1.0732,83654.8028,nan,0.99000,5,5,0.98000,1
20250213,20250214,SHSE.688565,688565.SH,力源科技,1,0.99995478856748,0.9934254762794172,0.9904761904761905,0.9934565826330533,0.9947712418300654,0.9932773109243698,0.9904744116548375,0.9940231602540157,0.9947702652222637,0.9932760552857677,15205.573,1.5461,99366.8634,nan,0.99000,5,5,0.98000,1
20250214,20250217,SZSE.002848,002848.SZ,高斯贝尔,1,0.9999745590665711,0.9953857649915936,0.47431826671647365,0.9954725438924169,0.999252895031752,0.9949570414643257,0.011395479170558566,0.9968242107229591,0.9992527554642257,0.9949560993835233,68650.297,6.5787,104970.2,nan,0.99000,5,5,0.98000,1
20250217,20250218,SZSE.002848,002848.SZ,高斯贝尔,1,0.9999971774494659,0.9984506253500094,0.469391564016424,0.9984770436730123,0.9996267263904441,0.9983202687569989,0.010640283740899757,0.9986932984879596,0.9996266567108456,0.9983199551988053,39906.664,3.5901,115500.65,nan,0.99000,5,5,0.98000,1
20250218,20250219,SZSE.000691,000691.SZ,亚太实业,1,0.9999846270415708,0.9963218820014936,0.9796527907410865,0.9963711032294195,0.9985066268433825,0.996079895463879,0.9796489917849142,0.9966392830470501,0.9985063480209111,0.9960791635548917,77667.797,7.4399,103123.13,nan,0.99000,5,5,0.98000,1
20250219,20250220,SHSE.688659,688659.SH,元琛科技,1,0.9999977690037654,0.9982823002240477,0.9757326862049654,0.9982378196751913,0.9962665671084562,0.9985066268433825,0.9757281553398058,0.9990664675130695,0.9962658700522778,0.9985063480209111,16818.448,1.4915,113440.0,nan,0.99000,5,5,0.98000,1
20250220,20250221,SZSE.002848,002848.SZ,高斯贝尔,1,0.9999921537242348,0.9974416433239963,0.4669529499626587,0.9974906646751307,0.9996265870052278,0.9971994025392084,0.011764705882352941,0.9983193277310924,0.9996265172735761,0.9971988795518207,106114.963,9.3227,116336.4,nan,0.99000,5,5,0.98000,1
20250221,20250224,SHSE.688659,688659.SH,元琛科技,1,0.9999998606147884,0.9996453238753034,0.4719111608809257,0.9996491228070176,0.9998133631952221,0.9996267263904441,0.013813701698711966,0.9996266567108456,0.9998133283554228,0.9996266567108456,20873.493,1.8254,114880.0,nan,0.99000,5,5,0.98000,1
20250224,20250225,SHSE.688659,688659.SH,元琛科技,1,0.9999994418341664,0.9976652969742249,0.4727357609710551,0.9973482726423903,0.9833800186741363,0.9992530345471522,0.016062756817332834,0.9977586850952559,0.9833769144564811,0.999252895031752,20616.186,1.7872,115840.0,nan,0.99000,5,5,0.98000,1
20250225,20250226,SHSE.688659,688659.SH,元琛科技,1,0.9999999650885577,0.9997197309417041,0.9968242107229591,0.9997011021856903,0.9988791331963385,0.9998131888660564,0.9968236173393124,1.0,0.9988789237668162,0.999813153961136,10911.951,0.9502,114240.0,nan,0.99000,5,5,0.98000,1
20250226,20250227,SZSE.000691,000691.SZ,亚太实业,1,0.9999982899784114,0.9988230898561554,0.4557340306313037,0.998849458348898,1.0,0.9986925663055659,0.01774705772464039,0.9994395665981692,1.0,0.9986923220623949,42267.029,4.1273,103123.13,nan,0.99000,5,5,0.98000,1
20250227,20250228,SHSE.688701,688701.SH,卓锦股份,1,0.9999921419892942,0.9971033451691272,0.977017937219731,0.997085201793722,0.9962630792227205,0.9971973094170403,0.9770136423098487,0.9979443094748646,0.99626238086339,0.9971967856475425,9650.962,1.1416,84863.2991,nan,0.99000,5,5,0.98000,1
20250228,20250303,SHSE.688758,688758.SH,赛分科技,1,0.9999999650885577,0.9996449925261585,0.9582477115636092,0.9996114328413973,0.9981318886605641,0.9998131888660564,0.9575859491778774,0.999813153961136,0.9981315396113603,0.999813153961136,124113.862,18.352,699243.197,nan,0.99000,5,5,0.98000,1
20250303,20250304,SHSE.688565,688565.SH,力源科技,1,0.9999815180365097,0.9956822429906542,0.9839282377125771,0.9956793122780789,0.995514857036068,0.9957017379928985,0.9839252336448598,0.9964485981308411,0.9955140186915887,0.9957009345794392,19189.948,1.9351,99822.6747,nan,0.99000,5,5,0.98000,1
20250304,20250305,SZSE.002848,002848.SZ,高斯贝尔,1,1.0,1.0,0.47664860825705213,1.0,1.0,1.0,0.007660687593423019,1.0,1.0,1.0,65957.743,5.8644,114832.05,nan,0.99000,5,5,0.98000,1
20250305,20250306,SZSE.002848,002848.SZ,高斯贝尔,1,0.9999996856795718,0.9994393571295086,0.9910313901345291,0.9994394618834082,0.999439461883408,0.999439461883408,0.991029714072136,0.9994393571295085,0.9994393571295085,0.9994393571295085,71384.218,6.5254,113160.55,nan,0.99000,5,5,0.98000,1
20250306,20250307,SHSE.603300,603300.SH,海南华铁,1,0.9999996854444779,0.9994765376705926,1.0,0.9994841121495328,0.9998130841121495,0.9994392523364486,1.0,0.9996260983361376,0.9998130491680688,0.9994391475042064,428665.138,1.8635,2300294.1175,nan,0.99000,5,5,0.98000,1
20250307,20250310,SZSE.000668,000668.SZ,荣丰控股,1,0.9999998601975457,0.9995700130865582,0.47728971962616823,0.9995588785046728,0.9990654205607477,0.9996261682242991,0.007664984109179286,0.9996260983361376,0.999065245840344,0.9996260983361376,22558.772,2.7454,82231.4584,nan,0.99000,5,5,0.98000,1
20250310,20250311,SZSE.002848,002848.SZ,高斯贝尔,1,0.9999998601975457,0.9996447934193308,0.4580373831775701,0.9996485981308412,0.9998130841121495,0.9996261682242991,0.006917180781454478,0.9996260983361376,0.9998130491680688,0.9996260983361376,41844.581,3.8264,112324.8,nan,0.99000,5,5,0.98000,1
20250311,20250312,SZSE.002693,002693.SZ,双成药业,1,0.999999860354231,0.9995702541106128,0.9998131888660564,0.9995591257238932,0.9990659443302821,0.9996263777321128,0.999813153961136,0.999813153961136,0.9990657698056801,0.999626307922272,104472.907,2.0431,515459.3593,nan,0.99000,5,5,0.98000,1
20250312,20250313,SZSE.002693,002693.SZ,双成药业,1,1.0,1.0,0.9243273542600897,1.0,1.0,1.0,0.9239394505699869,1.0,1.0,1.0,122519.31,2.6615,464037.8303,nan,0.99000,5,5,0.98000,1
20250313,20250314,SHSE.688205,688205.SH,德科立,1,0.9999999651016003,0.9998318699794507,0.9986925663055659,0.9998356369069854,1.0,0.999813223757938,0.9986923220623949,0.9998131888660564,1.0,0.9998131888660564,402352.514,8.8102,796079.2526,nan,0.99000,5,5,0.98000,1
20250314,20250317,SHSE.688205,688205.SH,德科立,1,0.999999860406401,0.999215393237437,0.9449010085917071,0.9991445648113559,0.9956107583115428,0.9996264475158759,0.944890715486643,0.9996263777321128,0.995516532785354,0.9996263777321128,349348.503,7.6344,825456.2091,nan,0.99000,5,5,0.98000,1
20250317,20250318,SHSE.688205,688205.SH,德科立,1,0.9999999650624509,0.9998130841121496,0.999252476172678,0.9998131190431695,0.9998131190431695,0.9998131190431695,0.9992523364485981,0.9998130841121495,0.9998130841121495,0.9998130841121495,356819.878,7.7079,822071.21,nan,0.99000,5,5,0.98000,1
20250318,20250319,SZSE.000668,000668.SZ,荣丰控股,1,0.9999996862661545,0.9994772218073189,0.4649057308194885,0.9994847862609669,0.9998133283554228,0.9994399850662684,0.007281553398058253,0.9994398805078417,0.9998132935026139,0.9994398805078417,43061.753,4.8721,87517.7664,nan,0.99000,5,5,0.98000,1
20250319,20250320,SHSE.688205,688205.SH,德科立,1,0.9999994418341664,0.9992902502801644,0.9213818860877684,0.999297852474323,0.9996265172735761,0.9992530345471522,0.9213672020918939,0.9996264475158759,0.9996264475158759,0.999252895031752,610109.925,13.9674,765251.5823,nan,0.99000,5,5,0.98000,1
20250320,20250321,SHSE.688205,688205.SH,德科立,1,0.9999998605627354,0.9996452576549664,0.9619189845062535,0.9996490573081949,0.9998133283554228,0.9996266567108456,0.9619118745332338,0.9998132935026139,0.9998132935026139,0.9996265870052278,209630.936,4.844,766339.6177,nan,0.99000,5,5,0.98000,1
20250321,20250324,SZSE.002907,002907.SZ,华森制药,1,1.0,1.0,0.9525009331840238,1.0,1.0,1.0,0.9462385663617696,1.0,1.0,1.0,130783.846,2.9423,600921.0958,nan,0.99000,5,5,0.98000,1
20250324,20250325,SZSE.002693,002693.SZ,双成药业,1,0.9999998606147884,0.999663991039761,0.982829413960433,0.9996715192235909,1.0,0.9996267263904441,0.9828262086988986,0.9998133283554228,1.0,0.9996266567108456,322012.671,8.2625,389808.365,nan,0.99000,5,5,0.98000,1
20250325,20250326,SZSE.002693,002693.SZ,双成药业,1,0.9999996867342392,0.9994776119402985,0.991419511285208,0.9994851706771124,0.9998134676366349,0.9994404029099049,0.9914179104477612,0.9994402985074626,0.9998134328358209,0.9994402985074626,191869.516,4.9438,391052.4343,nan,0.99000,5,5,0.98000,1
20250326,20250327,SZSE.002693,002693.SZ,双成药业,1,0.9999999652056775,0.9998321208729715,0.9921671018276762,0.9998358821335324,1.0,0.9998135024244685,0.9921656407386682,0.9998134676366349,1.0,0.9998134676366349,141831.737,3.7059,384832.088,nan,0.99000,5,5,0.98000,1
20250327,20250328,SZSE.002693,002693.SZ,双成药业,1,0.9999998609264958,0.9996457206787247,0.994220730797912,0.9996495152870992,0.999813571961223,0.9996271439224459,0.9942196531791907,0.9996270743986575,0.9998135371993288,0.9996270743986575,148651.053,3.9676,379441.1213,nan,0.99000,5,5,0.98000,1
20250328,20250331,SZSE.002693,002693.SZ,双成药业,1,0.9999996870846157,0.9994779041581205,0.9492915734526473,0.9994854586129754,0.999813571961223,0.9994407158836689,0.9492821182174156,0.9998135371993288,0.9998135371993288,0.9994406115979863,288842.543,7.4706,385246.7778,nan,0.99000,5,5,0.98000,1
20250331,20250401,SHSE.600022,600022.SH,山东钢铁,1,0.9999999652445863,0.9997017151379568,0.4666356011183597,0.9996794035414724,0.998695246971109,0.9998136067101584,0.002423564504101417,0.999813571961223,0.9986950037285608,0.999813571961223,88466.33,0.6157,1422946.9907,nan,0.99000,5,5,0.98000,1
20250401,20250402,SZSE.002693,002693.SZ,双成药业,1,0.9999996873178735,0.9994967381174278,0.9863958255683936,0.9995080134178159,1.0,0.9994409243384271,0.9863932898415657,0.9998136067101584,1.0,0.9994408201304753,191914.059,5.3566,359950.703,nan,0.99000,5,5,0.98000,1
20250402,20250403,SZSE.002693,002693.SZ,双成药业,1,0.9999996875508707,0.9994969256567915,0.9904992548435171,0.9995081967213115,1.0,0.999441132637854,0.9904974846282839,0.9996273523383641,1.0,0.9994410285075461,139946.674,3.9326,356218.4953,nan,0.99000,5,5,0.98000,1
20250403,20250407,SHSE.601005,601005.SH,重庆钢铁,1,1.0,0.9997950437861003,0.4684239940387481,0.9997540983606558,0.9979508196721312,1.0,0.003726476616359232,1.0,0.9979504378610025,1.0,59482.095,0.542,1177284.581,nan,0.99000,5,5,0.98000,1
20250407,20250408,SZSE.002693,002693.SZ,双成药业,1,0.9999996873178735,0.9994780987884436,0.9202385389489377,0.999485650391353,0.9998136414461424,0.9994409243384271,0.9202236719478099,0.9998136067101584,0.9998136067101584,0.9994408201304753,56813.711,1.7867,317237.6588,nan,0.99000,5,5,0.98000,1
20250408,20250409,SHSE.603100,603100.SH,川仪股份,1,1.0,0.9997950055907566,0.9916154276131918,0.9997540525433203,0.9979504378610025,1.0,0.991613865076407,1.0,0.9979500559075661,1.0,395283.158,3.611,1122983.307,nan,0.99000,5,5,0.98000,1
20250409,20250410,SHSE.603100,603100.SH,川仪股份,1,0.9999999653092897,0.9997392438070404,1.0,0.9997243947858474,0.9990689013035382,0.9998137802607077,1.0,1.0,0.9990687278822872,0.9998137455764574,356582.983,3.1371,1153778.096,nan,0.99000,5,5,0.98000,1
20250410,20250411,SZSE.002693,002693.SZ,双成药业,1,0.9999994449486354,0.9992922331905383,0.9509310986964619,0.9992998137802608,0.9996275605214152,0.9992551210428305,0.9506425777612219,0.9996274911529148,0.9996274911529148,0.9992549823058298,148499.212,4.6977,328848.9718,nan,0.99000,5,5,0.98000,1
20250411,20250414,SZSE.000608,000608.SZ,阳光股份,1,0.9999977797945415,0.9984727137269511,0.9090316573556797,0.9984655493482308,0.9981378026070763,0.9985102420856611,0.8845222574036133,0.9986962190352021,0.9981374557645744,0.9985099646116595,36950.513,3.2326,114736.7363,nan,0.99000,5,5,0.98000,1
20250414,20250415,SZSE.300561,300561.SZ,汇金科技,1,0.9999971890054438,0.9982861400894187,0.995343639411436,0.9982790091264667,0.9979512013410319,0.9983237101881169,0.9953427719821163,0.9983233979135618,0.9979508196721312,0.9983233979135618,1481741.983,35.5464,795005.6234,nan,0.99000,5,5,0.98000,1
20250415,20250416,SZSE.300561,300561.SZ,汇金科技,1,0.9999977781395244,0.9985280417365381,0.9934798807749627,0.9985320417287631,0.9986959761549925,0.9985096870342772,0.9934786659213714,0.9985094093534563,0.9986957331842743,0.9985094093534563,1193969.429,29.5537,721837.545,nan,0.99000,5,5,0.98000,1
20250416,20250417,SZSE.000608,000608.SZ,阳光股份,1,0.9999991333780117,0.9990504561534166,0.9800819061801936,0.9990469099032018,0.9988830975428146,0.9990692479523455,0.9800781977285422,0.9990690746602122,0.9988828895922547,0.9990690746602122,39180.575,3.6103,108737.4298,nan,0.99000,5,5,0.98000,1
20250417,20250418,SZSE.300561,300561.SZ,汇金科技,1,0.99999778144771,0.9985291379631354,0.9746835443037974,0.9985331347728965,0.9986969471332837,0.9985107967237528,0.9746788307577732,0.9985105194563396,0.9986967045242972,0.9985105194563396,733578.404,19.9629,646700.8187,nan,0.99000,5,5,0.98000,1
20250418,20250421,SZSE.300561,300561.SZ,汇金科技,1,0.9999987515995131,0.998901303538175,0.979705827592627,0.9989052318004096,0.9990690746602122,0.9988828895922547,0.9797020484171323,0.9988826815642458,0.9990689013035382,0.9988826815642458,616333.427,17.8635,611593.2654,nan,0.99000,5,5,0.98000,1
20250421,20250422,SHSE.600228,600228.SH,返利科技,1,0.9999999653351205,0.9998138149320425,0.9100893521965748,0.9998138495904692,0.9998138495904692,0.9998138495904692,0.9100726121765035,0.9998138149320425,0.9998138149320425,0.9998138149320425,72537.984,4.1748,174836.5812,nan,0.99000,5,5,0.98000,1
20250422,20250423,SZSE.300846,300846.SZ,首都在线,1,0.9999950026763444,0.9978017883755588,0.9308996088657105,0.9978096479791395,0.9981374557645744,0.9977649469174893,0.930886736214605,0.9977645305514158,0.9981371087928465,0.9977645305514158,648690.956,8.8777,924353.5911,nan,0.99000,5,5,0.98000,1
20250423,20250424,SHSE.688538,688538.SH,和辉光电,1,1.0,0.9999813780260708,1.0,0.9999776577918451,0.9998138149320425,1.0,1.0,1.0,0.9998137802607077,1.0,63707.832,0.5228999853134155,2918552.8193,0.05000000074505806,0.99000,5,5,0.98000,1
20250424,20250425,SZSE.300846,300846.SZ,首都在线,1,0.9999800330293905,0.9956618879165892,0.9527177959791512,0.9956887565152643,0.9968354430379747,0.9955323901712584,0.9527089927387824,0.9960901135728915,0.9968348538447217,0.9955315583690189,797259.912,11.2296,895326.7864,nan,0.99000,5,5,0.98000,1
20250425,20250428,SHSE.601868,601868.SH,中国能建,1,1.0,0.9997951964252467,0.44955323901712585,0.9997542814594192,0.9979523454951601,1.0,0.0022342208154905977,1.0,0.9979519642524669,1.0,300031.491,0.4117000102996826,9338820.6545,0.042490001767873764,0.99000,5,5,0.98000,1
20250428,20250429,SZSE.300449,300449.SZ,汉邦高科,1,0.9999327636674863,0.9921356690272084,0.9940376374138252,0.9922042109185766,0.995155580398733,0.9918017514440097,0.9940365262765561,0.9934774506149833,0.9951546775997018,0.9918002236302647,50122.514,2.3764,275885.98,nan,0.99000,5,5,0.98000,1
20250429,20250430,SHSE.601880,601880.SH,辽港股份,1,1.0,0.9997566909975669,0.9981287425149701,0.9997080838323353,0.9975673652694611,1.0,0.9981283922889762,0.9998128392288976,0.9975669099756691,1.0,58805.747,0.21359999477863312,3490199.3017,0.044920001178979874,0.99000,5,5,0.98000,1
20250430,20250506,SHSE.601005,601005.SH,重庆钢铁,1,0.9999991259078671,0.9991211667913238,1.0,0.9991325481398392,0.9996260983361376,0.999065245840344,1.0,0.9996260284218399,0.9996260284218399,0.9990650710545999,38302.547,0.3611,1133025.7622,nan,0.99000,5,5,0.98000,1
20250506,20250507,SHSE.600022,600022.SH,山东钢铁,1,1.0,0.9999069247952346,0.4504001488926112,0.9998883305415969,0.999069421179974,1.0,0.0029784065524944155,1.0,0.9990692479523455,1.0,31667.597,0.2234,1422946.9907,nan,0.99000,5,5,0.98000,1
20250507,20250508,SHSE.600022,600022.SH,山东钢铁,1,1.0,1.0,0.4523720930232558,1.0,1.0,1.0,0.006512839598064756,1.0,1.0,1.0,43802.147,0.3067,1422946.9907,nan,0.99000,5,5,0.98000,1
20250508,20250509,SZSE.002593,002593.SZ,日上集团,1,0.999999861546782,0.9993488372093023,0.9934895833333334,0.9992931547619048,0.9968377976190477,0.9996279761904762,0.9934883720930232,0.9996279069767442,0.9968372093023256,0.9996279069767442,72189.324,2.3698,429260.1875,nan,0.99000,5,5,0.98000,1
20250509,20250512,SHSE.600157,600157.SH,永泰能源,1,1.0,0.9995906976744187,0.9994419642857143,0.9995089285714286,0.9959077380952381,1.0,0.9994418604651163,0.9998139534883721,0.995906976744186,1.0,253591.596,0.836899995803833,3021615.9237,0.03550000116229057,0.99000,5,5,0.98000,1
20250512,20250513,SHSE.600022,600022.SH,山东钢铁,1,1.0,0.9983069767441861,0.45107886904761907,0.99796875,0.9830729166666666,1.0,0.006883720930232558,0.9986976744186047,0.9830697674418605,1.0,61538.307,0.4327,1422946.9907,nan,0.99000,5,5,0.98000,1
20250513,20250514,SHSE.600022,600022.SH,山东钢铁,1,1.0,0.9998326204203087,0.462253625883228,0.9997991818519896,0.9983265154332466,1.0,0.0059512739445787615,1.0,0.9983262042030873,1.0,29969.697,0.2096,1422946.9907,nan,0.99000,5,5,0.98000,1
20250514,20250515,SHSE.601005,601005.SH,重庆钢铁,1,0.9999999654124399,0.9989957225218524,0.4694124209743399,0.9988322796578655,0.9916325771662328,0.9998140572703608,0.004277478147665985,0.9994420680676958,0.9916310210154361,0.9998140226892319,99067.341,0.9125,1159581.0535,nan,0.99000,5,5,0.98000,1
20250515,20250516,SHSE.600022,600022.SH,山东钢铁,1,1.0,0.9999255952380952,0.9988841361353915,0.9999107308908313,0.9992560907569277,1.0,0.9988839285714286,1.0,0.9992559523809523,1.0,50677.019,0.3535,1422946.9907,nan,0.99000,5,5,0.98000,1
20250516,20250519,SHSE.601005,601005.SH,重庆钢铁,1,1.0,0.9998140226892319,0.47712904425436964,0.9997768687244328,0.9981405727036073,1.0,0.005765296633810675,1.0,0.9981402268923192,1.0,47389.547,0.4394,1141877.5259,nan,0.99000,5,5,0.98000,1
20250519,20250520,SHSE.601005,601005.SH,重庆钢铁,1,1.0,0.9992370673613695,0.46930232558139534,0.9990846511627907,0.9923720930232558,1.0,0.005396352809825084,0.9992556754745069,0.9923706736136956,1.0,97907.922,0.899,1159581.0535,nan,0.99000,5,5,0.98000,1
20250520,20250521,SHSE.601005,601005.SH,重庆钢铁,1,1.0,1.0,1.0,1.0,1.0,1.0,1.0,1.0,1.0,1.0,35871.374,0.328,1168432.8172,nan,0.99000,5,5,0.98000,1
20250521,20250522,SHSE.600022,600022.SH,山东钢铁,1,1.0,0.9999813988095239,0.4733122559047796,0.9999776827227078,0.9998140226892319,1.0,0.006882440476190476,1.0,0.9998139880952381,1.0,20190.257,0.1405,1433645.8402,nan,0.99000,5,5,0.98000,1
20250522,20250523,SHSE.601005,601005.SH,重庆钢铁,1,1.0,0.9998324958123953,0.4768328991440268,0.9997990323781168,0.9983252698176405,1.0,0.006327935976177182,0.9998138842359948,0.998324958123953,1.0,46669.118,0.4292,1150729.2897,nan,0.99000,5,5,0.98000,1
20250523,20250526,SHSE.600022,600022.SH,山东钢铁,1,1.0,0.9996651162790697,0.9946056547619048,0.9995982142857143,0.9966517857142857,1.0,0.9946046511627907,0.9998139534883721,0.9966511627906977,1.0,48328.263,0.3388,1412248.1411,nan,0.99000,5,5,0.98000,1
20250526,20250527,SHSE.600022,600022.SH,山东钢铁,1,1.0,0.9999069247952346,1.0,0.9998883305415969,0.999069421179974,1.0,1.0,1.0,0.9990692479523455,1.0,20726.161,0.1463,1422946.9907,nan,0.99000,5,5,0.98000,1
20250527,20250528,SHSE.600221,600221.SH,海航控股,1,1.0,0.9998510796723753,1.0,0.999821328866555,0.9985110738879583,1.0,1.0,1.0,0.9985107967237528,1.0,107648.74,0.244,5790894.7597,nan,0.99000,5,5,0.98000,1
20250528,20250529,SHSE.600022,600022.SH,山东钢铁,1,1.0,0.9998510242085661,0.47654068143734873,0.9998212623347608,0.9985105194563396,1.0,0.006145251396648044,1.0,0.9985102420856611,1.0,28036.727,0.1991,1401549.2916,nan,0.99000,5,5,0.98000,1
20250529,20250530,SHSE.600022,600022.SH,山东钢铁,1,1.0,0.9997580495067933,0.9966505396352809,0.9997097134350577,0.9975809452921474,1.0,0.9966499162479062,0.9998138842359948,0.9975804950679322,1.0,39933.941,0.2826,1412248.1411,nan,0.99000,5,5,0.98000,1
20250530,20250603,SHSE.600022,600022.SH,山东钢铁,1,1.0,0.9982501861504096,0.4733854457472548,0.9979006141820213,0.9825051181835102,1.0,0.004281459419210722,0.9985107967237528,0.9825018615040954,1.0,33533.449,0.2383,1412248.1411,nan,0.99000,5,5,0.98000,1
20250603,20250604,SHSE.600221,600221.SH,海航控股,1,1.0,0.9996833084947839,1.0,0.9996200409759732,0.9968336747997765,1.0,1.0,0.9996274217585693,0.9968330849478391,1.0,150973.304,0.3422,5790894.7597,nan,0.99000,5,5,0.98000,1
20250604,20250605,SHSE.600221,600221.SH,海航控股,1,0.9999999653738125,0.9983252698176406,0.9527441860465117,0.9980279069767442,0.9849302325581395,0.9998139534883721,0.9527353926311872,0.9985113509490138,0.9849274283587645,0.9998139188686267,193965.828,0.44,5790894.7597,nan,0.99000,5,5,0.98000,1
20250605,20250606,SHSE.600221,600221.SH,海航控股,1,0.9999996885961416,0.9959077380952381,0.877068997582295,0.9952017853821834,0.9641063790217593,0.9994420680676958,0.8770461309523809,0.99609375,0.9640997023809523,0.9994419642857143,158180.237,0.3594,5790894.7597,nan,0.99000,5,5,0.98000,1
20250606,20250609,SHSE.600022,600022.SH,山东钢铁,1,1.0,0.9992748233544069,0.974530581892545,0.9991299498047964,0.992749581706637,1.0,0.9745258460394198,0.999256229081443,0.9927482335440684,1.0,37492.406,0.2668,1412248.1411,nan,0.99000,5,5,0.98000,1
20250609,20250610,SZSE.002034,002034.SZ,旺能环境,1,0.9999999653738125,0.9991440267956829,0.4773953488372093,0.9990102325581396,0.9931162790697674,0.9998139534883721,0.0057685150725716415,0.9992556754745069,0.9931149981391887,0.9998139188686267,71265.599,0.9405,763811.9597,nan,0.99000,5,5,0.98000,1
20250610,20250611,SHSE.600022,600022.SH,山东钢铁,1,0.9999999654510026,0.9979739776951674,0.9080096636312953,0.99760639286378,0.981416093662888,0.9998141609366289,0.9079925650557621,0.9986988847583643,0.9814126394052045,0.9998141263940521,58614.001,0.4171,1401549.2916,nan,0.99000,5,5,0.98000,1
20250611,20250612,SHSE.600022,600022.SH,山东钢铁,1,1.0,0.9992569199331228,0.4729754829123328,0.9991084695393759,0.9925705794947994,1.0,0.0066877206018948546,0.9992569199331228,0.9925691993312279,1.0,31610.32,0.2245,1412248.1411,nan,0.99000,5,5,0.98000,1
20250612,20250613,SHSE.600022,600022.SH,山东钢铁,1,1.0,0.9989411109047,0.9565378900445766,0.9987295690936107,0.9894130757800892,1.0,0.9565298160876834,0.9990711499164034,0.9894111090469998,1.0,36715.938,0.2615,1401549.2916,nan,0.99000,5,5,0.98000,1
20250613,20250616,SHSE.600022,600022.SH,山东钢铁,1,0.9999999654766752,0.9975473801560758,0.48049414824447334,0.9970945569385102,0.9771502879435259,0.9998142299832807,0.008175399479747306,0.9981419546636938,0.9771460423634337,0.9998141954663694,38749.35,0.2775,1390850.442,nan,0.99000,5,5,0.98000,1
20250616,20250617,SHSE.600022,600022.SH,山东钢铁,1,0.9999999655023194,0.9964153046062407,0.480594243268338,0.995736304549675,0.9658310120705664,0.9998142989786444,0.008358098068350668,0.9972139673105498,0.9658246656760773,0.99981426448737,38075.259,0.2733,1390850.442,nan,0.99000,5,5,0.98000,1
20250617,20250618,SHSE.600221,600221.SH,海航控股,1,0.9999999655663047,0.9975505659677121,0.9306122448979591,0.9970983302411874,0.9771799628942486,0.9998144712430427,0.9305993690851735,0.9979588049730933,0.9771757283354983,0.9998144368157358,141724.898,0.3253,5747679.1272,nan,0.99000,5,5,0.98000,1
20250618,20250619,SHSE.600576,600576.SH,祥源文旅,1,0.9999932509957106,0.9974392280571536,0.999443413729128,0.9974471243042671,0.997773654916512,0.9974025974025974,0.9994433104472072,0.9985154945258861,0.9977732417888291,0.9974021154203007,204410.057,3.7667,870002.463,nan,0.99000,5,5,0.98000,1
20250619,20250620,SHSE.600463,600463.SH,空港股份,1,0.9999965553521836,0.9980512249443207,0.4761551308220449,0.9980330302467991,0.9972165522360363,0.9981443681573576,0.005011135857461025,0.9988864142538976,0.9972160356347439,0.9981440237564959,79053.525,2.4065,328500.0,nan,0.99000,5,5,0.98000,1
20250620,20250623,SHSE.600576,600576.SH,祥源文旅,1,0.9999977962434973,0.9984412692521805,0.4770871985157699,0.9984267161410018,0.997773654916512,0.9985157699443413,0.004453516422341808,0.9994433104472072,0.9977732417888291,0.9985154945258861,272057.199,5.1607,826765.977,nan,0.99000,5,5,0.98000,1
20250623,20250624,SHSE.600022,600022.SH,山东钢铁,1,1.0,0.9979011887072808,0.9195914577530176,0.9974818941504178,0.9790157845868153,1.0,0.9195765230312035,0.9986998514115899,0.9790118870728083,1.0,27298.399,0.1979,1380151.5925,nan,0.99000,5,5,0.98000,1
20250624,20250625,SZSE.002217,002217.SZ,合力泰,1,0.9999958304285607,0.9978281046964915,0.9879361544172235,0.9978025241276912,0.9966592427616926,0.9979584261321455,0.9879339149805086,0.9983293113049935,0.996658622609987,0.9979580471505476,140527.443,1.0527,1757658.7481,nan,0.99000,5,5,0.98000,1
20250625,20250626,SHSE.600022,600022.SH,山东钢铁,1,1.0,0.9992760348988305,0.9688195991091314,0.99913140311804,0.9927616926503341,1.0,0.9688138110265454,0.9994431037683311,0.9927603489883052,1.0,33846.461,0.242,1401549.2916,nan,0.99000,5,5,0.98000,1
20250626,20250627,SHSE.601005,601005.SH,重庆钢铁,1,0.9999999655790803,0.9992949907235622,0.9617881654609535,0.9991912446670377,0.9946206640697459,0.9998145056575775,0.9617810760667903,0.9998144712430427,0.9946196660482375,0.9998144712430427,55705.658,0.5242,1124173.9984,nan,0.99000,5,5,0.98000,1
20250627,20250630,SHSE.600022,600022.SH,山东钢铁,1,1.0,0.9994802301837757,0.9649220489977728,0.9993763919821826,0.9948032665181886,1.0,0.9649155374048636,0.9996287358455541,0.9948023018377575,1.0,87428.279,0.6249,1401549.2916,nan,0.99000,5,5,0.98000,1
20250630,20250701,SHSE.600022,600022.SH,山东钢铁,1,0.9999998620605227,0.9985701021355617,0.974006683995544,0.9983587077608616,0.9890456739695507,0.999628666914222,0.9740018570102136,0.9990714948932219,0.9890436397400185,0.9996285979572888,30710.434,0.2203,1390850.442,nan,0.99000,5,5,0.98000,1
20250701,20250702,SHSE.600022,600022.SH,山东钢铁,1,0.9999998621117394,0.9994801336799108,0.9853350658993875,0.9994505290514201,0.9981436792277706,0.9996287358455541,0.9853323431117713,1.0,0.9981433345711103,0.999628666914222,37382.001,0.2682,1401549.2916,nan,0.99000,5,5,0.98000,1
20250702,20250703,SHSE.600022,600022.SH,山东钢铁,1,0.9999998620605227,0.999535747446611,0.9773486817675455,0.9995172669884886,0.9987003341997772,0.999628666914222,0.9773444753946147,1.0,0.9987000928505106,0.9996285979572888,311617.305,2.1467,1476441.2385,nan,0.99000,5,5,0.98000,1
20250703,20250704,SZSE.300849,300849.SZ,锦盛新材,1,0.9999991378782667,0.9991457753017641,0.9144077237281841,0.9991607872261419,0.999814333457111,0.9990716672855552,0.9143918291550603,0.9998142989786444,0.9998142989786444,0.9990714948932219,114068.642,7.0172,199200.0,nan,0.99000,5,5,0.98000,1
20250704,20250707,SZSE.300849,300849.SZ,锦盛新材,1,0.9999996898665872,0.9994802301837757,0.942743132887899,0.9994877505567928,0.9998144023756496,0.9994432071269488,0.9422684239836644,0.999814367922777,0.999814367922777,0.9994431037683311,133327.476,8.4458,193500.0,nan,0.99000,5,5,0.98000,1
20250707,20250708,SHSE.600221,600221.SH,海航控股,1,0.9999999655279348,0.9985889342740438,0.9502506033042509,0.9983441618711713,0.9875626508260628,0.999814367922777,0.9502413665057556,0.9987003341997772,0.9875603416264389,0.999814333457111,211794.961,0.4755,5834110.3922,nan,0.99000,5,5,0.98000,1
20250708,20250709,SZSE.000679,000679.SZ,大连友谊,1,0.9999922409044002,0.997418755803157,0.9766060155959896,0.9974600816932789,0.9992573338284441,0.9972150018566655,0.9766016713091922,0.9990714948932219,0.9992571959145775,0.9972144846796658,38979.604,1.7012,231303.6,nan,0.99000,5,5,0.98000,1
20250709,20250710,SHSE.600221,600221.SH,海航控股,1,0.9999999655535219,0.9996844840386043,0.9944331044720728,0.9996585637409537,0.9985154945258861,0.9998144368157358,0.9944320712694877,0.9998144023756496,0.9985152190051967,0.9998144023756496,812421.321,1.7781,6006972.9224,nan,0.99000,5,5,0.98000,1
20250710,20250711,SHSE.688500,688500.SH,慧辰股份,1,0.9999965553521836,0.9975315515961396,0.913341992948599,0.9974095379476713,0.9920207830766375,0.9981443681573576,0.9133259094283593,0.9988864142538976,0.9920193021529324,0.9981440237564959,146379.777,3.9597,357111.8441,nan,0.99000,5,5,0.98000,1
20250711,20250714,SZSE.002209,002209.SZ,达意隆,1,0.9999999656046105,0.9996847181008902,0.9623586130168738,0.9996588169849805,0.9985165955868719,0.999814574448359,0.9623516320474778,0.9998145400593472,0.9985163204747775,0.9998145400593472,132260.711,6.1136,277247.4667,nan,0.99000,5,5,0.98000,1
20250714,20250715,SZSE.300849,300849.SZ,锦盛新材,1,0.9999994492652855,0.9988682745825603,0.4672602485624188,0.998790576887405,0.9953626414394361,0.9992580226303098,0.007050092764378479,0.999443413729128,0.9953617810760668,0.9992578849721707,59133.977,3.842,189750.0,nan,0.99000,5,5,0.98000,1
20250715,20250716,SZSE.300849,300849.SZ,锦盛新材,1,0.9999994494695829,0.9983305509181971,0.4782084569732938,0.9981454005934718,0.9899851632047477,0.9992581602373887,0.006492301984789464,0.9987015396030421,0.989983305509182,0.9992580226303098,59093.443,3.9021,186750.0,nan,0.99000,5,5,0.98000,1
20250716,20250717,SZSE.300849,300849.SZ,锦盛新材,1,0.9999998623673957,0.9996104618809126,0.9814540059347181,0.999606824925816,0.9994436201780416,0.9996290801186943,0.9814505657577444,0.9996290113151549,0.9994435169727324,0.9996290113151549,40552.683,2.6604,188400.0,nan,0.99000,5,5,0.98000,1
20250717,20250718,SZSE.300849,300849.SZ,锦盛新材,1,0.9999987617659749,0.9984792284866468,0.9595772297422585,0.9983979232338217,0.9948080845540516,0.998887446690154,0.9595697329376854,0.9992581602373887,0.994807121661721,0.9988872403560831,36485.328,2.3759,190050.0,nan,0.99000,5,5,0.98000,1
20250718,20250721,SZSE.300849,300849.SZ,锦盛新材,1,0.9999999655918489,0.999703209052124,0.9829376854599406,0.9996810089020772,0.9987017804154302,0.9998145400593472,0.9829345204971248,0.9998145056575775,0.9987015396030421,0.9998145056575775,34307.143,2.2394,188850.0,nan,0.99000,5,5,0.98000,1
20250721,20250722,SHSE.603966,603966.SH,法兰泰克,1,0.9999965604610414,0.9979970326409495,0.9747821249768218,0.9979677359540144,0.9966623400704617,0.9981457444835898,0.9747774480712166,0.9988872403560831,0.9966617210682492,0.9981454005934718,47934.114,1.1338,423818.8824,nan,0.99000,5,5,0.98000,1
20250722,20250723,SZSE.300059,300059.SZ,东方财富,1,1.0,0.9979406307977736,0.47811166759413837,0.9975292153589316,0.9794101279910963,1.0,0.012801484230055659,0.999443413729128,0.9794063079777365,1.0,10742489.97,3.4172000885009766,37202704.687,0.6870700120925903,0.99000,5,5,0.98000,1
20250723,20250724,SZSE.002700,002700.SZ,万憬能源,1,0.9999983158754925,0.9987764182424917,0.9681186283595922,0.9987914735866543,0.9994439295644115,0.9987025023169601,0.968112717834631,0.9996292176492398,0.9994438264738599,0.9987022617723397,49326.159,1.8805,322629.9843,nan,0.99000,5,5,0.98000,1
20250724,20250725,SZSE.300849,300849.SZ,锦盛新材,1,0.9999994498778367,0.9992212126831077,0.9738598442714127,0.9992139414163885,0.9988876529477196,0.9992584352984798,0.9738549972186167,0.9994437233450769,0.998887446690154,0.9992582977934359,37688.563,2.442,190950.0,nan,0.99000,5,5,0.98000,1
20250725,20250728,SZSE.000726,000726.SZ,鲁泰A,1,0.999997217071036,0.9984615384615385,0.4734988880652335,0.9984877687175686,0.9996293550778355,0.9983320978502594,0.008155699721964782,0.9992585727525487,0.9996292863762744,0.9983317886932345,58702.943,1.4275,570479.8826,nan,0.99000,5,5,0.98000,1
20250728,20250729,SZSE.301015,301015.SZ,百洋医药,1,0.9999996909002687,0.9971089696071165,0.9049471928849361,0.9966425792106726,0.9760978321289605,0.9994441356309061,0.9049295774647887,0.998702742772424,0.9760934025203855,0.9994440326167532,136522.974,1.2112,1124300.0592,nan,0.99000,5,5,0.98000,1
20250729,20250730,SHSE.688701,688701.SH,卓锦股份,1,0.9999983196159122,0.9987222222222222,0.9724125162007036,0.9987261618218848,0.9988890946121088,0.998703943714127,0.9724074074074074,0.9992592592592593,0.9988888888888889,0.9987037037037036,18546.918,1.5221,122058.1311,nan,0.99000,5,5,0.98000,1
20250730,20250731,SHSE.605138,605138.SH,盛泰集团,1,0.999999451303155,0.9992962962962963,0.9824106646917238,0.9993038326235882,0.9996296982040362,0.9992593964080726,0.9824074074074074,0.9996296296296296,0.9996296296296296,0.9992592592592593,35752.203,0.8208,435561.9682,nan,0.99000,5,5,0.98000,1
20250731,20250801,SHSE.688701,688701.SH,卓锦股份,1,0.9999987636010751,0.998869532987398,0.9773948489901797,0.9988660366870484,0.9987029831387808,0.9988882712618121,0.9773906597479615,0.9990733876945885,0.998702742772424,0.9988880652335063,20230.258,1.6635,120446.8027,nan,0.99000,5,5,0.98000,1
20250801,20250804,SZSE.002811,002811.SZ,郑中设计,1,0.9999991417077866,0.9991106170094497,0.9701741385698407,0.9991181919229344,0.9994442386068915,0.9990737310114858,0.9701686121919585,0.9990735593848434,0.9994441356309061,0.9990735593848434,155785.89,4.7192,359093.0258,nan,0.99000,5,5,0.98000,1
20250804,20250805,SZSE.000679,000679.SZ,大连友谊,1,1.0,0.999944382647386,0.4782205746061168,0.9999332715477294,0.9994439295644115,1.0,0.007230255839822024,1.0,0.9994438264738599,1.0,48167.28,1.4819,325036.8,nan,0.99000,5,5,0.98000,1
20250805,20250806,SHSE.688701,688701.SH,卓锦股份,1,0.9999994502856367,0.9988693234476368,0.9664566345441068,0.9987916975537436,0.9953669384729429,0.9992587101556709,0.9664504170528266,0.9994439295644115,0.995366079703429,0.9992585727525487,38582.63,2.9921,130517.6056,nan,0.99000,5,5,0.98000,1
20250806,20250807,SHSE.600662,600662.SH,外服控股,1,0.9999998626732458,0.9996664813785436,1.0,0.999673953316043,1.0,0.9996294924045943,1.0,0.9998147118769687,1.0,0.9996294237539374,48668.055,0.3701,1324427.9613,nan,0.99000,5,5,0.98000,1
20250807,20250808,SHSE.600662,600662.SH,外服控股,1,0.9999996910148031,0.9989253288864184,0.9955539088551315,0.99882178584661,0.9942571322712116,0.9994442386068915,0.9955530850472485,0.9996294237539374,0.9942560681860293,0.9994441356309061,52946.432,0.4024,1326711.4578,nan,0.99000,5,5,0.98000,1
20250808,20250811,SHSE.603406,603406.SH,天富龙,1,0.9999994510998775,0.9957399518429338,0.9762037037037037,0.995037037037037,0.9640740740740741,0.9992592592592593,0.9618447860714947,0.9933320985367661,0.9640674198925727,0.9992591220596406,1970531.035,81.5408,2272056.8,nan,0.99000,5,5,0.98000,1
20250811,20250812,SZSE.002176,002176.SZ,江特电机,1,0.9999999657064472,0.9994814814814815,0.4567672653212368,0.9994149231623773,0.9964821329383448,0.9998148491020181,0.009259259259259259,0.9998148148148148,0.9964814814814815,0.9998148148148148,340793.995,2.3014,1481090.6043,nan,0.99000,5,5,0.98000,1
20250812,20250813,SZSE.301632,301632.SZ,广东建科,1,0.9999998629780776,0.9954654821395522,0.9746484085862325,0.9946336047372317,0.9579940784603997,0.9996299037749815,0.9602072922450491,0.9940773644271701,0.9579863039052379,0.9996298352766981,1948170.151,84.5926,1423522.56,nan,0.99000,5,5,0.98000,1
20250813,20250814,SZSE.000031,000031.SZ,大悦城,1,0.9999626543209876,0.9942222222222223,0.9966672838363266,0.9968894649139048,0.9985187928161452,0.9966672838363266,0.9938888888888889,0.9968518518518519,0.9972222222222222,0.9938888888888889,57736.359,0.4263,1345902.3884,nan,0.99000,5,5,0.98000,1
20250814,20250815,SZSE.000031,000031.SZ,大悦城,1,0.9999603860020855,0.9940947797112181,0.9964834351286322,0.9967388487877106,0.998611882287618,0.9964834351286322,0.9937060348019252,0.9974083672713809,0.9975934838948538,0.9937060348019252,76882.769,0.5738,1315898.1951,nan,0.99000,5,5,0.98000,1
20250815,20250818,SZSE.000031,000031.SZ,大悦城,1,0.9999580059525962,0.993908535456397,0.972047389855609,0.9967493520918178,0.9987041836356905,0.996482784154017,0.957785595260137,0.9972227365302722,0.997407887428254,0.993519718570635,86288.9,0.6374,1367333.9551,nan,0.99000,5,5,0.98000,1
20250818,20250819,SHSE.601985,601985.SH,中国核电,1,1.0,1.0,0.47333333333333333,1.0,1.0,1.0,0.016114095202815336,1.0,1.0,1.0,1131027.805,0.6601999998092651,18634609.879,0.08431000262498856,0.99000,5,5,0.98000,1
20250819,20250820,SHSE.601816,601816.SH,京沪高铁,1,1.0,1.0,0.9988895058300944,1.0,1.0,1.0,0.9988893002591632,1.0,1.0,1.0,1575743.012,0.6061000227928162,25783833.028,0.06747999787330627,0.99000,5,5,0.98000,1
20250820,20250821,SHSE.601816,601816.SH,京沪高铁,1,1.0,0.9999814814814815,0.9996296982040362,0.9999777818922422,0.9998148491020181,1.0,0.9996296296296296,1.0,0.9998148148148148,1.0,1592834.135,0.6230000257492065,25734907.3486,0.06747999787330627,0.99000,5,5,0.98000,1
20250821,20250822,SHSE.688696,688696.SH,极米科技,1,0.9999999657445194,0.9998334258745142,0.48279052553663954,0.9998371576609918,1.0,0.9998149518874907,0.01073477697575421,0.9998149176383491,1.0,0.9998149176383491,437556.653,5.2517,842660.0,nan,0.99000,5,5,0.98000,1
20250822,20250825,SHSE.601816,601816.SH,京沪高铁,1,0.9999998630287842,0.9996484085862325,0.4587419056429232,0.9996521739130435,0.9998149861239592,0.9996299722479186,0.014988897113249446,0.9998149518874907,0.9998149518874907,0.9996299037749815,880167.899,0.337799996137619,26175238.463,0.06599000096321106,0.99000,5,5,0.98000,1
20250825,20250826,SHSE.688315,688315.SH,诺禾致源,1,1.0,0.9999074759437454,0.9972247918593895,0.9998889916743756,0.9990749306197965,1.0,0.9972242783123613,1.0,0.9990747594374537,1.0,125498.428,1.8229,686730.0,nan,0.99000,5,5,0.98000,1
20250826,20250827,SHSE.601816,601816.SH,京沪高铁,1,0.9999999657698657,0.9998334875115633,1.0,0.9998372179060303,1.0,0.9998150203477617,1.0,1.0,1.0,0.9998149861239592,741167.321,0.2809999883174896,26468792.5392,0.06499999761581421,0.99000,5,5,0.98000,1
20250827,20250828,SHSE.601816,601816.SH,京沪高铁,1,0.9999996920427543,0.9994820569737329,1.0,0.999489550582578,0.9998150545589051,0.9994451636767153,1.0,0.9998150203477617,0.9998150203477617,0.9994450610432852,872094.919,0.3337000012397766,25881684.3867,0.06797999888658524,0.99000,5,5,0.98000,1
20250828,20250829,SZSE.300126,300126.SZ,锐奇股份,1,0.9999996921566544,0.9993711855002774,0.9802144970414202,0.9993565088757397,0.9987056213017751,0.9994452662721893,0.9802108378028481,0.9996301091178103,0.9987053819123358,0.9994451636767153,131469.682,8.8305,216721.7688,nan,0.99000,5,5,0.98000,1
20250829,20250901,SZSE.001965,001965.SZ,招商公路,1,0.9999998630287842,0.9996113989637306,0.9985198889916743,0.9996077705827937,0.9994449583718779,0.9996299722479186,0.9985196150999259,0.9998149518874907,0.9994448556624722,0.9996299037749815,427105.584,0.5965999960899353,7099971.2272,0.17149999737739563,0.99000,5,5,0.98000,1
20250901,20250902,SHSE.601006,601006.SH,大秦铁路,1,0.9999996918147646,0.9994633604737231,0.9996299722479186,0.9994671600370028,0.9996299722479186,0.9994449583718779,0.9996299037749815,0.9994448556624722,0.9996299037749815,0.9994448556624722,1340500.503,1.0715999603271484,12430808.6508,0.055240001529455185,0.99000,5,5,0.98000,1
20250902,20250903,SHSE.600519,600519.SH,贵州茅台,1,0.999999691928791,0.9994264569842738,0.9879763226045135,0.9994228634850166,0.9992600813910469,0.9994450610432852,0.9879740980573543,0.9996299722479186,0.9992599444958372,0.9994449583718779,8470012.816,0.4526999890804291,186751057.163,20.508329391479492,0.99000,5,5,0.98000,1
20250903,20250904,SHSE.688081,688081.SH,兴图新科,1,0.9999999657951838,0.9998150545589051,0.9631102071005917,0.9998150887573964,0.9998150887573964,0.9998150887573964,0.9626410208988349,0.9998150545589051,0.9998150545589051,0.9998150545589051,116405.569,4.7716,233385.6,nan,0.99000,5,5,0.98000,1
20250904,20250905,SHSE.601606,601606.SH,长城军工,1,1.0,1.0,1.0,1.0,1.0,1.0,1.0,1.0,1.0,1.0,1187132.801,2.7815,4248323.7944,nan,0.99000,5,5,0.98000,1
20250905,20250908,SZSE.301040,301040.SZ,中环海陆,1,1.0,0.9999630109117811,0.9996301775147929,0.9999556213017752,0.9996301775147929,1.0,0.9996301091178103,1.0,0.9996301091178103,1.0,18935.136,0.6343,316802.8734,nan,0.99000,5,5,0.98000,1
20250908,20250909,SZSE.300347,300347.SZ,泰格医药,1,0.9999998632818955,0.999389905712701,0.4777264325323475,0.9993419593345656,0.9972273567467652,0.999630314232902,0.00979848400813459,0.9996302458864855,0.9972268441486412,0.9996302458864855,794687.115,2.085599899291992,5785234.03,2.944999933242798,0.99000,5,5,0.98000,1
20250909,20250910,SZSE.300620,300620.SZ,光库科技,1,0.9999999658331084,0.9998151571164511,0.4769913139900203,0.9998151912770283,0.9998151912770282,0.9998151912770282,0.006654343807763401,0.999815157116451,0.999815157116451,0.999815157116451,1448481.128,6.6353,2175346.1579,nan,0.99000,5,5,0.98000,1
20250910,20250911,SHSE.603367,603367.SH,辰欣药业,1,0.9999998634334257,0.9995934959349594,0.9994457786809533,0.9995861814151117,0.999261038241271,0.9996305191206355,0.9994456762749445,1.0,0.9992609016999261,0.999630450849963,447531.45,4.6149,958933.2452,nan,0.99000,5,5,0.98000,1
20250911,20250912,SZSE.002918,002918.SZ,蒙娜丽莎,1,1.0,1.0,0.47255590463869895,1.0,1.0,1.0,0.009242144177449169,1.0,1.0,1.0,142568.423,4.707,574616.5009,nan,0.99000,5,5,0.98000,1
20250912,20250915,SZSE.301519,301519.SZ,舜禹股份,1,0.9999998634838798,0.9996674672085719,0.9983376431473956,0.9996749168821574,1.0,0.9996305873660879,0.9983373360428598,0.9998152595603178,1.0,0.9996305191206355,21891.666,1.9419,236390.4,nan,0.99000,5,5,0.98000,1
20250915,20250916,SZSE.301519,301519.SZ,舜禹股份,1,1.0,0.9999815191277028,0.9852180339985218,0.9999778270509978,0.9998152254249815,1.0,0.985215302162262,1.0,0.9998151912770282,1.0,25877.118,2.3308,232614.72,nan,0.99000,5,5,0.98000,1
20250916,20250917,SZSE.002775,002775.SZ,文科股份,1,0.9999998633829437,0.9996673442986509,0.4750554323725055,0.9996747967479674,1.0,0.999630450849963,0.005359452966180004,1.0,1.0,0.9996303825540566,64256.279,3.2972,268011.3432,nan,0.99000,5,5,0.98000,1
20250917,20250918,SHSE.688755,688755.SH,汉邦科技,1,0.9999999658331084,0.9996857670979667,0.46959896507115134,0.999659951949732,0.9985215302162262,0.9998151912770282,0.005730129390018484,1.0,0.9985212569316081,0.999815157116451,29537.051,3.817,411752.0,nan,0.99000,5,5,0.98000,1
20250918,20250919,SHSE.601128,601128.SH,常熟银行,1,1.0,1.0,0.9955637707948244,1.0,1.0,1.0,0.9955629506378258,1.0,1.0,1.0,664361.808,2.826200008392334,2328193.0997,0.1489199995994568,0.99000,5,5,0.98000,1
20250919,20250922,SZSE.001203,001203.SZ,大中矿业,1,0.9999998633829437,0.998817224172981,0.48124538063562455,0.9986548410938655,0.99150036954915,0.999630450849963,0.006653114026982074,0.9996303825540566,0.9914987987433007,0.9996303825540566,189388.691,1.227,1799071.5273,nan,0.99000,5,5,0.98000,1
20250922,20250923,SHSE.603778,603778.SH,国晟科技,1,0.9999999657951838,0.9993157018679489,0.9622781065088757,0.9992159763313609,0.9948224852071006,0.9998150887573964,0.9622711300166451,0.9996301091178103,0.9948215276493434,0.9998150545589051,169748.687,7.7891,219975.1102,nan,0.99000,5,5,0.98000,1
20250923,20250924,SHSE.603778,603778.SH,国晟科技,1,0.9999998634838798,0.9993164603731757,0.9516992981159955,0.9992537864794976,0.9964905799778352,0.9996305873660879,0.9499353408461112,0.999261038241271,0.9964899316460373,0.9996305191206355,133755.179,6.321,218661.826,nan,0.99000,5,5,0.98000,1
20250924,20250925,SZSE.000545,000545.SZ,金浦钛业,1,0.9999991461433978,0.9990020328959527,0.9591648189209164,0.9989874353288987,0.9983370288248337,0.9990761271249076,0.9587876547773055,0.9990759563851414,0.9983367214932545,0.9990759563851414,40867.316,1.4603,280260.5993,nan,0.99000,5,5,0.98000,1
20250925,20250926,SHSE.601233,601233.SH,桐昆股份,1,0.9999987722623368,0.9986518928901201,0.47950516986706054,0.9986041358936485,0.9964918759231906,0.9988921713441654,0.008125577100646353,0.9988919667590028,0.9964912280701754,0.9988919667590028,283167.261,0.8373000025749207,3390739.4799,0.512499988079071,0.99000,5,5,0.98000,1
20250926,20250929,SZSE.002989,002989.SZ,中天精装,1,0.999999965896176,0.9998153277931673,0.9907680945347119,0.9998153618906942,0.9998153618906942,0.9998153618906942,0.9907663896583564,1.0,0.9998153277931672,0.9998153277931672,520257.186,8.9091,634384.3894,nan,0.99000,5,5,0.98000,1
20250929,20250930,SZSE.000545,000545.SZ,金浦钛业,1,1.0,0.9999630314232902,0.9905747551284421,0.9999556459064868,0.9996303825540566,1.0,0.9905730129390018,1.0,0.999630314232902,1.0,226147.754,8.6604,264471.2697,nan,0.99000,5,5,0.98000,1
20250930,20251009,SZSE.002743,002743.SZ,富煌钢构,1,0.99999996587097,0.9998337336042861,0.9848540820096048,0.9998374584410787,1.0,0.999815293683044,0.9848512839460558,1.0,1.0,0.9998152595603178,309635.791,14.1933,218069.5075,nan,0.99000,5,5,0.98000,1
20251009,20251010,SZSE.002743,002743.SZ,富煌钢构,1,0.9999999658204739,0.999796635237567,0.9857670979667282,0.9997929759704252,0.999630314232902,0.999815157116451,0.9857644666296913,0.9998151229432427,0.9996302458864855,0.9998151229432427,203904.664,9.1483,223727.9977,nan,0.99000,5,5,0.98000,1
20251010,20251013,SZSE.300264,300264.SZ,佳创视讯,1,1.0,1.0,0.475244781082579,1.0,1.0,1.0,0.006282335550628234,1.0,1.0,1.0,198828.461,10.0157,230939.6296,nan,0.99000,5,5,0.98000,1
20251013,20251014,SHSE.688189,688189.SH,南新制药,1,1.0,1.0,0.9960295475530933,1.0,1.0,1.0,0.9959364610269671,1.0,1.0,1.0,167921.281,7.7186,218696.8,nan,0.99000,5,5,0.98000,1
20251014,20251015,SHSE.688189,688189.SH,南新制药,1,0.999999965896176,0.9998153277931673,0.9973227474150664,0.9998153618906942,0.9998153618906942,0.9998153618906942,0.997229916897507,0.9998153277931672,0.9998153277931672,0.9998153277931672,127306.331,5.8455,214032.0,nan,0.99000,5,5,0.98000,1
20251015,20251016,SHSE.688189,688189.SH,南新制药,1,1.0,0.9999076638965836,0.9964918759231906,0.9998892171344166,0.9990768094534712,1.0,0.9964912280701754,1.0,0.9990766389658357,1.0,138733.318,6.2749,226105.6,nan,0.99000,5,5,0.98000,1
20251016,20251017,SZSE.002151,002151.SZ,北斗星通,1,0.9999999659465045,0.9993725779664145,0.985239852398524,0.9992841328413284,0.9953874538745388,0.9998154981549815,0.9852371286215169,0.9996309282155379,0.9953866026942241,0.999815464107769,231994.459,1.7693,1600501.3715,nan,0.99000,5,5,0.98000,1
20251017,20251020,SHSE.688189,688189.SH,南新制药,1,0.999999863936711,0.9996495758022871,0.9667158399409921,0.9996533284160058,0.9998156002212797,0.9996312004425595,0.966617484323128,0.99981556621173,0.99981556621173,0.99963113242346,94945.854,4.2855,218148.0,nan,0.99000,5,5,0.98000,1
20251020,20251021,SZSE.301052,301052.SZ,果麦文化,1,0.999999965971627,0.9998155321896329,0.9987089634821099,0.99981556621173,0.99981556621173,0.99981556621173,0.9987087253274304,0.9998155321896329,0.9998155321896329,0.9998155321896329,345380.207,9.5769,446999.3343,nan,0.99000,5,5,0.98000,1
20251021,20251022,SHSE.688189,688189.SH,南新制药,1,0.9999998638362767,0.999649446494465,0.998155321896329,0.99965320051651,0.9998155321896329,0.9996310643792659,0.9981549815498155,0.9996309963099631,0.9998154981549815,0.9996309963099631,83475.074,3.6986,227203.2,nan,0.99000,5,5,0.98000,1
20251022,20251023,SHSE.688192,688192.SH,迪哲医药,1,1.0,0.9999446494464945,0.9970485150341265,0.9999335915882679,0.9994465965688988,1.0,0.9970479704797048,1.0,0.9994464944649446,1.0,501597.107,1.8030999898910522,2761530.9058,3.32450008392334,0.99000,5,5,0.98000,1
20251023,20251024,SHSE.688166,688166.SH,博瑞医药,1,1.0,0.999981556621173,0.9806380232343721,0.9999778720265535,0.9998156002212797,1.0,0.9806344522316488,1.0,0.99981556621173,1.0,307221.1,1.412500023841858,2195901.8349,5.0304999351501465,0.99000,5,5,0.98000,1
20251024,20251027,SZSE.300765,300765.SZ,新诺威,1,1.0,1.0,0.9976032448377581,1.0,1.0,1.0,0.9976028028766365,1.0,1.0,1.0,967060.83,2.1231,5088840.2361,nan,0.99000,5,5,0.98000,1
20251027,20251028,SZSE.003006,003006.SZ,百亚股份,1,0.9999999659841777,0.9992438214680929,0.9723400331919602,0.9991296330444404,0.9940992070809515,0.9998156002212797,0.9723349317594984,0.99981556621173,0.9940981187753597,0.99981556621173,190815.261,1.9063,1005375.8286,nan,0.99000,5,5,0.98000,1
20251028,20251029,SZSE.300765,300765.SZ,新诺威,1,0.9999996939704945,0.9995021205974552,0.9717920353982301,0.9995132743362831,1.0,0.9994469026548672,0.9717868338557993,0.9998156002212797,1.0,0.9994468006638392,848476.191,1.958,4838822.6921,nan,0.99000,5,5,0.98000,1
20251029,20251030,SHSE.601838,601838.SH,成都银行,1,0.9999994559475457,0.999336160796607,0.4730825958702065,0.9993510324483776,1.0,0.9992625368731564,0.0053475935828877,0.9998156002212797,1.0,0.999262400885119,2226817.728,3.0678999423980713,7235009.1527,0.41749998927116394,0.99000,5,5,0.98000,1
20251030,20251031,SHSE.603676,603676.SH,卫信康,1,1.0,1.0,0.9944680066383921,1.0,1.0,1.0,0.9944669863518997,1.0,1.0,1.0,90659.797,1.8823,476066.681,nan,0.99000,5,5,0.98000,1
20251031,20251103,SHSE.688169,688169.SH,石头科技,1,1.0,1.0,0.9985250737463127,1.0,1.0,1.0,0.9985248017702378,1.0,1.0,1.0,1937467.556,4.594600200653076,4233798.0531,8.08899974822998,0.99000,5,5,0.98000,1
20251103,20251104,SZSE.300056,300056.SZ,中创环保,1,0.9999998640871541,0.9996682027649769,0.9439734611131588,0.9996756358274972,1.0,0.9996314043494287,0.943963133640553,1.0,1.0,0.9996313364055299,435700.813,12.8115,339231.5898,nan,0.99000,5,5,0.98000,1
20251104,20251105,SHSE.603508,603508.SH,思维列控,1,1.0,1.0,0.9988942130482861,1.0,1.0,1.0,0.9988940092165899,1.0,1.0,1.0,478125.625,4.7493,1004657.9834,nan,0.99000,5,5,0.98000,1
20251105,20251106,SZSE.301276,301276.SZ,嘉曼服饰,1,0.999998776784387,0.9989677419354839,0.47493549576115,0.9989826760044233,0.9996314043494287,0.9988942130482861,0.007188940092165899,0.999815668202765,0.9996313364055299,0.9988940092165899,24240.173,2.4719,277084.8,nan,0.99000,5,5,0.98000,1
20251106,20251107,SZSE.002069,002069.SZ,獐子岛,1,0.9999998640871541,0.9996497695852534,0.9946553630667158,0.9996535200884629,0.9998157021747144,0.9996314043494287,0.9946543778801843,0.999815668202765,0.999815668202765,0.9996313364055299,42265.657,1.5152,280889.3166,nan,0.99000,5,5,0.98000,1
20251107,20251110,SZSE.002069,002069.SZ,獐子岛,1,1.0,0.9999447208402432,0.9966838614591009,0.999933677229182,0.9994473102431835,1.0,0.9966832504145937,1.0,0.9994472084024323,1.0,32475.495,1.162,280178.2044,nan,0.99000,5,5,0.98000,1
20251110,20251111,SZSE.300950,300950.SZ,德固特,1,0.9999999660843347,0.9998342541436465,0.9937396427913828,0.9998379672251888,1.0,0.9998158718468054,0.9937384898710866,0.9998158379373849,1.0,0.9998158379373849,75003.552,3.1761,398430.24,nan,0.99000,5,5,0.98000,1
20251111,20251112,SZSE.300377,300377.SZ,赢时胜,1,1.0,1.0,0.9277430044182622,1.0,1.0,1.0,0.9245074571902043,1.0,1.0,1.0,876554.455,7.6511,1275954.2329,nan,0.99000,5,5,0.98000,1
20251112,20251113,SZSE.301001,301001.SZ,凯淳股份,1,1.0,0.9999631879256397,0.4643908722856091,0.9999558336400441,0.9996319470003681,1.0,0.006626173384870237,1.0,0.9996318792563961,1.0,34106.425,2.2324,241760.0,nan,0.99000,5,5,0.98000,1
20251113,20251114,SZSE.000719,000719.SZ,中原传媒,1,0.9999999661093049,0.9997238586156112,0.46659304251794587,0.9997055034051169,0.9988956377691883,0.999815939628198,0.007916053019145802,1.0,0.9988954344624448,0.9998159057437408,109744.855,1.3345,1260587.0188,nan,0.99000,5,5,0.98000,1
20251114,20251117,SZSE.000719,000719.SZ,中原传媒,1,1.0,0.9992633517495396,0.9379488123734119,0.9991161848646658,0.992634873872215,1.0,0.9379373848987108,0.9996316758747698,0.992633517495396,1.0,75345.017,0.9123,1260587.0188,nan,0.99000,5,5,0.98000,1
20251117,20251118,SZSE.301199,301199.SZ,迈赫股份,1,1.0,1.0,0.9797421731123389,1.0,1.0,1.0,0.9797384417019709,1.0,1.0,1.0,201969.623,12.1902,435701.784,nan,0.99000,5,5,0.98000,1
20251118,20251119,SZSE.300746,300746.SZ,汉嘉数智,1,1.0,1.0,0.9766243327811522,1.0,1.0,1.0,0.976620029455081,1.0,1.0,1.0,207882.729,7.3793,278335.3584,nan,0.99000,5,5,0.98000,1
20251119,20251120,SZSE.002137,002137.SZ,实益达,1,1.0,1.0,0.9976080956761729,1.0,1.0,1.0,0.9976076555023924,1.0,1.0,1.0,135040.335,3.7626,519754.3686,nan,0.99000,5,5,0.98000,1
20251120,20251121,SZSE.002137,002137.SZ,实益达,1,1.0,0.9997423154794773,0.9891424365108575,0.9996908354803091,0.9974236290025764,1.0,0.9891404380636849,1.0,0.9974231547947727,1.0,187480.465,5.2038,527839.4366,nan,0.99000,5,5,0.98000,1
20251121,20251124,SZSE.300950,300950.SZ,德固特,1,0.9999999661591624,0.9997976453274467,0.9576972595181166,0.9997940040463491,0.9996321500827662,0.9998160750413831,0.9576894775570273,0.9998160412067697,0.9996320824135394,0.9998160412067697,104593.329,5.1406,338658.08,nan,0.99000,5,5,0.98000,1
20251124,20251125,SHSE.603602,603602.SH,纵横通信,1,0.9999999661093049,0.9998343151693667,0.9942941284741396,0.9998380268728143,1.0,0.999815939628198,0.9942930780559647,0.9998159057437408,1.0,0.9998159057437408,70750.378,2.0962,341255.3815,nan,0.99000,5,5,0.98000,1
20251125,20251126,SZSE.300950,300950.SZ,德固特,1,1.0,0.9998895027624309,0.9618854722887129,0.9998674277296998,0.9988952310808322,1.0,0.9605893186003683,1.0,0.9988950276243094,1.0,75829.387,3.6112,352533.76,nan,0.99000,5,5,0.98000,1
20251126,20251127,SHSE.600516,600516.SH,方大炭素,1,1.0,0.999852616064849,0.9998158040154724,0.9998231718548536,0.9985264321237797,1.0,0.9998157700810612,1.0,0.9985261606484893,1.0,1135337.129,4.370999813079834,2580647.0059,0.44749999046325684,0.99000,5,5,0.98000,1
20251127,20251128,SHSE.603602,603602.SH,纵横通信,1,1.0,1.0,0.992816356603426,1.0,1.0,1.0,0.9928150331613854,1.0,1.0,1.0,60780.838,1.7796,340567.3666,nan,0.99000,5,5,0.98000,1
20251128,20251201,SHSE.603602,603602.SH,纵横通信,1,1.0,1.0,0.4798268238761975,1.0,1.0,1.0,0.0012898470609913396,1.0,1.0,1.0,61865.259,1.7974,344695.4559,nan,0.99000,5,5,0.98000,1
20251201,20251202,SZSE.301095,301095.SZ,广立微,1,0.9999999660468277,0.9998341625207297,0.9368091378039793,0.9998378776713338,1.0,0.9998157700810612,0.9106320250598857,1.0,1.0,0.9998157361341441,243022.358,2.0503,1367318.9878,nan,0.99000,5,5,0.98000,1
20251202,20251203,SZSE.300203,300203.SZ,聚光科技,1,0.9999998643373388,0.9996500920810314,0.4693426624930952,0.9996538390719941,0.9998158718468054,0.9996317436936107,0.0023941068139963165,0.9998158379373849,0.9998158379373849,0.9996316758747698,82597.656,1.1872,692850.8544,nan,0.99000,5,5,0.98000,1
20251203,20251204,SZSE.002488,002488.SZ,金固股份,1,1.0,1.0,0.47388265587640244,1.0,1.0,1.0,0.0029433406916850625,1.0,1.0,1.0,378408.691,4.9948,817255.4724,nan,0.99000,5,5,0.98000,1
20251204,20251205,SZSE.301203,301203.SZ,国泰环保,1,0.9999998645369894,0.9995767390504233,0.47598896044158234,0.9995657773689053,0.9990800367985281,0.9996320147194112,0.002208317997791682,0.9996319470003681,0.9990798675009201,0.9996319470003681,31074.105,2.1882,257520.0,nan,0.99000,5,5,0.98000,1
20251205,20251208,SZSE.300730,300730.SZ,科创信息,1,0.9999996949837433,0.9994477172312224,0.9911651021535064,0.9994478188845941,0.9994478188845941,0.9994478188845941,0.9911634756995582,0.9996318114874816,0.9994477172312224,0.9994477172312224,98408.284,4.0708,306969.8795,nan,0.99000,5,5,0.98000,1
20251208,20251209,SZSE.002488,002488.SZ,金固股份,1,1.0,0.9999631947000368,0.4765409383624655,0.9999558417663293,0.9996320147194112,1.0,0.002208317997791682,1.0,0.9996319470003681,1.0,656480.299,8.2729,854086.7178,nan,0.99000,5,5,0.98000,1
20251209,20251210,SZSE.002696,002696.SZ,百洋股份,1,1.0,0.9999447920500553,0.975344986200552,0.999933762649494,0.9994480220791169,1.0,0.9753404490246596,1.0,0.9994479205005521,1.0,72354.353,3.0411,244878.1192,nan,0.99000,5,5,0.98000,1
20251210,20251211,SZSE.002696,002696.SZ,百洋股份,1,1.0,0.9998895231080832,0.47698821796759944,0.9998674521354933,0.9988954344624448,1.0,0.005523844595838704,1.0,0.9988952310808322,1.0,71749.368,3.0511,241760.8589,nan,0.99000,5,5,0.98000,1
20251211,20251212,SZSE.002267,002267.SZ,陕天然气,1,1.0,0.9999815973500185,0.9764489420423184,0.9999779208831647,0.9998160073597057,1.0,0.9764446080235554,1.0,0.999815973500184,1.0,165714.23,1.954,835168.6592,nan,0.99000,5,5,0.98000,1
20251212,20251215,SHSE.600886,600886.SH,国投电力,1,1.0,0.9999264164827079,0.4730549935626264,0.9999117160198638,0.9992643001655325,1.0,0.004966887417218543,1.0,0.9992641648270787,1.0,245576.93,0.23999999463558197,11014184.1045,0.20000000298023224,0.99000,5,5,0.98000,1
20251215,20251216,SZSE.301098,301098.SZ,金埔园林,1,1.0,1.0,0.9917218543046358,1.0,1.0,1.0,0.9917203311867525,1.0,1.0,1.0,58405.841,4.6301,156344.9396,nan,0.99000,5,5,0.98000,1
20251216,20251217,SZSE.300723,300723.SZ,一品红,1,0.9999933696354811,0.9976641530255655,0.9970577418168445,0.9977123942625965,0.9998161088635528,0.9974255240897388,0.9970572006621299,0.9987125252896818,0.9998160750413831,0.9974250505793636,1439279.878,10.3412,1509557.224,nan,0.99000,5,5,0.98000,1
20251217,20251218,SHSE.603815,603815.SH,交建股份,1,0.9999996956564494,0.9993747701360794,0.9931972789115646,0.9993601765030335,0.9987129987129987,0.9994484280198566,0.9931960279514528,0.9994483265906583,0.9987127620448695,0.9994483265906583,442835.168,9.3431,472858.1155,nan,0.99000,5,5,0.98000,1
20251218,20251219,SHSE.603815,603815.SH,交建股份,1,0.9999998648853192,0.9996507994853887,0.9900771775082691,0.9996545387725101,0.9998162440279309,0.9996324880558618,0.9900753537952582,0.9996324205109355,0.9998162102554677,0.9996324205109355,253390.291,5.3817,466049.949,nan,0.99000,5,5,0.98000,1
20251219,20251222,SZSE.301395,301395.SZ,仁信新材,1,0.9999996958801903,0.9994669117647058,0.9900753537952582,0.9994706855357471,0.9996324205109355,0.9994486307664032,0.9900735294117647,0.9996323529411765,0.9996323529411765,0.9994485294117647,20653.833,1.4124,259607.1182,nan,0.99000,5,5,0.98000,1
20251222,20251223,SZSE.300681,300681.SZ,英搏尔,1,1.0,0.9999080206033849,0.9887805775243701,0.9998896450248299,0.9990803752069156,1.0,0.9887785136129507,1.0,0.9990802060338484,1.0,183416.851,3.5355,711213.7647,nan,0.99000,5,5,0.98000,1
20251223,20251224,SHSE.688096,688096.SH,京源环保,1,1.0,0.9999081051277339,0.9654538772510106,0.9998897464167585,0.9990812201396545,1.0,0.965447528027936,1.0,0.9990810512773387,1.0,30205.627,1.7122,177028.203,nan,0.99000,5,5,0.98000,1
20251224,20251225,SHSE.688121,688121.SH,卓然股份,1,1.0,0.9999816277787985,0.4641807494489346,0.9999779573842763,0.9998163115356355,1.0,0.00551166636046298,1.0,0.9998162777879845,1.0,87590.26,3.8718,262348.5254,nan,0.99000,5,5,0.98000,1
20251225,20251226,SHSE.603786,603786.SH,科博达,1,0.9999999662833261,0.9997796547925083,0.46236460436937765,0.9997723517532586,0.9994492381127226,0.9998164127042408,0.004590525156077855,0.9998163789937569,0.9994491369812707,0.9998163789937569,351799.148,1.163699984550476,3061637.6427,3.2070200443267822,0.99000,5,5,0.98000,1
20251226,20251229,SHSE.603786,603786.SH,科博达,1,1.0,0.9999816345270891,0.4931142122658832,0.9999779654792509,0.9998163789937569,1.0,0.03415977961432507,1.0,0.9998163452708907,1.0,286583.388,0.9419000148773193,3075368.7705,3.2321999073028564,0.99000,5,5,0.98000,1
20251229,20251230,SZSE.300804,300804.SZ,广康生化,1,0.9999999662957049,0.9997980539746649,0.4715491923641703,0.9997944199706315,0.999632892804699,0.9998164464023495,0.006425555351569671,1.0,0.9996328254084818,0.9998164127042408,16841.019,1.7553,258260.0,nan,0.99000,5,5,0.98000,1
20251230,20251231,SZSE.300804,300804.SZ,广康生化,1,0.999999966320442,0.9997797761057075,0.47541284403669726,0.9997724770642201,0.9994495412844037,0.9998165137614679,0.005872637181134153,0.9998164800880895,0.9994494402642686,0.9998164800880895,17751.262,1.8516,256188.0,nan,0.99000,5,5,0.98000,1
20251231,20260105,SZSE.300804,300804.SZ,广康生化,1,1.0,0.9999266055045872,0.4697303247110622,0.9999119427627958,0.9992661896899652,1.0,0.005688073394495413,1.0,0.9992660550458715,1.0,19063.365,1.9937,259000.0,nan,0.99000,5,5,0.98000,1
20260105,20260106,SHSE.688611,688611.SH,杭州柯林,1,1.0,0.9993761467889909,0.502568336085122,0.9992515134837645,0.9937626123647038,1.0,0.03688073394495413,0.9998165137614679,0.9937614678899083,1.0,276682.263,3.4503,808363.192,nan,0.99000,5,5,0.98000,1
20260106,20260107,SHSE.688611,688611.SH,杭州柯林,1,1.0,0.9995231107850331,0.5030258573262424,0.9994278378874014,0.9952319823950119,1.0,0.03778429933969186,1.0,0.9952311078503302,1.0,133855.388,1.6351,816492.8408,nan,0.99000,5,5,0.98000,1
20260107,20260108,SZSE.300842,300842.SZ,帝科股份,1,1.0,1.0,0.5028419508617529,1.0,1.0,1.0,0.0379607555474051,1.0,1.0,1.0,500875.952,6.0816,915698.2201,nan,0.99000,5,5,0.98000,1
20260108,20260109,SHSE.600749,600749.SH,西藏旅游,1,0.999999697217469,0.9993213499633162,0.49862461030625344,0.9992958004768018,0.9981661470750046,0.9994498441225014,0.03980190755685987,0.9996331621423331,0.9981658107116654,0.9994497432134997,88401.184,2.2659,391742.4823,nan,0.99000,5,5,0.98000,1
20260109,20260112,SZSE.002698,002698.SZ,博实股份,1,1.0,0.9999266324284667,0.4840454795525399,0.9999119750596002,0.9992664588300019,1.0,0.046221570066030816,1.0,0.9992663242846662,1.0,340438.525,2.4203,1707677.72,nan,0.99000,5,5,0.98000,1
20260112,20260113,SHSE.600561,600561.SH,江西长运,1,0.9999991589374136,0.9990462215700661,0.45598752980011004,0.9990390610673023,0.9987163029525032,0.9990830735375023,0.05300807043286867,0.9996331621423331,0.9987160674981658,0.9990829053558328,29744.626,1.5832,188608.1184,nan,0.99000,5,5,0.98000,1
20260113,20260114,SHSE.603717,603717.SH,天域生物,1,0.9999996964384643,0.9990633608815428,0.492746970253397,0.9989864120455381,0.9955930958501653,0.9994491369812707,0.050137741046831955,0.9994490358126722,0.9955922865013774,0.9994490358126722,72217.169,3.1375,228925.3834,nan,0.99000,5,5,0.98000,1
20260114,20260115,SHSE.603717,603717.SH,天域生物,1,0.9999999662957049,0.9995043143014504,0.49531938325991187,0.9994419970631425,0.9966960352422908,0.9998164464023495,0.049935744446484305,1.0,0.9966954286763356,0.9998164127042408,67197.486,2.9449,228054.9446,nan,0.99000,5,5,0.98000,1
20260115,20260116,SHSE.603717,603717.SH,天域生物,1,0.9999998653312011,0.9991559633027524,0.5003669051550175,0.9990607228031554,0.9948633278297561,0.9996330948449825,0.04844036697247706,0.9994495412844037,0.9948623853211009,0.9996330275229358,51001.677,2.263,224573.1898,nan,0.99000,5,5,0.98000,1
20260116,20260119,SHSE.603839,603839.SH,安正时尚,1,1.0,0.999211443242252,0.5038503850385039,0.9990539053905391,0.9921158782544921,1.0,0.04217861727489455,0.9994498441225014,0.9921144324225197,1.0,36198.261,1.1525,313172.7725,nan,0.99000,5,5,0.98000,1
20260119,20260120,SZSE.300947,300947.SZ,德必集团,1,1.0,0.9993400549954171,0.49816715542521994,0.9992082111436951,0.9934017595307918,1.0,0.03978001833180568,0.9998166819431714,0.9934005499541705,1.0,124692.295,3.96,316935.7485,nan,0.99000,5,5,0.98000,1
20260120,20260121,SHSE.603717,603717.SH,天域生物,1,0.9999998658240417,0.9991391941391942,0.9996337667093939,0.999040468778612,0.9946896172862113,0.9996337667093939,0.9996336996336996,0.9996336996336996,0.9946886446886447,0.9996336996336996,55014.244,2.4542,223412.6048,nan,0.99000,5,5,0.98000,1
20260121,20260122,SZSE.301399,301399.SZ,英特科技,1,0.9999991607855638,0.999120556980579,0.9990840813335776,0.9991280454295659,0.9994504488001466,0.9990840813335776,0.9990839135214364,0.9994503481128618,0.9994503481128618,0.9990839135214364,70581.69,6.3184,380031.08,nan,0.99000,5,5,0.98000,1
20260122,20260123,SHSE.603409,603409.SH,汇通控股,1,1.0,0.9998168498168498,1.0,0.9997802600256364,0.9981688335469694,1.0,1.0,1.0,0.9981684981684982,1.0,51122.27,4.2834,477653.7,nan,0.99000,5,5,0.98000,1
20260123,20260126,SZSE.002626,002626.SZ,金达威,1,0.9999999664682943,0.9995422083867423,0.9998169168802636,0.9994873672647382,0.9970706700842182,0.9998169168802636,0.999816883354697,1.0,0.9970701336751511,0.999816883354697,253818.522,2.0379,1246096.7372,nan,0.99000,5,5,0.98000,1
20260126,20260127,SZSE.300991,300991.SZ,创益通,1,0.9999999664314225,0.9995969219494321,0.4908408133357758,0.9995530316907859,0.9976186114673017,0.9998168162667155,0.03994137046537193,0.9998167827042873,0.9976181751557347,0.9998167827042873,141838.811,3.8183,576288.0,nan,0.99000,5,5,0.98000,1
20260127,20260128,SHSE.600178,600178.SH,东安动力,1,0.9999999664314225,0.9997068523268597,0.9998168162667155,0.9996849239787508,0.9987177138670086,0.9998168162667155,0.9998167827042873,0.9998167827042873,0.998717478930011,0.9998167827042873,88675.613,1.5156,591491.7721,nan,0.99000,5,5,0.98000,1
20260128,20260129,SHSE.605007,605007.SH,五洲特纸,1,0.9999999664437199,0.9997801795200586,0.5026556776556776,0.9997728937728938,0.9994505494505495,0.9998168498168498,0.0397508701227331,1.0,0.9994504488001466,0.9998168162667155,174283.418,3.122,660788.9742,nan,0.99000,5,5,0.98000,1
20260129,20260130,SHSE.603418,603418.SH,友升股份,1,0.9999999664560104,0.9997802197802199,0.5024720747115913,0.9997729353598241,0.9994506500640908,0.999816883354697,0.03791208791208791,1.0,0.9994505494505495,0.9998168498168498,77623.29,3.3191,1110143.553,nan,0.99000,5,5,0.98000,1
20260130,20260202,SZSE.002012,002012.SZ,凯恩股份,1,1.0,0.9999267265066862,1.0,0.999912087912088,0.9992673992673993,1.0,1.0,1.0,0.999267265066862,1.0,288316.712,9.6434,301150.8027,nan,0.99000,5,5,0.98000,1
20260202,20260203,SZSE.002333,002333.SZ,罗普斯金,1,0.9999999664682943,0.9998351950192272,0.9998169168802636,0.999838886854632,1.0,0.9998169168802636,0.999816883354697,0.999816883354697,1.0,0.999816883354697,62403.775,1.5716,404954.88,nan,0.99000,5,5,0.98000,1
20260203,20260204,SZSE.301387,301387.SZ,光大同创,1,1.0,0.9998901501281582,0.5024711696869851,0.9998682042833608,0.9989017023613399,1.0,0.032405712193335774,1.0,0.9989015012815818,1.0,140034.765,5.4393,646994.8034,nan,0.99000,5,5,0.98000,1
20260204,20260205,SZSE.300048,300048.SZ,合康新能,1,1.0,1.0,1.0,1.0,1.0,1.0,1.0,1.0,1.0,1.0,336508.836,4.1411,816887.2865,nan,0.99000,5,5,0.98000,1
20260205,20260206,SHSE.600935,600935.SH,华塑股份,1,0.9999999664928416,0.9993593263774484,0.4990849194729136,0.9992679355783308,0.9952415812591509,0.9998169838945827,0.032033681127585575,0.9998169503935567,0.995240710232473,0.9998169503935567,70755.316,0.7258,999337.1796,nan,0.99000,5,5,0.98000,1
20260206,20260209,SZSE.002382,002382.SZ,蓝帆医疗,1,0.9999999664928416,0.9996888156690464,0.49990849194729137,0.9996632503660322,0.9985358711566618,0.9998169838945827,0.030203185063152116,1.0,0.9985356031484532,0.9998169503935567,51477.981,0.8629,601261.4194,nan,0.99000,5,5,0.98000,1
20260209,20260210,SZSE.301281,301281.SZ,科源制药,1,1.0,0.9999816916880264,1.0,0.9999780340472268,0.9998169503935567,1.0,1.0,1.0,0.9998169168802636,1.0,78892.606,3.3988,364720.72,nan,0.99000,5,5,0.98000,1
20260210,20260211,SZSE.301198,301198.SZ,喜悦智行,1,1.0,0.9999634168648254,0.4908558888076079,0.9999561082662766,0.9996342355523044,1.0,0.0327419059813426,1.0,0.9996341686482532,1.0,33534.177,1.4674,246909.0,nan,0.99000,5,5,0.98000,1
20260211,20260212,SZSE.301102,301102.SZ,兆讯传媒,1,1.0,0.9999634101719722,0.4980793854033291,0.9999561002377904,0.9996341686482532,1.0,0.03201609952433224,1.0,0.9996341017197219,1.0,178292.376,3.4159,516838.0,nan,0.99000,5,5,0.98000,1
20260212,20260213,SHSE.688663,688663.SH,新风光,1,1.0,0.9999634502923977,0.5015530787502284,0.9999561483646995,0.9996345697058286,1.0,0.03271198830409357,1.0,0.9996345029239766,1.0,217177.978,2.6785,806405.22,nan,0.99000,5,5,0.98000,1
20260213,20260224,SHSE.688156,688156.SH,路德科技,1,1.0,0.9997989031078611,1.0,0.9997587278376896,0.9979893986474137,1.0,1.0,0.9998171846435101,0.9979890310786106,1.0,21362.36,1.0818,196594.0345,nan,0.99000,5,5,0.98000,1
20260224,20260225,SHSE.605077,605077.SH,华康股份,1,0.999999966590762,0.9998354962529702,0.9998172514619883,0.9998391812865497,1.0,0.9998172514619883,0.9998172180588558,1.0,1.0,0.9998172180588558,38307.447,0.7928,490940.8915,nan,0.99000,5,5,0.98000,1
20260225,20260226,SHSE.688737,688737.SH,中自科技,1,1.0,0.9997622531089978,1.0,0.9997257268239166,0.9977143901993052,1.0,1.0,1.0,0.997622531089978,1.0,80697.965,2.3849,338487.125,nan,0.99000,5,5,0.98000,1
20260226,20260227,SZSE.300592,300592.SZ,华凯易佰,1,1.0,0.9999634235552305,1.0,0.9999561162918267,0.9996343024318888,1.0,1.0,1.0,0.9996342355523044,1.0,107704.123,2.2018,566914.7795,nan,0.99000,5,5,0.98000,1
20260227,20260302,SHSE.688576,688576.SH,西山科技,1,1.0,1.0,0.5014627902724447,1.0,1.0,1.0,0.03675932699341624,1.0,1.0,1.0,93240.563,5.1932,379561.5005,nan,0.99000,5,5,0.98000,1
20260302,20260303,SHSE.688211,688211.SH,中科微至,1,1.0,0.9999268337296506,1.0,0.999912216532553,1.0022684711046086,1.0,1.0,1.0,0.9992683372965063,1.0,32834.935,0.7425,439046.6165,nan,0.99000,5,5,0.98000,1
20260303,20260304,SZSE.301293,301293.SZ,三博脑科,1,0.9999999665663222,0.99983543609435,0.9998171846435101,0.9998391224862889,1.0029994515539304,0.9998171846435101,0.9998171512159444,0.9998171512159444,1.0,0.9998171512159444,1147827.039,9.7748,1456327.9981,nan,0.99000,5,5,0.98000,1
20260304,20260305,SHSE.688768,688768.SH,容知日新,1,1.0,1.0,0.9917763157894737,1.0,1.003,1.0,0.9917748126485103,1.0,1.0,1.0,231389.805,5.4717,422785.766,nan,0.99000,5,5,0.98000,1
20260305,20260306,SZSE.002508,002508.SZ,老板电器,1,0.9999998664607,0.999323953955783,0.999634636463281,0.9992619656558275,0.999527950310559,0.999634636463281,0.9996345697058286,0.9996345697058286,0.9965284122053718,0.9996345697058286,191739.628,1.0273000001907349,1890822.7709,0.6064800024032593,0.99000,5,5,0.98000,1
20260306,20260309,SZSE.000533,000533.SZ,顺钠股份,1,1.0,0.9999817318231641,0.9950684931506849,0.9999780821917809,1.0028173515981735,1.0,0.9941541834124954,1.0,0.9998173182316404,1.0,148069.213,1.4529,1027934.208,nan,0.99000,5,5,0.98000,1
20260309,20260310,SHSE.601021,601021.SH,春秋航空,1,0.9999998667043627,0.999653158086893,0.9996349698850155,0.9996568716919146,1.0028169373973352,0.9996349698850155,0.9996349032493611,0.9998174516246805,0.9998174516246805,0.9996349032493611,1259663.676,2.71370005607605,4656867.0935,1.7339999675750732,0.99000,5,5,0.98000,1
20260310,20260311,SHSE.688819,688819.SH,天能股份,1,1.0,0.9993060628195763,1.0,0.9991674274237722,0.9930618951981012,1.0,1.0,0.99981738495252,0.9930606281957634,1.0,119764.485,0.39500001072883606,3038784.6,0.8264999985694885,0.99000,5,5,0.98000,1
20260311,20260312,SZSE.300227,300227.SZ,光韵达,1,0.9999998667530151,0.9994524548275234,0.9996350364963503,0.9994160583941606,1.0008096715328467,0.9996350364963503,0.9996349698850155,0.9998174849425078,0.997809819310093,0.9996349698850155,314656.809,5.5425,714689.026,nan,0.99000,5,5,0.98000,1
20260312,20260313,SHSE.688373,688373.SH,盟科药业,1,0.9999998667530151,0.9996167183792664,0.46313868613138687,0.9996131386861313,1.00245200729927,0.9996350364963503,0.006022996897244022,0.9998174849425078,0.9994524548275233,0.9996349698850155,48750.557,1.3434,389799.6577,nan,0.99000,5,5,0.98000,1
20260313,20260316,SHSE.688373,688373.SH,盟科药业,1,1.0,0.9998904709748083,1.0,0.9998685891586055,1.0019049096550465,1.0,1.0,1.0,0.9989047097480832,1.0,39774.322,1.1041,387174.7442,nan,0.99000,5,5,0.98000,1
20260316,20260317,SZSE.002566,002566.SZ,益盛药业,1,0.9999999666639209,0.9997991601241556,0.9998174516246805,0.9997955458196421,1.002634903249361,0.9998174516246805,0.9998174182946868,1.0,0.9996348365893738,0.9998174182946868,37352.384,1.9145,278992.1988,nan,0.99000,5,5,0.98000,1
20260317,20260318,SZSE.002566,002566.SZ,益盛药业,1,1.0,0.9996164383561644,1.0,0.9995398100803506,0.999163988312637,1.0,1.0,0.9996347031963471,0.9961643835616438,1.0,40369.136,2.0808,273366.0216,nan,0.99000,5,5,0.98000,1
20260318,20260319,SHSE.688153,688153.SH,唯捷创芯,1,0.9999996998656999,0.9994886778670563,0.9994522548840606,0.9994960744933358,1.002815775059339,0.9994522548840606,0.9994521548575602,0.9994521548575602,0.99981738495252,0.9994521548575602,97711.563,0.6605,1565909.0361,nan,0.99000,5,5,0.98000,1
20260319,20260320,SHSE.601886,601886.SH,江河集团,1,0.9999999666517444,0.9998356464572681,0.9998174182946868,0.9998393280993244,1.002999452254884,0.9998174182946868,0.99981738495252,0.99981738495252,1.0,0.99981738495252,167223.906,1.9102,857682.5594,nan,0.99000,5,5,0.98000,1
20260320,20260323,SHSE.601886,601886.SH,江河集团,1,1.0,1.0,1.0,1.0,1.003,1.0,1.0,1.0,1.0,1.0,213213.907,2.3387,906401.648,nan,0.99000,5,5,0.98000,1
20260323,20260324,SZSE.301098,301098.SZ,金埔园林,1,0.9999998667530151,0.999671472896514,0.9996350364963503,0.9996788321167883,1.0029994525547445,0.9996350364963503,0.9996349698850155,0.9998174849425078,1.0,0.9996349698850155,96277.033,7.9774,142734.0093,nan,0.99000,5,5,0.98000,1
20260324,20260325,SHSE.601100,601100.SH,恒立液压,1,1.0,1.0,1.0,1.0,1.003,1.0,1.0,1.0,1.0,1.0,2277683.998,1.868299961090088,12469635.2256,4.696499824523926,0.99000,5,5,0.98000,1
20260325,20260326,SZSE.301098,301098.SZ,金埔园林,1,1.0,1.0,1.0,1.0,1.003,1.0,1.0,1.0,1.0,1.0,87075.885,6.766,158184.5979,nan,0.99000,5,5,0.98000,1
20260326,20260327,SZSE.300838,300838.SZ,浙江力诺,1,1.0,0.9998174182946868,1.0,0.9997809419496166,1.0011745162468053,1.0,1.0,1.0,0.9981741829468688,1.0,38781.481,2.5551,204345.418,nan,0.99000,5,5,0.98000,1
20260327,20260330,SZSE.002655,002655.SZ,共达电声,1,1.0,0.9998173182316406,0.4767123287671233,0.9997808219178083,1.0011735159817352,1.0,0.004201680672268907,1.0,0.9981731823164048,1.0,424742.971,6.6695,639101.4045,nan,0.99000,5,5,0.98000,1
20260330,20260331,SHSE.603860,603860.SH,中公高科,1,1.0,1.0,1.0,1.0,1.003,1.0,1.0,1.0,1.0,1.0,47664.064,2.2733,211442.28,nan,0.99000,5,5,0.98000,1
20260331,20260401,SHSE.600287,600287.SH,苏豪时尚,1,1.0,1.0,1.0,1.0,1.003,1.0,1.0,1.0,1.0,1.0,39196.309,1.5231,255525.7033,nan,0.99000,5,5,0.98000,1
20260401,20260402,SHSE.600287,600287.SH,苏豪时尚,1,0.9999997003036922,0.9994890510948905,0.45675971538040505,0.9994964422550628,1.0028164568509397,0.9994526546250684,0.0031021897810218978,0.9996350364963503,0.9998175182481752,0.9994525547445255,26512.057,1.0368,255525.7033,nan,0.99000,5,5,0.98000,1
20260402,20260403,SHSE.600287,600287.SH,苏豪时尚,1,1.0,1.0,1.0,1.0,1.003,1.0,1.0,1.0,1.0,1.0,31600.841,1.2496,252468.1308,nan,0.99000,5,5,0.98000,1
20260403,20260407,SHSE.688217,688217.SH,睿昂基因,1,0.9999999667125601,0.9997993066958585,0.9998175848230573,0.9997956950018241,1.0026346224005838,0.9998175848230573,0.9998175515416895,0.9998175515416895,0.999635103083379,0.9998175515416895,26262.117,1.721,152654.1638,nan,0.99000,5,5,0.98000,1
20260407,20260408,SZSE.002817,002817.SZ,黄山胶囊,1,0.9999999667004102,0.9998175182481752,0.9998175515416895,0.9998175515416895,1.0028170041963145,0.9998175515416895,0.9998175182481752,0.9998175182481752,0.9998175182481752,0.9998175182481752,83039.773,3.6343,238082.1433,nan,0.99000,5,5,0.98000,1
20260408,20260409,SZSE.002671,002671.SZ,龙泉股份,1,1.0,1.0,1.0,1.0,1.003,1.0,1.0,1.0,1.0,1.0,104491.015,3.9454,273164.7778,nan,0.99000,5,5,0.98000,1
20260409,20260410,SZSE.002381,002381.SZ,双箭股份,1,1.0,1.0,1.0,1.0,1.003,1.0,1.0,1.0,1.0,1.0,49138.376,2.3758,262175.135,nan,0.99000,5,5,0.98000,1
20260410,20260413,SZSE.300965,300965.SZ,恒宇信通,1,0.9999998673347732,0.9996357676197414,0.46076110706482154,0.9996358339402768,1.0026358339402768,0.9996358339402768,0.006374066654525588,1.0,0.9996357676197414,0.9996357676197414,31456.195,1.0659,326280.0,nan,0.99000,5,5,0.98000,1
20260413,20260414,SHSE.603860,603860.SH,中公高科,1,0.9999999668336933,0.9996539792387543,0.9998179169701383,0.9996212672978878,1.0011791697013839,0.9998179169701383,0.9998178838098707,1.0,0.998178838098707,0.9998178838098707,39237.552,1.8847,210308.72,nan,0.99000,5,5,0.98000,1
20260414,20260415,SZSE.000408,000408.SZ,藏格矿业,1,0.9999999668699043,0.9998179832544594,0.999818016378526,0.999818016378526,1.0028174704276616,0.999818016378526,0.9998179832544594,0.9998179832544594,0.9998179832544594,0.9998179832544594,1185298.62,0.8907999992370605,13317084.5433,3.1031301021575928,0.99000,5,5,0.98000,1
20260415,20260416,SZSE.301696,301696.SZ,三瑞智能,1,1.0,0.9998907501820831,1.0,0.9998689240851993,1.0019077007099946,1.0,1.0,1.0,0.9989075018208303,1.0,1709488.926,48.5425,4559713.99,nan,0.99000,5,5,0.98000,1
20260416,20260417,SHSE.601886,601886.SH,江河集团,1,0.9999999668940122,0.9997998544395924,0.4694378752046571,0.9997962525013644,1.0026356194287793,0.9998180825905039,0.00782387190684134,0.9998180494905385,0.9996360989810772,0.9998180494905385,43646.125,0.4053,1083149.9694,nan,0.99000,5,5,0.98000,1
20260417,20260420,SZSE.300492,300492.SZ,华图山鼎,1,1.0,1.0,1.0,1.0,1.003,1.0,1.0,1.0,1.0,1.0,205613.523,1.9956,1042802.9695,nan,0.99000,5,5,0.98000,1
20260420,20260421,SHSE.603768,603768.SH,常青股份,1,1.0,0.9998360954288836,1.0,0.9998033503277495,1.0013612527312454,1.0,1.0,1.0,0.9983609542888363,1.0,22301.079,0.848,264131.0013,nan,0.99000,5,5,0.98000,1
20260421,20260422,SZSE.300492,300492.SZ,华图山鼎,1,0.999999702046109,0.999490538573508,0.4659814444242314,0.9994979079497908,1.002816991086047,0.9994542477715117,0.012190684133915575,0.9996360989810772,0.9998180494905385,0.9994541484716157,157306.811,1.4721,1060897.6269,nan,0.99000,5,5,0.98000,1
20260422,20260423,SHSE.688329,688329.SH,艾隆科技,1,0.9999994703041937,0.9992903930131004,0.9992723303620157,0.9992941604511552,1.0024526105148261,0.9992723303620157,0.9992721979621543,0.9994541484716157,0.9994541484716157,0.9992721979621543,92077.173,5.595,164204.4,nan,0.99000,5,5,0.98000,1
20260423,20260424,SHSE.603307,603307.SH,扬州金泉,1,0.9999983760341886,0.9985253959584927,0.9987258827812159,0.9984856206771022,0.9997220604295596,0.9987258827812159,0.998725650828327,0.9994538503549972,0.9967231021299836,0.998725650828327,13817.624,0.5293,263866.452,nan,0.99000,5,5,0.98000,1
20260424,20260427,SZSE.002835,002835.SZ,同为股份,1,1.0,0.9999818016378527,1.0,0.9999781659388647,1.0028180494905385,1.0,1.0,1.0,0.999818016378526,1.0,85432.559,4.5919,326606.9693,nan,0.99000,5,5,0.98000,1
20260427,20260428,SZSE.300492,300492.SZ,华图山鼎,1,0.9999998674796173,0.999654168183473,0.4583257506824386,0.9996578707916287,1.0028174704276616,0.9996360327570518,0.008190753549326538,0.9998179832544594,0.9998179832544594,0.9996359665089188,112319.98,1.1116,1004056.8011,nan,0.99000,5,5,0.98000,1
20260428,20260429,SZSE.300787,300787.SZ,海能实业,1,0.9999999667853194,0.9998177510479315,0.9998177842565598,0.9998177842565598,1.0028172376093294,0.9998177842565598,0.9998177510479315,0.9998177510479315,0.9998177510479315,0.9998177510479315,80039.804,3.8573,329731.537,nan,0.99000,5,5,0.98000,1
20260429,20260430,SHSE.603201,603201.SH,常润股份,1,0.9999998658731768,0.9996337667093939,0.9996338337605273,0.9996338337605273,1.002632735261809,0.9996338337605273,0.9996337667093939,0.9996337667093939,0.9996337667093939,0.9996337667093939,54203.334,1.8507,299977.981,nan,0.99000,5,5,0.98000,1
20260430,20260506,SHSE.603201,603201.SH,常润股份,1,0.9999996979934788,0.9994870855468034,0.9994505494505495,0.9994945054945055,1.002815750915751,0.9994505494505495,0.9994504488001466,0.9996336325334311,0.9998168162667155,0.9994504488001466,41864.292,1.3779,304917.4538,nan,0.99000,5,5,0.98000,1
20260506,20260507,SHSE.603201,603201.SH,常润股份,1,0.9999998672380784,0.9996174166514848,0.4343351548269581,0.9996138433515483,1.0024524590163935,0.9996357012750455,0.01621424667516852,0.999635634906176,0.999453452359264,0.999635634906176,40085.891,1.3221,303967.5552,nan,0.99000,5,5,0.98000,1
20260507,20260508,SZSE.002576,002576.SZ,通达动力,1,0.9999994695323238,0.9993080844865259,0.9992718004733296,0.9993154924449298,1.0026353540870199,0.9992718004733296,0.9992716678805535,0.9998179169701383,0.9996358339402768,0.9992716678805535,123890.164,4.0409,313194.7,nan,0.99000,5,5,0.98000,1
20260508,20260511,SHSE.601162,601162.SH,天风证券,1,1.0,0.9999453551912568,0.44454562010562737,0.9999344381715535,1.002453651429612,1.0,0.022404371584699455,1.0,0.9994535519125683,1.0,418652.031,1.2901999950408936,3797892.4332,0.1014999970793724,0.99000,5,5,0.98000,1
20260511,20260512,SHSE.601162,601162.SH,天风证券,1,1.0,0.9999271402550092,1.0,0.999912584228738,1.0022715352394826,1.0,1.0,1.0,0.9992714025500911,1.0,789175.631,2.4123001098632812,3858336.3446,0.09950000047683716,0.99000,5,5,0.98000,1
20260512,20260513,SHSE.601162,601162.SH,天风证券,1,0.9999999668095196,0.9997631626890143,0.9998178506375228,0.999752276867031,1.0022708561020037,0.9998178506375228,0.999817817453088,0.999817817453088,0.9992712698123519,0.999817817453088,630584.598,1.9148999452590942,3848262.3594,0.09799999743700027,0.99000,5,5,0.98000,1
20260513,20260514,SZSE.002045,002045.SZ,国光电器,1,1.0,0.9998543335761108,1.0,0.9998252321135991,1.0015436009466594,1.0,1.0,1.0,0.9985433357611071,1.0,130480.691,2.0188,647980.5681,nan,0.99000,5,5,0.98000,1
20260514,20260515,SZSE.300092,300092.SZ,科新机电,1,1.0,0.9995630007283322,0.4520298561805935,0.9994756963407974,0.9986308028399782,1.0,0.01638747268754552,1.0,0.9956300072833212,1.0,113638.959,3.2263,452521.2437,nan,0.99000,5,5,0.98000,1
20260515,20260518,SZSE.300092,300092.SZ,科新机电,1,1.0,0.9998179832544595,0.47042766151046406,0.9997816196542311,1.0011801637852593,1.0,0.01365125591554423,1.0,0.9981798325445941,1.0,100075.236,2.8769,453343.0135,nan,0.99000,5,5,0.98000,1
20260518,20260519,SHSE.603739,603739.SH,蔚蓝生物,1,0.9999999669180936,0.9996544197890143,0.999818148754319,0.9996217494089835,1.0011814875431897,0.999818148754319,0.9998181156784285,1.0,0.9981811567842852,0.9998181156784285,149951.735,4.0054,374735.7505,nan,0.99000,5,5,0.98000,1
20260519,20260520,SZSE.301090,301090.SZ,华润材料,1,0.9999999668578405,0.9996541052248316,0.9998179832544594,0.9996214051692756,1.001179832544594,0.9998179832544594,0.9998179501183324,1.0,0.9981795011833242,0.9998179501183324,113954.197,0.944,1203000.985,nan,0.99000,5,5,0.98000,1
20260520,20260521,SHSE.603701,603701.SH,德宏股份,1,1.0,0.9992723303620157,1.0,0.9991269552564569,0.9927246271371408,1.0,1.0,0.9998180825905039,0.9927233036201565,1.0,183523.572,2.7299,675359.1522,nan,0.99000,5,5,0.98000,1
20260521,20260522,SHSE.603701,603701.SH,德宏股份,1,1.0,0.9998909090909092,0.4640974368296673,0.999869114706417,1.0019092892201418,1.0,0.010545454545454545,1.0,0.9989090909090909,1.0,161767.315,2.3799,664120.5904,nan,0.99000,5,5,0.98000,1
20260522,20260525,SHSE.603701,603701.SH,德宏股份,1,1.0,0.9999091404688352,1.0,0.999890988372093,1.0020915697674417,1.0,1.0,1.0,0.9990914046883518,1.0,111207.21,1.6676,667779.6571,nan,0.99000,5,5,0.98000,1
20260525,20260526,SHSE.603701,603701.SH,德宏股份,1,0.9999999669781824,0.9997637652189715,0.9998183139534884,0.9997529069767442,1.0022732558139535,0.9998183139534884,0.9998182809376703,1.0,0.9992731237506814,0.9998182809376703,125380.048,1.8553,674052.3427,nan,0.99000,5,5,0.98000,1
20260526,20260527,SZSE.300992,300992.SZ,泰福泵业,1,1.0,0.9998182809376703,0.4608466569767442,0.999781976744186,1.0011831395348836,1.0,0.013083772487733963,1.0,0.9981828093767036,1.0,69324.592,3.1058,272220.0189,nan,0.99000,5,5,0.98000,1
20260527,20260528,SHSE.600606,600606.SH,绿地控股,1,1.0,0.9999818346957312,1.0,0.9999782055938976,1.0028183799491464,1.0,1.0,1.0,0.9998183469573115,1.0,121882.466,0.6245999932289124,1953536.3456,0.07999999821186066,0.99000,5,5,0.98000,1
20260528,20260529,SZSE.300306,300306.SZ,远方信息,1,0.9999998680086883,0.9996366939146231,0.46494733018525247,0.9996367598982928,1.0026356701779877,0.9996367598982928,0.009627611262488647,0.9996366939146231,0.9996366939146231,0.9996366939146231,47046.232,2.697,297199.4497,nan,0.99000,5,5,0.98000,1
20260529,20260601,SZSE.300306,300306.SZ,远方信息,1,1.0,0.9995458673932789,1.0,0.9994551398474392,0.9984589538685071,1.0,1.0,0.9998183469573115,0.9954586739327884,1.0,41459.734,2.4296,286710.0573,nan,0.99000,5,5,0.98000,1
20260601,20260602,SZSE.300844,300844.SZ,山水比德,1,0.9999997032352208,0.9994915562011986,0.4474400871459695,0.9994989106753812,1.0028173565722585,0.9994553376906318,0.0032685672780098057,0.999636825857999,0.9998184129289994,0.9994552387869984,69314.146,2.7446,260990.464,nan,0.99000,5,5,0.98000,1
20260602,20260603,SZSE.300972,300972.SZ,万辰集团,1,0.9999978889060562,0.998547039593171,0.9985473034319956,0.9985473034319956,1.0015429453422915,0.9985473034319956,0.998547039593171,0.998547039593171,0.998547039593171,0.998547039593171,562209.465,1.6109000444412231,3782292.4979,10.849499702453613,0.99000,5,5,0.98000,1
20260603,20260604,SZSE.300972,300972.SZ,万辰集团,1,0.9999967062032075,0.9980762250453721,0.44048267102159316,0.9980547994919252,1.0000929050988931,0.9981854472872437,0.005807622504537205,0.9987295825771325,0.9970961887477314,0.9981851179673321,468107.186,1.3280999660491943,3806959.1939,10.498499870300293,0.99000,5,5,0.98000,1
20260604,20260605,SZSE.300106,300106.SZ,西部牧业,1,0.9999983860395717,0.9986569872958257,0.9987298131010706,0.9986427145708582,1.0010007258210851,0.9987298131010706,0.9987295825771325,0.9989110707803993,0.9980036297640653,0.9987295825771325,249755.527,8.5062,285932.6154,nan,0.99000,5,5,0.98000,1
20260605,20260608,SZSE.000802,000802.SZ,北京文化,1,0.9999999670978699,0.9997823326682388,0.9998186434530286,0.9997751178817555,1.002455386289445,0.9998186434530286,0.9998186105568656,0.9998186105568656,0.9994558316705968,0.9998186105568656,371874.099,10.8222,348643.4242,nan,0.99000,5,5,0.98000,1
20260608,20260609,SZSE.001222,001222.SZ,源飞宠物,1,0.9999988159529033,0.9988937250634748,0.9989120580235721,0.9988902991840435,1.0017280145058929,0.9989120580235721,0.998911860718172,0.9990932172651432,0.9987305041712006,0.998911860718172,43103.729,2.5523,280990.08,0.563,0.99000,5,5,0.98000,1
20260609,20260610,SZSE.002487,002487.SZ,大金重工,1,0.999999473756846,0.999328980776206,0.999274705349048,0.9993399818676337,1.0028170444242974,0.999274705349048,0.9992745738121146,0.999455930359086,0.9998186434530286,0.9992745738121146,1747983.31521,4.5638,4527632.807,3.5165,0.99000,5,5,0.98000,1
20260610,20260611,SZSE.001222,001222.SZ,源飞宠物,1,0.9999991768496131,0.9980584285973508,0.9990928882438317,0.9978519593613934,0.9887518142235123,0.9990928882438317,0.9990927236436219,0.9987298131010706,0.988749773180911,0.9990927236436219,29231.325,1.744,282517.2,0.5415,0.99000,5,5,0.98000,1
20260611,20260612,SZSE.000876,000876.SZ,新希望,1,0.9999952552105285,0.9976765293156653,0.9978221415607985,0.9976479128856625,0.9993647912885663,0.9978221415607985,0.9978217462334362,0.9981847885278635,0.996369577055727,0.9978217462334362,353565.10585,1.1787,2976334.4317,0.191,0.99000,5,5,0.98000,1
20260612,20260615,SHSE.688808,688808.SH,联讯仪器,1,0.9999973320245981,0.9984754990925591,0.9983669025585193,0.9984975503538378,1.0024534567229177,0.9983669025585193,0.9983666061705989,0.9992740471869328,0.9994555353901996,0.9983666061705989,4066089.518,10.0112,21344400.0693,210.143,0.99000,5,5,0.98000,1
20260615,20260616,SHSE.600518,600518.SH,康美药业,1,0.9999998680086883,0.9990190735694823,0.9996367598982928,0.9988957500908101,0.9934616781692699,0.9996367598982928,0.9996366939146231,0.9992733878292461,0.9934604904632153,0.9996366939146231,310967.954,1.6013,1922216.6399,0.0505,0.99000,5,5,0.98000,1
20260616,20260617,SZSE.002482,002482.SZ,广田集团,1,1.0,0.9997822931785196,1.0,0.9997387992018865,1.0008227825140577,1.0,1.0,0.9998185776487664,0.997822931785196,1.0,109448.11138,2.1143,525134.736,0.0595,0.99000,5,5,0.98000,1
20260617,20260618,SZSE.300255,300255.SZ,常山药业,1,0.9999967038107639,0.9982752360203341,0.9981847885278635,0.9982937012161917,1.0020880377563985,0.9981847885278635,0.9981844589687727,0.9985475671750181,0.9990922294843864,0.9981844589687727,1897781.10904,7.8348,2290299.7628,2.556,0.99000,5,5,0.98000,1
20260618,20260622,SZSE.300747,300747.SZ,锐科激光,1,0.9999998680566285,0.9996730839084635,0.999636825857999,0.9996804067550391,1.002999455238787,0.999636825857999,0.9996367598982928,0.9998183799491464,1.0,0.9996367598982928,2132551.3294,7.4257,3035448.0,4.21503,0.99000,5,5,0.98000,1
20260622,20260623,SHSE.688059,688059.SH,华锐精密,1,1.0,1.0,1.0,1.0,1.003,1.0,1.0,1.0,1.0,1.0,1195045.984,5.9525,2116720.556,13.163,0.99000,5,5,0.98000,1
