name,date,month,quarter,nav,daily_return,invested_pct,active_positions
base_h7_tp10925,20240611,202406,2024Q2,608945.35,,0.900606,8
base_h7_tp10925,20240612,202406,2024Q2,613004.09,0.006665195817654235,0.781579,7
base_h7_tp10925,20240613,202406,2024Q2,636794.71,0.0388098878752996,0.882578,8
base_h7_tp10925,20240614,202406,2024Q2,625294.17,-0.018060043243763646,0.908235,8
base_h7_tp10925,20240617,202406,2024Q2,630972.09,0.009080398110860255,0.884874,8
base_h7_tp10925,20240618,202406,2024Q2,631851.38,0.0013935481678755135,0.861152,8
base_h7_tp10925,20240619,202406,2024Q2,651323.7,0.030817879989436747,0.758277,7
base_h7_tp10925,20240620,202406,2024Q2,654064.9,0.004208659995022623,0.853567,8
base_h7_tp10925,20240621,202406,2024Q2,639131.53,-0.022831633374608584,0.853507,8
base_h7_tp10925,20240624,202406,2024Q2,634911.6,-0.00660260025037418,0.750382,7
base_h7_tp10925,20240625,202406,2024Q2,607209.59,-0.0436312866232087,0.861726,8
base_h7_tp10925,20240626,202406,2024Q2,619117.4,0.0196107080588106,0.876231,8
base_h7_tp10925,20240627,202406,2024Q2,628577.71,0.015280316786444592,0.89682,8
base_h7_tp10925,20240628,202406,2024Q2,620255.47,-0.013239794965048901,0.889604,8
base_h7_tp10925,20240701,202407,2024Q3,619797.84,-0.0007378088902626478,0.891089,8
base_h7_tp10925,20240702,202407,2024Q3,629811.12,0.01615571941973859,0.87994,8
base_h7_tp10925,20240703,202407,2024Q3,659091.06,0.046490033392868835,0.890255,8
base_h7_tp10925,20240704,202407,2024Q3,683213.65,0.03659978334404945,0.858264,8
base_h7_tp10925,20240705,202407,2024Q3,659472.06,-0.03474987655764772,0.85312,8
base_h7_tp10925,20240708,202407,2024Q3,686427.15,0.04087374073133576,0.862789,8
base_h7_tp10925,20240709,202407,2024Q3,663654.1,-0.03317620813803768,0.746039,7
base_h7_tp10925,20240710,202407,2024Q3,657673.3,-0.009011923530646393,0.758982,7
base_h7_tp10925,20240711,202407,2024Q3,659925.55,0.0034245726563628676,0.855963,8
base_h7_tp10925,20240712,202407,2024Q3,683195.6,0.035261629133771066,0.870339,8
base_h7_tp10925,20240715,202407,2024Q3,690063.47,0.01005256766876128,0.870731,8
base_h7_tp10925,20240716,202407,2024Q3,692785.93,0.0039452312987964255,0.736298,7
base_h7_tp10925,20240717,202407,2024Q3,706420.13,0.019680249568578834,0.875445,8
base_h7_tp10925,20240718,202407,2024Q3,709912.96,0.0049444089312686845,0.883659,8
base_h7_tp10925,20240719,202407,2024Q3,705433.24,-0.006310238370630605,0.870537,8
base_h7_tp10925,20240722,202407,2024Q3,717868.84,0.01762831589846825,0.882443,8
base_h7_tp10925,20240723,202407,2024Q3,732505.62,0.02038921204603339,0.879623,8
base_h7_tp10925,20240724,202407,2024Q3,735589.04,0.004209414802851752,0.774118,7
base_h7_tp10925,20240725,202407,2024Q3,731398.77,-0.00569648237282061,0.731148,7
base_h7_tp10925,20240726,202407,2024Q3,732197.67,0.0010922905981918252,0.729619,7
base_h7_tp10925,20240729,202407,2024Q3,739824.29,0.01041606701643838,0.630147,6
base_h7_tp10925,20240730,202407,2024Q3,743120.04,0.00445477398423888,0.535315,5
base_h7_tp10925,20240731,202407,2024Q3,749464.73,0.008537907280767199,0.643977,6
base_h7_tp10925,20240801,202408,2024Q3,772260.97,0.030416694859009663,0.54995,5
base_h7_tp10925,20240802,202408,2024Q3,795051.2,0.029511047282371417,0.659973,6
base_h7_tp10925,20240805,202408,2024Q3,771367.7,-0.029788647573892102,0.877128,8
base_h7_tp10925,20240806,202408,2024Q3,770049.75,-0.0017085885239943588,0.856052,8
base_h7_tp10925,20240807,202408,2024Q3,808725.92,0.05022554711562477,0.879789,8
base_h7_tp10925,20240808,202408,2024Q3,806835.44,-0.002337602830882579,0.887063,8
base_h7_tp10925,20240809,202408,2024Q3,820855.55,0.017376666052249856,0.894548,8
base_h7_tp10925,20240812,202408,2024Q3,804867.56,-0.019477227144288678,0.885757,8
base_h7_tp10925,20240813,202408,2024Q3,778629.88,-0.0325987545081331,0.889093,8
base_h7_tp10925,20240814,202408,2024Q3,786267.36,0.009808870936214298,0.887437,8
base_h7_tp10925,20240815,202408,2024Q3,779713.59,-0.00833529449829895,0.882675,8
base_h7_tp10925,20240816,202408,2024Q3,784960.84,0.006729714689210464,0.877544,8
base_h7_tp10925,20240819,202408,2024Q3,784949.14,-1.4905202149861907e-05,0.862669,8
base_h7_tp10925,20240820,202408,2024Q3,773036.18,-0.015176728520270744,0.862596,8
base_h7_tp10925,20240821,202408,2024Q3,767994.99,-0.006521285976550328,0.858103,8
base_h7_tp10925,20240822,202408,2024Q3,771339.21,0.004354481531188004,0.870732,8
base_h7_tp10925,20240823,202408,2024Q3,770371.01,-0.0012552194773035596,0.876789,8
base_h7_tp10925,20240826,202408,2024Q3,745990.51,-0.031647738146325155,0.88159,8
base_h7_tp10925,20240827,202408,2024Q3,760904.86,0.01999268060393966,0.868224,8
base_h7_tp10925,20240828,202408,2024Q3,761953.46,0.0013780960736666792,0.75017,7
base_h7_tp10925,20240829,202408,2024Q3,766494.16,0.005959287854667705,0.86284,8
base_h7_tp10925,20240830,202408,2024Q3,782128.18,0.020396789454990794,0.859952,8
base_h7_tp10925,20240902,202409,2024Q3,807455.49,0.03238255652673194,0.854675,8
base_h7_tp10925,20240903,202409,2024Q3,797268.65,-0.012615977135779888,0.860503,8
base_h7_tp10925,20240904,202409,2024Q3,808776.5,0.014434093200579312,0.86562,8
base_h7_tp10925,20240905,202409,2024Q3,809822.89,0.0012937937736816618,0.866173,8
base_h7_tp10925,20240906,202409,2024Q3,812491.87,0.0032957576686922785,0.870481,8
base_h7_tp10925,20240909,202409,2024Q3,804179.88,-0.010230243903855962,0.880444,8
base_h7_tp10925,20240910,202409,2024Q3,836423.45,0.04009497228406156,0.857645,8
base_h7_tp10925,20240911,202409,2024Q3,816081.13,-0.024320599811016752,0.866425,8
base_h7_tp10925,20240912,202409,2024Q3,807752.07,-0.010206166634437519,0.868135,8
base_h7_tp10925,20240913,202409,2024Q3,798378.25,-0.011604823247311491,0.866652,8
base_h7_tp10925,20240918,202409,2024Q3,780964.81,-0.021811015017004665,0.866298,8
base_h7_tp10925,20240919,202409,2024Q3,778091.8,-0.003678795719361583,0.858667,8
base_h7_tp10925,20240920,202409,2024Q3,811910.31,0.04346339339394145,0.881248,8
base_h7_tp10925,20240923,202409,2024Q3,831452.31,0.024069161038243303,0.887839,8
base_h7_tp10925,20240924,202409,2024Q3,818286.54,-0.01583466645248721,0.886826,8
base_h7_tp10925,20240925,202409,2024Q3,833643.97,0.018767790070211676,0.88937,8
base_h7_tp10925,20240926,202409,2024Q3,863981.49,0.03639145857433612,0.903487,8
base_h7_tp10925,20240927,202409,2024Q3,881149.03,0.019870263655764164,0.865779,8
base_h7_tp10925,20240930,202409,2024Q3,930871.63,0.05642927394472652,0.836439,8
base_h7_tp10925,20241008,202410,2024Q4,1039498.59,0.11669381308784743,0.837466,8
base_h7_tp10925,20241009,202410,2024Q4,1109873.25,0.06770058245100663,0.838928,8
base_h7_tp10925,20241010,202410,2024Q4,997635.33,-0.10112679082949338,0.861352,8
base_h7_tp10925,20241011,202410,2024Q4,1024898.47,0.027327761136927586,0.842071,8
base_h7_tp10925,20241014,202410,2024Q4,988607.08,-0.03540974161079591,0.828639,8
base_h7_tp10925,20241015,202410,2024Q4,1016055.16,0.027764397560252174,0.842034,8
base_h7_tp10925,20241016,202410,2024Q4,1024028.71,0.007847556229132246,0.860814,8
base_h7_tp10925,20241017,202410,2024Q4,1049660.62,0.02503046032762124,0.831277,8
base_h7_tp10925,20241018,202410,2024Q4,1048559.4,-0.0010491200479637586,0.837499,8
base_h7_tp10925,20241021,202410,2024Q4,1073763.51,0.024036892902776774,0.855523,8
base_h7_tp10925,20241022,202410,2024Q4,1113670.82,0.03716582806953461,0.867643,8
base_h7_tp10925,20241023,202410,2024Q4,1169043.28,0.04972067060174923,0.834729,8
base_h7_tp10925,20241024,202410,2024Q4,1174134.64,0.004355150991501189,0.841937,8
base_h7_tp10925,20241025,202410,2024Q4,1199616.72,0.0217028602443754,0.852042,8
base_h7_tp10925,20241028,202410,2024Q4,1240880.25,0.03439726148531852,0.864841,8
base_h7_tp10925,20241029,202410,2024Q4,1310945.52,0.05646416727157999,0.83559,8
base_h7_tp10925,20241030,202410,2024Q4,1284212.09,-0.020392479772919914,0.846605,8
base_h7_tp10925,20241031,202410,2024Q4,1271586.09,-0.009831709340160422,0.848706,8
base_h7_tp10925,20241101,202411,2024Q4,1266600.0,-0.003921158023991955,0.858461,8
base_h7_tp10925,20241104,202411,2024Q4,1231916.68,-0.027383009632085953,0.866737,8
base_h7_tp10925,20241105,202411,2024Q4,1252975.64,0.01709446778494783,0.87391,8
base_h7_tp10925,20241106,202411,2024Q4,1282363.98,0.02345483747792576,0.878941,8
base_h7_tp10925,20241107,202411,2024Q4,1297133.49,0.011517408653352934,0.879187,8
base_h7_tp10925,20241108,202411,2024Q4,1323064.34,0.019990887753580378,0.891338,8
base_h7_tp10925,20241111,202411,2024Q4,1340035.22,0.012826949897236206,0.870576,8
base_h7_tp10925,20241112,202411,2024Q4,1387534.65,0.03544640416242184,0.876246,8
base_h7_tp10925,20241113,202411,2024Q4,1400973.1,0.009685127502942148,0.876925,8
base_h7_tp10925,20241114,202411,2024Q4,1406320.5,0.0038169183976479726,0.871872,8
base_h7_tp10925,20241115,202411,2024Q4,1399068.0,-0.005157074791983796,0.867941,8
base_h7_tp10925,20241118,202411,2024Q4,1369564.17,-0.021088203003713946,0.867683,8
base_h7_tp10925,20241119,202411,2024Q4,1326882.68,-0.031164286372941552,0.867514,8
base_h7_tp10925,20241120,202411,2024Q4,1329199.01,0.0017456931459833847,0.858381,8
base_h7_tp10925,20241121,202411,2024Q4,1373942.74,0.033662175237401115,0.862828,8
base_h7_tp10925,20241122,202411,2024Q4,1395702.69,0.01583759596851908,0.866387,8
base_h7_tp10925,20241125,202411,2024Q4,1370220.41,-0.01825767062181416,0.870654,8
base_h7_tp10925,20241126,202411,2024Q4,1391366.06,0.015432298224196117,0.877173,8
base_h7_tp10925,20241127,202411,2024Q4,1384746.2,-0.004757813339215766,0.877816,8
base_h7_tp10925,20241128,202411,2024Q4,1399823.19,0.010887908556817205,0.878238,8
base_h7_tp10925,20241129,202411,2024Q4,1404650.35,0.0034484069377362925,0.879553,8
base_h7_tp10925,20241202,202412,2024Q4,1425575.57,0.014897102328704115,0.770128,7
base_h7_tp10925,20241203,202412,2024Q4,1454536.51,0.020315261154482345,0.768331,7
base_h7_tp10925,20241204,202412,2024Q4,1459599.86,0.0034810745314328706,0.88253,8
base_h7_tp10925,20241205,202412,2024Q4,1437913.31,-0.014857873444849456,0.88202,8
base_h7_tp10925,20241206,202412,2024Q4,1462974.94,0.017429166157450604,0.880135,8
base_h7_tp10925,20241209,202412,2024Q4,1498380.14,0.024200824656640973,0.87645,8
base_h7_tp10925,20241210,202412,2024Q4,1517130.06,0.012513460035582291,0.880379,8
base_h7_tp10925,20241211,202412,2024Q4,1499315.58,-0.011742223339770819,0.878888,8
base_h7_tp10925,20241212,202412,2024Q4,1518865.12,0.013038976090677279,0.869269,8
base_h7_tp10925,20241213,202412,2024Q4,1547852.08,0.019084617599224307,0.863602,8
base_h7_tp10925,20241216,202412,2024Q4,1525233.92,-0.014612610786426172,0.86793,8
base_h7_tp10925,20241217,202412,2024Q4,1528975.83,0.002453335157927894,0.840765,8
base_h7_tp10925,20241218,202412,2024Q4,1461711.48,-0.043993076071058734,0.84615,8
base_h7_tp10925,20241219,202412,2024Q4,1465200.17,0.0023867158791144316,0.746832,7
base_h7_tp10925,20241220,202412,2024Q4,1469209.1,0.002736097143641647,0.868782,8
base_h7_tp10925,20241223,202412,2024Q4,1499075.52,0.02032822965771164,0.875521,8
base_h7_tp10925,20241224,202412,2024Q4,1394207.9,-0.06995486124675032,0.868419,8
base_h7_tp10925,20241225,202412,2024Q4,1379501.21,-0.010548419643870877,0.873096,8
base_h7_tp10925,20241226,202412,2024Q4,1336100.97,-0.03146082053817123,0.878295,8
base_h7_tp10925,20241227,202412,2024Q4,1358497.66,0.016762722655608853,0.876214,8
base_h7_tp10925,20241230,202412,2024Q4,1371422.21,0.009513855180288022,0.874586,8
base_h7_tp10925,20241231,202412,2024Q4,1337091.67,-0.02503280153235965,0.878193,8
base_h7_tp10925,20250102,202501,2025Q1,1302964.41,-0.025523500568962465,0.874767,8
base_h7_tp10925,20250103,202501,2025Q1,1290966.51,-0.009208156345575036,0.870765,8
base_h7_tp10925,20250106,202501,2025Q1,1223022.89,-0.05263004072816735,0.753995,7
base_h7_tp10925,20250107,202501,2025Q1,1212682.79,-0.008454543316028906,0.870808,8
base_h7_tp10925,20250108,202501,2025Q1,1274970.2,0.05136331653556314,0.867572,8
base_h7_tp10925,20250109,202501,2025Q1,1266707.32,-0.006480841669867954,0.863286,8
base_h7_tp10925,20250110,202501,2025Q1,1288227.93,0.01698940999251497,0.868766,8
base_h7_tp10925,20250113,202501,2025Q1,1234194.43,-0.041944052555978995,0.871855,8
base_h7_tp10925,20250114,202501,2025Q1,1236920.55,0.002208825395525471,0.873509,8
base_h7_tp10925,20250115,202501,2025Q1,1314955.12,0.0630877787583044,0.87935,8
base_h7_tp10925,20250116,202501,2025Q1,1315084.8,9.861933538846124e-05,0.880466,8
base_h7_tp10925,20250117,202501,2025Q1,1324637.82,0.007264185549099134,0.879645,8
base_h7_tp10925,20250120,202501,2025Q1,1303436.48,-0.016005386287400447,0.882529,8
base_h7_tp10925,20250121,202501,2025Q1,1283720.15,-0.015126421810750634,0.874795,8
base_h7_tp10925,20250122,202501,2025Q1,1258082.35,-0.019971486776148017,0.878713,8
base_h7_tp10925,20250123,202501,2025Q1,1252637.59,-0.004327824804155278,0.891344,8
base_h7_tp10925,20250124,202501,2025Q1,1226669.88,-0.020730425310005463,0.886006,8
base_h7_tp10925,20250127,202501,2025Q1,1214517.68,-0.009906658831469795,0.884272,8
base_h7_tp10925,20250205,202502,2025Q1,1242297.97,0.022873516341071376,0.877594,8
base_h7_tp10925,20250206,202502,2025Q1,1279050.91,0.029584641436707804,0.895222,8
base_h7_tp10925,20250207,202502,2025Q1,1290377.45,0.008855425465433608,0.879405,8
base_h7_tp10925,20250210,202502,2025Q1,1309600.35,0.014897114018847857,0.872303,8
base_h7_tp10925,20250211,202502,2025Q1,1369650.92,0.04585411877753387,0.872216,8
base_h7_tp10925,20250212,202502,2025Q1,1353707.01,-0.01164085663520742,0.885407,8
base_h7_tp10925,20250213,202502,2025Q1,1363649.38,0.007344550871462019,0.883401,8
base_h7_tp10925,20250214,202502,2025Q1,1345016.18,-0.013664216237167959,0.88286,8
base_h7_tp10925,20250217,202502,2025Q1,1329898.61,-0.011239693785691007,0.877632,8
base_h7_tp10925,20250218,202502,2025Q1,1379990.07,0.03766562324627132,0.764893,7
base_h7_tp10925,20250219,202502,2025Q1,1362712.53,-0.012520046611639746,0.647306,6
base_h7_tp10925,20250220,202502,2025Q1,1378213.99,0.011375443946347152,0.649525,6
base_h7_tp10925,20250221,202502,2025Q1,1384100.27,0.004270947793818314,0.545728,5
base_h7_tp10925,20250224,202502,2025Q1,1375843.19,-0.00596566605683857,0.542446,5
base_h7_tp10925,20250225,202502,2025Q1,1383710.07,0.005717860914077111,0.651513,6
base_h7_tp10925,20250226,202502,2025Q1,1384506.66,0.0005756914091112897,0.763668,7
base_h7_tp10925,20250227,202502,2025Q1,1393918.41,0.006797908794458296,0.768196,7
base_h7_tp10925,20250228,202502,2025Q1,1393950.92,2.3322742397802187e-05,0.765225,7
base_h7_tp10925,20250303,202503,2025Q1,1357810.49,-0.025926615838095635,0.760935,7
base_h7_tp10925,20250304,202503,2025Q1,1361894.22,0.0030075846593289324,0.871365,8
base_h7_tp10925,20250305,202503,2025Q1,1369369.72,0.005489045984790275,0.865154,8
base_h7_tp10925,20250306,202503,2025Q1,1354387.37,-0.010941055422198032,0.752941,7
base_h7_tp10925,20250307,202503,2025Q1,1380618.06,0.01936719920830332,0.752709,7
base_h7_tp10925,20250310,202503,2025Q1,1405776.75,0.018222773357028155,0.862633,8
base_h7_tp10925,20250311,202503,2025Q1,1431572.12,0.0183495494572663,0.863836,8
base_h7_tp10925,20250312,202503,2025Q1,1437279.12,0.003986526365154397,0.876519,8
base_h7_tp10925,20250313,202503,2025Q1,1461072.92,0.016554752426932717,0.776334,7
base_h7_tp10925,20250314,202503,2025Q1,1430874.61,-0.020668585110728,0.880828,8
base_h7_tp10925,20250317,202503,2025Q1,1458591.53,0.01937061417282404,0.881565,8
base_h7_tp10925,20250318,202503,2025Q1,1471131.39,0.00859723900905962,0.861854,8
base_h7_tp10925,20250319,202503,2025Q1,1482365.06,0.007636075252258845,0.863586,8
base_h7_tp10925,20250320,202503,2025Q1,1473406.2,-0.00604362598778474,0.859906,8
base_h7_tp10925,20250321,202503,2025Q1,1501267.27,0.018909293309611552,0.871022,8
base_h7_tp10925,20250324,202503,2025Q1,1458213.06,-0.028678577665920857,0.874891,8
base_h7_tp10925,20250325,202503,2025Q1,1399885.26,-0.03999950459914281,0.885468,8
base_h7_tp10925,20250326,202503,2025Q1,1411001.97,0.007941157977475966,0.884855,8
base_h7_tp10925,20250327,202503,2025Q1,1454968.8,0.031160006105448668,0.886146,8
base_h7_tp10925,20250328,202503,2025Q1,1433898.19,-0.014481829438542038,0.889359,8
base_h7_tp10925,20250331,202503,2025Q1,1371177.25,-0.043741557411408616,0.887876,8
base_h7_tp10925,20250401,202504,2025Q2,1369201.31,-0.0014410536639226645,0.898619,8
base_h7_tp10925,20250402,202504,2025Q2,1393063.74,0.017427992381923607,0.886707,8
base_h7_tp10925,20250403,202504,2025Q2,1396777.12,0.002665621028941745,0.862204,8
base_h7_tp10925,20250407,202504,2025Q2,1386147.6,-0.007610033016577478,0.863911,8
base_h7_tp10925,20250408,202504,2025Q2,1207875.67,-0.12860963002785575,0.857231,8
base_h7_tp10925,20250409,202504,2025Q2,1220700.23,0.01061745038709172,0.862154,8
base_h7_tp10925,20250410,202504,2025Q2,1273586.46,0.04332450236369656,0.864754,8
base_h7_tp10925,20250411,202504,2025Q2,1324828.13,0.04023415104460204,0.870166,8
base_h7_tp10925,20250414,202504,2025Q2,1366856.03,0.031723284740338364,0.880359,8
base_h7_tp10925,20250415,202504,2025Q2,1394909.88,0.020524363491303266,0.896841,8
base_h7_tp10925,20250416,202504,2025Q2,1401873.34,0.004992050095738332,0.894818,8
base_h7_tp10925,20250417,202504,2025Q2,1374922.17,-0.019225110593800276,0.89022,8
base_h7_tp10925,20250418,202504,2025Q2,1385947.33,0.008018752072344704,0.871495,8
base_h7_tp10925,20250421,202504,2025Q2,1385599.65,-0.00025086090392778537,0.877193,8
base_h7_tp10925,20250422,202504,2025Q2,1394285.9,0.006268946444956125,0.876432,8
base_h7_tp10925,20250423,202504,2025Q2,1386319.06,-0.005713921370071873,0.878847,8
base_h7_tp10925,20250424,202504,2025Q2,1390337.87,0.0028989069803311285,0.875961,8
base_h7_tp10925,20250425,202504,2025Q2,1372539.78,-0.012801269665480675,0.877607,8
base_h7_tp10925,20250428,202504,2025Q2,1371358.82,-0.0008604195063839359,0.987038,9
base_h7_tp10925,20250429,202504,2025Q2,1351459.72,-0.014510498426662743,0.9065,9
base_h7_tp10925,20250430,202504,2025Q2,1380498.65,0.021487085090482694,0.881832,9
base_h7_tp10925,20250506,202505,2025Q2,1417448.51,0.026765589375983945,0.878459,9
base_h7_tp10925,20250507,202505,2025Q2,1466504.67,0.0346087774292414,0.871615,9
base_h7_tp10925,20250508,202505,2025Q2,1498697.45,0.021952047380797035,0.8672,9
base_h7_tp10925,20250509,202505,2025Q2,1539985.86,0.027549529759992586,0.891413,9
base_h7_tp10925,20250512,202505,2025Q2,1538906.42,-0.0007009415008526476,0.88621,9
base_h7_tp10925,20250513,202505,2025Q2,1591018.88,0.033863306646027214,0.884776,9
base_h7_tp10925,20250514,202505,2025Q2,1570993.76,-0.012586349698125443,0.889797,9
base_h7_tp10925,20250515,202505,2025Q2,1598422.93,0.017459757446776747,0.986752,9
base_h7_tp10925,20250516,202505,2025Q2,1638039.09,0.02478452933605002,0.891385,9
base_h7_tp10925,20250519,202505,2025Q2,1646551.56,0.00519674411432991,0.903508,9
base_h7_tp10925,20250520,202505,2025Q2,1688774.02,0.025642962556240878,0.884533,9
base_h7_tp10925,20250521,202505,2025Q2,1725563.38,0.021784655356078986,0.758201,8
base_h7_tp10925,20250522,202505,2025Q2,1736422.88,0.006293306943034427,0.7669,8
base_h7_tp10925,20250523,202505,2025Q2,1728933.7,-0.004312993157519318,0.760158,8
base_h7_tp10925,20250526,202505,2025Q2,1689769.2,-0.022652401303763114,0.635924,7
base_h7_tp10925,20250527,202505,2025Q2,1686179.02,-0.00212465702416631,0.642764,7
base_h7_tp10925,20250528,202505,2025Q2,1703380.87,0.01020167479014189,0.758286,8
base_h7_tp10925,20250529,202505,2025Q2,1734123.36,0.018047924889516898,0.857305,8
base_h7_tp10925,20250530,202505,2025Q2,1743070.11,0.0051592350385039065,0.859304,8
base_h7_tp10925,20250603,202506,2025Q2,1730949.45,-0.006953627355815395,0.866357,8
base_h7_tp10925,20250604,202506,2025Q2,1717862.28,-0.007560688730684717,0.886522,8
base_h7_tp10925,20250605,202506,2025Q2,1777601.82,0.034775511806452775,0.78816,7
base_h7_tp10925,20250606,202506,2025Q2,1766735.92,-0.006112673759526288,0.77034,7
base_h7_tp10925,20250609,202506,2025Q2,1795268.78,0.01615004239003648,0.771775,7
base_h7_tp10925,20250610,202506,2025Q2,1820280.26,0.013931886009848515,0.772061,7
base_h7_tp10925,20250611,202506,2025Q2,1823441.49,0.0017366721320155598,0.660186,6
base_h7_tp10925,20250612,202506,2025Q2,1828364.81,0.0027000153429657114,0.554412,5
base_h7_tp10925,20250613,202506,2025Q2,1825229.68,-0.0017147179725035544,0.665028,6
base_h7_tp10925,20250616,202506,2025Q2,1790829.09,-0.018847266388961947,0.662815,6
base_h7_tp10925,20250617,202506,2025Q2,1805238.52,0.008046234049057022,0.768074,7
base_h7_tp10925,20250618,202506,2025Q2,1811260.59,0.0033358860523318157,0.773524,7
base_h7_tp10925,20250619,202506,2025Q2,1804322.44,-0.0038305642149483177,0.75217,7
base_h7_tp10925,20250620,202506,2025Q2,1766548.45,-0.02093527695637376,0.746871,7
base_h7_tp10925,20250623,202506,2025Q2,1729358.65,-0.021052238901231424,0.754485,7
base_h7_tp10925,20250624,202506,2025Q2,1749996.5,0.011933817198647612,0.655588,6
base_h7_tp10925,20250625,202506,2025Q2,1769581.69,0.011191559525976169,0.65716,6
base_h7_tp10925,20250626,202506,2025Q2,1757380.13,-0.0068951662807948955,0.768756,7
base_h7_tp10925,20250627,202506,2025Q2,1750909.21,-0.0036821401867107584,0.761883,7
base_h7_tp10925,20250630,202506,2025Q2,1759550.6,0.004935372976877517,0.658521,6
base_h7_tp10925,20250701,202507,2025Q3,1785260.92,0.014611867371134402,0.871344,8
base_h7_tp10925,20250702,202507,2025Q3,1806412.05,0.011847640735898723,0.863594,8
base_h7_tp10925,20250703,202507,2025Q3,1817195.58,0.005969584846380993,0.872864,8
base_h7_tp10925,20250704,202507,2025Q3,1818763.15,0.0008626314180226746,0.8677,8
base_h7_tp10925,20250707,202507,2025Q3,1787180.28,-0.01736502633671677,0.865741,8
base_h7_tp10925,20250708,202507,2025Q3,1820694.26,0.018752433861904505,0.862413,8
base_h7_tp10925,20250709,202507,2025Q3,1845650.2,0.013706826318000243,0.86475,8
base_h7_tp10925,20250710,202507,2025Q3,1849835.91,0.0022678782794269825,0.864419,8
base_h7_tp10925,20250711,202507,2025Q3,1858975.29,0.004940643627142194,0.863609,8
base_h7_tp10925,20250714,202507,2025Q3,1858612.19,-0.00019532266079780314,0.867974,8
base_h7_tp10925,20250715,202507,2025Q3,1861321.93,0.0014579372795353596,0.86806,8
base_h7_tp10925,20250716,202507,2025Q3,1836850.8,-0.013147177608335503,0.870163,8
base_h7_tp10925,20250717,202507,2025Q3,1862382.36,0.013899637357590588,0.872695,8
base_h7_tp10925,20250718,202507,2025Q3,1878613.75,0.008715390753593732,0.880126,8
base_h7_tp10925,20250721,202507,2025Q3,1885579.1,0.0037077073453763987,0.886812,8
base_h7_tp10925,20250722,202507,2025Q3,1905693.88,0.010667693548363832,0.873687,8
base_h7_tp10925,20250723,202507,2025Q3,1916143.84,0.005483545972241988,0.868469,8
base_h7_tp10925,20250724,202507,2025Q3,1897811.77,-0.009567167984633196,0.863922,8
base_h7_tp10925,20250725,202507,2025Q3,1909396.39,0.006104198626610824,0.865452,8
base_h7_tp10925,20250728,202507,2025Q3,1919844.2,0.005471786819498448,0.752514,7
base_h7_tp10925,20250729,202507,2025Q3,1928314.23,0.004411831960114299,0.86862,8
base_h7_tp10925,20250730,202507,2025Q3,1930521.64,0.0011447356274500997,0.87234,8
base_h7_tp10925,20250731,202507,2025Q3,1913640.61,-0.008744284265054802,0.874208,8
base_h7_tp10925,20250801,202508,2025Q3,1904037.81,-0.005018079126153152,0.871532,8
base_h7_tp10925,20250804,202508,2025Q3,1939083.97,0.018406231124160177,0.879574,8
base_h7_tp10925,20250805,202508,2025Q3,1964807.77,0.013265954645584666,0.877325,8
base_h7_tp10925,20250806,202508,2025Q3,2048930.84,0.04281491109942026,0.854576,8
base_h7_tp10925,20250807,202508,2025Q3,2047019.69,-0.0009327547629670585,0.85891,8
base_h7_tp10925,20250808,202508,2025Q3,2055368.85,0.004078690615819225,0.867229,8
base_h7_tp10925,20250811,202508,2025Q3,2080685.41,0.012317283099819276,0.854366,8
base_h7_tp10925,20250812,202508,2025Q3,2106837.57,0.012569012054542084,0.859471,8
base_h7_tp10925,20250813,202508,2025Q3,2113631.95,0.003224918758212736,0.751112,7
base_h7_tp10925,20250814,202508,2025Q3,2090683.97,-0.010857131488762883,0.862298,8
base_h7_tp10925,20250815,202508,2025Q3,2054891.02,-0.017120210664838043,0.864189,8
base_h7_tp10925,20250818,202508,2025Q3,2102844.42,0.023336225392624366,0.869465,8
base_h7_tp10925,20250819,202508,2025Q3,2108703.88,0.0027864448478789328,0.872324,8
base_h7_tp10925,20250820,202508,2025Q3,2130224.53,0.010205629251272441,0.875206,8
base_h7_tp10925,20250821,202508,2025Q3,2153535.6,0.010943010782060725,0.880079,8
base_h7_tp10925,20250822,202508,2025Q3,2166865.26,0.006189663175291793,0.877287,8
base_h7_tp10925,20250825,202508,2025Q3,2141048.51,-0.01191433102767081,0.866656,8
base_h7_tp10925,20250826,202508,2025Q3,2123361.1,-0.008261097269580131,0.863121,8
base_h7_tp10925,20250827,202508,2025Q3,2148876.78,0.012016646626897165,0.869086,8
base_h7_tp10925,20250828,202508,2025Q3,2082612.48,-0.030836714611435223,0.873937,8
base_h7_tp10925,20250829,202508,2025Q3,2067551.4,-0.007231820679380552,0.880475,8
base_h7_tp10925,20250901,202509,2025Q3,2056029.21,-0.005572867499207046,0.876771,8
base_h7_tp10925,20250902,202509,2025Q3,2106383.01,0.024490799914267614,0.880981,8
base_h7_tp10925,20250903,202509,2025Q3,2096298.29,-0.004787695282445159,0.880092,8
base_h7_tp10925,20250904,202509,2025Q3,2058101.9,-0.018220875427036765,0.886224,8
base_h7_tp10925,20250905,202509,2025Q3,2064103.23,0.002915953772745672,0.885819,8
base_h7_tp10925,20250908,202509,2025Q3,2084004.2,0.009641460616289121,0.875082,8
base_h7_tp10925,20250909,202509,2025Q3,2125400.87,0.019864005072542712,0.875775,8
base_h7_tp10925,20250910,202509,2025Q3,2142699.01,0.008138765841382067,0.87725,8
base_h7_tp10925,20250911,202509,2025Q3,2159801.68,0.007981835022176309,0.88019,8
base_h7_tp10925,20250912,202509,2025Q3,2171173.8,0.005265353807855089,0.880273,8
base_h7_tp10925,20250915,202509,2025Q3,2169256.81,-0.0008829279351103558,0.879178,8
base_h7_tp10925,20250916,202509,2025Q3,2172895.57,0.0016774224163895735,0.880716,8
base_h7_tp10925,20250917,202509,2025Q3,2215965.78,0.0198215738458154,0.884628,8
base_h7_tp10925,20250918,202509,2025Q3,2240409.92,0.01103091943955925,0.838187,8
base_h7_tp10925,20250919,202509,2025Q3,2188500.73,-0.02316950551620478,0.841456,8
base_h7_tp10925,20250922,202509,2025Q3,2178038.09,-0.004780734069026349,0.845268,8
base_h7_tp10925,20250923,202509,2025Q3,2161706.85,-0.007498142514119066,0.851757,8
base_h7_tp10925,20250924,202509,2025Q3,2110313.63,-0.02377437070155941,0.862371,8
base_h7_tp10925,20250925,202509,2025Q3,2156285.02,0.021784150633572086,0.866781,8
base_h7_tp10925,20250926,202509,2025Q3,2138548.21,-0.008225633362698992,0.867984,8
base_h7_tp10925,20250929,202509,2025Q3,2164681.65,0.012220178099234813,0.871526,8
base_h7_tp10925,20250930,202509,2025Q3,2192291.59,0.012754734628068753,0.875064,8
base_h7_tp10925,20251009,202510,2025Q4,2204304.51,0.005479617791171565,0.873487,8
base_h7_tp10925,20251010,202510,2025Q4,2184615.67,-0.008931996423670041,0.873067,8
base_h7_tp10925,20251013,202510,2025Q4,2197247.62,0.005782229878448231,0.879571,8
base_h7_tp10925,20251014,202510,2025Q4,2224560.37,0.012430437858433008,0.88061,8
base_h7_tp10925,20251015,202510,2025Q4,2193224.78,-0.014086194478057812,0.882306,8
base_h7_tp10925,20251016,202510,2025Q4,2214350.75,0.00963237794531957,0.883932,8
base_h7_tp10925,20251017,202510,2025Q4,2187946.49,-0.011924154292177858,0.871764,8
base_h7_tp10925,20251020,202510,2025Q4,2169633.15,-0.00837010415186179,0.87375,8
base_h7_tp10925,20251021,202510,2025Q4,2214133.83,0.020510693247842493,0.872911,8
base_h7_tp10925,20251022,202510,2025Q4,2262286.3,0.021747768516774624,0.875215,8
base_h7_tp10925,20251023,202510,2025Q4,2279282.83,0.007512988077592153,0.879007,8
base_h7_tp10925,20251024,202510,2025Q4,2295607.25,0.007162086154968383,0.878028,8
base_h7_tp10925,20251027,202510,2025Q4,2311394.35,0.0068770910180737665,0.868143,8
base_h7_tp10925,20251028,202510,2025Q4,2317212.6,0.002517203522626854,0.869006,8
base_h7_tp10925,20251029,202510,2025Q4,2375451.96,0.0251333692903275,0.875226,8
base_h7_tp10925,20251030,202510,2025Q4,2300830.61,-0.031413537826292304,0.887962,8
base_h7_tp10925,20251031,202510,2025Q4,2311531.72,0.004650976892210279,0.886264,8
base_h7_tp10925,20251103,202511,2025Q4,2363352.12,0.022418208476931545,0.891673,8
base_h7_tp10925,20251104,202511,2025Q4,2378696.05,0.006492443453580465,0.893515,8
base_h7_tp10925,20251105,202511,2025Q4,2382926.67,0.0017785458549863797,0.896328,8
base_h7_tp10925,20251106,202511,2025Q4,2428361.16,0.019066675685827983,0.895626,8
base_h7_tp10925,20251107,202511,2025Q4,2408404.86,-0.008218011525106261,0.754669,7
base_h7_tp10925,20251110,202511,2025Q4,2409240.25,0.0003468644387307762,0.764636,7
base_h7_tp10925,20251111,202511,2025Q4,2418914.14,0.00401532806867233,0.866742,8
base_h7_tp10925,20251112,202511,2025Q4,2469322.21,0.020839131561734447,0.768844,7
base_h7_tp10925,20251113,202511,2025Q4,2486326.41,0.0068861811274114615,0.758089,7
base_h7_tp10925,20251114,202511,2025Q4,2489291.14,0.0011924138311349974,0.757438,7
base_h7_tp10925,20251117,202511,2025Q4,2543105.72,0.02161843551976017,0.758502,7
base_h7_tp10925,20251118,202511,2025Q4,2559340.5,0.006383839992306628,0.754954,7
base_h7_tp10925,20251119,202511,2025Q4,2593958.24,0.013526039227683917,0.865337,8
base_h7_tp10925,20251120,202511,2025Q4,2562115.23,-0.012275837563213932,0.850455,8
base_h7_tp10925,20251121,202511,2025Q4,2531751.26,-0.011851133643196898,0.860808,8
base_h7_tp10925,20251124,202511,2025Q4,2414516.6,-0.04630575754112576,0.863331,8
base_h7_tp10925,20251125,202511,2025Q4,2435085.52,0.008518856320971269,0.858178,8
base_h7_tp10925,20251126,202511,2025Q4,2480234.48,0.018541016169321134,0.854952,8
base_h7_tp10925,20251127,202511,2025Q4,2444503.25,-0.01440639193113713,0.859106,8
base_h7_tp10925,20251128,202511,2025Q4,2464552.49,0.008201764509824239,0.868347,8
base_h7_tp10925,20251201,202512,2025Q4,2516470.51,0.021065901501655437,0.873475,8
base_h7_tp10925,20251202,202512,2025Q4,2543791.27,0.010856777336127221,0.876028,8
base_h7_tp10925,20251203,202512,2025Q4,2552171.19,0.0032942639983193356,0.877572,8
base_h7_tp10925,20251204,202512,2025Q4,2511681.58,-0.015864770419260155,0.868823,8
base_h7_tp10925,20251205,202512,2025Q4,2457225.12,-0.021681275378863885,0.870858,8
base_h7_tp10925,20251208,202512,2025Q4,2517239.04,0.024423452092985354,0.875365,8
base_h7_tp10925,20251209,202512,2025Q4,2549061.8,0.012641930104500432,0.766316,7
base_h7_tp10925,20251210,202512,2025Q4,2525945.09,-0.009068713045717436,0.770436,7
base_h7_tp10925,20251211,202512,2025Q4,2500465.07,-0.010087321415209405,0.748501,7
base_h7_tp10925,20251212,202512,2025Q4,2436115.69,-0.025734964576009767,0.743618,7
base_h7_tp10925,20251215,202512,2025Q4,2374760.75,-0.02518556087129009,0.857055,8
base_h7_tp10925,20251216,202512,2025Q4,2400926.28,0.011018175199333236,0.84751,8
base_h7_tp10925,20251217,202512,2025Q4,2331110.94,-0.029078502152094288,0.848738,8
base_h7_tp10925,20251218,202512,2025Q4,2336358.53,0.0022511112233893904,0.862013,8
base_h7_tp10925,20251219,202512,2025Q4,2348179.16,0.005059424676571611,0.859368,8
base_h7_tp10925,20251222,202512,2025Q4,2388117.68,0.017008293353561577,0.860324,8
base_h7_tp10925,20251223,202512,2025Q4,2390906.11,0.0011676267142746166,0.882579,8
base_h7_tp10925,20251224,202512,2025Q4,2384567.91,-0.0026509614800389603,0.88078,8
base_h7_tp10925,20251225,202512,2025Q4,2414612.14,0.012599444064480325,0.878325,8
base_h7_tp10925,20251226,202512,2025Q4,2434815.32,0.008367049790447778,0.87367,8
base_h7_tp10925,20251229,202512,2025Q4,2393753.61,-0.016864404319585136,0.871094,8
base_h7_tp10925,20251230,202512,2025Q4,2409503.43,0.006579549346350744,0.867829,8
base_h7_tp10925,20251231,202512,2025Q4,2401650.25,-0.003259252467634033,0.866425,8
base_h7_tp10925,20260105,202601,2026Q1,2417892.21,0.006762833181059635,0.863094,8
base_h7_tp10925,20260106,202601,2026Q1,2490344.63,0.02996511577329586,0.863842,8
base_h7_tp10925,20260107,202601,2026Q1,2496598.83,0.002511379318612672,0.878437,8
base_h7_tp10925,20260108,202601,2026Q1,2484688.54,-0.00477060625715342,0.854903,8
base_h7_tp10925,20260109,202601,2026Q1,2565661.01,0.03258857949254268,0.860297,8
base_h7_tp10925,20260112,202601,2026Q1,2653417.79,0.03420435500167662,0.843643,8
base_h7_tp10925,20260113,202601,2026Q1,2692683.28,0.014798080478686915,0.849864,8
base_h7_tp10925,20260114,202601,2026Q1,2690040.36,-0.0009815190741629953,0.858776,8
base_h7_tp10925,20260115,202601,2026Q1,2695788.74,0.00213691217629175,0.866726,8
base_h7_tp10925,20260116,202601,2026Q1,2715908.45,0.007463385279960821,0.867709,8
base_h7_tp10925,20260119,202601,2026Q1,2710894.28,-0.0018462220256357798,0.869617,8
base_h7_tp10925,20260120,202601,2026Q1,2789511.11,0.02900033047397188,0.864871,8
base_h7_tp10925,20260121,202601,2026Q1,2786607.59,-0.0010408705631576032,0.868641,8
base_h7_tp10925,20260122,202601,2026Q1,2823196.7,0.013130341757233266,0.865307,8
base_h7_tp10925,20260123,202601,2026Q1,2884086.76,0.021567771030619243,0.874554,8
base_h7_tp10925,20260126,202601,2026Q1,2876165.13,-0.0027466684115979856,0.875901,8
base_h7_tp10925,20260127,202601,2026Q1,2866142.85,-0.003484598257402438,0.87235,8
base_h7_tp10925,20260128,202601,2026Q1,2881537.1,0.005371068647189059,0.869055,8
base_h7_tp10925,20260129,202601,2026Q1,2832792.12,-0.016916311783735094,0.880599,8
base_h7_tp10925,20260130,202601,2026Q1,2812153.0,-0.007285786999435828,0.877078,8
base_h7_tp10925,20260202,202602,2026Q1,2858638.2,0.016530110559418443,0.869981,8
base_h7_tp10925,20260203,202602,2026Q1,2860564.96,0.0006740132416895861,0.869479,8
base_h7_tp10925,20260204,202602,2026Q1,2921380.01,0.021259803867554883,0.871756,8
base_h7_tp10925,20260205,202602,2026Q1,2895183.6,-0.008967135364221113,0.873366,8
base_h7_tp10925,20260206,202602,2026Q1,2872745.62,-0.007750106072720198,0.877199,8
base_h7_tp10925,20260209,202602,2026Q1,2903241.49,0.010615583150728192,0.875206,8
base_h7_tp10925,20260210,202602,2026Q1,2937530.68,0.011810657197517394,0.873948,8
base_h7_tp10925,20260211,202602,2026Q1,2955754.36,0.00620374116399014,0.76245,7
base_h7_tp10925,20260212,202602,2026Q1,2930739.29,-0.008463176216037094,0.869294,8
base_h7_tp10925,20260213,202602,2026Q1,2914878.28,-0.005411948464375427,0.874744,8
base_h7_tp10925,20260224,202602,2026Q1,2913988.92,-0.00030511051048065507,0.87557,8
base_h7_tp10925,20260225,202602,2026Q1,2990587.57,0.02628652754108618,0.873499,8
base_h7_tp10925,20260226,202602,2026Q1,3008438.26,0.005968957464770108,0.878452,8
base_h7_tp10925,20260227,202602,2026Q1,2995581.35,-0.004273616038907746,0.878155,8
base_h7_tp10925,20260302,202603,2026Q1,3013043.55,0.005829319240487241,0.881734,8
base_h7_tp10925,20260303,202603,2026Q1,2926213.57,-0.028818030194087352,0.868571,8
base_h7_tp10925,20260304,202603,2026Q1,2810231.92,-0.03963540159510637,0.856319,8
base_h7_tp10925,20260305,202603,2026Q1,2786494.41,-0.008446815307684541,0.860781,8
base_h7_tp10925,20260306,202603,2026Q1,2817430.57,0.011102179099652165,0.863931,8
base_h7_tp10925,20260309,202603,2026Q1,2955482.5,0.04899923052939692,0.868891,8
base_h7_tp10925,20260310,202603,2026Q1,2921499.68,-0.011498230830329637,0.866002,8
base_h7_tp10925,20260311,202603,2026Q1,3025776.6,0.035692942468506406,0.868173,8
base_h7_tp10925,20260312,202603,2026Q1,2988988.67,-0.012158177837716111,0.872281,8
base_h7_tp10925,20260313,202603,2026Q1,2940060.66,-0.016369419694053144,0.874896,8
base_h7_tp10925,20260316,202603,2026Q1,2948198.28,0.002767840851283454,0.875551,8
base_h7_tp10925,20260317,202603,2026Q1,2955822.36,0.0025860133125104046,0.876594,8
base_h7_tp10925,20260318,202603,2026Q1,2898839.85,-0.019278056344360195,0.878235,8
base_h7_tp10925,20260319,202603,2026Q1,2941203.31,0.014613935985459792,0.774473,7
base_h7_tp10925,20260320,202603,2026Q1,2844269.72,-0.03295711985309846,0.884458,8
base_h7_tp10925,20260323,202603,2026Q1,2748099.76,-0.033811828506897124,0.871398,8
base_h7_tp10925,20260324,202603,2026Q1,2608960.47,-0.05063109135455823,0.874372,8
base_h7_tp10925,20260325,202603,2026Q1,2771478.48,0.06229224699598457,0.881321,8
base_h7_tp10925,20260326,202603,2026Q1,2859994.25,0.031938104747614826,0.885254,8
base_h7_tp10925,20260327,202603,2026Q1,2807452.41,-0.018371309662598034,0.850778,8
base_h7_tp10925,20260330,202603,2026Q1,2854523.62,0.01676652107524057,0.862394,8
base_h7_tp10925,20260331,202603,2026Q1,2898833.51,0.015522691663696797,0.86435,8
base_h7_tp10925,20260401,202604,2026Q2,2845098.04,-0.01853692866962886,0.864678,8
base_h7_tp10925,20260402,202604,2026Q2,2877361.99,0.011340189176749949,0.758811,7
base_h7_tp10925,20260403,202604,2026Q2,2799618.57,-0.02701899179532863,0.754003,7
base_h7_tp10925,20260407,202604,2026Q2,2688358.39,-0.03974119231535167,0.753898,7
base_h7_tp10925,20260408,202604,2026Q2,2788098.73,0.03710083461007585,0.863534,8
base_h7_tp10925,20260409,202604,2026Q2,2930864.36,0.0512053710522653,0.867358,8
base_h7_tp10925,20260410,202604,2026Q2,2833247.88,-0.033306379282594945,0.867348,8
base_h7_tp10925,20260413,202604,2026Q2,2838190.92,0.001744654971735038,0.868202,8
base_h7_tp10925,20260414,202604,2026Q2,2821129.66,-0.006011315123226391,0.866549,8
base_h7_tp10925,20260415,202604,2026Q2,2808388.64,-0.004516283026849588,0.864542,8
base_h7_tp10925,20260416,202604,2026Q2,2780004.38,-0.010106955852093313,0.864077,8
base_h7_tp10925,20260417,202604,2026Q2,2859944.4,0.028755357572494145,0.86344,8
base_h7_tp10925,20260420,202604,2026Q2,2810775.03,-0.017192421642882372,0.865615,8
base_h7_tp10925,20260421,202604,2026Q2,2826285.23,0.005518122167180506,0.871006,8
base_h7_tp10925,20260422,202604,2026Q2,2853963.33,0.009793102163294432,0.871725,8
base_h7_tp10925,20260423,202604,2026Q2,2824124.62,-0.010455183388778821,0.870215,8
base_h7_tp10925,20260424,202604,2026Q2,2837359.66,0.0046864220885549646,0.875025,8
base_h7_tp10925,20260427,202604,2026Q2,2873540.66,0.012751643899807874,0.88162,8
base_h7_tp10925,20260428,202604,2026Q2,2944753.29,0.02478218978812019,0.863948,8
base_h7_tp10925,20260429,202604,2026Q2,2978448.98,0.011442619018179334,0.867112,8
base_h7_tp10925,20260430,202604,2026Q2,3093731.91,0.038705692383557366,0.867124,8
base_h7_tp10925,20260506,202605,2026Q2,3152540.91,0.019009080848249704,0.874678,8
base_h7_tp10925,20260507,202605,2026Q2,3191585.77,0.012385203274015488,0.878779,8
base_h7_tp10925,20260508,202605,2026Q2,3222552.36,0.009702571772025381,0.882081,8
base_h7_tp10925,20260511,202605,2026Q2,3300244.6,0.02410891471131915,0.876367,8
base_h7_tp10925,20260512,202605,2026Q2,3373697.72,0.022256871505827114,0.985916,9
base_h7_tp10925,20260513,202605,2026Q2,3375269.54,0.0004659042185912732,0.891887,9
base_h7_tp10925,20260514,202605,2026Q2,3390917.29,0.0046360001222303104,0.891013,9
base_h7_tp10925,20260515,202605,2026Q2,3399494.45,0.0025294512565359195,0.887631,9
base_h7_tp10925,20260518,202605,2026Q2,3330961.81,-0.020159656386554814,0.857354,9
base_h7_tp10925,20260519,202605,2026Q2,3393419.86,0.018750755356153448,0.761582,8
base_h7_tp10925,20260520,202605,2026Q2,3388378.49,-0.0014856310766094838,0.761419,8
base_h7_tp10925,20260521,202605,2026Q2,3350481.75,-0.011184329056462716,0.650984,7
base_h7_tp10925,20260522,202605,2026Q2,3230824.23,-0.035713526868188405,0.652903,7
base_h7_tp10925,20260525,202605,2026Q2,3303528.07,0.02250318643920779,0.665677,7
base_h7_tp10925,20260526,202605,2026Q2,3238611.7,-0.019650618558237243,0.75585,7
base_h7_tp10925,20260527,202605,2026Q2,3196622.71,-0.012965120208761172,0.646452,6
base_h7_tp10925,20260528,202605,2026Q2,3110187.91,-0.02703941248042996,0.75078,7
base_h7_tp10925,20260529,202605,2026Q2,3143892.4,0.01083680181883273,0.86174,8
base_h7_tp10925,20260601,202606,2026Q2,3014702.31,-0.04109240189009011,0.863868,8
base_h7_tp10925,20260602,202606,2026Q2,3136976.24,0.04055920532996171,0.866521,8
base_h7_tp10925,20260603,202606,2026Q2,3033785.49,-0.03289497340917058,0.869742,8
base_h7_tp10925,20260604,202606,2026Q2,2984494.92,-0.016247216608581083,0.873606,8
base_h7_tp10925,20260605,202606,2026Q2,2897987.72,-0.028985541044244667,0.872414,8
base_h7_tp10925,20260608,202606,2026Q2,2945913.29,0.016537533844346308,0.874046,8
base_h7_tp10925,20260609,202606,2026Q2,2890520.3,-0.018803333481685836,0.880551,8
base_h7_tp10925,20260610,202606,2026Q2,2904953.46,0.004993274048274321,0.880978,8
base_h7_tp10925,20260611,202606,2026Q2,2907190.16,0.0007699607001621089,0.877913,8
base_h7_tp10925,20260612,202606,2026Q2,2873109.99,-0.011722717856199605,0.878761,8
base_h7_tp10925,20260615,202606,2026Q2,2889899.44,0.005843650280858093,0.880253,8
base_h7_tp10925,20260616,202606,2026Q2,2863945.14,-0.008981039146469305,0.870448,8
base_h7_tp10925,20260617,202606,2026Q2,2848617.5,-0.005351932125347902,0.870013,8
base_h7_tp10925,20260618,202606,2026Q2,2782111.52,-0.02334675680395837,0.873857,8
base_h7_tp10925,20260622,202606,2026Q2,2751670.29,-0.01094177202501212,0.983117,9
base_h7_tp10925,20260623,202606,2026Q2,2875689.79,0.04507062508568205,0.0,9
base_h7_tp10925,20260624,202606,2026Q2,2875689.79,0.0,0.0,9
base_h7_tp10925,20260625,202606,2026Q2,2875689.79,0.0,0.0,9
base_h7_tp10925,20260626,202606,2026Q2,2875689.79,0.0,0.0,9
base_h7_tp10925,20260629,202606,2026Q2,2875689.79,0.0,0.0,9
base_h7_tp10925,20260630,202606,2026Q2,2875689.79,0.0,0.0,9
base_h7_tp1092,20240611,202406,2024Q2,608956.75,,0.900248,8
base_h7_tp1092,20240612,202406,2024Q2,613012.49,0.006660144583338523,0.781224,7
base_h7_tp1092,20240613,202406,2024Q2,636792.1,0.03879139558804101,0.882233,8
base_h7_tp1092,20240614,202406,2024Q2,625286.56,-0.018067969122104288,0.907883,8
base_h7_tp1092,20240617,202406,2024Q2,630967.03,0.009084586753311807,0.884923,8
base_h7_tp1092,20240618,202406,2024Q2,631834.8,0.0013753016540341,0.860782,8
base_h7_tp1092,20240619,202406,2024Q2,651297.52,0.030803494837574608,0.758259,7
base_h7_tp1092,20240620,202406,2024Q2,654029.91,0.004195302325118666,0.853391,8
base_h7_tp1092,20240621,202406,2024Q2,639095.54,-0.022834383828103544,0.853326,8
base_h7_tp1092,20240624,202406,2024Q2,634863.61,-0.006621748604285438,0.750189,7
base_h7_tp1092,20240625,202406,2024Q2,607163.6,-0.043631434474563746,0.861534,8
base_h7_tp1092,20240626,202406,2024Q2,619114.41,0.019683014594419124,0.876053,8
base_h7_tp1092,20240627,202406,2024Q2,628551.54,0.015242950006606915,0.896014,8
base_h7_tp1092,20240628,202406,2024Q2,620226.95,-0.01324408496397933,0.889942,8
base_h7_tp1092,20240701,202407,2024Q3,619731.75,-0.0007984174180112324,0.891352,8
base_h7_tp1092,20240702,202407,2024Q3,629759.38,0.016180597492382764,0.879888,8
base_h7_tp1092,20240703,202407,2024Q3,659048.32,0.046508144110533056,0.890208,8
base_h7_tp1092,20240704,202407,2024Q3,683188.91,0.03662946898946662,0.858221,8
base_h7_tp1092,20240705,202407,2024Q3,659414.32,-0.03479943783045314,0.853068,8
base_h7_tp1092,20240708,202407,2024Q3,686369.41,0.04087731974034181,0.86274,8
base_h7_tp1092,20240709,202407,2024Q3,663604.66,-0.0331669064330824,0.746226,7
base_h7_tp1092,20240710,202407,2024Q3,657622.08,-0.009015277258601628,0.758509,7
base_h7_tp1092,20240711,202407,2024Q3,659876.81,0.0034286105478698037,0.855585,8
base_h7_tp1092,20240712,202407,2024Q3,683137.21,0.03524960969608837,0.870254,8
base_h7_tp1092,20240715,202407,2024Q3,690000.08,0.01004610772117065,0.870646,8
base_h7_tp1092,20240716,202407,2024Q3,692724.54,0.003948492295827055,0.736202,7
base_h7_tp1092,20240717,202407,2024Q3,706354.74,0.01967621935264474,0.875362,8
base_h7_tp1092,20240718,202407,2024Q3,709843.57,0.00493920377741075,0.883576,8
base_h7_tp1092,20240719,202407,2024Q3,705360.85,-0.006315081504506659,0.870452,8
base_h7_tp1092,20240722,202407,2024Q3,717799.45,0.017634378205141354,0.882361,8
base_h7_tp1092,20240723,202407,2024Q3,732431.46,0.0203845377702645,0.879712,8
base_h7_tp1092,20240724,202407,2024Q3,735514.87,0.004209827360501572,0.774196,7
base_h7_tp1092,20240725,202407,2024Q3,731324.61,-0.0056970432154552775,0.731222,7
base_h7_tp1092,20240726,202407,2024Q3,732119.73,0.0010872326585591452,0.729519,7
base_h7_tp1092,20240729,202407,2024Q3,739743.35,0.010413078199654535,0.630036,6
base_h7_tp1092,20240730,202407,2024Q3,743038.1,0.004453909589048788,0.535193,5
base_h7_tp1092,20240731,202407,2024Q3,749378.79,0.00853346551139178,0.643867,6
base_h7_tp1092,20240801,202408,2024Q3,772161.03,0.030401500955211214,0.549824,5
base_h7_tp1092,20240802,202408,2024Q3,794929.5,0.02948668621621575,0.659692,6
base_h7_tp1092,20240805,202408,2024Q3,771256.99,-0.0297793829515699,0.876875,8
base_h7_tp1092,20240806,202408,2024Q3,769929.33,-0.0017214236204200484,0.855999,8
base_h7_tp1092,20240807,202408,2024Q3,808592.5,0.050216517923794335,0.87974,8
base_h7_tp1092,20240808,202408,2024Q3,806700.26,-0.0023401651635402976,0.886849,8
base_h7_tp1092,20240809,202408,2024Q3,820721.38,0.017380829900810912,0.894339,8
base_h7_tp1092,20240812,202408,2024Q3,804748.63,-0.01946184221495484,0.885716,8
base_h7_tp1092,20240813,202408,2024Q3,778520.92,-0.032591183162374526,0.888737,8
base_h7_tp1092,20240814,202408,2024Q3,786145.76,0.009794007847598873,0.886827,8
base_h7_tp1092,20240815,202408,2024Q3,779597.99,-0.008328951618336022,0.88206,8
base_h7_tp1092,20240816,202408,2024Q3,784852.24,0.006739691568470985,0.876933,8
base_h7_tp1092,20240819,202408,2024Q3,784854.55,2.9432291612785377e-06,0.862058,8
base_h7_tp1092,20240820,202408,2024Q3,772945.81,-0.015173180814203047,0.862142,8
base_h7_tp1092,20240821,202408,2024Q3,767903.62,-0.006523342173237245,0.857645,8
base_h7_tp1092,20240822,202408,2024Q3,771257.84,0.004368022122359427,0.87028,8
base_h7_tp1092,20240823,202408,2024Q3,770293.38,-0.0012505026853275591,0.876626,8
base_h7_tp1092,20240826,202408,2024Q3,745925.21,-0.03163492071034035,0.881667,8
base_h7_tp1092,20240827,202408,2024Q3,760839.56,0.0199944308089548,0.868299,8
base_h7_tp1092,20240828,202408,2024Q3,761888.16,0.0013782143504734723,0.750235,7
base_h7_tp1092,20240829,202408,2024Q3,766425.09,0.0059548503811897024,0.862744,8
base_h7_tp1092,20240830,202408,2024Q3,782052.1,0.02038948124728024,0.859857,8
base_h7_tp1092,20240902,202409,2024Q3,807361.98,0.032363419265800886,0.85412,8
base_h7_tp1092,20240903,202409,2024Q3,797179.15,-0.012612471545910497,0.859942,8
base_h7_tp1092,20240904,202409,2024Q3,808680.0,0.014426932766618439,0.865067,8
base_h7_tp1092,20240905,202409,2024Q3,809727.39,0.0012951847455111576,0.865621,8
base_h7_tp1092,20240906,202409,2024Q3,812390.37,0.003288736472160103,0.86993,8
base_h7_tp1092,20240909,202409,2024Q3,804085.38,-0.010222905522624504,0.879889,8
base_h7_tp1092,20240910,202409,2024Q3,836300.25,0.040063991711924984,0.857309,8
base_h7_tp1092,20240911,202409,2024Q3,815978.89,-0.024299119843620764,0.865442,8
base_h7_tp1092,20240912,202409,2024Q3,807658.71,-0.01019656280568737,0.867608,8
base_h7_tp1092,20240913,202409,2024Q3,798315.89,-0.011567782139067062,0.866123,8
base_h7_tp1092,20240918,202409,2024Q3,780918.44,-0.021792689107065222,0.86576,8
base_h7_tp1092,20240919,202409,2024Q3,778084.44,-0.0036290601615195373,0.858134,8
base_h7_tp1092,20240920,202409,2024Q3,811899.95,0.04345994889706306,0.880737,8
base_h7_tp1092,20240923,202409,2024Q3,831356.95,0.02396477546278941,0.887329,8
base_h7_tp1092,20240924,202409,2024Q3,818194.18,-0.015832874194411817,0.886308,8
base_h7_tp1092,20240925,202409,2024Q3,833548.53,0.018766144242189586,0.889472,8
base_h7_tp1092,20240926,202409,2024Q3,863886.05,0.03639562533929497,0.903587,8
base_h7_tp1092,20240927,202409,2024Q3,881053.59,0.019872458873482213,0.865872,8
base_h7_tp1092,20240930,202409,2024Q3,930776.52,0.05643576118905558,0.836322,8
base_h7_tp1092,20241008,202410,2024Q4,1039398.49,0.11670037615474005,0.837361,8
base_h7_tp1092,20241009,202410,2024Q4,1109763.14,0.06769747183296371,0.838829,8
base_h7_tp1092,20241010,202410,2024Q4,997515.22,-0.10114583549783418,0.861242,8
base_h7_tp1092,20241011,202410,2024Q4,1024767.37,0.02732003427476526,0.84196,8
base_h7_tp1092,20241014,202410,2024Q4,988500.98,-0.0353898758505552,0.827962,8
base_h7_tp1092,20241015,202410,2024Q4,1015910.06,0.027727923952083566,0.841371,8
base_h7_tp1092,20241016,202410,2024Q4,1023888.61,0.007853598772316506,0.860159,8
base_h7_tp1092,20241017,202410,2024Q4,1049467.04,0.02498165303352673,0.830898,8
base_h7_tp1092,20241018,202410,2024Q4,1048376.64,-0.00103900356889719,0.836678,8
base_h7_tp1092,20241021,202410,2024Q4,1073540.76,0.024002938485924386,0.854719,8
base_h7_tp1092,20241022,202410,2024Q4,1113434.06,0.037160489369774785,0.866869,8
base_h7_tp1092,20241023,202410,2024Q4,1168798.53,0.04972406718005362,0.833984,8
base_h7_tp1092,20241024,202410,2024Q4,1173874.96,0.00434328917234339,0.841703,8
base_h7_tp1092,20241025,202410,2024Q4,1199357.04,0.021707661265728095,0.851816,8
base_h7_tp1092,20241028,202410,2024Q4,1240595.24,0.03438358939386377,0.864323,8
base_h7_tp1092,20241029,202410,2024Q4,1310622.51,0.05644650869368162,0.835089,8
base_h7_tp1092,20241030,202410,2024Q4,1283884.99,-0.020400626264232224,0.846489,8
base_h7_tp1092,20241031,202410,2024Q4,1271218.62,-0.00986565782656268,0.84831,8
base_h7_tp1092,20241101,202411,2024Q4,1266281.0,-0.0038841627414174518,0.857866,8
base_h7_tp1092,20241104,202411,2024Q4,1231647.68,-0.02735042222066042,0.866132,8
base_h7_tp1092,20241105,202411,2024Q4,1252690.64,0.01708521060178514,0.873315,8
base_h7_tp1092,20241106,202411,2024Q4,1282058.23,0.02344360934955181,0.878252,8
base_h7_tp1092,20241107,202411,2024Q4,1296812.45,0.011508229232302547,0.878813,8
base_h7_tp1092,20241108,202411,2024Q4,1322736.3,0.01999043886415497,0.890974,8
base_h7_tp1092,20241111,202411,2024Q4,1339697.26,0.012822631389189265,0.870598,8
base_h7_tp1092,20241112,202411,2024Q4,1387149.07,0.03541980073916107,0.876227,8
base_h7_tp1092,20241113,202411,2024Q4,1400597.04,0.009694682634217466,0.877112,8
base_h7_tp1092,20241114,202411,2024Q4,1405970.77,0.0038367423652416743,0.871532,8
base_h7_tp1092,20241115,202411,2024Q4,1398738.27,-0.005144132548360214,0.8676,8
base_h7_tp1092,20241118,202411,2024Q4,1369269.13,-0.02106837328473188,0.867277,8
base_h7_tp1092,20241119,202411,2024Q4,1326642.79,-0.031130724461742476,0.866618,8
base_h7_tp1092,20241120,202411,2024Q4,1328936.12,0.0017286718152669245,0.857482,8
base_h7_tp1092,20241121,202411,2024Q4,1373652.9,0.03364855490570884,0.861573,8
base_h7_tp1092,20241122,202411,2024Q4,1395408.6,0.01583784375223196,0.86545,8
base_h7_tp1092,20241125,202411,2024Q4,1369987.32,-0.018217803731466198,0.869707,8
base_h7_tp1092,20241126,202411,2024Q4,1391050.85,0.015374981718808911,0.876478,8
base_h7_tp1092,20241127,202411,2024Q4,1384447.47,-0.0047470442938877255,0.876926,8
base_h7_tp1092,20241128,202411,2024Q4,1399509.89,0.010879733847900974,0.877523,8
base_h7_tp1092,20241129,202411,2024Q4,1404319.22,0.003436438737849823,0.879301,8
base_h7_tp1092,20241202,202412,2024Q4,1425247.44,0.014902751241986145,0.769854,7
base_h7_tp1092,20241203,202412,2024Q4,1454179.8,0.02029988561144158,0.767895,7
base_h7_tp1092,20241204,202412,2024Q4,1459238.15,0.0034784900739233127,0.882122,8
base_h7_tp1092,20241205,202412,2024Q4,1437542.51,-0.014867785631837993,0.881253,8
base_h7_tp1092,20241206,202412,2024Q4,1462553.83,0.017398664614099113,0.879639,8
base_h7_tp1092,20241209,202412,2024Q4,1497920.79,0.024181646702193582,0.875708,8
base_h7_tp1092,20241210,202412,2024Q4,1516644.71,0.012499940000165077,0.879645,8
base_h7_tp1092,20241211,202412,2024Q4,1498865.23,-0.011722903777510285,0.878148,8
base_h7_tp1092,20241212,202412,2024Q4,1518390.27,0.013026548090651291,0.868715,8
base_h7_tp1092,20241213,202412,2024Q4,1547339.73,0.019065888771797823,0.862875,8
base_h7_tp1092,20241216,202412,2024Q4,1524734.75,-0.014608931420638904,0.866764,8
base_h7_tp1092,20241217,202412,2024Q4,1528462.85,0.002445081021469564,0.840025,8
base_h7_tp1092,20241218,202412,2024Q4,1461289.51,-0.04394829746761597,0.845388,8
base_h7_tp1092,20241219,202412,2024Q4,1464775.31,0.002385427375031224,0.746465,7
base_h7_tp1092,20241220,202412,2024Q4,1468770.36,0.0027274148961453637,0.868027,8
base_h7_tp1092,20241223,202412,2024Q4,1498629.77,0.020329529253299894,0.874782,8
base_h7_tp1092,20241224,202412,2024Q4,1393891.16,-0.06988958320239436,0.867634,8
base_h7_tp1092,20241225,202412,2024Q4,1379197.9,-0.01054118170890761,0.87248,8
base_h7_tp1092,20241226,202412,2024Q4,1335834.62,-0.031440941144124324,0.878065,8
base_h7_tp1092,20241227,202412,2024Q4,1358213.31,0.01675259022707465,0.875985,8
base_h7_tp1092,20241230,202412,2024Q4,1371138.87,0.0095165905862018,0.874359,8
base_h7_tp1092,20241231,202412,2024Q4,1336843.6,-0.025012251311933187,0.877838,8
base_h7_tp1092,20250102,202501,2025Q1,1302746.32,-0.025505810851770616,0.873984,8
base_h7_tp1092,20250103,202501,2025Q1,1290761.42,-0.009199718944514212,0.869976,8
base_h7_tp1092,20250106,202501,2025Q1,1222880.8,-0.05258959475252978,0.753155,7
base_h7_tp1092,20250107,202501,2025Q1,1212572.96,-0.008429145342702338,0.869398,8
base_h7_tp1092,20250108,202501,2025Q1,1274759.38,0.05128468310888268,0.866219,8
base_h7_tp1092,20250109,202501,2025Q1,1266512.49,-0.006469369929248847,0.861926,8
base_h7_tp1092,20250110,202501,2025Q1,1288019.1,0.01698096952837802,0.867428,8
base_h7_tp1092,20250113,202501,2025Q1,1234090.72,-0.04186923936143505,0.870972,8
base_h7_tp1092,20250114,202501,2025Q1,1236805.74,0.002200016543354222,0.873028,8
base_h7_tp1092,20250115,202501,2025Q1,1314790.3,0.06305320025439087,0.878894,8
base_h7_tp1092,20250116,202501,2025Q1,1314918.33,9.73767451737384e-05,0.880577,8
base_h7_tp1092,20250117,202501,2025Q1,1324471.7,0.007265371378616159,0.87919,8
base_h7_tp1092,20250120,202501,2025Q1,1303288.35,-0.015993810966289268,0.882069,8
base_h7_tp1092,20250121,202501,2025Q1,1283571.03,-0.015128900676508072,0.874326,8
base_h7_tp1092,20250122,202501,2025Q1,1257950.22,-0.0199605704718967,0.878237,8
base_h7_tp1092,20250123,202501,2025Q1,1252523.47,-0.004313962439626562,0.890869,8
base_h7_tp1092,20250124,202501,2025Q1,1226614.75,-0.020685217180002158,0.885982,8
base_h7_tp1092,20250127,202501,2025Q1,1214529.55,-0.009852482207636903,0.884253,8
base_h7_tp1092,20250205,202502,2025Q1,1242330.84,0.022890583436195655,0.877578,8
base_h7_tp1092,20250206,202502,2025Q1,1279059.89,0.02956462869423726,0.895683,8
base_h7_tp1092,20250207,202502,2025Q1,1290376.54,0.008847631051897231,0.879384,8
base_h7_tp1092,20250210,202502,2025Q1,1309591.43,0.014890917034185991,0.872282,8
base_h7_tp1092,20250211,202502,2025Q1,1369639.01,0.04585214794815817,0.872196,8
base_h7_tp1092,20250212,202502,2025Q1,1353706.09,-0.011632933848751859,0.885387,8
base_h7_tp1092,20250213,202502,2025Q1,1363617.64,0.007321788734805601,0.882449,8
base_h7_tp1092,20250214,202502,2025Q1,1345002.44,-0.013651334108584878,0.881897,8
base_h7_tp1092,20250217,202502,2025Q1,1329905.87,-0.011224195251273938,0.87666,8
base_h7_tp1092,20250218,202502,2025Q1,1379921.33,0.03760827072670936,0.763944,7
base_h7_tp1092,20250219,202502,2025Q1,1362638.09,-0.012524800960935889,0.646865,6
base_h7_tp1092,20250220,202502,2025Q1,1378131.54,0.011370187075865346,0.649088,6
base_h7_tp1092,20250221,202502,2025Q1,1384021.83,0.004274113050195538,0.545287,5
base_h7_tp1092,20250224,202502,2025Q1,1375767.75,-0.005963836567520087,0.542004,5
base_h7_tp1092,20250225,202502,2025Q1,1383620.74,0.005708078271205341,0.651555,6
base_h7_tp1092,20250226,202502,2025Q1,1384427.63,0.0005831728136713732,0.763196,7
base_h7_tp1092,20250227,202502,2025Q1,1393829.38,0.006791073651137625,0.767725,7
base_h7_tp1092,20250228,202502,2025Q1,1393867.97,2.7686315523078875e-05,0.764326,7
base_h7_tp1092,20250303,202503,2025Q1,1357829.8,-0.025854794554178606,0.75951,7
base_h7_tp1092,20250304,202503,2025Q1,1361962.81,0.003043835096269154,0.870464,8
base_h7_tp1092,20250305,202503,2025Q1,1369435.3,0.005486559504513933,0.863852,8
base_h7_tp1092,20250306,202503,2025Q1,1354477.95,-0.01092227577308702,0.751634,7
base_h7_tp1092,20250307,202503,2025Q1,1380688.65,0.019351145583432983,0.751424,7
base_h7_tp1092,20250310,202503,2025Q1,1405796.33,0.018184896355887492,0.861359,8
base_h7_tp1092,20250311,202503,2025Q1,1431543.8,0.01831522066927005,0.863007,8
base_h7_tp1092,20250312,202503,2025Q1,1437216.97,0.003962973399765923,0.876139,8
base_h7_tp1092,20250313,202503,2025Q1,1461006.77,0.01655268515233299,0.775955,7
base_h7_tp1092,20250314,202503,2025Q1,1430806.45,-0.02067089668585187,0.880445,8
base_h7_tp1092,20250317,202503,2025Q1,1458538.44,0.019382069461596263,0.881597,8
base_h7_tp1092,20250318,202503,2025Q1,1471078.31,0.008597558800027327,0.861885,8
base_h7_tp1092,20250319,202503,2025Q1,1482311.97,0.007636343982258875,0.863616,8
base_h7_tp1092,20250320,202503,2025Q1,1473353.12,-0.00604383569809519,0.859937,8
base_h7_tp1092,20250321,202503,2025Q1,1501214.18,0.018909967761156832,0.871053,8
base_h7_tp1092,20250324,202503,2025Q1,1458161.24,-0.02867874589354058,0.874822,8
base_h7_tp1092,20250325,202503,2025Q1,1399826.44,-0.04000572666435709,0.885395,8
base_h7_tp1092,20250326,202503,2025Q1,1410935.15,0.007935776666712968,0.884782,8
base_h7_tp1092,20250327,202503,2025Q1,1454893.98,0.031155811803256883,0.886075,8
base_h7_tp1092,20250328,202503,2025Q1,1433814.37,-0.014488760205056184,0.889286,8
base_h7_tp1092,20250331,202503,2025Q1,1371157.61,-0.043699352796973345,0.886918,8
base_h7_tp1092,20250401,202504,2025Q2,1369190.67,-0.0014345105082413934,0.89766,8
base_h7_tp1092,20250402,202504,2025Q2,1393048.03,0.017424424897666047,0.886992,8
base_h7_tp1092,20250403,202504,2025Q2,1396716.72,0.002633570358661519,0.862604,8
base_h7_tp1092,20250407,202504,2025Q2,1386101.2,-0.007600338599798584,0.864316,8
base_h7_tp1092,20250408,202504,2025Q2,1207862.56,-0.12858991825416488,0.857564,8
base_h7_tp1092,20250409,202504,2025Q2,1220568.12,0.010519044484663898,0.862471,8
base_h7_tp1092,20250410,202504,2025Q2,1273422.35,0.04330297435590902,0.865054,8
base_h7_tp1092,20250411,202504,2025Q2,1324641.84,0.04022191851745016,0.869969,8
base_h7_tp1092,20250414,202504,2025Q2,1366650.74,0.031713402620590525,0.880167,8
base_h7_tp1092,20250415,202504,2025Q2,1394732.95,0.020548197998268458,0.895393,8
base_h7_tp1092,20250416,202504,2025Q2,1401753.51,0.0050336231032614975,0.894534,8
base_h7_tp1092,20250417,202504,2025Q2,1374736.34,-0.01927383795172366,0.889925,8
base_h7_tp1092,20250418,202504,2025Q2,1385750.84,0.008012081793080439,0.871336,8
base_h7_tp1092,20250421,202504,2025Q2,1385375.29,-0.0002710083148858011,0.876583,8
base_h7_tp1092,20250422,202504,2025Q2,1394059.54,0.006268518041779192,0.875825,8
base_h7_tp1092,20250423,202504,2025Q2,1386168.81,-0.005660253219887612,0.879561,8
base_h7_tp1092,20250424,202504,2025Q2,1390118.62,0.002849443712414912,0.876667,8
base_h7_tp1092,20250425,202504,2025Q2,1372253.8,-0.012851291784006236,0.878426,8
base_h7_tp1092,20250428,202504,2025Q2,1371089.11,-0.0008487424119356657,0.98777,9
base_h7_tp1092,20250429,202504,2025Q2,1351055.38,-0.014611544832414447,0.905433,9
base_h7_tp1092,20250430,202504,2025Q2,1380206.76,0.02157674691321687,0.881818,9
base_h7_tp1092,20250506,202505,2025Q2,1417141.62,0.02676038190104224,0.878444,9
base_h7_tp1092,20250507,202505,2025Q2,1466217.05,0.0346298699490597,0.87208,9
base_h7_tp1092,20250508,202505,2025Q2,1498378.94,0.02193528577504944,0.867405,9
base_h7_tp1092,20250509,202505,2025Q2,1539693.35,0.027572738041820255,0.89162,9
base_h7_tp1092,20250512,202505,2025Q2,1538602.5,-0.0007084852318158807,0.8862,9
base_h7_tp1092,20250513,202505,2025Q2,1590747.96,0.033891443696471235,0.884767,9
base_h7_tp1092,20250514,202505,2025Q2,1570775.14,-0.012555615661452801,0.889897,9
base_h7_tp1092,20250515,202505,2025Q2,1598172.62,0.017442012737736823,0.987132,9
base_h7_tp1092,20250516,202505,2025Q2,1637826.02,0.02481171276729799,0.890231,9
base_h7_tp1092,20250519,202505,2025Q2,1646408.14,0.005239946059716338,0.903161,9
base_h7_tp1092,20250520,202505,2025Q2,1688526.4,0.025581907047665498,0.884582,9
base_h7_tp1092,20250521,202505,2025Q2,1725326.68,0.02179431722240177,0.758529,8
base_h7_tp1092,20250522,202505,2025Q2,1736244.17,0.006327781356745721,0.767235,8
base_h7_tp1092,20250523,202505,2025Q2,1728680.71,-0.00435621909100492,0.760713,8
base_h7_tp1092,20250526,202505,2025Q2,1689517.22,-0.022655132190374183,0.636474,7
base_h7_tp1092,20250527,202505,2025Q2,1685901.26,-0.0021402326991375453,0.642906,7
base_h7_tp1092,20250528,202505,2025Q2,1703115.73,0.01021084117346227,0.7589,8
base_h7_tp1092,20250529,202505,2025Q2,1733839.17,0.018039549197282012,0.858204,8
base_h7_tp1092,20250530,202505,2025Q2,1742841.27,0.0051920040542168255,0.859132,8
base_h7_tp1092,20250603,202506,2025Q2,1730691.27,-0.006971374966350252,0.865752,8
base_h7_tp1092,20250604,202506,2025Q2,1717654.1,-0.007532926424248965,0.885919,8
base_h7_tp1092,20250605,202506,2025Q2,1777332.64,0.034744213051975725,0.787558,7
base_h7_tp1092,20250606,202506,2025Q2,1766435.56,-0.006131142676814805,0.77009,7
base_h7_tp1092,20250609,202506,2025Q2,1794938.42,0.01613580514649504,0.771526,7
base_h7_tp1092,20250610,202506,2025Q2,1819926.68,0.013921513808813568,0.771576,7
base_h7_tp1092,20250611,202506,2025Q2,1823085.9,0.001735905097011825,0.659679,6
base_h7_tp1092,20250612,202506,2025Q2,1827995.11,0.00269280235231939,0.55415,5
base_h7_tp1092,20250613,202506,2025Q2,1824836.98,-0.0017276468534973555,0.664784,6
base_h7_tp1092,20250616,202506,2025Q2,1790455.39,-0.01884091038093716,0.662569,6
base_h7_tp1092,20250617,202506,2025Q2,1804861.17,0.008045874854218038,0.767962,7
base_h7_tp1092,20250618,202506,2025Q2,1810859.6,0.003323485539887816,0.773301,7
base_h7_tp1092,20250619,202506,2025Q2,1803925.37,-0.0038292477230150723,0.752227,7
base_h7_tp1092,20250620,202506,2025Q2,1766158.39,-0.020935999142802753,0.746929,7
base_h7_tp1092,20250623,202506,2025Q2,1728973.59,-0.02105405733174348,0.754547,7
base_h7_tp1092,20250624,202506,2025Q2,1749609.44,0.01193531822542182,0.655626,6
base_h7_tp1092,20250625,202506,2025Q2,1769191.63,0.011192320727304583,0.657198,6
base_h7_tp1092,20250626,202506,2025Q2,1756991.07,-0.006896121252845777,0.768819,7
base_h7_tp1092,20250627,202506,2025Q2,1750523.15,-0.003681248078284294,0.761945,7
base_h7_tp1092,20250630,202506,2025Q2,1759164.87,0.004936649938048543,0.658665,6
base_h7_tp1092,20250701,202507,2025Q3,1784885.0,0.014620647807729314,0.871281,8
base_h7_tp1092,20250702,202507,2025Q3,1806050.14,0.011857985248349356,0.86353,8
base_h7_tp1092,20250703,202507,2025Q3,1816827.67,0.005967458910083101,0.872803,8
base_h7_tp1092,20250704,202507,2025Q3,1818395.23,0.0008628005979236519,0.867638,8
base_h7_tp1092,20250707,202507,2025Q3,1786829.36,-0.017359190938924685,0.865679,8
base_h7_tp1092,20250708,202507,2025Q3,1820322.34,0.01874436403932833,0.862349,8
base_h7_tp1092,20250709,202507,2025Q3,1845251.12,0.013694706400186218,0.864937,8
base_h7_tp1092,20250710,202507,2025Q3,1849436.83,0.0022683687627296223,0.864605,8
base_h7_tp1092,20250711,202507,2025Q3,1858576.21,0.0049417097419866,0.863795,8
base_h7_tp1092,20250714,202507,2025Q3,1858213.11,-0.00019536460116420518,0.86816,8
base_h7_tp1092,20250715,202507,2025Q3,1860926.09,0.0014599940046704507,0.867577,8
base_h7_tp1092,20250716,202507,2025Q3,1836478.96,-0.013137077357005644,0.869675,8
base_h7_tp1092,20250717,202507,2025Q3,1861997.52,0.013895372915135429,0.872213,8
base_h7_tp1092,20250718,202507,2025Q3,1878224.91,0.008715043830992864,0.87965,8
base_h7_tp1092,20250721,202507,2025Q3,1885196.26,0.0037116694400565198,0.886339,8
base_h7_tp1092,20250722,202507,2025Q3,1905292.04,0.010659781385307987,0.873215,8
base_h7_tp1092,20250723,202507,2025Q3,1915748.34,0.005488030065984084,0.867902,8
base_h7_tp1092,20250724,202507,2025Q3,1897426.91,-0.009563589129875094,0.862869,8
base_h7_tp1092,20250725,202507,2025Q3,1908982.8,0.006090295198775353,0.865064,8
base_h7_tp1092,20250728,202507,2025Q3,1919430.62,0.005472977545947444,0.752104,7
base_h7_tp1092,20250729,202507,2025Q3,1927895.64,0.004410172429154979,0.868236,8
base_h7_tp1092,20250730,202507,2025Q3,1930114.06,0.0011506950656312576,0.871958,8
base_h7_tp1092,20250731,202507,2025Q3,1913239.93,-0.008742555867397916,0.873558,8
base_h7_tp1092,20250801,202508,2025Q3,1903654.13,-0.005010244585476609,0.870879,8
base_h7_tp1092,20250804,202508,2025Q3,1938669.61,0.01839382451264937,0.879023,8
base_h7_tp1092,20250805,202508,2025Q3,1964365.13,0.013254202710692775,0.877264,8
base_h7_tp1092,20250806,202508,2025Q3,2048484.2,0.04282252251138252,0.854512,8
base_h7_tp1092,20250807,202508,2025Q3,2046568.05,-0.0009353989647564731,0.858847,8
base_h7_tp1092,20250808,202508,2025Q3,2054902.21,0.004072261364580498,0.867167,8
base_h7_tp1092,20250811,202508,2025Q3,2080220.77,0.012321053467551746,0.854302,8
base_h7_tp1092,20250812,202508,2025Q3,2106371.89,0.012571319533551284,0.859661,8
base_h7_tp1092,20250813,202508,2025Q3,2113166.26,0.003225626980807972,0.751277,7
base_h7_tp1092,20250814,202508,2025Q3,2090218.28,-0.010859524134177567,0.86249,8
base_h7_tp1092,20250815,202508,2025Q3,2054425.33,-0.01712402496068499,0.864385,8
base_h7_tp1092,20250818,202508,2025Q3,2102378.73,0.02334151516716343,0.869657,8
base_h7_tp1092,20250819,202508,2025Q3,2108238.19,0.0027870620627901133,0.872516,8
base_h7_tp1092,20250820,202508,2025Q3,2129758.18,0.010207570521241882,0.87531,8
base_h7_tp1092,20250821,202508,2025Q3,2153064.25,0.010943059272578992,0.880182,8
base_h7_tp1092,20250822,202508,2025Q3,2166390.92,0.00618962950130264,0.877389,8
base_h7_tp1092,20250825,202508,2025Q3,2140574.16,-0.01191694433431234,0.866757,8
base_h7_tp1092,20250826,202508,2025Q3,2122886.76,-0.008262923252329801,0.863222,8
base_h7_tp1092,20250827,202508,2025Q3,2148398.93,0.01201767822980826,0.8688,8
base_h7_tp1092,20250828,202508,2025Q3,2082146.63,-0.03083798780331748,0.873644,8
base_h7_tp1092,20250829,202508,2025Q3,2067061.55,-0.0072449652597232905,0.880179,8
base_h7_tp1092,20250901,202509,2025Q3,2055503.69,-0.005591444531489742,0.876561,8
base_h7_tp1092,20250902,202509,2025Q3,2105837.5,0.024487336240199165,0.880776,8
base_h7_tp1092,20250903,202509,2025Q3,2095767.12,-0.004782125876284349,0.879798,8
base_h7_tp1092,20250904,202509,2025Q3,2057551.72,-0.018234564153292054,0.885925,8
base_h7_tp1092,20250905,202509,2025Q3,2063570.05,0.0029249957323065345,0.885521,8
base_h7_tp1092,20250908,202509,2025Q3,2083475.64,0.009646190590913095,0.875215,8
base_h7_tp1092,20250909,202509,2025Q3,2124867.21,0.01986659656841483,0.875671,8
base_h7_tp1092,20250910,202509,2025Q3,2142163.34,0.008139863949427673,0.877146,8
base_h7_tp1092,20250911,202509,2025Q3,2159258.02,0.007980101087903035,0.880087,8
base_h7_tp1092,20250912,202509,2025Q3,2170629.13,0.00526621177028197,0.880171,8
base_h7_tp1092,20250915,202509,2025Q3,2168713.5,-0.0008825229393285561,0.879165,8
base_h7_tp1092,20250916,202509,2025Q3,2172354.61,0.0016789262389891313,0.880614,8
base_h7_tp1092,20250917,202509,2025Q3,2215398.82,0.01981454123643278,0.884528,8
base_h7_tp1092,20250918,202509,2025Q3,2239843.95,0.01103418932036826,0.838076,8
base_h7_tp1092,20250919,202509,2025Q3,2187954.67,-0.02316647103919911,0.841574,8
base_h7_tp1092,20250922,202509,2025Q3,2177498.04,-0.0047791803657430965,0.845388,8
base_h7_tp1092,20250923,202509,2025Q3,2161167.79,-0.007499547508203475,0.85188,8
base_h7_tp1092,20250924,202509,2025Q3,2109819.56,-0.023759483293057992,0.861978,8
base_h7_tp1092,20250925,202509,2025Q3,2155730.93,0.02176080403766867,0.865882,8
base_h7_tp1092,20250926,202509,2025Q3,2138024.47,-0.008213668855231337,0.867168,8
base_h7_tp1092,20250929,202509,2025Q3,2164075.23,0.012184500395357789,0.870374,8
base_h7_tp1092,20250930,202509,2025Q3,2191670.53,0.012751543762182349,0.873838,8
base_h7_tp1092,20251009,202510,2025Q4,2203656.44,0.0054688466336225705,0.872266,8
base_h7_tp1092,20251010,202510,2025Q4,2183980.61,-0.008928719396931073,0.871835,8
base_h7_tp1092,20251013,202510,2025Q4,2196567.56,0.005763306662324386,0.878346,8
base_h7_tp1092,20251014,202510,2025Q4,2223803.43,0.01239928627553799,0.879631,8
base_h7_tp1092,20251015,202510,2025Q4,2192524.87,-0.01406534389597558,0.88183,8
base_h7_tp1092,20251016,202510,2025Q4,2213629.85,0.009625879409066895,0.88346,8
base_h7_tp1092,20251017,202510,2025Q4,2187263.09,-0.011911097060784637,0.871667,8
base_h7_tp1092,20251020,202510,2025Q4,2168958.1,-0.008368901794982397,0.873741,8
base_h7_tp1092,20251021,202510,2025Q4,2213429.77,0.020503701754312376,0.8729,8
base_h7_tp1092,20251022,202510,2025Q4,2261545.24,0.021737970028296916,0.874712,8
base_h7_tp1092,20251023,202510,2025Q4,2278542.77,0.007515892098625354,0.878509,8
base_h7_tp1092,20251024,202510,2025Q4,2294887.35,0.007173260127129488,0.877813,8
base_h7_tp1092,20251027,202510,2025Q4,2310666.45,0.006875762333170776,0.867926,8
base_h7_tp1092,20251028,202510,2025Q4,2316458.37,0.0025066015045138723,0.868625,8
base_h7_tp1092,20251029,202510,2025Q4,2374601.74,0.02510011436121773,0.874852,8
base_h7_tp1092,20251030,202510,2025Q4,2300039.38,-0.03139994330165041,0.887582,8
base_h7_tp1092,20251031,202510,2025Q4,2310721.5,0.004644320481156372,0.885885,8
base_h7_tp1092,20251103,202511,2025Q4,2362483.3,0.02240070904260838,0.891691,8
base_h7_tp1092,20251104,202511,2025Q4,2377849.23,0.006504143330875678,0.893534,8
base_h7_tp1092,20251105,202511,2025Q4,2382082.85,0.001780440890274626,0.896348,8
base_h7_tp1092,20251106,202511,2025Q4,2427474.34,0.019055378363519004,0.895644,8
base_h7_tp1092,20251107,202511,2025Q4,2407539.95,-0.00821198793804745,0.754847,7
base_h7_tp1092,20251110,202511,2025Q4,2408377.11,0.0003477242402560865,0.764178,7
base_h7_tp1092,20251111,202511,2025Q4,2418056.0,0.00401884321180912,0.866323,8
base_h7_tp1092,20251112,202511,2025Q4,2468425.07,0.020830398468852707,0.768396,7
base_h7_tp1092,20251113,202511,2025Q4,2485418.71,0.006884405853162079,0.757738,7
base_h7_tp1092,20251114,202511,2025Q4,2488382.45,0.001192450989475402,0.757087,7
base_h7_tp1092,20251117,202511,2025Q4,2542179.47,0.021619273194922295,0.75806,7
base_h7_tp1092,20251118,202511,2025Q4,2558384.25,0.0063743650640053495,0.754511,7
base_h7_tp1092,20251119,202511,2025Q4,2592937.96,0.013506067354815743,0.865572,8
base_h7_tp1092,20251120,202511,2025Q4,2561089.95,-0.012282596225325682,0.850687,8
base_h7_tp1092,20251121,202511,2025Q4,2530739.98,-0.011850411579648057,0.861047,8
base_h7_tp1092,20251124,202511,2025Q4,2413518.32,-0.04631912441672503,0.863584,8
base_h7_tp1092,20251125,202511,2025Q4,2434090.24,0.008523622890917348,0.858427,8
base_h7_tp1092,20251126,202511,2025Q4,2479233.65,0.018546317329631856,0.855297,8
base_h7_tp1092,20251127,202511,2025Q4,2443518.07,-0.014405895144251613,0.859085,8
base_h7_tp1092,20251128,202511,2025Q4,2463571.76,0.00820689244995032,0.868004,8
base_h7_tp1092,20251201,202512,2025Q4,2515463.78,0.0210637339015447,0.873138,8
base_h7_tp1092,20251202,202512,2025Q4,2542744.01,0.010845010060132942,0.875372,8
base_h7_tp1092,20251203,202512,2025Q4,2551114.93,0.0032920812976373615,0.876918,8
base_h7_tp1092,20251204,202512,2025Q4,2510685.2,-0.015847866955958745,0.867746,8
base_h7_tp1092,20251205,202512,2025Q4,2456326.8,-0.021650822651919976,0.869297,8
base_h7_tp1092,20251208,202512,2025Q4,2516219.76,0.02438313989816021,0.873386,8
base_h7_tp1092,20251209,202512,2025Q4,2548017.23,0.012637000354849937,0.764688,7
base_h7_tp1092,20251210,202512,2025Q4,2524961.75,-0.009048400351672647,0.768719,7
base_h7_tp1092,20251211,202512,2025Q4,2499593.73,-0.010046892789564055,0.746769,7
base_h7_tp1092,20251212,202512,2025Q4,2435365.79,-0.025695351700214086,0.74218,7
base_h7_tp1092,20251215,202512,2025Q4,2374047.5,-0.02517826695758918,0.855467,8
base_h7_tp1092,20251216,202512,2025Q4,2400172.83,0.011004552352048558,0.846185,8
base_h7_tp1092,20251217,202512,2025Q4,2330471.36,-0.02904018791013485,0.847827,8
base_h7_tp1092,20251218,202512,2025Q4,2335706.4,0.0022463438469375596,0.860859,8
base_h7_tp1092,20251219,202512,2025Q4,2347469.73,0.005036305076699721,0.858617,8
base_h7_tp1092,20251222,202512,2025Q4,2387333.25,0.01698148414463252,0.859582,8
base_h7_tp1092,20251223,202512,2025Q4,2390057.68,0.0011412022179979608,0.881842,8
base_h7_tp1092,20251224,202512,2025Q4,2383798.48,-0.00261884893087605,0.880044,8
base_h7_tp1092,20251225,202512,2025Q4,2413828.36,0.012597491042950937,0.877748,8
base_h7_tp1092,20251226,202512,2025Q4,2433989.43,0.008352321289323283,0.873293,8
base_h7_tp1092,20251229,202512,2025Q4,2392971.58,-0.016852106872132233,0.870509,8
base_h7_tp1092,20251230,202512,2025Q4,2408703.33,0.006574148281359937,0.867918,8
base_h7_tp1092,20251231,202512,2025Q4,2400859.15,-0.0032565986447157247,0.866514,8
base_h7_tp1092,20260105,202601,2026Q1,2417099.11,0.0067642285471014585,0.863182,8
base_h7_tp1092,20260106,202601,2026Q1,2489548.53,0.029973706787720378,0.863927,8
base_h7_tp1092,20260107,202601,2026Q1,2495794.73,0.0025089689655497516,0.878526,8
base_h7_tp1092,20260108,202601,2026Q1,2483896.43,-0.004767339179372221,0.854985,8
base_h7_tp1092,20260109,202601,2026Q1,2564795.83,0.032569554439916715,0.859957,8
base_h7_tp1092,20260112,202601,2026Q1,2652445.72,0.03417421729042669,0.843535,8
base_h7_tp1092,20260113,202601,2026Q1,2691694.21,0.01479709450944,0.849759,8
base_h7_tp1092,20260114,202601,2026Q1,2689042.49,-0.000985149052276535,0.858426,8
base_h7_tp1092,20260115,202601,2026Q1,2694797.87,0.0021403083147264468,0.86638,8
base_h7_tp1092,20260116,202601,2026Q1,2714887.25,0.007454874528307398,0.866912,8
base_h7_tp1092,20260119,202601,2026Q1,2709881.08,-0.0018439697633851893,0.86882,8
base_h7_tp1092,20260120,202601,2026Q1,2788396.9,0.028973898736545323,0.86409,8
base_h7_tp1092,20260121,202601,2026Q1,2785485.47,-0.0010441232379794219,0.868275,8
base_h7_tp1092,20260122,202601,2026Q1,2822039.58,0.01312306612031966,0.864943,8
base_h7_tp1092,20260123,202601,2026Q1,2882855.64,0.021550392287552622,0.874197,8
base_h7_tp1092,20260126,202601,2026Q1,2874972.27,-0.0027345698100929017,0.875789,8
base_h7_tp1092,20260127,202601,2026Q1,2864979.99,-0.0034756091751798612,0.872238,8
base_h7_tp1092,20260128,202601,2026Q1,2880360.58,0.005368480776021034,0.86941,8
base_h7_tp1092,20260129,202601,2026Q1,2831615.59,-0.016923224938733217,0.880965,8
base_h7_tp1092,20260130,202601,2026Q1,2810976.47,-0.007288814227781382,0.877445,8
base_h7_tp1092,20260202,202602,2026Q1,2857461.68,0.01653703276996832,0.870339,8
base_h7_tp1092,20260203,202602,2026Q1,2859388.44,0.0006742907572430124,0.869837,8
base_h7_tp1092,20260204,202602,2026Q1,2920203.49,0.021268551396955493,0.872108,8
base_h7_tp1092,20260205,202602,2026Q1,2894004.71,-0.008971559718257915,0.873408,8
base_h7_tp1092,20260206,202602,2026Q1,2871563.72,-0.007754303205677826,0.877243,8
base_h7_tp1092,20260209,202602,2026Q1,2902064.59,0.010621693604625948,0.875249,8
base_h7_tp1092,20260210,202602,2026Q1,2936331.79,0.011807869514027569,0.873988,8
base_h7_tp1092,20260211,202602,2026Q1,2954551.46,0.0062049084718727165,0.762445,7
base_h7_tp1092,20260212,202602,2026Q1,2929566.53,-0.008456420657503183,0.868206,8
base_h7_tp1092,20260213,202602,2026Q1,2913707.3,-0.005413507369638082,0.873312,8
base_h7_tp1092,20260224,202602,2026Q1,2912848.94,-0.0002945937637592877,0.874139,8
base_h7_tp1092,20260225,202602,2026Q1,2989281.3,0.0262397266643013,0.872413,8
base_h7_tp1092,20260226,202602,2026Q1,3007078.0,0.005953504609954363,0.877373,8
base_h7_tp1092,20260227,202602,2026Q1,2994176.08,-0.004290517239659231,0.87707,8
base_h7_tp1092,20260302,202603,2026Q1,3011507.37,0.005788333597267936,0.879896,8
base_h7_tp1092,20260303,202603,2026Q1,2924748.33,-0.02880917405823913,0.867422,8
base_h7_tp1092,20260304,202603,2026Q1,2809065.3,-0.039553157040353004,0.855207,8
base_h7_tp1092,20260305,202603,2026Q1,2785376.41,-0.008433015067324967,0.859987,8
base_h7_tp1092,20260306,202603,2026Q1,2816269.57,0.011091197544822906,0.863145,8
base_h7_tp1092,20260309,202603,2026Q1,2954204.5,0.048977886019625716,0.868138,8
base_h7_tp1092,20260310,202603,2026Q1,2920254.68,-0.011492034488472247,0.865241,8
base_h7_tp1092,20260311,202603,2026Q1,3024402.59,0.035663981882566365,0.867433,8
base_h7_tp1092,20260312,202603,2026Q1,2987658.6,-0.012149172904920569,0.872265,8
base_h7_tp1092,20260313,202603,2026Q1,2938777.56,-0.016360985823480667,0.874509,8
base_h7_tp1092,20260316,202603,2026Q1,2946925.3,0.0027724929272971988,0.875563,8
base_h7_tp1092,20260317,202603,2026Q1,2954551.37,0.0025878056698622753,0.876607,8
base_h7_tp1092,20260318,202603,2026Q1,2897602.87,-0.019274838331885258,0.87825,8
base_h7_tp1092,20260319,202603,2026Q1,2939944.32,0.014612578707171142,0.774442,7
base_h7_tp1092,20260320,202603,2026Q1,2843048.74,-0.03295830446203807,0.884477,8
base_h7_tp1092,20260323,202603,2026Q1,2746934.77,-0.03380665573816377,0.871415,8
base_h7_tp1092,20260324,202603,2026Q1,2607869.49,-0.05062562151776173,0.874394,8
base_h7_tp1092,20260325,202603,2026Q1,2770301.71,0.062285409842345985,0.881393,8
base_h7_tp1092,20260326,202603,2026Q1,2858776.22,0.03193677774541026,0.884984,8
base_h7_tp1092,20260327,202603,2026Q1,2806282.38,-0.01836234666874359,0.850491,8
base_h7_tp1092,20260330,202603,2026Q1,2853296.06,0.01675301114922023,0.861631,8
base_h7_tp1092,20260331,202603,2026Q1,2897543.89,0.015507619633414516,0.863226,8
base_h7_tp1092,20260401,202604,2026Q2,2843910.43,-0.01850997328637527,0.863537,8
base_h7_tp1092,20260402,202604,2026Q2,2876099.37,0.011318549156978941,0.757633,7
base_h7_tp1092,20260403,202604,2026Q2,2798517.33,-0.026974742531235996,0.752528,7
base_h7_tp1092,20260407,202604,2026Q2,2687498.54,-0.039670574418061544,0.752489,7
base_h7_tp1092,20260408,202604,2026Q2,2787043.64,0.03704005733152882,0.862551,8
base_h7_tp1092,20260409,202604,2026Q2,2929615.28,0.05115515162869855,0.866416,8
base_h7_tp1092,20260410,202604,2026Q2,2832134.27,-0.03327433832881965,0.866864,8
base_h7_tp1092,20260413,202604,2026Q2,2837061.22,0.0017396597513719136,0.868091,8
base_h7_tp1092,20260414,202604,2026Q2,2820002.97,-0.00601264783422617,0.866437,8
base_h7_tp1092,20260415,202604,2026Q2,2807259.32,-0.0045190200633017374,0.864701,8
base_h7_tp1092,20260416,202604,2026Q2,2778886.99,-0.010106772038430578,0.864424,8
base_h7_tp1092,20260417,202604,2026Q2,2858827.02,0.02876692369559075,0.863777,8
base_h7_tp1092,20260420,202604,2026Q2,2809657.64,-0.017199144843677794,0.86596,8
base_h7_tp1092,20260421,202604,2026Q2,2825191.36,0.005528687829738477,0.870854,8
base_h7_tp1092,20260422,202604,2026Q2,2852845.47,0.009788402439401711,0.871574,8
base_h7_tp1092,20260423,202604,2026Q2,2823130.76,-0.010415814775975418,0.869278,8
base_h7_tp1092,20260424,202604,2026Q2,2836422.8,0.004708262255624263,0.874097,8
base_h7_tp1092,20260427,202604,2026Q2,2872580.8,0.012747746915586777,0.880704,8
base_h7_tp1092,20260428,202604,2026Q2,2943736.44,0.024770631343076666,0.863047,8
base_h7_tp1092,20260429,202604,2026Q2,2977346.23,0.01141739102159578,0.866011,8
base_h7_tp1092,20260430,202604,2026Q2,3092428.16,0.03865251842074158,0.866055,8
base_h7_tp1092,20260506,202605,2026Q2,3151106.81,0.018974943624882723,0.874094,8
base_h7_tp1092,20260507,202605,2026Q2,3190154.67,0.012391791949445174,0.878204,8
base_h7_tp1092,20260508,202605,2026Q2,3221073.65,0.009692000294142522,0.882267,8
base_h7_tp1092,20260511,202605,2026Q2,3298757.89,0.024117498834588913,0.876546,8
base_h7_tp1092,20260512,202605,2026Q2,3372203.01,0.022264477251466186,0.986139,9
base_h7_tp1092,20260513,202605,2026Q2,3373781.83,0.00046818652237679004,0.892069,9
base_h7_tp1092,20260514,202605,2026Q2,3389420.58,0.004635376793169721,0.891193,9
base_h7_tp1092,20260515,202605,2026Q2,3397988.99,0.0025279866566456644,0.887707,9
base_h7_tp1092,20260518,202605,2026Q2,3329478.34,-0.020162116534697905,0.857418,9
base_h7_tp1092,20260519,202605,2026Q2,3391905.39,0.01874979910516572,0.7616,8
base_h7_tp1092,20260520,202605,2026Q2,3386871.27,-0.0014841569622907613,0.761233,8
base_h7_tp1092,20260521,202605,2026Q2,3348999.53,-0.011181924844755109,0.650749,7
base_h7_tp1092,20260522,202605,2026Q2,3229455.32,-0.03569549918688697,0.652446,7
base_h7_tp1092,20260525,202605,2026Q2,3302080.16,0.022488262819502447,0.665227,7
base_h7_tp1092,20260526,202605,2026Q2,3237305.1,-0.019616440807421198,0.754702,7
base_h7_tp1092,20260527,202605,2026Q2,3195388.1,-0.012948115393881188,0.645252,6
base_h7_tp1092,20260528,202605,2026Q2,3109159.92,-0.02698519782307518,0.749605,7
base_h7_tp1092,20260529,202605,2026Q2,3142628.4,0.010764476855857463,0.860604,8
base_h7_tp1092,20260601,202606,2026Q2,3013789.39,-0.040997214306342955,0.862899,8
base_h7_tp1092,20260602,202606,2026Q2,3135868.58,0.040506874967795925,0.865434,8
base_h7_tp1092,20260603,202606,2026Q2,3032822.83,-0.03286035347820604,0.868626,8
base_h7_tp1092,20260604,202606,2026Q2,2983635.97,-0.016218177835333636,0.873167,8
base_h7_tp1092,20260605,202606,2026Q2,2897192.31,-0.02897258944092973,0.872106,8
base_h7_tp1092,20260608,202606,2026Q2,2945072.88,0.01652654186425062,0.873742,8
base_h7_tp1092,20260609,202606,2026Q2,2889730.23,-0.018791606270877725,0.879989,8
base_h7_tp1092,20260610,202606,2026Q2,2904175.97,0.004998992587623041,0.880117,8
base_h7_tp1092,20260611,202606,2026Q2,2906443.67,0.0007808411141145832,0.877053,8
base_h7_tp1092,20260612,202606,2026Q2,2872417.87,-0.011707022004661782,0.878183,8
base_h7_tp1092,20260615,202606,2026Q2,2889183.32,0.005836703000319243,0.879677,8
base_h7_tp1092,20260616,202606,2026Q2,2863264.02,-0.008971151058701166,0.869866,8
base_h7_tp1092,20260617,202606,2026Q2,2847938.25,-0.005352552154795687,0.869596,8
base_h7_tp1092,20260618,202606,2026Q2,2781488.27,-0.02333266179489668,0.873434,8
base_h7_tp1092,20260622,202606,2026Q2,2751057.04,-0.010940628557818743,0.982106,9
base_h7_tp1092,20260623,202606,2026Q2,2874928.25,0.04502676905601355,0.0,9
base_h7_tp1092,20260624,202606,2026Q2,2874928.25,0.0,0.0,9
base_h7_tp1092,20260625,202606,2026Q2,2874928.25,0.0,0.0,9
base_h7_tp1092,20260626,202606,2026Q2,2874928.25,0.0,0.0,9
base_h7_tp1092,20260629,202606,2026Q2,2874928.25,0.0,0.0,9
base_h7_tp1092,20260630,202606,2026Q2,2874928.25,0.0,0.0,9
base_h6_tp1085,20240611,202406,2024Q2,608899.3,,0.894866,8
base_h6_tp1085,20240612,202406,2024Q2,612935.92,0.0066293720488757035,0.776657,7
base_h6_tp1085,20240613,202406,2024Q2,636563.9,0.0385488584190008,0.876826,8
base_h6_tp1085,20240614,202406,2024Q2,627873.71,-0.013651716661909452,0.868988,8
base_h6_tp1085,20240617,202406,2024Q2,628640.72,0.0012215991652206881,0.848189,8
base_h6_tp1085,20240618,202406,2024Q2,624706.94,-0.0062575965489477525,0.881061,8
base_h6_tp1085,20240619,202406,2024Q2,644466.48,0.03163009522513072,0.777594,7
base_h6_tp1085,20240620,202406,2024Q2,646874.07,0.00373578777906336,0.870604,8
base_h6_tp1085,20240621,202406,2024Q2,631758.58,-0.023366974657061168,0.869805,8
base_h6_tp1085,20240624,202406,2024Q2,627302.5,-0.00705345386840639,0.766248,7
base_h6_tp1085,20240625,202406,2024Q2,599134.95,-0.044902658605696644,0.876167,8
base_h6_tp1085,20240626,202406,2024Q2,612850.36,0.02289202123828704,0.890155,8
base_h6_tp1085,20240627,202406,2024Q2,621660.31,0.014375368891029305,0.891358,8
base_h6_tp1085,20240628,202406,2024Q2,613368.76,-0.01333775032219775,0.889545,8
base_h6_tp1085,20240701,202407,2024Q3,612552.52,-0.00133074922172427,0.890838,8
base_h6_tp1085,20240702,202407,2024Q3,622501.43,0.01624172568908877,0.880594,8
base_h6_tp1085,20240703,202407,2024Q3,651488.68,0.046565756483483156,0.890525,8
base_h6_tp1085,20240704,202407,2024Q3,675409.67,0.03671742999433225,0.859034,8
base_h6_tp1085,20240705,202407,2024Q3,651816.45,-0.03493171781209481,0.85424,8
base_h6_tp1085,20240708,202407,2024Q3,678576.9,0.04105519276170466,0.863876,8
base_h6_tp1085,20240709,202407,2024Q3,655997.2,-0.03327507906620464,0.747825,7
base_h6_tp1085,20240710,202407,2024Q3,649983.17,-0.009167767789252657,0.75487,7
base_h6_tp1085,20240711,202407,2024Q3,652150.5,0.0033344401825050607,0.851523,8
base_h6_tp1085,20240712,202407,2024Q3,675029.09,0.035081764101997814,0.865219,8
base_h6_tp1085,20240715,202407,2024Q3,681757.17,0.00996709638098725,0.865662,8
base_h6_tp1085,20240716,202407,2024Q3,684421.42,0.003907916362654529,0.731852,7
base_h6_tp1085,20240717,202407,2024Q3,697789.57,0.019532045037397916,0.869417,8
base_h6_tp1085,20240718,202407,2024Q3,701194.34,0.004879364992514956,0.878443,8
base_h6_tp1085,20240719,202407,2024Q3,696790.37,-0.006280669635753133,0.865511,8
base_h6_tp1085,20240722,202407,2024Q3,708976.74,0.017489291650227612,0.877166,8
base_h6_tp1085,20240723,202407,2024Q3,723370.82,0.02030261246652465,0.874452,8
base_h6_tp1085,20240724,202407,2024Q3,726377.76,0.0041568444798478765,0.769542,7
base_h6_tp1085,20240725,202407,2024Q3,722248.2,-0.005685141020837503,0.727095,7
base_h6_tp1085,20240726,202407,2024Q3,723023.53,0.0010734952333562031,0.725578,7
base_h6_tp1085,20240729,202407,2024Q3,730502.01,0.01034334249121871,0.626996,6
base_h6_tp1085,20240730,202407,2024Q3,733744.2,0.004438304009594551,0.532025,5
base_h6_tp1085,20240731,202407,2024Q3,739979.21,0.008497525431887532,0.639771,6
base_h6_tp1085,20240801,202408,2024Q3,762345.47,0.030225524849542662,0.546404,5
base_h6_tp1085,20240802,202408,2024Q3,784692.45,0.029313455486263962,0.655814,6
base_h6_tp1085,20240805,202408,2024Q3,761478.18,-0.029583908956942184,0.870446,8
base_h6_tp1085,20240806,202408,2024Q3,760187.91,-0.001694428066212006,0.849885,8
base_h6_tp1085,20240807,202408,2024Q3,798905.62,0.05093176238490815,0.859192,8
base_h6_tp1085,20240808,202408,2024Q3,788975.86,-0.012429202838753373,0.881088,8
base_h6_tp1085,20240809,202408,2024Q3,804424.95,0.019581194790928125,0.871409,8
base_h6_tp1085,20240812,202408,2024Q3,795822.1,-0.010694409714666286,0.877459,8
base_h6_tp1085,20240813,202408,2024Q3,768891.09,-0.033840490230165776,0.880348,8
base_h6_tp1085,20240814,202408,2024Q3,775314.26,0.008353809900437215,0.879205,8
base_h6_tp1085,20240815,202408,2024Q3,770436.25,-0.006291655205722613,0.765401,7
base_h6_tp1085,20240816,202408,2024Q3,775653.86,0.006772279990719499,0.760603,7
base_h6_tp1085,20240819,202408,2024Q3,778816.06,0.0040768184922075346,0.746976,7
base_h6_tp1085,20240820,202408,2024Q3,771544.98,-0.009336068390782937,0.734797,7
base_h6_tp1085,20240821,202408,2024Q3,769449.26,-0.002716264189807749,0.630478,6
base_h6_tp1085,20240822,202408,2024Q3,772025.52,0.00334818698766437,0.642084,6
base_h6_tp1085,20240823,202408,2024Q3,775137.04,0.004030333090543348,0.867016,8
base_h6_tp1085,20240826,202408,2024Q3,741979.7,-0.04277610059764414,0.873004,8
base_h6_tp1085,20240827,202408,2024Q3,753111.15,0.015002364619948638,0.867496,8
base_h6_tp1085,20240828,202408,2024Q3,751583.3,-0.0020287178061298983,0.762639,7
base_h6_tp1085,20240829,202408,2024Q3,755743.61,0.005535394413366923,0.867076,8
base_h6_tp1085,20240830,202408,2024Q3,769946.07,0.01879269611025891,0.868948,8
base_h6_tp1085,20240902,202409,2024Q3,790027.96,0.02608220339380396,0.870367,8
base_h6_tp1085,20240903,202409,2024Q3,785684.97,-0.00549726113490967,0.869818,8
base_h6_tp1085,20240904,202409,2024Q3,802633.07,0.02157111392877975,0.875652,8
base_h6_tp1085,20240905,202409,2024Q3,798681.62,-0.004923108887103234,0.855376,8
base_h6_tp1085,20240906,202409,2024Q3,801194.75,0.0031465980148634998,0.858807,8
base_h6_tp1085,20240909,202409,2024Q3,790179.44,-0.013748604817992227,0.868758,8
base_h6_tp1085,20240910,202409,2024Q3,821318.88,0.03940806154105969,0.845751,8
base_h6_tp1085,20240911,202409,2024Q3,804939.88,-0.019942315218663964,0.85363,8
base_h6_tp1085,20240912,202409,2024Q3,798635.73,-0.007831827142171233,0.854393,8
base_h6_tp1085,20240913,202409,2024Q3,794104.97,-0.005673124592109113,0.844495,8
base_h6_tp1085,20240918,202409,2024Q3,781687.58,-0.01563696295717687,0.842032,8
base_h6_tp1085,20240919,202409,2024Q3,777984.45,-0.004737352997216671,0.835843,8
base_h6_tp1085,20240920,202409,2024Q3,809517.5,0.040531722709882034,0.860163,8
base_h6_tp1085,20240923,202409,2024Q3,826474.06,0.02094650208303106,0.867771,8
base_h6_tp1085,20240924,202409,2024Q3,812491.82,-0.016917941743991416,0.866586,8
base_h6_tp1085,20240925,202409,2024Q3,827062.18,0.017932931312465428,0.871463,8
base_h6_tp1085,20240926,202409,2024Q3,857018.23,0.036219828114979036,0.886275,8
base_h6_tp1085,20240927,202409,2024Q3,874840.89,0.02079612705554701,0.863148,8
base_h6_tp1085,20240930,202409,2024Q3,909307.35,0.03939740402394776,0.861242,8
base_h6_tp1085,20241008,202410,2024Q4,1021550.59,0.12343817522205236,0.851824,8
base_h6_tp1085,20241009,202410,2024Q4,1079506.47,0.05673324509557576,0.849822,8
base_h6_tp1085,20241010,202410,2024Q4,980554.9,-0.09166371184417255,0.872552,8
base_h6_tp1085,20241011,202410,2024Q4,992254.99,0.011932111093422737,0.850977,8
base_h6_tp1085,20241014,202410,2024Q4,948778.57,-0.04381577360472644,0.856598,8
base_h6_tp1085,20241015,202410,2024Q4,975802.62,0.02848298945032046,0.866302,8
base_h6_tp1085,20241016,202410,2024Q4,983320.71,0.007704519178273861,0.867978,8
base_h6_tp1085,20241017,202410,2024Q4,1008333.38,0.02543694010065134,0.834467,8
base_h6_tp1085,20241018,202410,2024Q4,1007577.02,-0.0007501090561933266,0.838684,8
base_h6_tp1085,20241021,202410,2024Q4,1031815.29,0.02405599722788443,0.854578,8
base_h6_tp1085,20241022,202410,2024Q4,1070072.93,0.03707799290316771,0.865539,8
base_h6_tp1085,20241023,202410,2024Q4,1123625.09,0.05004533662953259,0.829595,8
base_h6_tp1085,20241024,202410,2024Q4,1128477.03,0.004318112903655358,0.836397,8
base_h6_tp1085,20241025,202410,2024Q4,1152838.86,0.02158823737865534,0.846485,8
base_h6_tp1085,20241028,202410,2024Q4,1192240.77,0.03417815912277611,0.859478,8
base_h6_tp1085,20241029,202410,2024Q4,1259173.29,0.056140103311514755,0.830352,8
base_h6_tp1085,20241030,202410,2024Q4,1233663.61,-0.02025907013958339,0.841449,8
base_h6_tp1085,20241031,202410,2024Q4,1221594.84,-0.009782869416080087,0.843153,8
base_h6_tp1085,20241101,202411,2024Q4,1216851.68,-0.0038827603430283686,0.852627,8
base_h6_tp1085,20241104,202411,2024Q4,1183709.12,-0.027236318562669726,0.862611,8
base_h6_tp1085,20241105,202411,2024Q4,1203834.81,0.017002226019851907,0.869723,8
base_h6_tp1085,20241106,202411,2024Q4,1231878.81,0.0232955549773477,0.87489,8
base_h6_tp1085,20241107,202411,2024Q4,1246009.83,0.011471112162404928,0.874926,8
base_h6_tp1085,20241108,202411,2024Q4,1270735.79,0.01984411310783951,0.887097,8
base_h6_tp1085,20241111,202411,2024Q4,1287017.33,0.012812687049603033,0.867616,8
base_h6_tp1085,20241112,202411,2024Q4,1332340.68,0.03521580397056501,0.873295,8
base_h6_tp1085,20241113,202411,2024Q4,1345402.57,0.009803716268725005,0.874104,8
base_h6_tp1085,20241114,202411,2024Q4,1350633.9,0.0038883008823149545,0.866768,8
base_h6_tp1085,20241115,202411,2024Q4,1343696.58,-0.0051363437568091586,0.86271,8
base_h6_tp1085,20241118,202411,2024Q4,1315554.17,-0.02094402145460561,0.862202,8
base_h6_tp1085,20241119,202411,2024Q4,1274817.7,-0.030965254741277537,0.861907,8
base_h6_tp1085,20241120,202411,2024Q4,1277038.63,0.0017421549763545485,0.852879,8
base_h6_tp1085,20241121,202411,2024Q4,1319778.69,0.03346810268378486,0.856478,8
base_h6_tp1085,20241122,202411,2024Q4,1340552.95,0.015740714831514735,0.86025,8
base_h6_tp1085,20241125,202411,2024Q4,1316260.33,-0.01812134313680025,0.864301,8
base_h6_tp1085,20241126,202411,2024Q4,1336387.19,0.015290941724271034,0.870984,8
base_h6_tp1085,20241127,202411,2024Q4,1330064.14,-0.004731450620983568,0.871556,8
base_h6_tp1085,20241128,202411,2024Q4,1344449.45,0.010815500972757741,0.872266,8
base_h6_tp1085,20241129,202411,2024Q4,1349048.23,0.00342056743003627,0.873667,8
base_h6_tp1085,20241202,202412,2024Q4,1369016.31,0.014801605721687316,0.764933,7
base_h6_tp1085,20241203,202412,2024Q4,1396644.59,0.020181118222031946,0.763185,7
base_h6_tp1085,20241204,202412,2024Q4,1401458.12,0.0034464960051145965,0.877166,8
base_h6_tp1085,20241205,202412,2024Q4,1380758.53,-0.014770038222761905,0.876475,8
base_h6_tp1085,20241206,202412,2024Q4,1404648.81,0.017302286736551986,0.874518,8
base_h6_tp1085,20241209,202412,2024Q4,1438438.4,0.02405554310760416,0.870885,8
base_h6_tp1085,20241210,202412,2024Q4,1456329.29,0.012437717179964114,0.874818,8
base_h6_tp1085,20241211,202412,2024Q4,1439369.24,-0.011645752177380175,0.873335,8
base_h6_tp1085,20241212,202412,2024Q4,1458017.52,0.01295586947515992,0.863739,8
base_h6_tp1085,20241213,202412,2024Q4,1485675.68,0.018969703464194243,0.857906,8
base_h6_tp1085,20241216,202412,2024Q4,1464081.48,-0.014534935377013114,0.861834,8
base_h6_tp1085,20241217,202412,2024Q4,1467643.38,0.0024328564008608833,0.834976,8
base_h6_tp1085,20241218,202412,2024Q4,1403509.94,-0.04369824500554076,0.840331,8
base_h6_tp1085,20241219,202412,2024Q4,1406833.9,0.0023683195289661008,0.741728,7
base_h6_tp1085,20241220,202412,2024Q4,1410668.46,0.0027256664770447525,0.86314,8
base_h6_tp1085,20241223,202412,2024Q4,1439135.54,0.020179851472684085,0.869286,8
base_h6_tp1085,20241224,202412,2024Q4,1339143.17,-0.06948085654253255,0.862175,8
base_h6_tp1085,20241225,202412,2024Q4,1325109.5,-0.010479588974791954,0.8671,8
base_h6_tp1085,20241226,202412,2024Q4,1283705.95,-0.031245380098776754,0.872282,8
base_h6_tp1085,20241227,202412,2024Q4,1305058.81,0.016633762584024936,0.870699,8
base_h6_tp1085,20241230,202412,2024Q4,1317413.31,0.00946662319378544,0.869177,8
base_h6_tp1085,20241231,202412,2024Q4,1284651.42,-0.02486834598627219,0.872486,8
base_h6_tp1085,20250102,202501,2025Q1,1252077.09,-0.02535655158502048,0.868288,8
base_h6_tp1085,20250103,202501,2025Q1,1240617.94,-0.00915211219143075,0.865096,8
base_h6_tp1085,20250106,202501,2025Q1,1175744.82,-0.052290973641732075,0.748611,7
base_h6_tp1085,20250107,202501,2025Q1,1165885.0,-0.008386020361118907,0.864451,8
base_h6_tp1085,20250108,202501,2025Q1,1225338.75,0.05099452347358446,0.861506,8
base_h6_tp1085,20250109,202501,2025Q1,1217458.48,-0.006431095074729387,0.856979,8
base_h6_tp1085,20250110,202501,2025Q1,1238004.22,0.016875926643510564,0.862675,8
base_h6_tp1085,20250113,202501,2025Q1,1186453.55,-0.0416401407743181,0.865643,8
base_h6_tp1085,20250114,202501,2025Q1,1189052.38,0.0021904186640933077,0.867625,8
base_h6_tp1085,20250115,202501,2025Q1,1263566.01,0.06266639826245513,0.873955,8
base_h6_tp1085,20250116,202501,2025Q1,1263680.79,9.083815098831494e-05,0.875595,8
base_h6_tp1085,20250117,202501,2025Q1,1272809.19,0.007223659702858987,0.874343,8
base_h6_tp1085,20250120,202501,2025Q1,1252564.03,-0.015905887668834273,0.876975,8
base_h6_tp1085,20250121,202501,2025Q1,1233738.03,-0.015029970164479378,0.869229,8
base_h6_tp1085,20250122,202501,2025Q1,1209247.51,-0.019850664731474676,0.872816,8
base_h6_tp1085,20250123,202501,2025Q1,1204065.43,-0.004285375787129064,0.885672,8
base_h6_tp1085,20250124,202501,2025Q1,1179256.74,-0.02060410454604611,0.881482,8
base_h6_tp1085,20250127,202501,2025Q1,1167660.03,-0.00983391453840654,0.879364,8
base_h6_tp1085,20250205,202502,2025Q1,1194259.29,0.022779969611531614,0.872494,8
base_h6_tp1085,20250206,202502,2025Q1,1229343.37,0.02937727199928264,0.889781,8
base_h6_tp1085,20250207,202502,2025Q1,1240155.85,0.008795329493662907,0.87911,8
base_h6_tp1085,20250210,202502,2025Q1,1258749.66,0.014993123646515727,0.872041,8
base_h6_tp1085,20250211,202502,2025Q1,1316491.13,0.04587208388997688,0.872221,8
base_h6_tp1085,20250212,202502,2025Q1,1301129.03,-0.01166897341723816,0.884845,8
base_h6_tp1085,20250213,202502,2025Q1,1310571.37,0.007257035837560322,0.881401,8
base_h6_tp1085,20250214,202502,2025Q1,1292722.83,-0.013618899671217433,0.880771,8
base_h6_tp1085,20250217,202502,2025Q1,1278042.5,-0.011356131151485926,0.875656,8
base_h6_tp1085,20250218,202502,2025Q1,1326421.53,0.037854007202420936,0.764374,7
base_h6_tp1085,20250219,202502,2025Q1,1310224.99,-0.012210703485791563,0.642264,6
base_h6_tp1085,20250220,202502,2025Q1,1325033.33,0.011302135215723652,0.64484,6
base_h6_tp1085,20250221,202502,2025Q1,1330655.25,0.0042428517628307905,0.541675,5
base_h6_tp1085,20250224,202502,2025Q1,1322766.7,-0.005928319901041257,0.538542,5
base_h6_tp1085,20250225,202502,2025Q1,1330278.38,0.005678764063231867,0.6467,6
base_h6_tp1085,20250226,202502,2025Q1,1331041.12,0.0005733687109912289,0.758055,7
base_h6_tp1085,20250227,202502,2025Q1,1340028.05,0.006751804932968453,0.762487,7
base_h6_tp1085,20250228,202502,2025Q1,1340061.56,2.5006939220473257e-05,0.759052,7
base_h6_tp1085,20250303,202503,2025Q1,1305598.28,-0.025717684193553025,0.75461,7
base_h6_tp1085,20250304,202503,2025Q1,1308654.06,0.002340520853014727,0.855898,8
base_h6_tp1085,20250305,202503,2025Q1,1320398.38,0.00897435033365479,0.854547,8
base_h6_tp1085,20250306,202503,2025Q1,1307848.53,-0.00950459360605993,0.743794,7
base_h6_tp1085,20250307,202503,2025Q1,1332914.41,0.019165736264580957,0.743955,7
base_h6_tp1085,20250310,202503,2025Q1,1356968.77,0.01804644005611733,0.853542,8
base_h6_tp1085,20250311,202503,2025Q1,1381597.75,0.01814999765985781,0.855536,8
base_h6_tp1085,20250312,202503,2025Q1,1387017.08,0.003922509283183162,0.868622,8
base_h6_tp1085,20250313,202503,2025Q1,1409755.46,0.01639372746585055,0.769774,7
base_h6_tp1085,20250314,202503,2025Q1,1380844.79,-0.02050757795965541,0.873554,8
base_h6_tp1085,20250317,202503,2025Q1,1407414.47,0.01924161223072729,0.87513,8
base_h6_tp1085,20250318,202503,2025Q1,1419420.46,0.008530529034563639,0.85573,8
base_h6_tp1085,20250319,202503,2025Q1,1430180.98,0.007580924964263325,0.857366,8
base_h6_tp1085,20250320,202503,2025Q1,1421603.02,-0.005997814346545116,0.853992,8
base_h6_tp1085,20250321,202503,2025Q1,1448282.34,0.018767067616387134,0.864775,8
base_h6_tp1085,20250324,202503,2025Q1,1407051.16,-0.02846902075737534,0.868349,8
base_h6_tp1085,20250325,202503,2025Q1,1351194.86,-0.03969741938878746,0.878925,8
base_h6_tp1085,20250326,202503,2025Q1,1361840.62,0.007878774790484266,0.878271,8
base_h6_tp1085,20250327,202503,2025Q1,1403967.58,0.030933840114124367,0.879948,8
base_h6_tp1085,20250328,202503,2025Q1,1383774.17,-0.014383102777914658,0.882957,8
base_h6_tp1085,20250331,202503,2025Q1,1323718.87,-0.04339963940792435,0.88067,8
base_h6_tp1085,20250401,202504,2025Q2,1321809.04,-0.001442776138712909,0.891244,8
base_h6_tp1085,20250402,202504,2025Q2,1344745.14,0.017352052608143653,0.887986,8
base_h6_tp1085,20250403,202504,2025Q2,1348050.19,0.0024577519573709683,0.863745,8
base_h6_tp1085,20250407,202504,2025Q2,1337830.26,-0.0075812681722183806,0.865634,8
base_h6_tp1085,20250408,202504,2025Q2,1165939.1,-0.12848502918449456,0.859161,8
base_h6_tp1085,20250409,202504,2025Q2,1177771.11,0.010148051471985164,0.864613,8
base_h6_tp1085,20250410,202504,2025Q2,1228616.29,0.04317068025212456,0.866833,8
base_h6_tp1085,20250411,202504,2025Q2,1278252.11,0.040399773634777425,0.87187,8
base_h6_tp1085,20250414,202504,2025Q2,1318467.99,0.03146161831878369,0.881939,8
base_h6_tp1085,20250415,202504,2025Q2,1345732.69,0.020679076175372346,0.890546,8
base_h6_tp1085,20250416,202504,2025Q2,1352946.32,0.0053603736117906475,0.895009,8
base_h6_tp1085,20250417,202504,2025Q2,1326466.15,-0.0195722251567233,0.890333,8
base_h6_tp1085,20250418,202504,2025Q2,1336976.54,0.007923602121320705,0.8711,8
base_h6_tp1085,20250421,202504,2025Q2,1336523.22,-0.00033906354108503844,0.875601,8
base_h6_tp1085,20250422,202504,2025Q2,1345167.26,0.006467556919811823,0.875135,8
base_h6_tp1085,20250423,202504,2025Q2,1337783.87,-0.005488826720329132,0.878569,8
base_h6_tp1085,20250424,202504,2025Q2,1341391.39,0.002696638882332847,0.875381,8
base_h6_tp1085,20250425,202504,2025Q2,1324013.6,-0.012955048116120582,0.876176,8
base_h6_tp1085,20250428,202504,2025Q2,1322908.05,-0.0008349989758413834,0.984817,9
base_h6_tp1085,20250429,202504,2025Q2,1303018.89,-0.015034423594292967,0.901734,9
base_h6_tp1085,20250430,202504,2025Q2,1331299.85,0.02170418266154228,0.882097,9
base_h6_tp1085,20250506,202505,2025Q2,1366725.3,0.02660967024070504,0.879458,9
base_h6_tp1085,20250507,202505,2025Q2,1414129.21,0.03468429976382237,0.873017,9
base_h6_tp1085,20250508,202505,2025Q2,1445452.11,0.02214995615570392,0.868477,9
base_h6_tp1085,20250509,202505,2025Q2,1485563.9,0.02775034172526114,0.89256,9
base_h6_tp1085,20250512,202505,2025Q2,1484712.05,-0.0005734186190172741,0.887238,9
base_h6_tp1085,20250513,202505,2025Q2,1535044.08,0.033900196337734334,0.886872,9
base_h6_tp1085,20250514,202505,2025Q2,1515814.4,-0.01252711909093851,0.891744,9
base_h6_tp1085,20250515,202505,2025Q2,1542134.56,0.017363708907897957,0.984051,9
base_h6_tp1085,20250516,202505,2025Q2,1580549.7,0.024910368392236704,0.886256,9
base_h6_tp1085,20250519,202505,2025Q2,1588835.35,0.005242258437048841,0.899649,9
base_h6_tp1085,20250520,202505,2025Q2,1629169.44,0.025385947008291332,0.885424,9
base_h6_tp1085,20250521,202505,2025Q2,1664769.33,0.021851557686964895,0.760222,8
base_h6_tp1085,20250522,202505,2025Q2,1675357.92,0.006360394686031334,0.769404,8
base_h6_tp1085,20250523,202505,2025Q2,1668009.35,-0.004386268696542017,0.76321,8
base_h6_tp1085,20250526,202505,2025Q2,1629893.56,-0.022851064953562816,0.639642,7
base_h6_tp1085,20250527,202505,2025Q2,1626491.99,-0.0020869890424011217,0.646349,7
base_h6_tp1085,20250528,202505,2025Q2,1643352.87,0.010366408260024773,0.762275,8
base_h6_tp1085,20250529,202505,2025Q2,1673034.87,0.01806185423828044,0.857866,8
base_h6_tp1085,20250530,202505,2025Q2,1681906.21,0.005302543395284909,0.858412,8
base_h6_tp1085,20250603,202506,2025Q2,1670172.74,-0.006976292691136421,0.861128,8
base_h6_tp1085,20250604,202506,2025Q2,1657683.18,-0.007478004939776461,0.880364,8
base_h6_tp1085,20250605,202506,2025Q2,1714885.3,0.03450726935650028,0.782837,7
base_h6_tp1085,20250606,202506,2025Q2,1704454.0,-0.0060827974908875815,0.765389,7
base_h6_tp1085,20250609,202506,2025Q2,1731813.45,0.016051738562612883,0.766725,7
base_h6_tp1085,20250610,202506,2025Q2,1755752.62,0.01382318055100007,0.766847,7
base_h6_tp1085,20250611,202506,2025Q2,1758769.88,0.0017184995002312853,0.655697,6
base_h6_tp1085,20250612,202506,2025Q2,1763478.22,0.0026770642672138134,0.550727,5
base_h6_tp1085,20250613,202506,2025Q2,1760471.64,-0.0017049147337924175,0.660155,6
base_h6_tp1085,20250616,202506,2025Q2,1727527.73,-0.018713115992030405,0.658168,6
base_h6_tp1085,20250617,202506,2025Q2,1741333.74,0.007991773307164163,0.762548,7
base_h6_tp1085,20250618,202506,2025Q2,1747074.41,0.0032967086481652252,0.768055,7
base_h6_tp1085,20250619,202506,2025Q2,1740437.47,-0.0037988879935570985,0.747175,7
base_h6_tp1085,20250620,202506,2025Q2,1702383.28,-0.02186472691834196,0.639795,6
base_h6_tp1085,20250623,202506,2025Q2,1675201.22,-0.015967062364475315,0.643087,6
base_h6_tp1085,20250624,202506,2025Q2,1696862.34,0.012930458586939197,0.539483,5
base_h6_tp1085,20250625,202506,2025Q2,1711496.63,0.008624323644309095,0.547718,5
base_h6_tp1085,20250626,202506,2025Q2,1697566.83,-0.008138958474022684,0.759149,7
base_h6_tp1085,20250627,202506,2025Q2,1691610.27,-0.0035088810023461425,0.654157,6
base_h6_tp1085,20250630,202506,2025Q2,1702150.85,0.006231092460794896,0.540155,5
base_h6_tp1085,20250701,202507,2025Q3,1725744.21,0.013860910153762118,0.75535,7
base_h6_tp1085,20250702,202507,2025Q3,1737514.07,0.006820164849343557,0.871624,8
base_h6_tp1085,20250703,202507,2025Q3,1742998.64,0.003156561489024323,0.86674,8
base_h6_tp1085,20250704,202507,2025Q3,1743787.22,0.0004524272032708776,0.865732,8
base_h6_tp1085,20250707,202507,2025Q3,1712948.71,-0.01768478954674302,0.864641,8
base_h6_tp1085,20250708,202507,2025Q3,1741457.81,0.016643288753228402,0.866705,8
base_h6_tp1085,20250709,202507,2025Q3,1758772.87,0.009942853568183807,0.863729,8
base_h6_tp1085,20250710,202507,2025Q3,1753964.98,-0.0027336616808286696,0.860496,8
base_h6_tp1085,20250711,202507,2025Q3,1760614.93,0.0037913812851610995,0.862784,8
base_h6_tp1085,20250714,202507,2025Q3,1748491.52,-0.0068858952593341405,0.865036,8
base_h6_tp1085,20250715,202507,2025Q3,1758854.38,0.005926743070506779,0.862933,8
base_h6_tp1085,20250716,202507,2025Q3,1730892.35,-0.015897865291156,0.86278,8
base_h6_tp1085,20250717,202507,2025Q3,1747014.82,0.009314542293747952,0.862864,8
base_h6_tp1085,20250718,202507,2025Q3,1752591.07,0.003191873323661998,0.867267,8
base_h6_tp1085,20250721,202507,2025Q3,1750126.74,-0.0014061066738175754,0.870934,8
base_h6_tp1085,20250722,202507,2025Q3,1789936.42,0.022746741187441133,0.863629,8
base_h6_tp1085,20250723,202507,2025Q3,1797329.0,0.004130079659477648,0.856448,8
base_h6_tp1085,20250724,202507,2025Q3,1786316.1,-0.006127370114208275,0.857551,8
base_h6_tp1085,20250725,202507,2025Q3,1799271.47,0.007252562970238019,0.855221,8
base_h6_tp1085,20250728,202507,2025Q3,1809405.43,0.005632257371368077,0.850904,8
base_h6_tp1085,20250729,202507,2025Q3,1814834.47,0.003000455237939681,0.857526,8
base_h6_tp1085,20250730,202507,2025Q3,1820416.39,0.003075718525447524,0.861864,8
base_h6_tp1085,20250731,202507,2025Q3,1806746.35,-0.0075092929700549815,0.864456,8
base_h6_tp1085,20250801,202508,2025Q3,1797604.95,-0.005059592343994557,0.86435,8
base_h6_tp1085,20250804,202508,2025Q3,1827699.03,0.016741208906884797,0.872586,8
base_h6_tp1085,20250805,202508,2025Q3,1848572.92,0.011420857404514706,0.870779,8
base_h6_tp1085,20250806,202508,2025Q3,1925540.94,0.041636453270125884,0.848225,8
base_h6_tp1085,20250807,202508,2025Q3,1931278.13,0.002979521172891797,0.851105,8
base_h6_tp1085,20250808,202508,2025Q3,1940759.36,0.004909303249863939,0.856094,8
base_h6_tp1085,20250811,202508,2025Q3,1963979.96,0.011964698189063316,0.843405,8
base_h6_tp1085,20250812,202508,2025Q3,1985276.86,0.010843746083845085,0.848545,8
base_h6_tp1085,20250813,202508,2025Q3,1991239.79,0.0030035760352336016,0.747862,7
base_h6_tp1085,20250814,202508,2025Q3,1959165.39,-0.01610775365231132,0.856592,8
base_h6_tp1085,20250815,202508,2025Q3,1921985.78,-0.018977269703605693,0.857524,8
base_h6_tp1085,20250818,202508,2025Q3,1967666.7,0.023767563982705298,0.862394,8
base_h6_tp1085,20250819,202508,2025Q3,1971004.93,0.0016965424073092095,0.864365,8
base_h6_tp1085,20250820,202508,2025Q3,1991784.35,0.010542551002142853,0.866103,8
base_h6_tp1085,20250821,202508,2025Q3,2012261.77,0.01028094231185217,0.864014,8
base_h6_tp1085,20250822,202508,2025Q3,2022971.61,0.005322289654193568,0.867325,8
base_h6_tp1085,20250825,202508,2025Q3,1998427.41,-0.012132745649356957,0.869466,8
base_h6_tp1085,20250826,202508,2025Q3,1974071.06,-0.012187758173312857,0.86085,8
base_h6_tp1085,20250827,202508,2025Q3,1999429.68,0.012845849632180828,0.865899,8
base_h6_tp1085,20250828,202508,2025Q3,1946229.52,-0.026607667442447802,0.861259,8
base_h6_tp1085,20250829,202508,2025Q3,1935485.37,-0.005520494828379685,0.868048,8
base_h6_tp1085,20250901,202509,2025Q3,1922968.62,-0.006466982491322049,0.864151,8
base_h6_tp1085,20250902,202509,2025Q3,1959517.33,0.019006399594809764,0.867502,8
base_h6_tp1085,20250903,202509,2025Q3,1953340.31,-0.0031523171065804823,0.872507,8
base_h6_tp1085,20250904,202509,2025Q3,1920052.85,-0.017041300908800627,0.878265,8
base_h6_tp1085,20250905,202509,2025Q3,1931805.33,0.006120914848776193,0.875593,8
base_h6_tp1085,20250908,202509,2025Q3,1946302.19,0.007504306865122823,0.865886,8
base_h6_tp1085,20250909,202509,2025Q3,1988572.0,0.021718009781410252,0.867302,8
base_h6_tp1085,20250910,202509,2025Q3,2002485.88,0.006996920403183671,0.868596,8
base_h6_tp1085,20250911,202509,2025Q3,2014805.57,0.006152198186785807,0.871406,8
base_h6_tp1085,20250912,202509,2025Q3,2026658.11,0.0058827214776857595,0.871526,8
base_h6_tp1085,20250915,202509,2025Q3,2025714.89,-0.00046540657022819953,0.870161,8
base_h6_tp1085,20250916,202509,2025Q3,2029533.49,0.0018850629073472458,0.872231,8
base_h6_tp1085,20250917,202509,2025Q3,2062982.66,0.016481211157545417,0.875954,8
base_h6_tp1085,20250918,202509,2025Q3,2087333.0,0.011803463243845291,0.829267,8
base_h6_tp1085,20250919,202509,2025Q3,2036840.86,-0.024189786679940317,0.835727,8
base_h6_tp1085,20250922,202509,2025Q3,2027185.02,-0.00474059617990974,0.838648,8
base_h6_tp1085,20250923,202509,2025Q3,2012085.49,-0.007448520905112055,0.845395,8
base_h6_tp1085,20250924,202509,2025Q3,1964623.9,-0.02358825717688573,0.855245,8
base_h6_tp1085,20250925,202509,2025Q3,2007048.71,0.021594367247593782,0.86007,8
base_h6_tp1085,20250926,202509,2025Q3,1991529.78,-0.00773221393316359,0.863635,8
base_h6_tp1085,20250929,202509,2025Q3,2016755.18,0.012666343357416343,0.864682,8
base_h6_tp1085,20250930,202509,2025Q3,2042254.3,0.012643636794824165,0.8682,8
base_h6_tp1085,20251009,202510,2025Q4,2053350.83,0.0054334712381314265,0.866773,8
base_h6_tp1085,20251010,202510,2025Q4,2035151.32,-0.008863322201983381,0.866881,8
base_h6_tp1085,20251013,202510,2025Q4,2046761.64,0.005704892744781143,0.872865,8
base_h6_tp1085,20251014,202510,2025Q4,2072010.69,0.012336096937990426,0.874407,8
base_h6_tp1085,20251015,202510,2025Q4,2043034.64,-0.013984507966027904,0.876093,8
base_h6_tp1085,20251016,202510,2025Q4,2062578.16,0.009565926890011012,0.877958,8
base_h6_tp1085,20251017,202510,2025Q4,2038150.34,-0.011843342702707482,0.866277,8
base_h6_tp1085,20251020,202510,2025Q4,2021192.22,-0.008320347948424733,0.868339,8
base_h6_tp1085,20251021,202510,2025Q4,2062370.79,0.020373406147387696,0.867576,8
base_h6_tp1085,20251022,202510,2025Q4,2106918.77,0.021600373810569673,0.869555,8
base_h6_tp1085,20251023,202510,2025Q4,2122666.8,0.007474436235621829,0.873395,8
base_h6_tp1085,20251024,202510,2025Q4,2137781.5,0.0071206182713179356,0.872531,8
base_h6_tp1085,20251027,202510,2025Q4,2152402.79,0.006839468860592168,0.862826,8
base_h6_tp1085,20251028,202510,2025Q4,2157737.56,0.0024785184375271108,0.863566,8
base_h6_tp1085,20251029,202510,2025Q4,2211512.24,0.02492178891301311,0.869753,8
base_h6_tp1085,20251030,202510,2025Q4,2142520.65,-0.031196567105593043,0.882028,8
base_h6_tp1085,20251031,202510,2025Q4,2152392.16,0.004607428171112593,0.880183,8
base_h6_tp1085,20251103,202511,2025Q4,2200290.05,0.02225332859417195,0.886061,8
base_h6_tp1085,20251104,202511,2025Q4,2214529.8,0.006471760393589987,0.889216,8
base_h6_tp1085,20251105,202511,2025Q4,2218404.6,0.001749716802185386,0.895332,8
base_h6_tp1085,20251106,202511,2025Q4,2260533.96,0.018990836928484578,0.89627,8
base_h6_tp1085,20251107,202511,2025Q4,2242003.09,-0.008197563198740987,0.756412,7
base_h6_tp1085,20251110,202511,2025Q4,2242735.1,0.0003264982119182136,0.765995,7
base_h6_tp1085,20251111,202511,2025Q4,2251889.41,0.004081761595473354,0.867984,8
base_h6_tp1085,20251112,202511,2025Q4,2298978.87,0.020911089057432886,0.77067,7
base_h6_tp1085,20251113,202511,2025Q4,2315060.5,0.006995118663269739,0.759814,7
base_h6_tp1085,20251114,202511,2025Q4,2317644.19,0.0011160356284425355,0.757735,7
base_h6_tp1085,20251117,202511,2025Q4,2368237.14,0.02182947245236999,0.755363,7
base_h6_tp1085,20251118,202511,2025Q4,2383399.11,0.006402217811684041,0.750063,7
base_h6_tp1085,20251119,202511,2025Q4,2415404.88,0.013428623794359051,0.859894,8
base_h6_tp1085,20251120,202511,2025Q4,2385893.95,-0.012217798450419481,0.845463,8
base_h6_tp1085,20251121,202511,2025Q4,2357783.44,-0.011781961222543158,0.855311,8
base_h6_tp1085,20251124,202511,2025Q4,2249306.6,-0.04600797433711723,0.857765,8
base_h6_tp1085,20251125,202511,2025Q4,2268365.13,0.008473068989349741,0.853074,8
base_h6_tp1085,20251126,202511,2025Q4,2310178.51,0.018433266958216787,0.850303,8
base_h6_tp1085,20251127,202511,2025Q4,2277080.77,-0.01432691883191306,0.854093,8
base_h6_tp1085,20251128,202511,2025Q4,2295682.58,0.008169148079889998,0.863258,8
base_h6_tp1085,20251201,202512,2025Q4,2343765.37,0.020944877318361588,0.868743,8
base_h6_tp1085,20251202,202512,2025Q4,2369035.74,0.01078195382671776,0.87088,8
base_h6_tp1085,20251203,202512,2025Q4,2376788.06,0.003272352488865371,0.873065,8
base_h6_tp1085,20251204,202512,2025Q4,2339283.67,-0.015779442278080147,0.863896,8
base_h6_tp1085,20251205,202512,2025Q4,2288846.82,-0.021560809681538173,0.86533,8
base_h6_tp1085,20251208,202512,2025Q4,2344402.06,0.024272152908860978,0.869544,8
base_h6_tp1085,20251209,202512,2025Q4,2373875.18,0.012571700265439967,0.761594,7
base_h6_tp1085,20251210,202512,2025Q4,2352472.93,-0.009015743616309302,0.765643,7
base_h6_tp1085,20251211,202512,2025Q4,2328936.69,-0.010004893021234529,0.743504,7
base_h6_tp1085,20251212,202512,2025Q4,2269376.67,-0.025573911156855034,0.738607,7
base_h6_tp1085,20251215,202512,2025Q4,2212581.33,-0.025026845807840203,0.850402,8
base_h6_tp1085,20251216,202512,2025Q4,2236748.66,0.010922685495136086,0.841298,8
base_h6_tp1085,20251217,202512,2025Q4,2172162.96,-0.028874813319436643,0.84243,8
base_h6_tp1085,20251218,202512,2025Q4,2177019.99,0.0022360338931477486,0.855388,8
base_h6_tp1085,20251219,202512,2025Q4,2187931.51,0.005012135878458057,0.852869,8
base_h6_tp1085,20251222,202512,2025Q4,2224841.95,0.016870016191686155,0.853874,8
base_h6_tp1085,20251223,202512,2025Q4,2227393.7,0.0011469354036586221,0.875778,8
base_h6_tp1085,20251224,202512,2025Q4,2221553.79,-0.0026218580038186445,0.874253,8
base_h6_tp1085,20251225,202512,2025Q4,2249349.36,0.012511769971592646,0.872098,8
base_h6_tp1085,20251226,202512,2025Q4,2268018.48,0.008299786743665383,0.867641,8
base_h6_tp1085,20251229,202512,2025Q4,2230026.47,-0.016751190669310523,0.864873,8
base_h6_tp1085,20251230,202512,2025Q4,2244581.6,0.00652688665170853,0.861713,8
base_h6_tp1085,20251231,202512,2025Q4,2237327.29,-0.0032319208176704306,0.860328,8
base_h6_tp1085,20260105,202601,2026Q1,2252368.43,0.0067228161329941916,0.857126,8
base_h6_tp1085,20260106,202601,2026Q1,2319317.15,0.029723698444840796,0.858222,8
base_h6_tp1085,20260107,202601,2026Q1,2325145.11,0.002512791318772356,0.873008,8
base_h6_tp1085,20260108,202601,2026Q1,2314144.79,-0.0047310251530924274,0.849383,8
base_h6_tp1085,20260109,202601,2026Q1,2389069.0,0.03237663015891057,0.854879,8
base_h6_tp1085,20260112,202601,2026Q1,2470272.29,0.03398951223258928,0.838657,8
base_h6_tp1085,20260113,202601,2026Q1,2506617.3,0.014712957007666505,0.845338,8
base_h6_tp1085,20260114,202601,2026Q1,2504174.27,-0.0009746322264669871,0.853917,8
base_h6_tp1085,20260115,202601,2026Q1,2509514.85,0.0021326710620663825,0.86163,8
base_h6_tp1085,20260116,202601,2026Q1,2528094.07,0.007403510682552739,0.862552,8
base_h6_tp1085,20260119,202601,2026Q1,2523404.09,-0.0018551445753757223,0.864336,8
base_h6_tp1085,20260120,202601,2026Q1,2596087.79,0.028803829037148176,0.859319,8
base_h6_tp1085,20260121,202601,2026Q1,2593394.69,-0.0010373686168756446,0.862869,8
base_h6_tp1085,20260122,202601,2026Q1,2627231.87,0.013047447089513442,0.859361,8
base_h6_tp1085,20260123,202601,2026Q1,2683479.92,0.02140962533314572,0.868479,8
base_h6_tp1085,20260126,202601,2026Q1,2676174.51,-0.002722364324604376,0.870025,8
base_h6_tp1085,20260127,202601,2026Q1,2666878.5,-0.00347361876636354,0.866398,8
base_h6_tp1085,20260128,202601,2026Q1,2681089.82,0.005328821691726882,0.863165,8
base_h6_tp1085,20260129,202601,2026Q1,2636053.1,-0.016797915408891306,0.873589,8
base_h6_tp1085,20260130,202601,2026Q1,2616991.78,-0.00723100759996087,0.870623,8
base_h6_tp1085,20260202,202602,2026Q1,2659925.55,0.016405771820956927,0.863589,8
base_h6_tp1085,20260203,202602,2026Q1,2661713.44,0.0006721579105852804,0.863212,8
base_h6_tp1085,20260204,202602,2026Q1,2717865.08,0.021096050069161487,0.865447,8
base_h6_tp1085,20260205,202602,2026Q1,2693686.66,-0.008896107528634123,0.866798,8
base_h6_tp1085,20260206,202602,2026Q1,2672992.76,-0.007682370896101354,0.870295,8
base_h6_tp1085,20260209,202602,2026Q1,2701142.31,0.01053109848303535,0.868413,8
base_h6_tp1085,20260210,202602,2026Q1,2732792.15,0.011717205673624775,0.867897,8
base_h6_tp1085,20260211,202602,2026Q1,2749623.47,0.006159019448295888,0.757021,7
base_h6_tp1085,20260212,202602,2026Q1,2726520.26,-0.00840231771806943,0.862615,8
base_h6_tp1085,20260213,202602,2026Q1,2711873.83,-0.005371839782331134,0.867725,8
base_h6_tp1085,20260224,202602,2026Q1,2711078.12,-0.00029341704293073256,0.868779,8
base_h6_tp1085,20260225,202602,2026Q1,2781737.81,0.026063317570502065,0.866448,8
base_h6_tp1085,20260226,202602,2026Q1,2798224.03,0.0059265901842846525,0.871794,8
base_h6_tp1085,20260227,202602,2026Q1,2786316.93,-0.004255234703277044,0.871147,8
base_h6_tp1085,20260302,202603,2026Q1,2802381.12,0.005765385059767647,0.874558,8
base_h6_tp1085,20260303,202603,2026Q1,2722194.73,-0.028613663369242315,0.862063,8
base_h6_tp1085,20260304,202603,2026Q1,2615125.9,-0.03933180415788995,0.849724,8
base_h6_tp1085,20260305,202603,2026Q1,2593180.78,-0.008391611279594646,0.854058,8
base_h6_tp1085,20260306,202603,2026Q1,2621755.06,0.011019008092447935,0.857278,8
base_h6_tp1085,20260309,202603,2026Q1,2749266.29,0.04863582870323513,0.862983,8
base_h6_tp1085,20260310,202603,2026Q1,2717847.98,-0.011427889002341818,0.860112,8
base_h6_tp1085,20260311,202603,2026Q1,2814206.8,0.0354540874651863,0.86269,8
base_h6_tp1085,20260312,202603,2026Q1,2780224.67,-0.012075207124081944,0.866664,8
base_h6_tp1085,20260313,202603,2026Q1,2735014.65,-0.016261282941568922,0.868714,8
base_h6_tp1085,20260316,202603,2026Q1,2742526.35,0.002746493515126236,0.869122,8
base_h6_tp1085,20260317,202603,2026Q1,2749564.2,0.0025661922993009956,0.870564,8
base_h6_tp1085,20260318,202603,2026Q1,2696947.86,-0.019136247118725302,0.871624,8
base_h6_tp1085,20260319,202603,2026Q1,2736059.94,0.014502349333516573,0.768673,7
base_h6_tp1085,20260320,202603,2026Q1,2646530.06,-0.03272219248237662,0.877748,8
base_h6_tp1085,20260323,202603,2026Q1,2557855.86,-0.03350583518405237,0.864355,8
base_h6_tp1085,20260324,202603,2026Q1,2429470.41,-0.050192605458229234,0.867068,8
base_h6_tp1085,20260325,202603,2026Q1,2579532.25,0.06176730508111028,0.874371,8
base_h6_tp1085,20260326,202603,2026Q1,2661333.96,0.03171183845443304,0.878769,8
base_h6_tp1085,20260327,202603,2026Q1,2612836.0,-0.01822317707169674,0.844132,8
base_h6_tp1085,20260330,202603,2026Q1,2656315.48,0.01664072295390917,0.856022,8
base_h6_tp1085,20260331,202603,2026Q1,2697259.33,0.015413775324608636,0.858185,8
base_h6_tp1085,20260401,202604,2026Q2,2647633.45,-0.018398631324782477,0.858146,8
base_h6_tp1085,20260402,202604,2026Q2,2677425.35,0.01125227512139193,0.75322,7
base_h6_tp1085,20260403,202604,2026Q2,2605611.09,-0.02682213343501816,0.748253,7
base_h6_tp1085,20260407,202604,2026Q2,2502854.19,-0.03943677565480419,0.748014,7
base_h6_tp1085,20260408,202604,2026Q2,2594994.52,0.03681410222303039,0.857279,8
base_h6_tp1085,20260409,202604,2026Q2,2726903.68,0.05083215358774629,0.861431,8
base_h6_tp1085,20260410,202604,2026Q2,2636617.03,-0.03310958530079078,0.862018,8
base_h6_tp1085,20260413,202604,2026Q2,2641210.17,0.0017420580796294605,0.862912,8
base_h6_tp1085,20260414,202604,2026Q2,2625424.87,-0.005976540670370012,0.861232,8
base_h6_tp1085,20260415,202604,2026Q2,2613603.59,-0.004502615989921743,0.859438,8
base_h6_tp1085,20260416,202604,2026Q2,2587377.33,-0.010034520958092097,0.859164,8
base_h6_tp1085,20260417,202604,2026Q2,2661342.73,0.028587017108942403,0.858742,8
base_h6_tp1085,20260420,202604,2026Q2,2615874.14,-0.017084830708745224,0.860374,8
base_h6_tp1085,20260421,202604,2026Q2,2630230.44,0.005488146306610764,0.865546,8
base_h6_tp1085,20260422,202604,2026Q2,2655816.08,0.009727527904361155,0.86567,8
base_h6_tp1085,20260423,202604,2026Q2,2628287.04,-0.010365567181896185,0.863752,8
base_h6_tp1085,20260424,202604,2026Q2,2640596.71,0.004683533348016633,0.868455,8
base_h6_tp1085,20260427,202604,2026Q2,2674012.2,0.012654522318177097,0.874923,8
base_h6_tp1085,20260428,202604,2026Q2,2739751.91,0.02458467093007277,0.857366,8
base_h6_tp1085,20260429,202604,2026Q2,2770847.46,0.011349768527034287,0.860541,8
base_h6_tp1085,20260430,202604,2026Q2,2877273.6,0.038409238161381865,0.86104,8
base_h6_tp1085,20260506,202605,2026Q2,2931572.3,0.01887158037386505,0.868747,8
base_h6_tp1085,20260507,202605,2026Q2,2967639.47,0.012303012277746106,0.872832,8
base_h6_tp1085,20260508,202605,2026Q2,2996269.08,0.009647266889869055,0.876791,8
base_h6_tp1085,20260511,202605,2026Q2,3068070.23,0.023963518657009297,0.872183,8
base_h6_tp1085,20260512,202605,2026Q2,3134960.92,0.021802203008892684,0.87282,8
base_h6_tp1085,20260513,202605,2026Q2,3134665.82,-9.41319549208064e-05,0.871155,8
base_h6_tp1085,20260514,202605,2026Q2,3154916.22,0.006460146364182462,0.869283,8
base_h6_tp1085,20260515,202605,2026Q2,3169996.84,0.004780038184341917,0.836704,8
base_h6_tp1085,20260518,202605,2026Q2,3114991.96,-0.017351714457860434,0.845635,8
base_h6_tp1085,20260519,202605,2026Q2,3177778.07,0.020156106598747003,0.844616,8
base_h6_tp1085,20260520,202605,2026Q2,3194309.25,0.005202119102043046,0.740044,7
base_h6_tp1085,20260521,202605,2026Q2,3161710.47,-0.01020526738292471,0.638447,6
base_h6_tp1085,20260522,202605,2026Q2,3068252.68,-0.029559249933470366,0.641353,6
base_h6_tp1085,20260525,202605,2026Q2,3136676.51,0.022300585100442083,0.746312,7
base_h6_tp1085,20260526,202605,2026Q2,3068005.64,-0.021892876036489817,0.748879,7
base_h6_tp1085,20260527,202605,2026Q2,3023023.59,-0.014661658183913961,0.749422,7
base_h6_tp1085,20260528,202605,2026Q2,2927306.88,-0.031662574621192374,0.859422,8
base_h6_tp1085,20260529,202605,2026Q2,2964152.84,0.012586982339207298,0.86483,8
base_h6_tp1085,20260601,202606,2026Q2,2846645.16,-0.03964292205661013,0.865228,8
base_h6_tp1085,20260602,202606,2026Q2,2954197.31,0.037782071159160546,0.867985,8
base_h6_tp1085,20260603,202606,2026Q2,2857963.62,-0.032575241225170526,0.867905,8
base_h6_tp1085,20260604,202606,2026Q2,2803543.53,-0.019041561487756153,0.871351,8
base_h6_tp1085,20260605,202606,2026Q2,2719710.85,-0.029902399981640237,0.868882,8
base_h6_tp1085,20260608,202606,2026Q2,2780036.88,0.022181045459299442,0.977995,9
base_h6_tp1085,20260609,202606,2026Q2,2728058.6,-0.018696974984015235,0.891157,9
base_h6_tp1085,20260610,202606,2026Q2,2738473.17,0.0038175756195266697,0.892769,9
base_h6_tp1085,20260611,202606,2026Q2,2726220.55,-0.00447425234405352,0.89213,9
base_h6_tp1085,20260612,202606,2026Q2,2701035.92,-0.009237928310679044,0.88889,9
base_h6_tp1085,20260615,202606,2026Q2,2716913.71,0.005878407570381272,0.887109,9
base_h6_tp1085,20260616,202606,2026Q2,2699100.75,-0.006556321584464286,0.780327,8
base_h6_tp1085,20260617,202606,2026Q2,2695313.18,-0.0014032710709297458,0.874273,9
base_h6_tp1085,20260618,202606,2026Q2,2644732.43,-0.018766186569829313,0.86292,9
base_h6_tp1085,20260622,202606,2026Q2,2641197.69,-0.0013365208366278303,0.971383,10
base_h6_tp1085,20260623,202606,2026Q2,2773225.09,0.04998770084491477,0.0,10
base_h6_tp1085,20260624,202606,2026Q2,2773225.09,0.0,0.0,10
base_h6_tp1085,20260625,202606,2026Q2,2773225.09,0.0,0.0,10
base_h6_tp1085,20260626,202606,2026Q2,2773225.09,0.0,0.0,10
base_h6_tp1085,20260629,202606,2026Q2,2773225.09,0.0,0.0,10
base_h6_tp1085,20260630,202606,2026Q2,2773225.09,0.0,0.0,10
