name,eligible,disqualification_reason,rank_max,primary_count_min,min_amount,min_turnover,max_turnover,min_total_mv,max_total_mv,max_atr_ratio,min_pred_5d,min_pred_10d,max_rank_5d,max_rank_10d,min_rank_5d,min_rank_10d,max_abs_pred_gap,post_filter_min_count,post_filter_min_primary_count,post_filter_avg_pred_min,max_positions,holding_days,max_holding_days,target_pct,max_target_pct,rank_target_pct,score_exit_entry_ratio,min_holding_days_before_score_exit,max_daily_sells,returncode,signal_file,log_file,annual,sharpe,max_drawdown,win_ratio,open_count,close_count,signal_count,buy_days,avg_signal_target_pct,max_signal_target_pct,min_signal_target_pct,avg_invested_pct,ge80_ratio,max_active_positions,exposure_points
strong4_t22,True,,4,2,,,,,,,,,,,,,,,,,5,7,7,0.22,0.22,,1.0,3,1,0,D:\work\quant\quant_mcp\quant\data_file\reports\strategy_agent_model_application_20260621\formal_5d10d_noncalendar_quality_refine_20260621\signals\strong4_t22.csv,D:\work\quant\quant_mcp\quant\data_file\reports\strategy_agent_model_application_20260621\formal_5d10d_noncalendar_quality_refine_20260621\logs\strong4_t22.log,2.0052758020763286,2.4265015241269983,0.2346196746424754,0.5597826086956522,372,368,1636,409,0.22000000000000713,0.22,0.22,0.6181074538152609,0.15261044176706828,5,498
strong5_t22,True,,5,2,,,,,,,,,,,,,,,,,5,7,7,0.22,0.22,,1.0,3,1,0,D:\work\quant\quant_mcp\quant\data_file\reports\strategy_agent_model_application_20260621\formal_5d10d_noncalendar_quality_refine_20260621\signals\strong5_t22.csv,D:\work\quant\quant_mcp\quant\data_file\reports\strategy_agent_model_application_20260621\formal_5d10d_noncalendar_quality_refine_20260621\logs\strong5_t22.log,2.1669983226424216,2.299982999010322,0.23461651921287496,0.5649867374005305,382,377,2022,409,0.220000000000011,0.22,0.22,0.6596747771084336,0.25903614457831325,5,498
strong4_t21_liq_mid,True,,4,2,20000.0,0.5,,,,,,,,,,,,,,,5,7,7,0.21,0.21,,1.0,3,1,0,D:\work\quant\quant_mcp\quant\data_file\reports\strategy_agent_model_application_20260621\formal_5d10d_noncalendar_quality_refine_20260621\signals\strong4_t21_liq_mid.csv,D:\work\quant\quant_mcp\quant\data_file\reports\strategy_agent_model_application_20260621\formal_5d10d_noncalendar_quality_refine_20260621\logs\strong4_t21_liq_mid.log,0.7677018875512568,1.626586153935709,0.2985253818965868,0.5415472779369628,353,349,1306,409,0.21000000000000107,0.21,0.21,0.5665412489959838,0.1566265060240964,4,498
strong4_t22_liq_mid,True,,4,2,20000.0,0.5,,,,,,,,,,,,,,,5,7,7,0.22,0.22,,1.0,3,1,0,D:\work\quant\quant_mcp\quant\data_file\reports\strategy_agent_model_application_20260621\formal_5d10d_noncalendar_quality_refine_20260621\signals\strong4_t22_liq_mid.csv,D:\work\quant\quant_mcp\quant\data_file\reports\strategy_agent_model_application_20260621\formal_5d10d_noncalendar_quality_refine_20260621\logs\strong4_t22_liq_mid.log,0.8337813733350042,1.6315261920687785,0.31116133132472,0.5415472779369628,353,349,1306,409,0.22000000000000203,0.22,0.22,0.5922476325301205,0.1566265060240964,4,498
strong5_t22_liq_mid,True,,5,2,20000.0,0.5,,,,,,,,,,,,,,,5,7,7,0.22,0.22,,1.0,3,1,0,D:\work\quant\quant_mcp\quant\data_file\reports\strategy_agent_model_application_20260621\formal_5d10d_noncalendar_quality_refine_20260621\signals\strong5_t22_liq_mid.csv,D:\work\quant\quant_mcp\quant\data_file\reports\strategy_agent_model_application_20260621\formal_5d10d_noncalendar_quality_refine_20260621\logs\strong5_t22_liq_mid.log,1.0748613071980113,1.8109942765942306,0.34339821566214657,0.576271186440678,358,354,1619,409,0.2200000000000069,0.22,0.22,0.6134232369477911,0.16265060240963855,4,498
strong4_t22_liq_high,True,,4,2,30000.0,0.8,,,,,,,,,,,,,,,5,7,7,0.22,0.22,,1.0,3,1,0,D:\work\quant\quant_mcp\quant\data_file\reports\strategy_agent_model_application_20260621\formal_5d10d_noncalendar_quality_refine_20260621\signals\strong4_t22_liq_high.csv,D:\work\quant\quant_mcp\quant\data_file\reports\strategy_agent_model_application_20260621\formal_5d10d_noncalendar_quality_refine_20260621\logs\strong4_t22_liq_high.log,0.5538983564005294,1.2054598700661927,0.28607569004917544,0.55,324,320,962,395,0.21999999999999897,0.22,0.22,0.5567004036144577,0.13253012048192772,4,498
strong5_t22_liq_high,True,,5,2,30000.0,0.8,,,,,,,,,,,,,,,5,7,7,0.22,0.22,,1.0,3,1,0,D:\work\quant\quant_mcp\quant\data_file\reports\strategy_agent_model_application_20260621\formal_5d10d_noncalendar_quality_refine_20260621\signals\strong5_t22_liq_high.csv,D:\work\quant\quant_mcp\quant\data_file\reports\strategy_agent_model_application_20260621\formal_5d10d_noncalendar_quality_refine_20260621\logs\strong5_t22_liq_high.log,0.8880468198495023,1.5520559164128636,0.22531106258175246,0.5571847507331378,345,341,1183,401,0.21999999999999942,0.22,0.22,0.5852632931726903,0.15060240963855423,4,498
strong4_t22_mv150,True,,4,2,,,,,150000.0,,,,,,,,,,,,5,7,7,0.22,0.22,,1.0,3,1,0,D:\work\quant\quant_mcp\quant\data_file\reports\strategy_agent_model_application_20260621\formal_5d10d_noncalendar_quality_refine_20260621\signals\strong4_t22_mv150.csv,D:\work\quant\quant_mcp\quant\data_file\reports\strategy_agent_model_application_20260621\formal_5d10d_noncalendar_quality_refine_20260621\logs\strong4_t22_mv150.log,1.0418078431960116,1.90721895826977,0.2587087589756558,0.5636942675159236,318,314,1139,409,0.21999999999999897,0.22,0.22,0.5268235722891569,0.11044176706827309,5,498
strong4_t22_mv100,True,,4,2,,,,,100000.0,,,,,,,,,,,,5,7,7,0.22,0.22,,1.0,3,1,0,D:\work\quant\quant_mcp\quant\data_file\reports\strategy_agent_model_application_20260621\formal_5d10d_noncalendar_quality_refine_20260621\signals\strong4_t22_mv100.csv,D:\work\quant\quant_mcp\quant\data_file\reports\strategy_agent_model_application_20260621\formal_5d10d_noncalendar_quality_refine_20260621\logs\strong4_t22_mv100.log,0.20428435390758853,1.01957063816107,0.15593769238929261,0.5833333333333334,84,84,244,154,0.2199999999999993,0.22,0.22,0.16192888152610438,0.012048192771084338,5,498
strong5_t22_mv150,True,,5,2,,,,,150000.0,,,,,,,,,,,,5,7,7,0.22,0.22,,1.0,3,1,0,D:\work\quant\quant_mcp\quant\data_file\reports\strategy_agent_model_application_20260621\formal_5d10d_noncalendar_quality_refine_20260621\signals\strong5_t22_mv150.csv,D:\work\quant\quant_mcp\quant\data_file\reports\strategy_agent_model_application_20260621\formal_5d10d_noncalendar_quality_refine_20260621\logs\strong5_t22_mv150.log,1.4027209845062065,2.0807202507332945,0.25588975567099626,0.583596214511041,321,317,1307,409,0.22000000000000206,0.22,0.22,0.5444328554216868,0.13654618473895583,4,498
strong4_t22_atr08,True,,4,2,,,,,,0.08,,,,,,,,,,,5,7,7,0.22,0.22,,1.0,3,1,0,D:\work\quant\quant_mcp\quant\data_file\reports\strategy_agent_model_application_20260621\formal_5d10d_noncalendar_quality_refine_20260621\signals\strong4_t22_atr08.csv,D:\work\quant\quant_mcp\quant\data_file\reports\strategy_agent_model_application_20260621\formal_5d10d_noncalendar_quality_refine_20260621\logs\strong4_t22_atr08.log,-0.008026704261749854,-0.20729881673994643,0.05759792488526689,0.25,9,4,31,8,0.21999999999999995,0.22,0.22,0.014193560240963856,0.010040160642570281,5,498
strong4_t22_atr10,True,,4,2,,,,,,0.1,,,,,,,,,,,5,7,7,0.22,0.22,,1.0,3,1,0,D:\work\quant\quant_mcp\quant\data_file\reports\strategy_agent_model_application_20260621\formal_5d10d_noncalendar_quality_refine_20260621\signals\strong4_t22_atr10.csv,D:\work\quant\quant_mcp\quant\data_file\reports\strategy_agent_model_application_20260621\formal_5d10d_noncalendar_quality_refine_20260621\logs\strong4_t22_atr10.log,-0.008026704261749854,-0.20729881673994643,0.05759792488526689,0.25,9,4,32,8,0.21999999999999995,0.22,0.22,0.014193560240963856,0.010040160642570281,5,498
strong4_t22_atr12,True,,4,2,,,,,,0.12,,,,,,,,,,,5,7,7,0.22,0.22,,1.0,3,1,0,D:\work\quant\quant_mcp\quant\data_file\reports\strategy_agent_model_application_20260621\formal_5d10d_noncalendar_quality_refine_20260621\signals\strong4_t22_atr12.csv,D:\work\quant\quant_mcp\quant\data_file\reports\strategy_agent_model_application_20260621\formal_5d10d_noncalendar_quality_refine_20260621\logs\strong4_t22_atr12.log,-0.008026704261749854,-0.20729881673994643,0.05759792488526689,0.25,9,4,32,8,0.21999999999999995,0.22,0.22,0.014193560240963856,0.010040160642570281,5,498
strong4_t22_5d_pos,True,,4,2,,,,,,,0.0,,,,,,,,,,5,7,7,0.22,0.22,,1.0,3,1,0,D:\work\quant\quant_mcp\quant\data_file\reports\strategy_agent_model_application_20260621\formal_5d10d_noncalendar_quality_refine_20260621\signals\strong4_t22_5d_pos.csv,D:\work\quant\quant_mcp\quant\data_file\reports\strategy_agent_model_application_20260621\formal_5d10d_noncalendar_quality_refine_20260621\logs\strong4_t22_5d_pos.log,1.116875746298292,1.6361673582151668,0.3184269005865326,0.5451895043731778,346,343,1483,383,0.22000000000000505,0.22,0.22,0.5978826847389561,0.1646586345381526,5,498
strong5_t22_5d_pos,True,,5,2,,,,,,,0.0,,,,,,,,,,5,7,7,0.22,0.22,,1.0,3,1,0,D:\work\quant\quant_mcp\quant\data_file\reports\strategy_agent_model_application_20260621\formal_5d10d_noncalendar_quality_refine_20260621\signals\strong5_t22_5d_pos.csv,D:\work\quant\quant_mcp\quant\data_file\reports\strategy_agent_model_application_20260621\formal_5d10d_noncalendar_quality_refine_20260621\logs\strong5_t22_5d_pos.log,1.2003662056174706,1.6931413373404993,0.31844579298046277,0.5558739255014327,352,349,1827,383,0.22000000000000924,0.22,0.22,0.6086185562248996,0.18473895582329317,5,498
strong4_t22_10d_pos,True,,4,2,,,,,,,,0.0,,,,,,,,,5,7,7,0.22,0.22,,1.0,3,1,0,D:\work\quant\quant_mcp\quant\data_file\reports\strategy_agent_model_application_20260621\formal_5d10d_noncalendar_quality_refine_20260621\signals\strong4_t22_10d_pos.csv,D:\work\quant\quant_mcp\quant\data_file\reports\strategy_agent_model_application_20260621\formal_5d10d_noncalendar_quality_refine_20260621\logs\strong4_t22_10d_pos.log,2.0799525071757974,2.54869548861048,0.2346196746424754,0.5746478873239437,359,355,1539,392,0.22000000000000586,0.22,0.22,0.6104040722891575,0.1686746987951807,5,498
strong4_t21_10d_pos,True,,4,2,,,,,,,,0.0,,,,,,,,,5,7,7,0.21,0.21,,1.0,3,1,0,D:\work\quant\quant_mcp\quant\data_file\reports\strategy_agent_model_application_20260621\formal_5d10d_noncalendar_quality_refine_20260621\signals\strong4_t21_10d_pos.csv,D:\work\quant\quant_mcp\quant\data_file\reports\strategy_agent_model_application_20260621\formal_5d10d_noncalendar_quality_refine_20260621\logs\strong4_t21_10d_pos.log,1.8879705144523764,2.559315700892958,0.22478358184235472,0.5746478873239437,359,355,1539,392,0.20999999999999783,0.21,0.21,0.5843124277108437,0.17269076305220885,5,498
strong4_t23_10d_pos,True,,4,2,,,,,,,,0.0,,,,,,,,,5,7,7,0.23,0.23,,1.0,3,1,0,D:\work\quant\quant_mcp\quant\data_file\reports\strategy_agent_model_application_20260621\formal_5d10d_noncalendar_quality_refine_20260621\signals\strong4_t23_10d_pos.csv,D:\work\quant\quant_mcp\quant\data_file\reports\strategy_agent_model_application_20260621\formal_5d10d_noncalendar_quality_refine_20260621\logs\strong4_t23_10d_pos.log,2.2880567758291344,2.53708288373883,0.24423830407171748,0.5746478873239437,359,355,1539,392,0.2300000000000018,0.23,0.23,0.6364383895582327,0.1686746987951807,5,498
strong4_t24_10d_pos,True,,4,2,,,,,,,,0.0,,,,,,,,,5,7,7,0.24,0.24,,1.0,3,1,0,D:\work\quant\quant_mcp\quant\data_file\reports\strategy_agent_model_application_20260621\formal_5d10d_noncalendar_quality_refine_20260621\signals\strong4_t24_10d_pos.csv,D:\work\quant\quant_mcp\quant\data_file\reports\strategy_agent_model_application_20260621\formal_5d10d_noncalendar_quality_refine_20260621\logs\strong4_t24_10d_pos.log,2.510145758891681,2.5234752605963235,0.25386119760650416,0.5746478873239437,359,355,1539,392,0.24000000000000515,0.24,0.24,0.6623374417670683,0.16666666666666666,5,498
strong5_t20_10d_pos,True,,5,2,,,,,,,,0.0,,,,,,,,,5,7,7,0.2,0.2,,1.0,3,1,0,D:\work\quant\quant_mcp\quant\data_file\reports\strategy_agent_model_application_20260621\formal_5d10d_noncalendar_quality_refine_20260621\signals\strong5_t20_10d_pos.csv,D:\work\quant\quant_mcp\quant\data_file\reports\strategy_agent_model_application_20260621\formal_5d10d_noncalendar_quality_refine_20260621\logs\strong5_t20_10d_pos.log,1.9765396360170104,2.6839592676584214,0.21488649581128794,0.590027700831025,365,361,1901,392,0.19999999999999316,0.2,0.2,0.5770035200803212,0.09839357429718876,5,498
strong5_t202_10d_pos,True,,5,2,,,,,,,,0.0,,,,,,,,,5,7,7,0.202,0.202,,1.0,3,1,0,D:\work\quant\quant_mcp\quant\data_file\reports\strategy_agent_model_application_20260621\formal_5d10d_noncalendar_quality_refine_20260621\signals\strong5_t202_10d_pos.csv,D:\work\quant\quant_mcp\quant\data_file\reports\strategy_agent_model_application_20260621\formal_5d10d_noncalendar_quality_refine_20260621\logs\strong5_t202_10d_pos.log,2.0052916162435,2.6769438527271276,0.21688514303744857,0.590027700831025,365,361,1901,392,0.20199999999999843,0.202,0.202,0.5818532650602414,0.1646586345381526,5,498
strong5_t205_10d_pos,True,,5,2,,,,,,,,0.0,,,,,,,,,5,7,7,0.205,0.205,,1.0,3,1,0,D:\work\quant\quant_mcp\quant\data_file\reports\strategy_agent_model_application_20260621\formal_5d10d_noncalendar_quality_refine_20260621\signals\strong5_t205_10d_pos.csv,D:\work\quant\quant_mcp\quant\data_file\reports\strategy_agent_model_application_20260621\formal_5d10d_noncalendar_quality_refine_20260621\logs\strong5_t205_10d_pos.log,2.0402443685681773,2.6624261017720507,0.2199694795173628,0.590027700831025,365,361,1901,392,0.20499999999999816,0.205,0.205,0.5889309799196788,0.1927710843373494,5,498
strong5_t208_10d_pos,True,,5,2,,,,,,,,0.0,,,,,,,,,5,7,7,0.208,0.208,,1.0,3,1,0,D:\work\quant\quant_mcp\quant\data_file\reports\strategy_agent_model_application_20260621\formal_5d10d_noncalendar_quality_refine_20260621\signals\strong5_t208_10d_pos.csv,D:\work\quant\quant_mcp\quant\data_file\reports\strategy_agent_model_application_20260621\formal_5d10d_noncalendar_quality_refine_20260621\logs\strong5_t208_10d_pos.log,2.0711921409822422,2.64499793924393,0.22289517508761525,0.590027700831025,365,361,1901,392,0.2080000000000085,0.208,0.208,0.595937186746987,0.19477911646586346,5,498
strong5_t21_10d_pos,True,,5,2,,,,,,,,0.0,,,,,,,,,5,7,7,0.21,0.21,,1.0,3,1,0,D:\work\quant\quant_mcp\quant\data_file\reports\strategy_agent_model_application_20260621\formal_5d10d_noncalendar_quality_refine_20260621\signals\strong5_t21_10d_pos.csv,D:\work\quant\quant_mcp\quant\data_file\reports\strategy_agent_model_application_20260621\formal_5d10d_noncalendar_quality_refine_20260621\logs\strong5_t21_10d_pos.log,2.092324463481038,2.633311462075202,0.22477607005972414,0.590027700831025,365,361,1901,392,0.20999999999999433,0.21,0.21,0.6005550783132537,0.19678714859437751,5,498
strong5_t22_10d_pos,True,,5,2,,,,,,,,0.0,,,,,,,,,5,7,7,0.22,0.22,,1.0,3,1,0,D:\work\quant\quant_mcp\quant\data_file\reports\strategy_agent_model_application_20260621\formal_5d10d_noncalendar_quality_refine_20260621\signals\strong5_t22_10d_pos.csv,D:\work\quant\quant_mcp\quant\data_file\reports\strategy_agent_model_application_20260621\formal_5d10d_noncalendar_quality_refine_20260621\logs\strong5_t22_10d_pos.log,2.2027260862743887,2.57534583676658,0.23461651921287496,0.590027700831025,365,361,1901,392,0.22000000000000994,0.22,0.22,0.6235749056224904,0.19477911646586346,5,498
strong5_mp6_t17_10d_pos,True,,5,2,,,,,,,,0.0,,,,,,,,,6,7,7,0.17,0.17,,1.0,3,1,0,D:\work\quant\quant_mcp\quant\data_file\reports\strategy_agent_model_application_20260621\formal_5d10d_noncalendar_quality_refine_20260621\signals\strong5_mp6_t17_10d_pos.csv,D:\work\quant\quant_mcp\quant\data_file\reports\strategy_agent_model_application_20260621\formal_5d10d_noncalendar_quality_refine_20260621\logs\strong5_mp6_t17_10d_pos.log,1.4079936350244393,2.166152442811092,0.3357743251033896,0.6051948051948052,390,385,1901,392,0.16999999999999893,0.17,0.17,0.6112778875502008,0.13855421686746988,6,498
strong5_mp7_t145_10d_pos,True,,5,2,,,,,,,,0.0,,,,,,,,,7,7,7,0.145,0.145,,1.0,3,1,0,D:\work\quant\quant_mcp\quant\data_file\reports\strategy_agent_model_application_20260621\formal_5d10d_noncalendar_quality_refine_20260621\signals\strong5_mp7_t145_10d_pos.csv,D:\work\quant\quant_mcp\quant\data_file\reports\strategy_agent_model_application_20260621\formal_5d10d_noncalendar_quality_refine_20260621\logs\strong5_mp7_t145_10d_pos.log,1.2510030563493126,2.0560970193678685,0.24201037375750264,0.6078431372549019,414,408,1901,392,0.14500000000000285,0.145,0.145,0.627657893574297,0.07228915662650602,6,498
strong5_mp8_t125_10d_pos,True,,5,2,,,,,,,,0.0,,,,,,,,,8,7,7,0.125,0.125,,1.0,3,1,0,D:\work\quant\quant_mcp\quant\data_file\reports\strategy_agent_model_application_20260621\formal_5d10d_noncalendar_quality_refine_20260621\signals\strong5_mp8_t125_10d_pos.csv,D:\work\quant\quant_mcp\quant\data_file\reports\strategy_agent_model_application_20260621\formal_5d10d_noncalendar_quality_refine_20260621\logs\strong5_mp8_t125_10d_pos.log,0.9069799564211699,1.791683645620748,0.23017993888438784,0.5910165484633569,431,423,1901,392,0.125,0.125,0.125,0.6235619056224907,0.030120481927710843,8,498
strong5_mp10_t10_10d_pos,True,,5,2,,,,,,,,0.0,,,,,,,,,10,7,7,0.1,0.1,,1.0,3,1,0,D:\work\quant\quant_mcp\quant\data_file\reports\strategy_agent_model_application_20260621\formal_5d10d_noncalendar_quality_refine_20260621\signals\strong5_mp10_t10_10d_pos.csv,D:\work\quant\quant_mcp\quant\data_file\reports\strategy_agent_model_application_20260621\formal_5d10d_noncalendar_quality_refine_20260621\logs\strong5_mp10_t10_10d_pos.log,0.8447871966971087,1.6593461675087375,0.24869619565425197,0.5835294117647059,434,425,1901,392,0.09999999999999658,0.1,0.1,0.6731602349397586,0.45180722891566266,9,498
strong6_mp6_t17_10d_pos,True,,6,2,,,,,,,,0.0,,,,,,,,,6,7,7,0.17,0.17,,1.0,3,1,0,D:\work\quant\quant_mcp\quant\data_file\reports\strategy_agent_model_application_20260621\formal_5d10d_noncalendar_quality_refine_20260621\signals\strong6_mp6_t17_10d_pos.csv,D:\work\quant\quant_mcp\quant\data_file\reports\strategy_agent_model_application_20260621\formal_5d10d_noncalendar_quality_refine_20260621\logs\strong6_mp6_t17_10d_pos.log,1.4079936350244393,2.1661524428110925,0.3357743251033896,0.6051948051948052,390,385,1901,392,0.16999999999999893,0.17,0.17,0.6112778875502008,0.13855421686746988,6,498
strong6_mp8_t125_10d_pos,True,,6,2,,,,,,,,0.0,,,,,,,,,8,7,7,0.125,0.125,,1.0,3,1,0,D:\work\quant\quant_mcp\quant\data_file\reports\strategy_agent_model_application_20260621\formal_5d10d_noncalendar_quality_refine_20260621\signals\strong6_mp8_t125_10d_pos.csv,D:\work\quant\quant_mcp\quant\data_file\reports\strategy_agent_model_application_20260621\formal_5d10d_noncalendar_quality_refine_20260621\logs\strong6_mp8_t125_10d_pos.log,0.9069799564211699,1.791683645620748,0.23017993888438784,0.5910165484633569,431,423,1901,392,0.125,0.125,0.125,0.6235619056224907,0.030120481927710843,8,498
strong8_mp8_t125_10d_pos,True,,8,2,,,,,,,,0.0,,,,,,,,,8,7,7,0.125,0.125,,1.0,3,1,0,D:\work\quant\quant_mcp\quant\data_file\reports\strategy_agent_model_application_20260621\formal_5d10d_noncalendar_quality_refine_20260621\signals\strong8_mp8_t125_10d_pos.csv,D:\work\quant\quant_mcp\quant\data_file\reports\strategy_agent_model_application_20260621\formal_5d10d_noncalendar_quality_refine_20260621\logs\strong8_mp8_t125_10d_pos.log,0.9069799564211699,1.791683645620748,0.23017993888438784,0.5910165484633569,431,423,1901,392,0.125,0.125,0.125,0.6235619056224907,0.030120481927710843,8,498
strong8_mp10_t10_10d_pos,True,,8,2,,,,,,,,0.0,,,,,,,,,10,7,7,0.1,0.1,,1.0,3,1,0,D:\work\quant\quant_mcp\quant\data_file\reports\strategy_agent_model_application_20260621\formal_5d10d_noncalendar_quality_refine_20260621\signals\strong8_mp10_t10_10d_pos.csv,D:\work\quant\quant_mcp\quant\data_file\reports\strategy_agent_model_application_20260621\formal_5d10d_noncalendar_quality_refine_20260621\logs\strong8_mp10_t10_10d_pos.log,0.8447871966971087,1.6593461675087366,0.24869619565425197,0.5835294117647059,434,425,1901,392,0.09999999999999658,0.1,0.1,0.6731602349397586,0.45180722891566266,9,498
strong10_mp10_t10_10d_pos,True,,10,2,,,,,,,,0.0,,,,,,,,,10,7,7,0.1,0.1,,1.0,3,1,0,D:\work\quant\quant_mcp\quant\data_file\reports\strategy_agent_model_application_20260621\formal_5d10d_noncalendar_quality_refine_20260621\signals\strong10_mp10_t10_10d_pos.csv,D:\work\quant\quant_mcp\quant\data_file\reports\strategy_agent_model_application_20260621\formal_5d10d_noncalendar_quality_refine_20260621\logs\strong10_mp10_t10_10d_pos.log,0.8447871966971087,1.659346167508737,0.24869619565425197,0.5835294117647059,434,425,1901,392,0.09999999999999658,0.1,0.1,0.6731602349397586,0.45180722891566266,9,498
strong8_mp12_t085_10d_pos,True,,8,2,,,,,,,,0.0,,,,,,,,,12,7,7,0.085,0.085,,1.0,3,1,0,D:\work\quant\quant_mcp\quant\data_file\reports\strategy_agent_model_application_20260621\formal_5d10d_noncalendar_quality_refine_20260621\signals\strong8_mp12_t085_10d_pos.csv,D:\work\quant\quant_mcp\quant\data_file\reports\strategy_agent_model_application_20260621\formal_5d10d_noncalendar_quality_refine_20260621\logs\strong8_mp12_t085_10d_pos.log,1.1369368948935845,2.0297533541662127,0.21469335241395857,0.6407322654462243,448,437,1901,392,0.08499999999999946,0.085,0.085,0.6690277108433744,0.46586345381526106,11,498
strong10_mp12_t085_10d_pos,True,,10,2,,,,,,,,0.0,,,,,,,,,12,7,7,0.085,0.085,,1.0,3,1,0,D:\work\quant\quant_mcp\quant\data_file\reports\strategy_agent_model_application_20260621\formal_5d10d_noncalendar_quality_refine_20260621\signals\strong10_mp12_t085_10d_pos.csv,D:\work\quant\quant_mcp\quant\data_file\reports\strategy_agent_model_application_20260621\formal_5d10d_noncalendar_quality_refine_20260621\logs\strong10_mp12_t085_10d_pos.log,1.1369368948935845,2.0297533541662127,0.21469335241395857,0.6407322654462243,448,437,1901,392,0.08499999999999946,0.085,0.085,0.6690277108433744,0.46586345381526106,11,498
strong5_10d_pos_rw2422201816,True,,5,2,,,,,,,,0.0,,,,,,,,,5,7,7,0.202,0.24,"{1: 0.24, 2: 0.22, 3: 0.2, 4: 0.18, 5: 0.16}",1.0,3,1,0,D:\work\quant\quant_mcp\quant\data_file\reports\strategy_agent_model_application_20260621\formal_5d10d_noncalendar_quality_refine_20260621\signals\strong5_10d_pos_rw2422201816.csv,D:\work\quant\quant_mcp\quant\data_file\reports\strategy_agent_model_application_20260621\formal_5d10d_noncalendar_quality_refine_20260621\logs\strong5_10d_pos_rw2422201816.log,2.2046660918704046,2.6398423976904675,0.2397163130895579,0.590027700831025,365,361,1901,392,0.2003577064702824,0.24,0.16,0.613957923694779,0.19076305220883535,5,498
strong5_10d_pos_rw2523201815,True,,5,2,,,,,,,,0.0,,,,,,,,,5,7,7,0.202,0.25,"{1: 0.25, 2: 0.23, 3: 0.2, 4: 0.18, 5: 0.15}",1.0,3,1,0,D:\work\quant\quant_mcp\quant\data_file\reports\strategy_agent_model_application_20260621\formal_5d10d_noncalendar_quality_refine_20260621\signals\strong5_10d_pos_rw2523201815.csv,D:\work\quant\quant_mcp\quant\data_file\reports\strategy_agent_model_application_20260621\formal_5d10d_noncalendar_quality_refine_20260621\logs\strong5_10d_pos_rw2523201815.log,2.2934236952130105,2.6157568700046747,0.24725404171405252,0.590027700831025,365,361,1901,392,0.20246186217780046,0.25,0.15,0.6273309497991968,0.20080321285140562,5,498
strong5_10d_pos_rw2623201715,True,,5,2,,,,,,,,0.0,,,,,,,,,5,7,7,0.202,0.26,"{1: 0.26, 2: 0.23, 3: 0.2, 4: 0.17, 5: 0.15}",1.0,3,1,0,D:\work\quant\quant_mcp\quant\data_file\reports\strategy_agent_model_application_20260621\formal_5d10d_noncalendar_quality_refine_20260621\signals\strong5_10d_pos_rw2623201715.csv,D:\work\quant\quant_mcp\quant\data_file\reports\strategy_agent_model_application_20260621\formal_5d10d_noncalendar_quality_refine_20260621\logs\strong5_10d_pos_rw2623201715.log,2.3147354799202913,2.610592271699334,0.25433324750656794,0.590027700831025,365,361,1901,392,0.20244082062072338,0.26,0.15,0.631454831325301,0.1927710843373494,5,498
strong5_10d_pos_rw2624211713,True,,5,2,,,,,,,,0.0,,,,,,,,,5,7,7,0.202,0.26,"{1: 0.26, 2: 0.24, 3: 0.21, 4: 0.17, 5: 0.13}",1.0,3,1,0,D:\work\quant\quant_mcp\quant\data_file\reports\strategy_agent_model_application_20260621\formal_5d10d_noncalendar_quality_refine_20260621\signals\strong5_10d_pos_rw2624211713.csv,D:\work\quant\quant_mcp\quant\data_file\reports\strategy_agent_model_application_20260621\formal_5d10d_noncalendar_quality_refine_20260621\logs\strong5_10d_pos_rw2624211713.log,2.4340700241254987,2.6033665475416563,0.25947094838249085,0.590027700831025,365,361,1901,392,0.20268805891635835,0.26,0.13,0.6448586184738949,0.19477911646586346,5,498
strong4_10d_pos_rw25232119,True,,4,2,,,,,,,,0.0,,,,,,,,,5,7,7,0.22,0.25,"{1: 0.25, 2: 0.23, 3: 0.21, 4: 0.19}",1.0,3,1,0,D:\work\quant\quant_mcp\quant\data_file\reports\strategy_agent_model_application_20260621\formal_5d10d_noncalendar_quality_refine_20260621\signals\strong4_10d_pos_rw25232119.csv,D:\work\quant\quant_mcp\quant\data_file\reports\strategy_agent_model_application_20260621\formal_5d10d_noncalendar_quality_refine_20260621\logs\strong4_10d_pos_rw25232119.log,2.2117126017090762,2.5609356650983024,0.24959428507185077,0.5746478873239437,359,355,1539,392,0.21985055230669154,0.25,0.19,0.6266873594377512,0.16265060240963855,5,498
strong5_t205_10d_pos_h6,True,,5,2,,,,,,,,0.0,,,,,,,,,5,6,6,0.205,0.205,,1.0,3,1,0,D:\work\quant\quant_mcp\quant\data_file\reports\strategy_agent_model_application_20260621\formal_5d10d_noncalendar_quality_refine_20260621\signals\strong5_t205_10d_pos_h6.csv,D:\work\quant\quant_mcp\quant\data_file\reports\strategy_agent_model_application_20260621\formal_5d10d_noncalendar_quality_refine_20260621\logs\strong5_t205_10d_pos_h6.log,1.0957160252366727,2.068593044915337,0.31594616515718027,0.5571030640668524,364,359,1901,392,0.20499999999999816,0.205,0.205,0.5628532208835338,0.14056224899598393,5,498
strong5_t205_10d_pos_h8,True,,5,2,,,,,,,,0.0,,,,,,,,,5,8,8,0.205,0.205,,1.0,3,1,0,D:\work\quant\quant_mcp\quant\data_file\reports\strategy_agent_model_application_20260621\formal_5d10d_noncalendar_quality_refine_20260621\signals\strong5_t205_10d_pos_h8.csv,D:\work\quant\quant_mcp\quant\data_file\reports\strategy_agent_model_application_20260621\formal_5d10d_noncalendar_quality_refine_20260621\logs\strong5_t205_10d_pos_h8.log,1.1117778779219827,1.6061273612073,0.3224292096661697,0.5668604651162791,349,344,1901,392,0.20499999999999816,0.205,0.205,0.6674788333333329,0.2570281124497992,5,498
strong5_t205_10d_pos_exit098_mh2,True,,5,2,,,,,,,,0.0,,,,,,,,,5,7,7,0.205,0.205,,0.98,2,1,0,D:\work\quant\quant_mcp\quant\data_file\reports\strategy_agent_model_application_20260621\formal_5d10d_noncalendar_quality_refine_20260621\signals\strong5_t205_10d_pos_exit098_mh2.csv,D:\work\quant\quant_mcp\quant\data_file\reports\strategy_agent_model_application_20260621\formal_5d10d_noncalendar_quality_refine_20260621\logs\strong5_t205_10d_pos_exit098_mh2.log,1.1752230260692131,2.0696380289646306,0.2694923622772277,0.6042402826855123,288,283,1901,392,0.20499999999999816,0.205,0.205,0.592028983935743,0.28313253012048195,5,498
strong5_t205_10d_pos_exit102_mh3,True,,5,2,,,,,,,,0.0,,,,,,,,,5,7,7,0.205,0.205,,1.02,3,1,0,D:\work\quant\quant_mcp\quant\data_file\reports\strategy_agent_model_application_20260621\formal_5d10d_noncalendar_quality_refine_20260621\signals\strong5_t205_10d_pos_exit102_mh3.csv,D:\work\quant\quant_mcp\quant\data_file\reports\strategy_agent_model_application_20260621\formal_5d10d_noncalendar_quality_refine_20260621\logs\strong5_t205_10d_pos_exit102_mh3.log,1.4919579069049058,2.1528031258585356,0.2936039966203794,0.558974358974359,394,390,1901,392,0.20499999999999816,0.205,0.205,0.5801502991967867,0.13855421686746988,5,498
strong5_t205_10d_pos_sell2,True,,5,2,,,,,,,,0.0,,,,,,,,,5,7,7,0.205,0.205,,1.0,3,2,0,D:\work\quant\quant_mcp\quant\data_file\reports\strategy_agent_model_application_20260621\formal_5d10d_noncalendar_quality_refine_20260621\signals\strong5_t205_10d_pos_sell2.csv,D:\work\quant\quant_mcp\quant\data_file\reports\strategy_agent_model_application_20260621\formal_5d10d_noncalendar_quality_refine_20260621\logs\strong5_t205_10d_pos_sell2.log,0.8398597434456088,1.6411760117038772,0.3405637178387224,0.5802469135802469,409,405,1901,392,0.20499999999999816,0.205,0.205,0.5453637469879516,0.2751004016064257,4,498
strong5_t205_10d_pos_sl06,True,,5,2,,,,,,,,0.0,,,,,,,,,5,7,7,0.205,0.205,,1.0,3,1,0,D:\work\quant\quant_mcp\quant\data_file\reports\strategy_agent_model_application_20260621\formal_5d10d_noncalendar_quality_refine_20260621\signals\strong5_t205_10d_pos_sl06.csv,D:\work\quant\quant_mcp\quant\data_file\reports\strategy_agent_model_application_20260621\formal_5d10d_noncalendar_quality_refine_20260621\logs\strong5_t205_10d_pos_sl06.log,2.0402443685681773,2.6624261017720503,0.2199694795173628,0.590027700831025,365,361,1901,392,0.20499999999999816,0.205,0.205,0.5889309799196788,0.1927710843373494,5,498
strong5_t205_10d_pos_slnone,True,,5,2,,,,,,,,0.0,,,,,,,,,5,7,7,0.205,0.205,,1.0,3,1,0,D:\work\quant\quant_mcp\quant\data_file\reports\strategy_agent_model_application_20260621\formal_5d10d_noncalendar_quality_refine_20260621\signals\strong5_t205_10d_pos_slnone.csv,D:\work\quant\quant_mcp\quant\data_file\reports\strategy_agent_model_application_20260621\formal_5d10d_noncalendar_quality_refine_20260621\logs\strong5_t205_10d_pos_slnone.log,2.0402443685681773,2.6624261017720503,0.2199694795173628,0.590027700831025,365,361,1901,392,0.20499999999999816,0.205,0.205,0.5889309799196788,0.1927710843373494,5,498
strong5_t202_10d_pos_idx035_s075,True,,5,2,,,,,,,,0.0,,,,,,,,,5,7,7,0.202,0.202,,1.0,3,1,0,D:\work\quant\quant_mcp\quant\data_file\reports\strategy_agent_model_application_20260621\formal_5d10d_noncalendar_quality_refine_20260621\signals\strong5_t202_10d_pos_idx035_s075.csv,D:\work\quant\quant_mcp\quant\data_file\reports\strategy_agent_model_application_20260621\formal_5d10d_noncalendar_quality_refine_20260621\logs\strong5_t202_10d_pos_idx035_s075.log,1.215091931639207,2.150913111392766,0.2732584896420051,0.5760869565217391,372,368,1901,392,0.20199999999999843,0.202,0.202,0.5615405381526105,0.15461847389558234,5,498
strong5_t202_10d_pos_idx025_s075,True,,5,2,,,,,,,,0.0,,,,,,,,,5,7,7,0.202,0.202,,1.0,3,1,0,D:\work\quant\quant_mcp\quant\data_file\reports\strategy_agent_model_application_20260621\formal_5d10d_noncalendar_quality_refine_20260621\signals\strong5_t202_10d_pos_idx025_s075.csv,D:\work\quant\quant_mcp\quant\data_file\reports\strategy_agent_model_application_20260621\formal_5d10d_noncalendar_quality_refine_20260621\logs\strong5_t202_10d_pos_idx025_s075.log,1.3453281431066264,2.316001930370177,0.28086750183308895,0.5773195876288659,392,388,1901,392,0.20199999999999843,0.202,0.202,0.5425784879518075,0.12650602409638553,5,498
strong5_t202_10d_pos_idx02_s05,True,,5,2,,,,,,,,0.0,,,,,,,,,5,7,7,0.202,0.202,,1.0,3,1,0,D:\work\quant\quant_mcp\quant\data_file\reports\strategy_agent_model_application_20260621\formal_5d10d_noncalendar_quality_refine_20260621\signals\strong5_t202_10d_pos_idx02_s05.csv,D:\work\quant\quant_mcp\quant\data_file\reports\strategy_agent_model_application_20260621\formal_5d10d_noncalendar_quality_refine_20260621\logs\strong5_t202_10d_pos_idx02_s05.log,0.9104011789885041,2.0163307256913914,0.22861683219448042,0.5375302663438256,417,413,1901,392,0.20199999999999843,0.202,0.202,0.4711020100401606,0.09839357429718876,5,498
strong5_t202_10d_pos_eqdd_loose,True,,5,2,,,,,,,,0.0,,,,,,,,,5,7,7,0.202,0.202,,1.0,3,1,0,D:\work\quant\quant_mcp\quant\data_file\reports\strategy_agent_model_application_20260621\formal_5d10d_noncalendar_quality_refine_20260621\signals\strong5_t202_10d_pos_eqdd_loose.csv,D:\work\quant\quant_mcp\quant\data_file\reports\strategy_agent_model_application_20260621\formal_5d10d_noncalendar_quality_refine_20260621\logs\strong5_t202_10d_pos_eqdd_loose.log,1.968995840969593,2.700124730473785,0.20915862400569946,0.590027700831025,365,361,1901,392,0.20199999999999843,0.202,0.202,0.57104115060241,0.142570281124498,5,498
strong5_t205_10d_pos_eqdd_loose,True,,5,2,,,,,,,,0.0,,,,,,,,,5,7,7,0.205,0.205,,1.0,3,1,0,D:\work\quant\quant_mcp\quant\data_file\reports\strategy_agent_model_application_20260621\formal_5d10d_noncalendar_quality_refine_20260621\signals\strong5_t205_10d_pos_eqdd_loose.csv,D:\work\quant\quant_mcp\quant\data_file\reports\strategy_agent_model_application_20260621\formal_5d10d_noncalendar_quality_refine_20260621\logs\strong5_t205_10d_pos_eqdd_loose.log,2.015867906521358,2.6921755792920754,0.21213008510027564,0.590027700831025,365,361,1901,392,0.20499999999999816,0.205,0.205,0.5780646164658635,0.1646586345381526,5,498
strong5_t205_10d_pos_eqdd_mh10_c100,True,,5,2,,,,,,,,0.0,,,,,,,,,5,7,10,0.205,0.205,,1.0,3,1,0,D:\work\quant\quant_mcp\quant\data_file\reports\strategy_agent_model_application_20260621\formal_5d10d_noncalendar_quality_refine_20260621\signals\strong5_t205_10d_pos_eqdd_mh10_c100.csv,D:\work\quant\quant_mcp\quant\data_file\reports\strategy_agent_model_application_20260621\formal_5d10d_noncalendar_quality_refine_20260621\logs\strong5_t205_10d_pos_eqdd_mh10_c100.log,1.584921313445642,2.460078174637077,0.24046886772743786,0.5795795795795796,338,333,1901,392,0.20499999999999816,0.205,0.205,0.5612754497991966,0.13654618473895583,4,498
strong5_t205_10d_pos_eqdd_mh14_c100,True,,5,2,,,,,,,,0.0,,,,,,,,,5,7,14,0.205,0.205,,1.0,3,1,0,D:\work\quant\quant_mcp\quant\data_file\reports\strategy_agent_model_application_20260621\formal_5d10d_noncalendar_quality_refine_20260621\signals\strong5_t205_10d_pos_eqdd_mh14_c100.csv,D:\work\quant\quant_mcp\quant\data_file\reports\strategy_agent_model_application_20260621\formal_5d10d_noncalendar_quality_refine_20260621\logs\strong5_t205_10d_pos_eqdd_mh14_c100.log,1.4488211207091484,2.3136726317662943,0.25875581199199293,0.5963302752293578,331,327,1901,392,0.20499999999999816,0.205,0.205,0.5810635863453816,0.1686746987951807,5,498
strong5_t205_10d_pos_eqdd_mh10_c105,True,,5,2,,,,,,,,0.0,,,,,,,,,5,7,10,0.205,0.205,,1.0,3,1,0,D:\work\quant\quant_mcp\quant\data_file\reports\strategy_agent_model_application_20260621\formal_5d10d_noncalendar_quality_refine_20260621\signals\strong5_t205_10d_pos_eqdd_mh10_c105.csv,D:\work\quant\quant_mcp\quant\data_file\reports\strategy_agent_model_application_20260621\formal_5d10d_noncalendar_quality_refine_20260621\logs\strong5_t205_10d_pos_eqdd_mh10_c105.log,2.0029871470615426,2.751443171176191,0.23728950984856728,0.6,354,350,1901,392,0.20499999999999816,0.205,0.205,0.578414887550201,0.15261044176706828,5,498
strong5_t203_10d_pos_eqdd_mh10_c105,True,,5,2,,,,,,,,0.0,,,,,,,,,5,7,10,0.203,0.203,,1.0,3,1,0,D:\work\quant\quant_mcp\quant\data_file\reports\strategy_agent_model_application_20260621\formal_5d10d_noncalendar_quality_refine_20260621\signals\strong5_t203_10d_pos_eqdd_mh10_c105.csv,D:\work\quant\quant_mcp\quant\data_file\reports\strategy_agent_model_application_20260621\formal_5d10d_noncalendar_quality_refine_20260621\logs\strong5_t203_10d_pos_eqdd_mh10_c105.log,1.9655972922370515,2.7533087740980418,0.23541415173734123,0.6,354,350,1901,392,0.2029999999999931,0.203,0.203,0.5738376606425707,0.14859437751004015,5,498
strong5_t204_10d_pos_eqdd_mh10_c105,True,,5,2,,,,,,,,0.0,,,,,,,,,5,7,10,0.204,0.204,,1.0,3,1,0,D:\work\quant\quant_mcp\quant\data_file\reports\strategy_agent_model_application_20260621\formal_5d10d_noncalendar_quality_refine_20260621\signals\strong5_t204_10d_pos_eqdd_mh10_c105.csv,D:\work\quant\quant_mcp\quant\data_file\reports\strategy_agent_model_application_20260621\formal_5d10d_noncalendar_quality_refine_20260621\logs\strong5_t204_10d_pos_eqdd_mh10_c105.log,1.9847906515881009,2.7525366416811243,0.2361715781002462,0.6,354,350,1901,392,0.2040000000000042,0.204,0.204,0.5760965903614459,0.15261044176706828,5,498
strong5_t206_10d_pos_eqdd_mh10_c105,True,,5,2,,,,,,,,0.0,,,,,,,,,5,7,10,0.206,0.206,,1.0,3,1,0,D:\work\quant\quant_mcp\quant\data_file\reports\strategy_agent_model_application_20260621\formal_5d10d_noncalendar_quality_refine_20260621\signals\strong5_t206_10d_pos_eqdd_mh10_c105.csv,D:\work\quant\quant_mcp\quant\data_file\reports\strategy_agent_model_application_20260621\formal_5d10d_noncalendar_quality_refine_20260621\logs\strong5_t206_10d_pos_eqdd_mh10_c105.log,2.0216972112318357,2.7502579032827343,0.2385130373923438,0.6,354,350,1901,392,0.20600000000000307,0.206,0.206,0.5806927791164661,0.15261044176706828,5,498
strong5_t207_10d_pos_eqdd_mh10_c105,True,,5,2,,,,,,,,0.0,,,,,,,,,5,7,10,0.207,0.207,,1.0,3,1,0,D:\work\quant\quant_mcp\quant\data_file\reports\strategy_agent_model_application_20260621\formal_5d10d_noncalendar_quality_refine_20260621\signals\strong5_t207_10d_pos_eqdd_mh10_c105.csv,D:\work\quant\quant_mcp\quant\data_file\reports\strategy_agent_model_application_20260621\formal_5d10d_noncalendar_quality_refine_20260621\logs\strong5_t207_10d_pos_eqdd_mh10_c105.log,2.040079055055694,2.7492475946475428,0.23962473742077328,0.6,354,350,1901,392,0.20699999999999477,0.207,0.207,0.5829530140562246,0.15261044176706828,5,498
strong5_t205_10d_pos_eqdd_mh9_c105,True,,5,2,,,,,,,,0.0,,,,,,,,,5,7,9,0.205,0.205,,1.0,3,1,0,D:\work\quant\quant_mcp\quant\data_file\reports\strategy_agent_model_application_20260621\formal_5d10d_noncalendar_quality_refine_20260621\signals\strong5_t205_10d_pos_eqdd_mh9_c105.csv,D:\work\quant\quant_mcp\quant\data_file\reports\strategy_agent_model_application_20260621\formal_5d10d_noncalendar_quality_refine_20260621\logs\strong5_t205_10d_pos_eqdd_mh9_c105.log,1.4306250243051617,2.032564738275226,0.2986544567920006,0.5855072463768116,351,345,1901,392,0.20499999999999816,0.205,0.205,0.6286268574297179,0.13855421686746988,6,498
strong5_t205_10d_pos_eqdd_mh12_c105,True,,5,2,,,,,,,,0.0,,,,,,,,,5,7,12,0.205,0.205,,1.0,3,1,0,D:\work\quant\quant_mcp\quant\data_file\reports\strategy_agent_model_application_20260621\formal_5d10d_noncalendar_quality_refine_20260621\signals\strong5_t205_10d_pos_eqdd_mh12_c105.csv,D:\work\quant\quant_mcp\quant\data_file\reports\strategy_agent_model_application_20260621\formal_5d10d_noncalendar_quality_refine_20260621\logs\strong5_t205_10d_pos_eqdd_mh12_c105.log,1.491298966117665,2.443025998678466,0.2965419382370034,0.5668604651162791,348,344,1901,392,0.20499999999999816,0.205,0.205,0.5714774136546186,0.14056224899598393,5,498
strong5_t205_10d_pos_eqdd_mh10_c102,True,,5,2,,,,,,,,0.0,,,,,,,,,5,7,10,0.205,0.205,,1.0,3,1,0,D:\work\quant\quant_mcp\quant\data_file\reports\strategy_agent_model_application_20260621\formal_5d10d_noncalendar_quality_refine_20260621\signals\strong5_t205_10d_pos_eqdd_mh10_c102.csv,D:\work\quant\quant_mcp\quant\data_file\reports\strategy_agent_model_application_20260621\formal_5d10d_noncalendar_quality_refine_20260621\logs\strong5_t205_10d_pos_eqdd_mh10_c102.log,2.0570864925901073,2.7832281780602246,0.23728950984856728,0.6017191977077364,353,349,1901,392,0.20499999999999816,0.205,0.205,0.5785811305220887,0.15261044176706828,5,498
strong5_t204_10d_pos_eqdd_mh10_c102,True,,5,2,,,,,,,,0.0,,,,,,,,,5,7,10,0.204,0.204,,1.0,3,1,0,D:\work\quant\quant_mcp\quant\data_file\reports\strategy_agent_model_application_20260621\formal_5d10d_noncalendar_quality_refine_20260621\signals\strong5_t204_10d_pos_eqdd_mh10_c102.csv,D:\work\quant\quant_mcp\quant\data_file\reports\strategy_agent_model_application_20260621\formal_5d10d_noncalendar_quality_refine_20260621\logs\strong5_t204_10d_pos_eqdd_mh10_c102.log,2.038389776709031,2.7844492649457715,0.2361715781002462,0.6017191977077364,353,349,1901,392,0.2040000000000042,0.204,0.204,0.5762732429718878,0.14859437751004015,5,498
strong5_t204_10d_pos_eqdd_mh10_c102_cash100,True,,5,2,,,,,,,,0.0,,,,,,,,,5,7,10,0.204,0.204,,1.0,3,1,0,D:\work\quant\quant_mcp\quant\data_file\reports\strategy_agent_model_application_20260621\formal_5d10d_noncalendar_quality_refine_20260621\signals\strong5_t204_10d_pos_eqdd_mh10_c102_cash100.csv,D:\work\quant\quant_mcp\quant\data_file\reports\strategy_agent_model_application_20260621\formal_5d10d_noncalendar_quality_refine_20260621\logs\strong5_t204_10d_pos_eqdd_mh10_c102_cash100.log,2.038253868575553,2.7842501389103695,0.2361715781002462,0.6017191977077364,353,349,1901,392,0.2040000000000042,0.204,0.204,0.5763588895582328,0.15461847389558234,5,498
strong5_t204_10d_pos_eqdd_mh10_c102_cash990,True,,5,2,,,,,,,,0.0,,,,,,,,,5,7,10,0.204,0.204,,1.0,3,1,0,D:\work\quant\quant_mcp\quant\data_file\reports\strategy_agent_model_application_20260621\formal_5d10d_noncalendar_quality_refine_20260621\signals\strong5_t204_10d_pos_eqdd_mh10_c102_cash990.csv,D:\work\quant\quant_mcp\quant\data_file\reports\strategy_agent_model_application_20260621\formal_5d10d_noncalendar_quality_refine_20260621\logs\strong5_t204_10d_pos_eqdd_mh10_c102_cash990.log,2.039672862673023,2.7855482910954,0.2361715781002462,0.6017191977077364,353,349,1901,392,0.2040000000000042,0.204,0.204,0.5761661927710838,0.1465863453815261,5,498
strong5_t203_10d_pos_eqdd_mh10_c102_cash990,True,,5,2,,,,,,,,0.0,,,,,,,,,5,7,10,0.203,0.203,,1.0,3,1,0,D:\work\quant\quant_mcp\quant\data_file\reports\strategy_agent_model_application_20260621\formal_5d10d_noncalendar_quality_refine_20260621\signals\strong5_t203_10d_pos_eqdd_mh10_c102_cash990.csv,D:\work\quant\quant_mcp\quant\data_file\reports\strategy_agent_model_application_20260621\formal_5d10d_noncalendar_quality_refine_20260621\logs\strong5_t203_10d_pos_eqdd_mh10_c102_cash990.log,2.0172008987850143,2.784380932885233,0.23541415173734123,0.6017191977077364,353,349,1901,392,0.2029999999999931,0.203,0.203,0.5739141867469882,0.142570281124498,5,498
strong5_t202_10d_pos_eqdd_mh10_c102_cash990,True,,5,2,,,,,,,,0.0,,,,,,,,,5,7,10,0.202,0.202,,1.0,3,1,0,D:\work\quant\quant_mcp\quant\data_file\reports\strategy_agent_model_application_20260621\formal_5d10d_noncalendar_quality_refine_20260621\signals\strong5_t202_10d_pos_eqdd_mh10_c102_cash990.csv,D:\work\quant\quant_mcp\quant\data_file\reports\strategy_agent_model_application_20260621\formal_5d10d_noncalendar_quality_refine_20260621\logs\strong5_t202_10d_pos_eqdd_mh10_c102_cash990.log,2.0040620858959857,2.7881648295040717,0.23434679536753347,0.6017191977077364,353,349,1901,392,0.20199999999999843,0.202,0.202,0.5720627690763052,0.13052208835341367,5,498
strong5_10d_pos_eqdd_mh10_c102_cash990_rw2221201918,True,,5,2,,,,,,,,0.0,,,,,,,,,5,7,10,0.2,0.22,"{1: 0.22, 2: 0.21, 3: 0.2, 4: 0.19, 5: 0.18}",1.0,3,1,0,D:\work\quant\quant_mcp\quant\data_file\reports\strategy_agent_model_application_20260621\formal_5d10d_noncalendar_quality_refine_20260621\signals\strong5_10d_pos_eqdd_mh10_c102_cash990_rw2221201918.csv,D:\work\quant\quant_mcp\quant\data_file\reports\strategy_agent_model_application_20260621\formal_5d10d_noncalendar_quality_refine_20260621\logs\strong5_10d_pos_eqdd_mh10_c102_cash990_rw2221201918.log,2.502505659358325,2.8624038395716918,0.2540645199854949,0.6062322946175638,357,353,1901,392,0.20017885323513934,0.22,0.18,0.6113597650602413,0.19477911646586346,5,498
strong5_10d_pos_eqdd_mh10_c102_cash990_rw2322201918,True,,5,2,,,,,,,,0.0,,,,,,,,,5,7,10,0.204,0.23,"{1: 0.23, 2: 0.22, 3: 0.2, 4: 0.19, 5: 0.18}",1.0,3,1,0,D:\work\quant\quant_mcp\quant\data_file\reports\strategy_agent_model_application_20260621\formal_5d10d_noncalendar_quality_refine_20260621\signals\strong5_10d_pos_eqdd_mh10_c102_cash990_rw2322201918.csv,D:\work\quant\quant_mcp\quant\data_file\reports\strategy_agent_model_application_20260621\formal_5d10d_noncalendar_quality_refine_20260621\logs\strong5_10d_pos_eqdd_mh10_c102_cash990_rw2322201918.log,2.1857435923055273,2.759070681629788,0.2598451036695423,0.6017191977077364,353,349,1901,392,0.20418726985797103,0.23,0.18,0.5970426606425706,0.1706827309236948,5,498
strong5_10d_pos_eqdd_mh10_c102_cash990_rw2322212019,True,,5,2,,,,,,,,0.0,,,,,,,,,5,7,10,0.21,0.23,"{1: 0.23, 2: 0.22, 3: 0.21, 4: 0.2, 5: 0.19}",1.0,3,1,0,D:\work\quant\quant_mcp\quant\data_file\reports\strategy_agent_model_application_20260621\formal_5d10d_noncalendar_quality_refine_20260621\signals\strong5_10d_pos_eqdd_mh10_c102_cash990_rw2322212019.csv,D:\work\quant\quant_mcp\quant\data_file\reports\strategy_agent_model_application_20260621\formal_5d10d_noncalendar_quality_refine_20260621\logs\strong5_10d_pos_eqdd_mh10_c102_cash990_rw2322212019.log,2.218656353933222,2.729836129000041,0.26513549710889023,0.6017191977077364,353,349,1901,392,0.2101788532351388,0.23,0.19,0.6064683514056227,0.17269076305220885,5,498
strong5_10d_pos_eqdd_mh10_c102_cash990_rw2322211918,True,,5,2,,,,,,,,0.0,,,,,,,,,5,7,10,0.206,0.23,"{1: 0.23, 2: 0.22, 3: 0.21, 4: 0.19, 5: 0.18}",1.0,3,1,0,D:\work\quant\quant_mcp\quant\data_file\reports\strategy_agent_model_application_20260621\formal_5d10d_noncalendar_quality_refine_20260621\signals\strong5_10d_pos_eqdd_mh10_c102_cash990_rw2322211918.csv,D:\work\quant\quant_mcp\quant\data_file\reports\strategy_agent_model_application_20260621\formal_5d10d_noncalendar_quality_refine_20260621\logs\strong5_10d_pos_eqdd_mh10_c102_cash990_rw2322211918.log,2.2037488582339595,2.737690990491473,0.26588801400043854,0.6017191977077364,353,349,1901,392,0.20624408206207448,0.23,0.18,0.6041626244979916,0.1746987951807229,5,498
strong5_10d_pos_eqdd_mh10_c102_cash990_rw218208198188178,True,,5,2,,,,,,,,0.0,,,,,,,,,5,7,10,0.198,0.218,"{1: 0.218, 2: 0.208, 3: 0.198, 4: 0.188, 5: 0.178}",1.0,3,1,0,D:\work\quant\quant_mcp\quant\data_file\reports\strategy_agent_model_application_20260621\formal_5d10d_noncalendar_quality_refine_20260621\signals\strong5_10d_pos_eqdd_mh10_c102_cash990_rw218208198188178.csv,D:\work\quant\quant_mcp\quant\data_file\reports\strategy_agent_model_application_20260621\formal_5d10d_noncalendar_quality_refine_20260621\logs\strong5_10d_pos_eqdd_mh10_c102_cash990_rw218208198188178.log,2.0294082902406654,2.648428746757992,0.24146939134813314,0.5830903790087464,347,343,1901,392,0.1981788532351384,0.218,0.178,0.5654151807228917,0.142570281124498,5,498
strong5_10d_pos_eqdd_mh10_c102_cash990_rw216206196186176,True,,5,2,,,,,,,,0.0,,,,,,,,,5,7,10,0.196,0.216,"{1: 0.216, 2: 0.206, 3: 0.196, 4: 0.186, 5: 0.176}",1.0,3,1,0,D:\work\quant\quant_mcp\quant\data_file\reports\strategy_agent_model_application_20260621\formal_5d10d_noncalendar_quality_refine_20260621\signals\strong5_10d_pos_eqdd_mh10_c102_cash990_rw216206196186176.csv,D:\work\quant\quant_mcp\quant\data_file\reports\strategy_agent_model_application_20260621\formal_5d10d_noncalendar_quality_refine_20260621\logs\strong5_10d_pos_eqdd_mh10_c102_cash990_rw216206196186176.log,1.9916731841831026,2.6525208161730593,0.23931071208061533,0.5830903790087464,347,343,1901,392,0.19617885323514012,0.216,0.176,0.5602669377510042,0.12248995983935743,5,498
strong5_10d_pos_eqdd_mh10_c102_cash990_rw2221201918_hard060,True,,5,2,,,,,,,,0.0,,,,,,,,,5,7,10,0.2,0.22,"{1: 0.22, 2: 0.21, 3: 0.2, 4: 0.19, 5: 0.18}",1.0,3,1,0,D:\work\quant\quant_mcp\quant\data_file\reports\strategy_agent_model_application_20260621\formal_5d10d_noncalendar_quality_refine_20260621\signals\strong5_10d_pos_eqdd_mh10_c102_cash990_rw2221201918_hard060.csv,D:\work\quant\quant_mcp\quant\data_file\reports\strategy_agent_model_application_20260621\formal_5d10d_noncalendar_quality_refine_20260621\logs\strong5_10d_pos_eqdd_mh10_c102_cash990_rw2221201918_hard060.log,2.0567509563281257,2.762539054960006,0.2584507067062156,0.6017191977077364,353,349,1901,392,0.20017885323513934,0.22,0.18,0.5828131064257025,0.15863453815261044,5,498
strong5_10d_pos_eqdd_mh10_c102_cash990_rw2221201918_hard080,True,,5,2,,,,,,,,0.0,,,,,,,,,5,7,10,0.2,0.22,"{1: 0.22, 2: 0.21, 3: 0.2, 4: 0.19, 5: 0.18}",1.0,3,1,0,D:\work\quant\quant_mcp\quant\data_file\reports\strategy_agent_model_application_20260621\formal_5d10d_noncalendar_quality_refine_20260621\signals\strong5_10d_pos_eqdd_mh10_c102_cash990_rw2221201918_hard080.csv,D:\work\quant\quant_mcp\quant\data_file\reports\strategy_agent_model_application_20260621\formal_5d10d_noncalendar_quality_refine_20260621\logs\strong5_10d_pos_eqdd_mh10_c102_cash990_rw2221201918_hard080.log,2.086782748502339,2.773301226819072,0.2494458392902017,0.6017191977077364,353,349,1901,392,0.20017885323513934,0.22,0.18,0.5846214718875492,0.16666666666666666,5,498
conc2_t4949_h7,True,,2,2,,,,,,,,0.0,,,,,,,,,2,7,7,0.49,0.49,"{1: 0.49, 2: 0.49}",1.0,3,1,0,D:\work\quant\quant_mcp\quant\data_file\reports\strategy_agent_model_application_20260621\formal_5d10d_noncalendar_quality_refine_20260621\signals\conc2_t4949_h7.csv,D:\work\quant\quant_mcp\quant\data_file\reports\strategy_agent_model_application_20260621\formal_5d10d_noncalendar_quality_refine_20260621\logs\conc2_t4949_h7.log,1.4034022274935416,1.5397996106618639,0.37187709075737607,0.5817307692307693,210,208,762,382,0.4900000000000052,0.49,0.49,0.6283313172690761,0.43373493975903615,2,498
conc2_t4949_h7_eqdd,True,,2,2,,,,,,,,0.0,,,,,,,,,2,7,7,0.49,0.49,"{1: 0.49, 2: 0.49}",1.0,3,1,0,D:\work\quant\quant_mcp\quant\data_file\reports\strategy_agent_model_application_20260621\formal_5d10d_noncalendar_quality_refine_20260621\signals\conc2_t4949_h7_eqdd.csv,D:\work\quant\quant_mcp\quant\data_file\reports\strategy_agent_model_application_20260621\formal_5d10d_noncalendar_quality_refine_20260621\logs\conc2_t4949_h7_eqdd.log,1.264479814864228,1.5200113659410024,0.3471003896298283,0.5817307692307693,210,208,762,382,0.4900000000000052,0.49,0.49,0.5902478674698796,0.37751004016064255,2,498
conc2_t4949_mh10_c102_eqdd,True,,2,2,,,,,,,,0.0,,,,,,,,,2,7,10,0.49,0.49,"{1: 0.49, 2: 0.49}",1.0,3,1,0,D:\work\quant\quant_mcp\quant\data_file\reports\strategy_agent_model_application_20260621\formal_5d10d_noncalendar_quality_refine_20260621\signals\conc2_t4949_mh10_c102_eqdd.csv,D:\work\quant\quant_mcp\quant\data_file\reports\strategy_agent_model_application_20260621\formal_5d10d_noncalendar_quality_refine_20260621\logs\conc2_t4949_mh10_c102_eqdd.log,1.2952450091033851,1.5459126193779429,0.3471003896298283,0.5845410628019324,209,207,762,382,0.4900000000000052,0.49,0.49,0.5916661485943777,0.3795180722891566,2,498
conc3_t343332_h7,True,,3,2,,,,,,,,0.0,,,,,,,,,3,7,7,0.33,0.34,"{1: 0.34, 2: 0.33, 3: 0.32}",1.0,3,1,0,D:\work\quant\quant_mcp\quant\data_file\reports\strategy_agent_model_application_20260621\formal_5d10d_noncalendar_quality_refine_20260621\signals\conc3_t343332_h7.csv,D:\work\quant\quant_mcp\quant\data_file\reports\strategy_agent_model_application_20260621\formal_5d10d_noncalendar_quality_refine_20260621\logs\conc3_t343332_h7.log,1.8209281798663137,1.975269225699735,0.39418943305458426,0.5810276679841897,257,253,1153,392,0.32992194275801817,0.34,0.32,0.5699297028112448,0.16666666666666666,3,498
conc3_t343332_h7_eqdd,True,,3,2,,,,,,,,0.0,,,,,,,,,3,7,7,0.33,0.34,"{1: 0.34, 2: 0.33, 3: 0.32}",1.0,3,1,0,D:\work\quant\quant_mcp\quant\data_file\reports\strategy_agent_model_application_20260621\formal_5d10d_noncalendar_quality_refine_20260621\signals\conc3_t343332_h7_eqdd.csv,D:\work\quant\quant_mcp\quant\data_file\reports\strategy_agent_model_application_20260621\formal_5d10d_noncalendar_quality_refine_20260621\logs\conc3_t343332_h7_eqdd.log,1.6806358172317999,1.9893040442170158,0.3592261084433333,0.5810276679841897,257,253,1153,392,0.32992194275801817,0.34,0.32,0.5361150281124502,0.12650602409638553,3,498
conc3_t343332_mh10_c102_eqdd,True,,3,2,,,,,,,,0.0,,,,,,,,,3,7,10,0.33,0.34,"{1: 0.34, 2: 0.33, 3: 0.32}",1.0,3,1,0,D:\work\quant\quant_mcp\quant\data_file\reports\strategy_agent_model_application_20260621\formal_5d10d_noncalendar_quality_refine_20260621\signals\conc3_t343332_mh10_c102_eqdd.csv,D:\work\quant\quant_mcp\quant\data_file\reports\strategy_agent_model_application_20260621\formal_5d10d_noncalendar_quality_refine_20260621\logs\conc3_t343332_mh10_c102_eqdd.log,2.1545818701249977,2.1815167504673854,0.24974735715029606,0.5904059040590406,274,271,1153,392,0.32992194275801817,0.34,0.32,0.5876484216867468,0.21285140562248997,3,498
conc4_t26252424_h7,True,,4,2,,,,,,,,0.0,,,,,,,,,4,7,7,0.25,0.26,"{1: 0.26, 2: 0.25, 3: 0.24, 4: 0.24}",1.0,3,1,0,D:\work\quant\quant_mcp\quant\data_file\reports\strategy_agent_model_application_20260621\formal_5d10d_noncalendar_quality_refine_20260621\signals\conc4_t26252424_h7.csv,D:\work\quant\quant_mcp\quant\data_file\reports\strategy_agent_model_application_20260621\formal_5d10d_noncalendar_quality_refine_20260621\logs\conc4_t26252424_h7.log,1.2675807502251148,2.1201862407118717,0.3142603248475115,0.5836575875486382,261,257,1539,392,0.24743339831059266,0.26,0.24,0.4452076666666669,0.004016064257028112,4,498
conc4_t26252424_h7_eqdd,True,,4,2,,,,,,,,0.0,,,,,,,,,4,7,7,0.25,0.26,"{1: 0.26, 2: 0.25, 3: 0.24, 4: 0.24}",1.0,3,1,0,D:\work\quant\quant_mcp\quant\data_file\reports\strategy_agent_model_application_20260621\formal_5d10d_noncalendar_quality_refine_20260621\signals\conc4_t26252424_h7_eqdd.csv,D:\work\quant\quant_mcp\quant\data_file\reports\strategy_agent_model_application_20260621\formal_5d10d_noncalendar_quality_refine_20260621\logs\conc4_t26252424_h7_eqdd.log,1.1728023184118148,2.1168894355423102,0.2933072203925993,0.5836575875486382,261,257,1539,392,0.24743339831059266,0.26,0.24,0.4246906305220883,0.004016064257028112,4,498
conc4_t26252424_mh10_c102_eqdd,True,,4,2,,,,,,,,0.0,,,,,,,,,4,7,10,0.25,0.26,"{1: 0.26, 2: 0.25, 3: 0.24, 4: 0.24}",1.0,3,1,0,D:\work\quant\quant_mcp\quant\data_file\reports\strategy_agent_model_application_20260621\formal_5d10d_noncalendar_quality_refine_20260621\signals\conc4_t26252424_mh10_c102_eqdd.csv,D:\work\quant\quant_mcp\quant\data_file\reports\strategy_agent_model_application_20260621\formal_5d10d_noncalendar_quality_refine_20260621\logs\conc4_t26252424_mh10_c102_eqdd.log,1.8746070416798721,2.372657970111799,0.28426724557013594,0.5838323353293413,338,334,1539,392,0.24743339831059266,0.26,0.24,0.5953050220883536,0.10040160642570281,4,498
single_top1_t098_h7,True,,1,2,,,,,,,,0.0,,,,,,,,,1,7,7,0.98,0.98,,1.0,3,1,0,D:\work\quant\quant_mcp\quant\data_file\reports\strategy_agent_model_application_20260621\formal_5d10d_noncalendar_quality_refine_20260621\signals\single_top1_t098_h7.csv,D:\work\quant\quant_mcp\quant\data_file\reports\strategy_agent_model_application_20260621\formal_5d10d_noncalendar_quality_refine_20260621\logs\single_top1_t098_h7.log,1.3964758357205849,1.5543425603116825,0.37304050529111515,0.5636363636363636,111,110,382,382,0.9800000000000028,0.98,0.98,0.6286702389558236,0.6405622489959839,1,498
single_top1_t099_h7,True,,1,2,,,,,,,,0.0,,,,,,,,,1,7,7,0.99,0.99,,1.0,3,1,0,D:\work\quant\quant_mcp\quant\data_file\reports\strategy_agent_model_application_20260621\formal_5d10d_noncalendar_quality_refine_20260621\signals\single_top1_t099_h7.csv,D:\work\quant\quant_mcp\quant\data_file\reports\strategy_agent_model_application_20260621\formal_5d10d_noncalendar_quality_refine_20260621\logs\single_top1_t099_h7.log,1.4160614943795917,1.551340225098664,0.37649836624501354,0.5636363636363636,111,110,382,382,0.9900000000000052,0.99,0.99,0.6350482148594374,0.6405622489959839,1,498
single_top1_t098_h7_eqdd,True,,1,2,,,,,,,,0.0,,,,,,,,,1,7,7,0.98,0.98,,1.0,3,1,0,D:\work\quant\quant_mcp\quant\data_file\reports\strategy_agent_model_application_20260621\formal_5d10d_noncalendar_quality_refine_20260621\signals\single_top1_t098_h7_eqdd.csv,D:\work\quant\quant_mcp\quant\data_file\reports\strategy_agent_model_application_20260621\formal_5d10d_noncalendar_quality_refine_20260621\logs\single_top1_t098_h7_eqdd.log,1.010564445317912,1.4401277428361754,0.36244414697786886,0.5636363636363636,111,110,382,382,0.9800000000000028,0.98,0.98,0.5659484437751002,0.4738955823293173,1,498
single_top1_t098_h7_eqdd_c102_mh10,True,,1,2,,,,,,,,0.0,,,,,,,,,1,7,10,0.98,0.98,,1.0,3,1,0,D:\work\quant\quant_mcp\quant\data_file\reports\strategy_agent_model_application_20260621\formal_5d10d_noncalendar_quality_refine_20260621\signals\single_top1_t098_h7_eqdd_c102_mh10.csv,D:\work\quant\quant_mcp\quant\data_file\reports\strategy_agent_model_application_20260621\formal_5d10d_noncalendar_quality_refine_20260621\logs\single_top1_t098_h7_eqdd_c102_mh10.log,1.010564445317912,1.4401277428361754,0.36244414697786886,0.5636363636363636,111,110,382,382,0.9800000000000028,0.98,0.98,0.5659484437751002,0.4738955823293173,1,498
single_top1_t098_h5_eqdd,True,,1,2,,,,,,,,0.0,,,,,,,,,1,5,5,0.98,0.98,,1.0,3,1,0,D:\work\quant\quant_mcp\quant\data_file\reports\strategy_agent_model_application_20260621\formal_5d10d_noncalendar_quality_refine_20260621\signals\single_top1_t098_h5_eqdd.csv,D:\work\quant\quant_mcp\quant\data_file\reports\strategy_agent_model_application_20260621\formal_5d10d_noncalendar_quality_refine_20260621\logs\single_top1_t098_h5_eqdd.log,0.3336983443930722,0.6709698735686909,0.3683058884282553,0.5294117647058824,120,119,382,382,0.9800000000000028,0.98,0.98,0.5179135943775098,0.42369477911646586,1,498
single_top1_t098_h10_eqdd,True,,1,2,,,,,,,,0.0,,,,,,,,,1,10,10,0.98,0.98,,1.0,3,1,0,D:\work\quant\quant_mcp\quant\data_file\reports\strategy_agent_model_application_20260621\formal_5d10d_noncalendar_quality_refine_20260621\signals\single_top1_t098_h10_eqdd.csv,D:\work\quant\quant_mcp\quant\data_file\reports\strategy_agent_model_application_20260621\formal_5d10d_noncalendar_quality_refine_20260621\logs\single_top1_t098_h10_eqdd.log,0.47847393038472014,0.9098476412010922,0.4227013117655768,0.5514018691588785,108,107,382,382,0.9800000000000028,0.98,0.98,0.5737893493975905,0.42168674698795183,1,498
single_top1_t098_h7_eqdd_exit099,True,,1,2,,,,,,,,0.0,,,,,,,,,1,7,7,0.98,0.98,,0.99,3,1,0,D:\work\quant\quant_mcp\quant\data_file\reports\strategy_agent_model_application_20260621\formal_5d10d_noncalendar_quality_refine_20260621\signals\single_top1_t098_h7_eqdd_exit099.csv,D:\work\quant\quant_mcp\quant\data_file\reports\strategy_agent_model_application_20260621\formal_5d10d_noncalendar_quality_refine_20260621\logs\single_top1_t098_h7_eqdd_exit099.log,2.387373592674937,1.7733102713244622,0.3324992679908569,0.6285714285714286,71,70,382,382,0.9800000000000028,0.98,0.98,0.6515625763052211,0.6445783132530121,1,498
single_top1_t098_h7_eqdd_idx050,True,,1,2,,,,,,,,0.0,,,,,,,,,1,7,7,0.98,0.98,,1.0,3,1,0,D:\work\quant\quant_mcp\quant\data_file\reports\strategy_agent_model_application_20260621\formal_5d10d_noncalendar_quality_refine_20260621\signals\single_top1_t098_h7_eqdd_idx050.csv,D:\work\quant\quant_mcp\quant\data_file\reports\strategy_agent_model_application_20260621\formal_5d10d_noncalendar_quality_refine_20260621\logs\single_top1_t098_h7_eqdd_idx050.log,1.0163178977067517,1.4482653448340639,0.36015405632096964,0.5636363636363636,111,110,382,382,0.9800000000000028,0.98,0.98,0.5647472610441766,0.4738955823293173,1,498
strong5_10d_pos_eqdd_mh10_c102_cash980_rw20720720193193,True,,5,2,,,,,,,,0.0,,,,,,,,,5,7,10,0.2,0.207,"{1: 0.207, 2: 0.207, 3: 0.2, 4: 0.193, 5: 0.193}",1.0,3,1,0,D:\work\quant\quant_mcp\quant\data_file\reports\strategy_agent_model_application_20260621\formal_5d10d_noncalendar_quality_refine_20260621\signals\strong5_10d_pos_eqdd_mh10_c102_cash980_rw20720720193193.csv,D:\work\quant\quant_mcp\quant\data_file\reports\strategy_agent_model_application_20260621\formal_5d10d_noncalendar_quality_refine_20260621\logs\strong5_10d_pos_eqdd_mh10_c102_cash980_rw20720720193193.log,2.4923206760506424,2.896793794710096,0.23601175083620143,0.6062322946175638,357,353,1901,392,0.2000515518148301,0.207,0.193,0.6040398152610438,0.1706827309236948,5,498
strong5_10d_pos_eqdd_mh10_c102_cash995_rw20720720193193,True,,5,2,,,,,,,,0.0,,,,,,,,,5,7,10,0.2,0.207,"{1: 0.207, 2: 0.207, 3: 0.2, 4: 0.193, 5: 0.193}",1.0,3,1,0,D:\work\quant\quant_mcp\quant\data_file\reports\strategy_agent_model_application_20260621\formal_5d10d_noncalendar_quality_refine_20260621\signals\strong5_10d_pos_eqdd_mh10_c102_cash995_rw20720720193193.csv,D:\work\quant\quant_mcp\quant\data_file\reports\strategy_agent_model_application_20260621\formal_5d10d_noncalendar_quality_refine_20260621\logs\strong5_10d_pos_eqdd_mh10_c102_cash995_rw20720720193193.log,2.494576208772836,2.896546519217873,0.23601175083620143,0.6062322946175638,357,353,1901,392,0.2000515518148301,0.207,0.193,0.6045530321285144,0.18072289156626506,5,498
strong5_10d_pos_eqdd_mh10_c102_cash990_rw20720720193193_dd1020,True,,5,2,,,,,,,,0.0,,,,,,,,,5,7,10,0.2,0.207,"{1: 0.207, 2: 0.207, 3: 0.2, 4: 0.193, 5: 0.193}",1.0,3,1,0,D:\work\quant\quant_mcp\quant\data_file\reports\strategy_agent_model_application_20260621\formal_5d10d_noncalendar_quality_refine_20260621\signals\strong5_10d_pos_eqdd_mh10_c102_cash990_rw20720720193193_dd1020.csv,D:\work\quant\quant_mcp\quant\data_file\reports\strategy_agent_model_application_20260621\formal_5d10d_noncalendar_quality_refine_20260621\logs\strong5_10d_pos_eqdd_mh10_c102_cash990_rw20720720193193_dd1020.log,1.9667947465050968,2.7584634066869573,0.2507363042110081,0.6017191977077364,353,349,1901,392,0.2000515518148301,0.207,0.193,0.5732719839357439,0.142570281124498,5,498
strong5_10d_pos_eqdd_mh10_c102_cash990_rw20720720193193_dd1424,True,,5,2,,,,,,,,0.0,,,,,,,,,5,7,10,0.2,0.207,"{1: 0.207, 2: 0.207, 3: 0.2, 4: 0.193, 5: 0.193}",1.0,3,1,0,D:\work\quant\quant_mcp\quant\data_file\reports\strategy_agent_model_application_20260621\formal_5d10d_noncalendar_quality_refine_20260621\signals\strong5_10d_pos_eqdd_mh10_c102_cash990_rw20720720193193_dd1424.csv,D:\work\quant\quant_mcp\quant\data_file\reports\strategy_agent_model_application_20260621\formal_5d10d_noncalendar_quality_refine_20260621\logs\strong5_10d_pos_eqdd_mh10_c102_cash990_rw20720720193193_dd1424.log,2.4924457899025967,2.8945494451422706,0.23779817288109326,0.6062322946175638,357,353,1901,392,0.2000515518148301,0.207,0.193,0.6054623574297189,0.17269076305220885,5,498
strong5_10d_pos_eqdd_mh10_c102_cash990_rw20720720193193_dd1222_soft095,True,,5,2,,,,,,,,0.0,,,,,,,,,5,7,10,0.2,0.207,"{1: 0.207, 2: 0.207, 3: 0.2, 4: 0.193, 5: 0.193}",1.0,3,1,0,D:\work\quant\quant_mcp\quant\data_file\reports\strategy_agent_model_application_20260621\formal_5d10d_noncalendar_quality_refine_20260621\signals\strong5_10d_pos_eqdd_mh10_c102_cash990_rw20720720193193_dd1222_soft095.csv,D:\work\quant\quant_mcp\quant\data_file\reports\strategy_agent_model_application_20260621\formal_5d10d_noncalendar_quality_refine_20260621\logs\strong5_10d_pos_eqdd_mh10_c102_cash990_rw20720720193193_dd1222_soft095.log,2.055090654553818,2.7815699694881286,0.24203899081940905,0.6017191977077364,353,349,1901,392,0.2000515518148301,0.207,0.193,0.5802963674698793,0.14457831325301204,5,498
strong5_10d_pos_eqdd_mh10_c102_cash990_rw20720720193193_sell0,True,,5,2,,,,,,,,0.0,,,,,,,,,5,7,10,0.2,0.207,"{1: 0.207, 2: 0.207, 3: 0.2, 4: 0.193, 5: 0.193}",1.0,3,1,0,D:\work\quant\quant_mcp\quant\data_file\reports\strategy_agent_model_application_20260621\formal_5d10d_noncalendar_quality_refine_20260621\signals\strong5_10d_pos_eqdd_mh10_c102_cash990_rw20720720193193_sell0.csv,D:\work\quant\quant_mcp\quant\data_file\reports\strategy_agent_model_application_20260621\formal_5d10d_noncalendar_quality_refine_20260621\logs\strong5_10d_pos_eqdd_mh10_c102_cash990_rw20720720193193_sell0.log,1.4503270511868949,2.284726195355498,0.2544833121259271,0.5917312661498708,391,387,1901,392,0.2000515518148301,0.207,0.193,0.5334432309236955,0.19076305220883535,4,498
strong5_10d_pos_eqdd_mh10_c102_cash990_rw20720720193193_sell2,True,,5,2,,,,,,,,0.0,,,,,,,,,5,7,10,0.2,0.207,"{1: 0.207, 2: 0.207, 3: 0.2, 4: 0.193, 5: 0.193}",1.0,3,1,0,D:\work\quant\quant_mcp\quant\data_file\reports\strategy_agent_model_application_20260621\formal_5d10d_noncalendar_quality_refine_20260621\signals\strong5_10d_pos_eqdd_mh10_c102_cash990_rw20720720193193_sell2.csv,D:\work\quant\quant_mcp\quant\data_file\reports\strategy_agent_model_application_20260621\formal_5d10d_noncalendar_quality_refine_20260621\logs\strong5_10d_pos_eqdd_mh10_c102_cash990_rw20720720193193_sell2.log,1.3386004296849623,2.1414136395030967,0.25464241710032576,0.5839793281653747,391,387,1901,392,0.2000515518148301,0.207,0.193,0.5368956927710847,0.16666666666666666,5,498
strong5_10d_pos_eqdd_mh10_c102_cash990_rw20720720193193_mh4,True,,5,2,,,,,,,,0.0,,,,,,,,,5,7,10,0.2,0.207,"{1: 0.207, 2: 0.207, 3: 0.2, 4: 0.193, 5: 0.193}",1.0,4,1,0,D:\work\quant\quant_mcp\quant\data_file\reports\strategy_agent_model_application_20260621\formal_5d10d_noncalendar_quality_refine_20260621\signals\strong5_10d_pos_eqdd_mh10_c102_cash990_rw20720720193193_mh4.csv,D:\work\quant\quant_mcp\quant\data_file\reports\strategy_agent_model_application_20260621\formal_5d10d_noncalendar_quality_refine_20260621\logs\strong5_10d_pos_eqdd_mh10_c102_cash990_rw20720720193193_mh4.log,1.796166390716861,2.322662650924288,0.3160484515147452,0.581039755351682,332,327,1901,392,0.2000515518148301,0.207,0.193,0.614623417670683,0.21686746987951808,5,498
strong5_10d_pos_eqdd_mh10_c102_cash990_rw20720720193193_exit099,True,,5,2,,,,,,,,0.0,,,,,,,,,5,7,10,0.2,0.207,"{1: 0.207, 2: 0.207, 3: 0.2, 4: 0.193, 5: 0.193}",0.99,3,1,0,D:\work\quant\quant_mcp\quant\data_file\reports\strategy_agent_model_application_20260621\formal_5d10d_noncalendar_quality_refine_20260621\signals\strong5_10d_pos_eqdd_mh10_c102_cash990_rw20720720193193_exit099.csv,D:\work\quant\quant_mcp\quant\data_file\reports\strategy_agent_model_application_20260621\formal_5d10d_noncalendar_quality_refine_20260621\logs\strong5_10d_pos_eqdd_mh10_c102_cash990_rw20720720193193_exit099.log,1.7768895408039824,2.632866313266579,0.2945280296504296,0.6319444444444444,292,288,1901,392,0.2000515518148301,0.207,0.193,0.6232983554216863,0.2469879518072289,5,498
strong5_10d_pos_eqdd_mh10_c102_cash990_rw20720720193193_rank020,True,,5,2,,,,,,,,0.0,,,,,,,,,5,7,10,0.2,0.207,"{1: 0.207, 2: 0.207, 3: 0.2, 4: 0.193, 5: 0.193}",1.0,3,1,0,D:\work\quant\quant_mcp\quant\data_file\reports\strategy_agent_model_application_20260621\formal_5d10d_noncalendar_quality_refine_20260621\signals\strong5_10d_pos_eqdd_mh10_c102_cash990_rw20720720193193_rank020.csv,D:\work\quant\quant_mcp\quant\data_file\reports\strategy_agent_model_application_20260621\formal_5d10d_noncalendar_quality_refine_20260621\logs\strong5_10d_pos_eqdd_mh10_c102_cash990_rw20720720193193_rank020.log,2.494192151768995,2.8968567466049873,0.23601175083620143,0.6062322946175638,357,353,1901,392,0.2000515518148301,0.207,0.193,0.6043815100401609,0.1746987951807229,5,498
strong5_10d_pos_eqdd_mh10_c102_cash990_rw20720720193193_drop090,True,,5,2,,,,,,,,0.0,,,,,,,,,5,7,10,0.2,0.207,"{1: 0.207, 2: 0.207, 3: 0.2, 4: 0.193, 5: 0.193}",1.0,3,1,0,D:\work\quant\quant_mcp\quant\data_file\reports\strategy_agent_model_application_20260621\formal_5d10d_noncalendar_quality_refine_20260621\signals\strong5_10d_pos_eqdd_mh10_c102_cash990_rw20720720193193_drop090.csv,D:\work\quant\quant_mcp\quant\data_file\reports\strategy_agent_model_application_20260621\formal_5d10d_noncalendar_quality_refine_20260621\logs\strong5_10d_pos_eqdd_mh10_c102_cash990_rw20720720193193_drop090.log,2.494192151768995,2.8968567466049877,0.23601175083620143,0.6062322946175638,357,353,1901,392,0.2000515518148301,0.207,0.193,0.6043815100401609,0.1746987951807229,5,498
strong5_10d_pos_eqdd_mh10_c102_cash990_rw20720720193193_drop085,True,,5,2,,,,,,,,0.0,,,,,,,,,5,7,10,0.2,0.207,"{1: 0.207, 2: 0.207, 3: 0.2, 4: 0.193, 5: 0.193}",1.0,3,1,0,D:\work\quant\quant_mcp\quant\data_file\reports\strategy_agent_model_application_20260621\formal_5d10d_noncalendar_quality_refine_20260621\signals\strong5_10d_pos_eqdd_mh10_c102_cash990_rw20720720193193_drop085.csv,D:\work\quant\quant_mcp\quant\data_file\reports\strategy_agent_model_application_20260621\formal_5d10d_noncalendar_quality_refine_20260621\logs\strong5_10d_pos_eqdd_mh10_c102_cash990_rw20720720193193_drop085.log,2.494192151768995,2.8968567466049877,0.23601175083620143,0.6062322946175638,357,353,1901,392,0.2000515518148301,0.207,0.193,0.6043815100401609,0.1746987951807229,5,498
strong5_10d_pos_eqdd_mh10_c100_cash990_rw20720720193193,True,,5,2,,,,,,,,0.0,,,,,,,,,5,7,10,0.2,0.207,"{1: 0.207, 2: 0.207, 3: 0.2, 4: 0.193, 5: 0.193}",1.0,3,1,0,D:\work\quant\quant_mcp\quant\data_file\reports\strategy_agent_model_application_20260621\formal_5d10d_noncalendar_quality_refine_20260621\signals\strong5_10d_pos_eqdd_mh10_c100_cash990_rw20720720193193.csv,D:\work\quant\quant_mcp\quant\data_file\reports\strategy_agent_model_application_20260621\formal_5d10d_noncalendar_quality_refine_20260621\logs\strong5_10d_pos_eqdd_mh10_c100_cash990_rw20720720193193.log,1.5695526354075349,2.465048471218052,0.23990050627322038,0.5795795795795796,338,333,1901,392,0.2000515518148301,0.207,0.193,0.5577848554216865,0.10843373493975904,4,498
strong5_10d_pos_eqdd_mh10_c105_cash990_rw20720720193193,True,,5,2,,,,,,,,0.0,,,,,,,,,5,7,10,0.2,0.207,"{1: 0.207, 2: 0.207, 3: 0.2, 4: 0.193, 5: 0.193}",1.0,3,1,0,D:\work\quant\quant_mcp\quant\data_file\reports\strategy_agent_model_application_20260621\formal_5d10d_noncalendar_quality_refine_20260621\signals\strong5_10d_pos_eqdd_mh10_c105_cash990_rw20720720193193.csv,D:\work\quant\quant_mcp\quant\data_file\reports\strategy_agent_model_application_20260621\formal_5d10d_noncalendar_quality_refine_20260621\logs\strong5_10d_pos_eqdd_mh10_c105_cash990_rw20720720193193.log,2.430317567524261,2.8676647172904466,0.23601175083620143,0.6045197740112994,358,354,1901,392,0.2000515518148301,0.207,0.193,0.6041512108433739,0.1746987951807229,5,498
strong5_10d_pos_eqdd_mh7_c102_cash990_rw20720720193193,True,,5,2,,,,,,,,0.0,,,,,,,,,5,7,7,0.2,0.207,"{1: 0.207, 2: 0.207, 3: 0.2, 4: 0.193, 5: 0.193}",1.0,3,1,0,D:\work\quant\quant_mcp\quant\data_file\reports\strategy_agent_model_application_20260621\formal_5d10d_noncalendar_quality_refine_20260621\signals\strong5_10d_pos_eqdd_mh7_c102_cash990_rw20720720193193.csv,D:\work\quant\quant_mcp\quant\data_file\reports\strategy_agent_model_application_20260621\formal_5d10d_noncalendar_quality_refine_20260621\logs\strong5_10d_pos_eqdd_mh7_c102_cash990_rw20720720193193.log,2.36699283850288,2.7930021862966483,0.21147827094153054,0.592896174863388,370,366,1901,392,0.2000515518148301,0.207,0.193,0.6041628935742974,0.178714859437751,5,498
strong5_10d_pos_eqdd_mh10_noearly_cash990_rw20720720193193,True,,5,2,,,,,,,,0.0,,,,,,,,,5,7,10,0.2,0.207,"{1: 0.207, 2: 0.207, 3: 0.2, 4: 0.193, 5: 0.193}",1.0,3,1,0,D:\work\quant\quant_mcp\quant\data_file\reports\strategy_agent_model_application_20260621\formal_5d10d_noncalendar_quality_refine_20260621\signals\strong5_10d_pos_eqdd_mh10_noearly_cash990_rw20720720193193.csv,D:\work\quant\quant_mcp\quant\data_file\reports\strategy_agent_model_application_20260621\formal_5d10d_noncalendar_quality_refine_20260621\logs\strong5_10d_pos_eqdd_mh10_noearly_cash990_rw20720720193193.log,1.177994281660813,1.8932324286127118,0.2683377838523483,0.6239316239316239,238,234,1901,392,0.2000515518148301,0.207,0.193,0.6106950722891568,0.30522088353413657,5,498
strong5_10d_pos_eqdd_idx040_s090_mh10_c102_cash990_rw20720720193193,True,,5,2,,,,,,,,0.0,,,,,,,,,5,7,10,0.2,0.207,"{1: 0.207, 2: 0.207, 3: 0.2, 4: 0.193, 5: 0.193}",1.0,3,1,0,D:\work\quant\quant_mcp\quant\data_file\reports\strategy_agent_model_application_20260621\formal_5d10d_noncalendar_quality_refine_20260621\signals\strong5_10d_pos_eqdd_idx040_s090_mh10_c102_cash990_rw20720720193193.csv,D:\work\quant\quant_mcp\quant\data_file\reports\strategy_agent_model_application_20260621\formal_5d10d_noncalendar_quality_refine_20260621\logs\strong5_10d_pos_eqdd_idx040_s090_mh10_c102_cash990_rw20720720193193.log,1.7416207223195315,2.4012111622279098,0.28976764559789686,0.5840220385674931,368,363,1901,392,0.2000515518148301,0.207,0.193,0.5865798995983942,0.13855421686746988,5,498
strong5_10d_pos_eqdd_idx050_s090_mh10_c102_cash990_rw20720720193193,True,,5,2,,,,,,,,0.0,,,,,,,,,5,7,10,0.2,0.207,"{1: 0.207, 2: 0.207, 3: 0.2, 4: 0.193, 5: 0.193}",1.0,3,1,0,D:\work\quant\quant_mcp\quant\data_file\reports\strategy_agent_model_application_20260621\formal_5d10d_noncalendar_quality_refine_20260621\signals\strong5_10d_pos_eqdd_idx050_s090_mh10_c102_cash990_rw20720720193193.csv,D:\work\quant\quant_mcp\quant\data_file\reports\strategy_agent_model_application_20260621\formal_5d10d_noncalendar_quality_refine_20260621\logs\strong5_10d_pos_eqdd_idx050_s090_mh10_c102_cash990_rw20720720193193.log,1.910714015481286,2.5060783533537654,0.23379446729195827,0.5870786516853933,361,356,1901,392,0.2000515518148301,0.207,0.193,0.605692640562249,0.1646586345381526,5,498
strong5_10d_pos_eqdd_idx060_s090_mh10_c102_cash990_rw20720720193193,True,,5,2,,,,,,,,0.0,,,,,,,,,5,7,10,0.2,0.207,"{1: 0.207, 2: 0.207, 3: 0.2, 4: 0.193, 5: 0.193}",1.0,3,1,0,D:\work\quant\quant_mcp\quant\data_file\reports\strategy_agent_model_application_20260621\formal_5d10d_noncalendar_quality_refine_20260621\signals\strong5_10d_pos_eqdd_idx060_s090_mh10_c102_cash990_rw20720720193193.csv,D:\work\quant\quant_mcp\quant\data_file\reports\strategy_agent_model_application_20260621\formal_5d10d_noncalendar_quality_refine_20260621\logs\strong5_10d_pos_eqdd_idx060_s090_mh10_c102_cash990_rw20720720193193.log,1.979633244422875,2.646533421310482,0.23379446729195827,0.5875706214689266,358,354,1901,392,0.2000515518148301,0.207,0.193,0.6012657028112455,0.1686746987951807,5,498
strong5_10d_pos_eqdd_idx050_s075_mh10_c102_cash990_rw20720720193193,True,,5,2,,,,,,,,0.0,,,,,,,,,5,7,10,0.2,0.207,"{1: 0.207, 2: 0.207, 3: 0.2, 4: 0.193, 5: 0.193}",1.0,3,1,0,D:\work\quant\quant_mcp\quant\data_file\reports\strategy_agent_model_application_20260621\formal_5d10d_noncalendar_quality_refine_20260621\signals\strong5_10d_pos_eqdd_idx050_s075_mh10_c102_cash990_rw20720720193193.csv,D:\work\quant\quant_mcp\quant\data_file\reports\strategy_agent_model_application_20260621\formal_5d10d_noncalendar_quality_refine_20260621\logs\strong5_10d_pos_eqdd_idx050_s075_mh10_c102_cash990_rw20720720193193.log,1.5789117315445627,2.477708081201694,0.23373445809425566,0.5828571428571429,354,350,1901,392,0.2000515518148301,0.207,0.193,0.5687904136546186,0.12650602409638553,5,498
strong5_10d_pos_eqdd_mh10_c102_cash990_rw2020202020,True,,5,2,,,,,,,,0.0,,,,,,,,,5,7,10,0.2,0.2,"{1: 0.2, 2: 0.2, 3: 0.2, 4: 0.2, 5: 0.2}",1.0,3,1,0,D:\work\quant\quant_mcp\quant\data_file\reports\strategy_agent_model_application_20260621\formal_5d10d_noncalendar_quality_refine_20260621\signals\strong5_10d_pos_eqdd_mh10_c102_cash990_rw2020202020.csv,D:\work\quant\quant_mcp\quant\data_file\reports\strategy_agent_model_application_20260621\formal_5d10d_noncalendar_quality_refine_20260621\logs\strong5_10d_pos_eqdd_mh10_c102_cash990_rw2020202020.log,1.9693301153377412,2.791757595608997,0.23222630845620942,0.6017191977077364,353,349,1901,392,0.19999999999999316,0.2,0.2,0.567097082329317,0.08634538152610442,5,498
strong5_10d_pos_eqdd_mh10_c102_cash990_rw20520520195195,True,,5,2,,,,,,,,0.0,,,,,,,,,5,7,10,0.2,0.205,"{1: 0.205, 2: 0.205, 3: 0.2, 4: 0.195, 5: 0.195}",1.0,3,1,0,D:\work\quant\quant_mcp\quant\data_file\reports\strategy_agent_model_application_20260621\formal_5d10d_noncalendar_quality_refine_20260621\signals\strong5_10d_pos_eqdd_mh10_c102_cash990_rw20520520195195.csv,D:\work\quant\quant_mcp\quant\data_file\reports\strategy_agent_model_application_20260621\formal_5d10d_noncalendar_quality_refine_20260621\logs\strong5_10d_pos_eqdd_mh10_c102_cash990_rw20520520195195.log,2.0213625312934917,2.794754732214883,0.2350218011060196,0.6017191977077364,353,349,1901,392,0.20003682272487747,0.205,0.195,0.5728940180722889,0.1285140562248996,5,498
strong5_10d_pos_eqdd_mh10_c102_cash990_rw215205201919,True,,5,2,,,,,,,,0.0,,,,,,,,,5,7,10,0.2,0.215,"{1: 0.215, 2: 0.205, 3: 0.2, 4: 0.19, 5: 0.19}",1.0,3,1,0,D:\work\quant\quant_mcp\quant\data_file\reports\strategy_agent_model_application_20260621\formal_5d10d_noncalendar_quality_refine_20260621\signals\strong5_10d_pos_eqdd_mh10_c102_cash990_rw215205201919.csv,D:\work\quant\quant_mcp\quant\data_file\reports\strategy_agent_model_application_20260621\formal_5d10d_noncalendar_quality_refine_20260621\logs\strong5_10d_pos_eqdd_mh10_c102_cash990_rw215205201919.log,2.052417357755705,2.787390512540709,0.24082065487409662,0.6017191977077364,353,349,1901,392,0.20007890583902843,0.215,0.19,0.577801684738956,0.1465863453815261,5,498
strong5_10d_pos_eqdd_mh10_c102_cash990_rw20820620194192,True,,5,2,,,,,,,,0.0,,,,,,,,,5,7,10,0.2,0.208,"{1: 0.208, 2: 0.206, 3: 0.2, 4: 0.194, 5: 0.192}",1.0,3,1,0,D:\work\quant\quant_mcp\quant\data_file\reports\strategy_agent_model_application_20260621\formal_5d10d_noncalendar_quality_refine_20260621\signals\strong5_10d_pos_eqdd_mh10_c102_cash990_rw20820620194192.csv,D:\work\quant\quant_mcp\quant\data_file\reports\strategy_agent_model_application_20260621\formal_5d10d_noncalendar_quality_refine_20260621\logs\strong5_10d_pos_eqdd_mh10_c102_cash990_rw20820620194192.log,2.4931762709132426,2.895300219447048,0.2365472247591079,0.6062322946175638,357,353,1901,392,0.20006522882693498,0.208,0.192,0.604610092369478,0.18072289156626506,5,498
strong5_10d_min005_eqdd_mh10_c102_cash990_rw2121201919,True,,5,2,,,,,,,,0.005,,,,,,,,,5,7,10,0.2,0.21,"{1: 0.21, 2: 0.21, 3: 0.2, 4: 0.19, 5: 0.19}",1.0,3,1,0,D:\work\quant\quant_mcp\quant\data_file\reports\strategy_agent_model_application_20260621\formal_5d10d_noncalendar_quality_refine_20260621\signals\strong5_10d_min005_eqdd_mh10_c102_cash990_rw2121201919.csv,D:\work\quant\quant_mcp\quant\data_file\reports\strategy_agent_model_application_20260621\formal_5d10d_noncalendar_quality_refine_20260621\logs\strong5_10d_min005_eqdd_mh10_c102_cash990_rw2121201919.log,1.31730131239197,2.2241748688591993,0.23788139840366268,0.5777126099706745,345,341,1755,388,0.20028490028489684,0.21,0.19,0.541720813253012,0.10240963855421686,5,498
strong5_10d_min010_eqdd_mh10_c102_cash990_rw2121201919,True,,5,2,,,,,,,,0.01,,,,,,,,,5,7,10,0.2,0.21,"{1: 0.21, 2: 0.21, 3: 0.2, 4: 0.19, 5: 0.19}",1.0,3,1,0,D:\work\quant\quant_mcp\quant\data_file\reports\strategy_agent_model_application_20260621\formal_5d10d_noncalendar_quality_refine_20260621\signals\strong5_10d_min010_eqdd_mh10_c102_cash990_rw2121201919.csv,D:\work\quant\quant_mcp\quant\data_file\reports\strategy_agent_model_application_20260621\formal_5d10d_noncalendar_quality_refine_20260621\logs\strong5_10d_min010_eqdd_mh10_c102_cash990_rw2121201919.log,1.3262114866451515,2.4128516023117474,0.24066883599268804,0.584717607973422,305,301,1547,341,0.20018745959922188,0.21,0.19,0.5018872289156627,0.11847389558232932,5,498
strong5_10d_min020_eqdd_mh10_c102_cash990_rw2121201919,True,,5,2,,,,,,,,0.02,,,,,,,,,5,7,10,0.2,0.21,"{1: 0.21, 2: 0.21, 3: 0.2, 4: 0.19, 5: 0.19}",1.0,3,1,0,D:\work\quant\quant_mcp\quant\data_file\reports\strategy_agent_model_application_20260621\formal_5d10d_noncalendar_quality_refine_20260621\signals\strong5_10d_min020_eqdd_mh10_c102_cash990_rw2121201919.csv,D:\work\quant\quant_mcp\quant\data_file\reports\strategy_agent_model_application_20260621\formal_5d10d_noncalendar_quality_refine_20260621\logs\strong5_10d_min020_eqdd_mh10_c102_cash990_rw2121201919.log,0.8501269278201099,2.0306764751145323,0.27300132096462804,0.5567375886524822,286,282,1424,316,0.20014044943820056,0.21,0.19,0.44391233132530106,0.0823293172690763,5,498
strong5_10d_min005_5d_pos_eqdd_mh10_c102_cash990_rw2121201919,True,,5,2,,,,,,,0.0,0.005,,,,,,,,,5,7,10,0.2,0.21,"{1: 0.21, 2: 0.21, 3: 0.2, 4: 0.19, 5: 0.19}",1.0,3,1,0,D:\work\quant\quant_mcp\quant\data_file\reports\strategy_agent_model_application_20260621\formal_5d10d_noncalendar_quality_refine_20260621\signals\strong5_10d_min005_5d_pos_eqdd_mh10_c102_cash990_rw2121201919.csv,D:\work\quant\quant_mcp\quant\data_file\reports\strategy_agent_model_application_20260621\formal_5d10d_noncalendar_quality_refine_20260621\logs\strong5_10d_min005_5d_pos_eqdd_mh10_c102_cash990_rw2121201919.log,0.9558037678468867,1.7473212525140673,0.26178619830400685,0.5683229813664596,325,322,1635,369,0.20022018348623566,0.21,0.19,0.5207449959839359,0.0963855421686747,5,498
strong5_10d_pos_eqdd_mh10_c102_cash990_rw20720720193193,True,,5,2,,,,,,,,0.0,,,,,,,,,5,7,10,0.2,0.207,"{1: 0.207, 2: 0.207, 3: 0.2, 4: 0.193, 5: 0.193}",1.0,3,1,0,D:\work\quant\quant_mcp\quant\data_file\reports\strategy_agent_model_application_20260621\formal_5d10d_noncalendar_quality_refine_20260621\signals\strong5_10d_pos_eqdd_mh10_c102_cash990_rw20720720193193.csv,D:\work\quant\quant_mcp\quant\data_file\reports\strategy_agent_model_application_20260621\formal_5d10d_noncalendar_quality_refine_20260621\logs\strong5_10d_pos_eqdd_mh10_c102_cash990_rw20720720193193.log,2.494192151768995,2.896856746604988,0.23601175083620143,0.6062322946175638,357,353,1901,392,0.2000515518148301,0.207,0.193,0.6043815100401609,0.1746987951807229,5,498
strong5_10d_pos_eqdd_mh10_c102_cash990_rw20920720193191,True,,5,2,,,,,,,,0.0,,,,,,,,,5,7,10,0.2,0.209,"{1: 0.209, 2: 0.207, 3: 0.2, 4: 0.193, 5: 0.191}",1.0,3,1,0,D:\work\quant\quant_mcp\quant\data_file\reports\strategy_agent_model_application_20260621\formal_5d10d_noncalendar_quality_refine_20260621\signals\strong5_10d_pos_eqdd_mh10_c102_cash990_rw20920720193191.csv,D:\work\quant\quant_mcp\quant\data_file\reports\strategy_agent_model_application_20260621\formal_5d10d_noncalendar_quality_refine_20260621\logs\strong5_10d_pos_eqdd_mh10_c102_cash990_rw20920720193191.log,2.048062251365464,2.7925811615414133,0.23741514462486163,0.6017191977077364,353,349,1901,392,0.2000725933719059,0.209,0.191,0.5759453032128513,0.15060240963855423,5,498
strong5_10d_pos_eqdd_mh10_c102_cash990_rw20920820192191,True,,5,2,,,,,,,,0.0,,,,,,,,,5,7,10,0.2,0.209,"{1: 0.209, 2: 0.208, 3: 0.2, 4: 0.192, 5: 0.191}",1.0,3,1,0,D:\work\quant\quant_mcp\quant\data_file\reports\strategy_agent_model_application_20260621\formal_5d10d_noncalendar_quality_refine_20260621\signals\strong5_10d_pos_eqdd_mh10_c102_cash990_rw20920820192191.csv,D:\work\quant\quant_mcp\quant\data_file\reports\strategy_agent_model_application_20260621\formal_5d10d_noncalendar_quality_refine_20260621\logs\strong5_10d_pos_eqdd_mh10_c102_cash990_rw20920820192191.log,2.05459999895519,2.7942654451040894,0.23745782650783356,0.6017191977077364,353,349,1901,392,0.20006943713834824,0.209,0.191,0.5763970240963858,0.14457831325301204,5,498
strong5_10d_pos_eqdd_mh10_c102_cash990_rw20620620194194,True,,5,2,,,,,,,,0.0,,,,,,,,,5,7,10,0.2,0.206,"{1: 0.206, 2: 0.206, 3: 0.2, 4: 0.194, 5: 0.194}",1.0,3,1,0,D:\work\quant\quant_mcp\quant\data_file\reports\strategy_agent_model_application_20260621\formal_5d10d_noncalendar_quality_refine_20260621\signals\strong5_10d_pos_eqdd_mh10_c102_cash990_rw20620620194194.csv,D:\work\quant\quant_mcp\quant\data_file\reports\strategy_agent_model_application_20260621\formal_5d10d_noncalendar_quality_refine_20260621\logs\strong5_10d_pos_eqdd_mh10_c102_cash990_rw20620620194194.log,2.0286997053901525,2.793793919881612,0.23574082971060592,0.6017191977077364,353,349,1901,392,0.20004418726985845,0.206,0.194,0.5734866285140572,0.13855421686746988,5,498
strong5_10d_pos_eqdd_mh10_c102_cash990_rw20820820192192,True,,5,2,,,,,,,,0.0,,,,,,,,,5,7,10,0.2,0.208,"{1: 0.208, 2: 0.208, 3: 0.2, 4: 0.192, 5: 0.192}",1.0,3,1,0,D:\work\quant\quant_mcp\quant\data_file\reports\strategy_agent_model_application_20260621\formal_5d10d_noncalendar_quality_refine_20260621\signals\strong5_10d_pos_eqdd_mh10_c102_cash990_rw20820820192192.csv,D:\work\quant\quant_mcp\quant\data_file\reports\strategy_agent_model_application_20260621\formal_5d10d_noncalendar_quality_refine_20260621\logs\strong5_10d_pos_eqdd_mh10_c102_cash990_rw20820820192192.log,2.0509910714847437,2.7951527381869914,0.23687218590738998,0.6017191977077364,353,349,1901,392,0.20005891635981368,0.208,0.192,0.5757292289156635,0.14457831325301204,5,498
strong5_10d_pos_eqdd_mh10_c102_cash990_rw2221201918_soft085,True,,5,2,,,,,,,,0.0,,,,,,,,,5,7,10,0.2,0.22,"{1: 0.22, 2: 0.21, 3: 0.2, 4: 0.19, 5: 0.18}",1.0,3,1,0,D:\work\quant\quant_mcp\quant\data_file\reports\strategy_agent_model_application_20260621\formal_5d10d_noncalendar_quality_refine_20260621\signals\strong5_10d_pos_eqdd_mh10_c102_cash990_rw2221201918_soft085.csv,D:\work\quant\quant_mcp\quant\data_file\reports\strategy_agent_model_application_20260621\formal_5d10d_noncalendar_quality_refine_20260621\logs\strong5_10d_pos_eqdd_mh10_c102_cash990_rw2221201918_soft085.log,2.0863989379065027,2.7921571184638205,0.23776498935256124,0.6017191977077364,353,349,1901,392,0.20017885323513934,0.22,0.18,0.5787842068273091,0.1646586345381526,5,498
strong5_10d_pos_eqdd_mh10_c102_cash990_rw2321201816,True,,5,2,,,,,,,,0.0,,,,,,,,,5,7,10,0.196,0.23,"{1: 0.23, 2: 0.21, 3: 0.2, 4: 0.18, 5: 0.16}",1.0,3,1,0,D:\work\quant\quant_mcp\quant\data_file\reports\strategy_agent_model_application_20260621\formal_5d10d_noncalendar_quality_refine_20260621\signals\strong5_10d_pos_eqdd_mh10_c102_cash990_rw2321201816.csv,D:\work\quant\quant_mcp\quant\data_file\reports\strategy_agent_model_application_20260621\formal_5d10d_noncalendar_quality_refine_20260621\logs\strong5_10d_pos_eqdd_mh10_c102_cash990_rw2321201816.log,2.031683103073215,2.617924376151667,0.26039561995518024,0.5830903790087464,347,343,1901,392,0.19634928984744923,0.23,0.16,0.5742898935742975,0.14056224899598393,5,498
strong5_10d_pos_eqdd_mh10_c102_cash990_rw2422201816,True,,5,2,,,,,,,,0.0,,,,,,,,,5,7,10,0.2,0.24,"{1: 0.24, 2: 0.22, 3: 0.2, 4: 0.18, 5: 0.16}",1.0,3,1,0,D:\work\quant\quant_mcp\quant\data_file\reports\strategy_agent_model_application_20260621\formal_5d10d_noncalendar_quality_refine_20260621\signals\strong5_10d_pos_eqdd_mh10_c102_cash990_rw2422201816.csv,D:\work\quant\quant_mcp\quant\data_file\reports\strategy_agent_model_application_20260621\formal_5d10d_noncalendar_quality_refine_20260621\logs\strong5_10d_pos_eqdd_mh10_c102_cash990_rw2422201816.log,2.5471314772130644,2.807111934507875,0.2661827377456331,0.6062322946175638,357,353,1901,392,0.2003577064702824,0.24,0.16,0.6244015140562251,0.21285140562248997,5,498
strong5_t202_10d_pos_eqdd_mh10_c102_cash990_cnt4,True,,5,2,,,,,,,,0.0,,,,,,4,,,5,7,10,0.202,0.202,,1.0,3,1,0,D:\work\quant\quant_mcp\quant\data_file\reports\strategy_agent_model_application_20260621\formal_5d10d_noncalendar_quality_refine_20260621\signals\strong5_t202_10d_pos_eqdd_mh10_c102_cash990_cnt4.csv,D:\work\quant\quant_mcp\quant\data_file\reports\strategy_agent_model_application_20260621\formal_5d10d_noncalendar_quality_refine_20260621\logs\strong5_t202_10d_pos_eqdd_mh10_c102_cash990_cnt4.log,1.8192568027401042,2.653673557293295,0.23434679536753347,0.5946745562130178,342,338,1876,380,0.20199999999999843,0.202,0.202,0.5566443995983937,0.13253012048192772,5,498
strong5_t204_10d_pos_eqdd_mh10_c102_cash990_cnt4,True,,5,2,,,,,,,,0.0,,,,,,4,,,5,7,10,0.204,0.204,,1.0,3,1,0,D:\work\quant\quant_mcp\quant\data_file\reports\strategy_agent_model_application_20260621\formal_5d10d_noncalendar_quality_refine_20260621\signals\strong5_t204_10d_pos_eqdd_mh10_c102_cash990_cnt4.csv,D:\work\quant\quant_mcp\quant\data_file\reports\strategy_agent_model_application_20260621\formal_5d10d_noncalendar_quality_refine_20260621\logs\strong5_t204_10d_pos_eqdd_mh10_c102_cash990_cnt4.log,1.8500972752415512,2.6508827474427235,0.2361715781002462,0.5946745562130178,342,338,1876,380,0.20400000000000415,0.204,0.204,0.5606026987951804,0.1465863453815261,5,498
strong5_t206_10d_pos_eqdd_mh10_c102_cash990_cnt4,True,,5,2,,,,,,,,0.0,,,,,,4,,,5,7,10,0.206,0.206,,1.0,3,1,0,D:\work\quant\quant_mcp\quant\data_file\reports\strategy_agent_model_application_20260621\formal_5d10d_noncalendar_quality_refine_20260621\signals\strong5_t206_10d_pos_eqdd_mh10_c102_cash990_cnt4.csv,D:\work\quant\quant_mcp\quant\data_file\reports\strategy_agent_model_application_20260621\formal_5d10d_noncalendar_quality_refine_20260621\logs\strong5_t206_10d_pos_eqdd_mh10_c102_cash990_cnt4.log,1.8831063481789967,2.648406820760644,0.2385130373923438,0.5946745562130178,342,338,1876,380,0.20600000000000288,0.206,0.206,0.5650535261044178,0.15060240963855423,5,498
strong5_t204_10d_pos_eqdd_mh10_c102_cash990_p1,True,,5,2,,,,,,,,0.0,,,,,,,1,,5,7,10,0.204,0.204,,1.0,3,1,0,D:\work\quant\quant_mcp\quant\data_file\reports\strategy_agent_model_application_20260621\formal_5d10d_noncalendar_quality_refine_20260621\signals\strong5_t204_10d_pos_eqdd_mh10_c102_cash990_p1.csv,D:\work\quant\quant_mcp\quant\data_file\reports\strategy_agent_model_application_20260621\formal_5d10d_noncalendar_quality_refine_20260621\logs\strong5_t204_10d_pos_eqdd_mh10_c102_cash990_p1.log,1.9788775037471458,2.7445484075549627,0.2361715781002462,0.5982404692082112,345,341,1879,382,0.20400000000000415,0.204,0.204,0.5645230341365459,0.14457831325301204,5,498
strong5_t206_10d_pos_eqdd_mh10_c102_cash990_p1,True,,5,2,,,,,,,,0.0,,,,,,,1,,5,7,10,0.206,0.206,,1.0,3,1,0,D:\work\quant\quant_mcp\quant\data_file\reports\strategy_agent_model_application_20260621\formal_5d10d_noncalendar_quality_refine_20260621\signals\strong5_t206_10d_pos_eqdd_mh10_c102_cash990_p1.csv,D:\work\quant\quant_mcp\quant\data_file\reports\strategy_agent_model_application_20260621\formal_5d10d_noncalendar_quality_refine_20260621\logs\strong5_t206_10d_pos_eqdd_mh10_c102_cash990_p1.log,2.0153050519062456,2.7422545543715833,0.2385130373923438,0.5982404692082112,345,341,1879,382,0.2060000000000029,0.206,0.206,0.5690104477911645,0.14859437751004015,5,498
strong5_t204_10d_pos_eqdd_mh10_c102_cash990_hard060,True,,5,2,,,,,,,,0.0,,,,,,,,,5,7,10,0.204,0.204,,1.0,3,1,0,D:\work\quant\quant_mcp\quant\data_file\reports\strategy_agent_model_application_20260621\formal_5d10d_noncalendar_quality_refine_20260621\signals\strong5_t204_10d_pos_eqdd_mh10_c102_cash990_hard060.csv,D:\work\quant\quant_mcp\quant\data_file\reports\strategy_agent_model_application_20260621\formal_5d10d_noncalendar_quality_refine_20260621\logs\strong5_t204_10d_pos_eqdd_mh10_c102_cash990_hard060.log,2.039664017985494,2.7863225714576743,0.23551063869335048,0.6017191977077364,353,349,1901,392,0.2040000000000042,0.204,0.204,0.5756700662650601,0.1465863453815261,5,498
strong5_t204_10d_pos_eqdd_mh10_c102_cash990_hard080,True,,5,2,,,,,,,,0.0,,,,,,,,,5,7,10,0.204,0.204,,1.0,3,1,0,D:\work\quant\quant_mcp\quant\data_file\reports\strategy_agent_model_application_20260621\formal_5d10d_noncalendar_quality_refine_20260621\signals\strong5_t204_10d_pos_eqdd_mh10_c102_cash990_hard080.csv,D:\work\quant\quant_mcp\quant\data_file\reports\strategy_agent_model_application_20260621\formal_5d10d_noncalendar_quality_refine_20260621\logs\strong5_t204_10d_pos_eqdd_mh10_c102_cash990_hard080.log,2.0365856889476714,2.782406537391664,0.23682808167219635,0.6017191977077364,353,349,1901,392,0.2040000000000042,0.204,0.204,0.5766731044176704,0.14457831325301204,5,498
strong5_t204_10d_pos_eqdd_mh10_c102_hard080,True,,5,2,,,,,,,,0.0,,,,,,,,,5,7,10,0.204,0.204,,1.0,3,1,0,D:\work\quant\quant_mcp\quant\data_file\reports\strategy_agent_model_application_20260621\formal_5d10d_noncalendar_quality_refine_20260621\signals\strong5_t204_10d_pos_eqdd_mh10_c102_hard080.csv,D:\work\quant\quant_mcp\quant\data_file\reports\strategy_agent_model_application_20260621\formal_5d10d_noncalendar_quality_refine_20260621\logs\strong5_t204_10d_pos_eqdd_mh10_c102_hard080.log,2.037468001182981,2.782965143993048,0.23682808167219635,0.6017191977077364,353,349,1901,392,0.2040000000000042,0.204,0.204,0.5767528975903613,0.14859437751004015,5,498
strong5_t204_10d_pos_eqdd_mh10_c102_hard060,True,,5,2,,,,,,,,0.0,,,,,,,,,5,7,10,0.204,0.204,,1.0,3,1,0,D:\work\quant\quant_mcp\quant\data_file\reports\strategy_agent_model_application_20260621\formal_5d10d_noncalendar_quality_refine_20260621\signals\strong5_t204_10d_pos_eqdd_mh10_c102_hard060.csv,D:\work\quant\quant_mcp\quant\data_file\reports\strategy_agent_model_application_20260621\formal_5d10d_noncalendar_quality_refine_20260621\logs\strong5_t204_10d_pos_eqdd_mh10_c102_hard060.log,2.0382988016564836,2.7851520322400627,0.23551063869335048,0.6017191977077364,353,349,1901,392,0.2040000000000042,0.204,0.204,0.5757797791164658,0.14859437751004015,5,498
strong5_t206_10d_pos_eqdd_mh10_c102,True,,5,2,,,,,,,,0.0,,,,,,,,,5,7,10,0.206,0.206,,1.0,3,1,0,D:\work\quant\quant_mcp\quant\data_file\reports\strategy_agent_model_application_20260621\formal_5d10d_noncalendar_quality_refine_20260621\signals\strong5_t206_10d_pos_eqdd_mh10_c102.csv,D:\work\quant\quant_mcp\quant\data_file\reports\strategy_agent_model_application_20260621\formal_5d10d_noncalendar_quality_refine_20260621\logs\strong5_t206_10d_pos_eqdd_mh10_c102.log,2.076375238350702,2.7819097931286176,0.2385130373923438,0.6017191977077364,353,349,1901,392,0.20600000000000307,0.206,0.206,0.5808668975903617,0.15261044176706828,5,498
strong5_t207_10d_pos_eqdd_mh10_c102,True,,5,2,,,,,,,,0.0,,,,,,,,,5,7,10,0.207,0.207,,1.0,3,1,0,D:\work\quant\quant_mcp\quant\data_file\reports\strategy_agent_model_application_20260621\formal_5d10d_noncalendar_quality_refine_20260621\signals\strong5_t207_10d_pos_eqdd_mh10_c102.csv,D:\work\quant\quant_mcp\quant\data_file\reports\strategy_agent_model_application_20260621\formal_5d10d_noncalendar_quality_refine_20260621\logs\strong5_t207_10d_pos_eqdd_mh10_c102.log,2.095616353273109,2.7809289695121335,0.23962473742077328,0.6017191977077364,353,349,1901,392,0.20699999999999477,0.207,0.207,0.5831385160642569,0.15261044176706828,5,498
strong5_t205_10d_pos_eqdd_mh10_c101,True,,5,2,,,,,,,,0.0,,,,,,,,,5,7,10,0.205,0.205,,1.0,3,1,0,D:\work\quant\quant_mcp\quant\data_file\reports\strategy_agent_model_application_20260621\formal_5d10d_noncalendar_quality_refine_20260621\signals\strong5_t205_10d_pos_eqdd_mh10_c101.csv,D:\work\quant\quant_mcp\quant\data_file\reports\strategy_agent_model_application_20260621\formal_5d10d_noncalendar_quality_refine_20260621\logs\strong5_t205_10d_pos_eqdd_mh10_c101.log,2.0570864925901073,2.7832281780602246,0.23728950984856728,0.6017191977077364,353,349,1901,392,0.20499999999999816,0.205,0.205,0.5785811305220887,0.15261044176706828,5,498
strong5_t205_10d_pos_eqdd_mh10_c104,True,,5,2,,,,,,,,0.0,,,,,,,,,5,7,10,0.205,0.205,,1.0,3,1,0,D:\work\quant\quant_mcp\quant\data_file\reports\strategy_agent_model_application_20260621\formal_5d10d_noncalendar_quality_refine_20260621\signals\strong5_t205_10d_pos_eqdd_mh10_c104.csv,D:\work\quant\quant_mcp\quant\data_file\reports\strategy_agent_model_application_20260621\formal_5d10d_noncalendar_quality_refine_20260621\logs\strong5_t205_10d_pos_eqdd_mh10_c104.log,2.0570864925901073,2.7832281780602246,0.23728950984856728,0.6017191977077364,353,349,1901,392,0.20499999999999816,0.205,0.205,0.5785811305220887,0.15261044176706828,5,498
strong5_t205_10d_pos_eqdd_mh10_c103,True,,5,2,,,,,,,,0.0,,,,,,,,,5,7,10,0.205,0.205,,1.0,3,1,0,D:\work\quant\quant_mcp\quant\data_file\reports\strategy_agent_model_application_20260621\formal_5d10d_noncalendar_quality_refine_20260621\signals\strong5_t205_10d_pos_eqdd_mh10_c103.csv,D:\work\quant\quant_mcp\quant\data_file\reports\strategy_agent_model_application_20260621\formal_5d10d_noncalendar_quality_refine_20260621\logs\strong5_t205_10d_pos_eqdd_mh10_c103.log,2.0570864925901073,2.7832281780602246,0.23728950984856728,0.6017191977077364,353,349,1901,392,0.20499999999999816,0.205,0.205,0.5785811305220887,0.15261044176706828,5,498
strong5_t205_10d_pos_eqdd_mh10_c108,True,,5,2,,,,,,,,0.0,,,,,,,,,5,7,10,0.205,0.205,,1.0,3,1,0,D:\work\quant\quant_mcp\quant\data_file\reports\strategy_agent_model_application_20260621\formal_5d10d_noncalendar_quality_refine_20260621\signals\strong5_t205_10d_pos_eqdd_mh10_c108.csv,D:\work\quant\quant_mcp\quant\data_file\reports\strategy_agent_model_application_20260621\formal_5d10d_noncalendar_quality_refine_20260621\logs\strong5_t205_10d_pos_eqdd_mh10_c108.log,2.0332130230490635,2.7459827506114887,0.23728950984856728,0.6017191977077364,353,349,1901,392,0.20499999999999816,0.205,0.205,0.5788240542168676,0.15461847389558234,5,498
strong5_t208_10d_pos_eqdd_loose,True,,5,2,,,,,,,,0.0,,,,,,,,,5,7,7,0.208,0.208,,1.0,3,1,0,D:\work\quant\quant_mcp\quant\data_file\reports\strategy_agent_model_application_20260621\formal_5d10d_noncalendar_quality_refine_20260621\signals\strong5_t208_10d_pos_eqdd_loose.csv,D:\work\quant\quant_mcp\quant\data_file\reports\strategy_agent_model_application_20260621\formal_5d10d_noncalendar_quality_refine_20260621\logs\strong5_t208_10d_pos_eqdd_loose.log,2.0632913765381207,2.686319687503592,0.21382267360677737,0.590027700831025,365,361,1901,392,0.2080000000000085,0.208,0.208,0.5847523795180724,0.1646586345381526,5,498
strong5_t21_10d_pos_eqdd_loose,True,,5,2,,,,,,,,0.0,,,,,,,,,5,7,7,0.21,0.21,,1.0,3,1,0,D:\work\quant\quant_mcp\quant\data_file\reports\strategy_agent_model_application_20260621\formal_5d10d_noncalendar_quality_refine_20260621\signals\strong5_t21_10d_pos_eqdd_loose.csv,D:\work\quant\quant_mcp\quant\data_file\reports\strategy_agent_model_application_20260621\formal_5d10d_noncalendar_quality_refine_20260621\logs\strong5_t21_10d_pos_eqdd_loose.log,2.0955849508653697,2.681435103954311,0.2156973676566566,0.590027700831025,365,361,1901,392,0.20999999999999433,0.21,0.21,0.5893969337349401,0.15461847389558234,5,498
strong5_t205_10d_pos_eqdd_mid,True,,5,2,,,,,,,,0.0,,,,,,,,,5,7,7,0.205,0.205,,1.0,3,1,0,D:\work\quant\quant_mcp\quant\data_file\reports\strategy_agent_model_application_20260621\formal_5d10d_noncalendar_quality_refine_20260621\signals\strong5_t205_10d_pos_eqdd_mid.csv,D:\work\quant\quant_mcp\quant\data_file\reports\strategy_agent_model_application_20260621\formal_5d10d_noncalendar_quality_refine_20260621\logs\strong5_t205_10d_pos_eqdd_mid.log,2.0075956158347954,2.6821300094463036,0.2127985471771486,0.590027700831025,365,361,1901,392,0.20499999999999816,0.205,0.205,0.5791358032128514,0.1646586345381526,5,498
strong5_t205_10d_pos_eqdd_resize,True,,5,2,,,,,,,,0.0,,,,,,,,,5,7,7,0.205,0.205,,1.0,3,1,0,D:\work\quant\quant_mcp\quant\data_file\reports\strategy_agent_model_application_20260621\formal_5d10d_noncalendar_quality_refine_20260621\signals\strong5_t205_10d_pos_eqdd_resize.csv,D:\work\quant\quant_mcp\quant\data_file\reports\strategy_agent_model_application_20260621\formal_5d10d_noncalendar_quality_refine_20260621\logs\strong5_t205_10d_pos_eqdd_resize.log,1.3108514674711276,2.229355816178978,0.33863132571919996,0.5916305916305916,584,693,1901,392,0.20499999999999816,0.205,0.205,0.5566223795180716,0.12650602409638553,5,498
strong5_t202_10d_pos_eqdd_mild,True,,5,2,,,,,,,,0.0,,,,,,,,,5,7,7,0.202,0.202,,1.0,3,1,0,D:\work\quant\quant_mcp\quant\data_file\reports\strategy_agent_model_application_20260621\formal_5d10d_noncalendar_quality_refine_20260621\signals\strong5_t202_10d_pos_eqdd_mild.csv,D:\work\quant\quant_mcp\quant\data_file\reports\strategy_agent_model_application_20260621\formal_5d10d_noncalendar_quality_refine_20260621\logs\strong5_t202_10d_pos_eqdd_mild.log,1.8824691592862601,2.6975616595032093,0.2040846294683627,0.590027700831025,365,361,1901,392,0.20199999999999843,0.202,0.202,0.5538590983935741,0.12650602409638553,5,498
strong5_t202_10d_pos_intraday_sl06,True,,5,2,,,,,,,,0.0,,,,,,,,,5,7,7,0.202,0.202,,1.0,3,1,0,D:\work\quant\quant_mcp\quant\data_file\reports\strategy_agent_model_application_20260621\formal_5d10d_noncalendar_quality_refine_20260621\signals\strong5_t202_10d_pos_intraday_sl06.csv,D:\work\quant\quant_mcp\quant\data_file\reports\strategy_agent_model_application_20260621\formal_5d10d_noncalendar_quality_refine_20260621\logs\strong5_t202_10d_pos_intraday_sl06.log,1.2736707722283342,0.476493276535372,0.6266741197882921,0.5953947368421053,307,304,1901,392,0.20199999999999843,0.202,0.202,0.7513201606425713,0.4939759036144578,5,498
strong5_t202_10d_pos_intraday_sl04_half,True,,5,2,,,,,,,,0.0,,,,,,,,,5,7,7,0.202,0.202,,1.0,3,1,0,D:\work\quant\quant_mcp\quant\data_file\reports\strategy_agent_model_application_20260621\formal_5d10d_noncalendar_quality_refine_20260621\signals\strong5_t202_10d_pos_intraday_sl04_half.csv,D:\work\quant\quant_mcp\quant\data_file\reports\strategy_agent_model_application_20260621\formal_5d10d_noncalendar_quality_refine_20260621\logs\strong5_t202_10d_pos_intraday_sl04_half.log,1.5031160059727275,2.4993108127112604,0.2498960130541799,0.3179190751445087,365,692,1901,392,0.20199999999999843,0.202,0.202,0.5349168694779117,0.11646586345381527,5,498
strong4_t22_10d_min002,True,,4,2,,,,,,,,0.02,,,,,,,,,5,7,7,0.22,0.22,,1.0,3,1,0,D:\work\quant\quant_mcp\quant\data_file\reports\strategy_agent_model_application_20260621\formal_5d10d_noncalendar_quality_refine_20260621\signals\strong4_t22_10d_min002.csv,D:\work\quant\quant_mcp\quant\data_file\reports\strategy_agent_model_application_20260621\formal_5d10d_noncalendar_quality_refine_20260621\logs\strong4_t22_10d_min002.log,0.586713320183248,1.4200530705098213,0.34958572116287373,0.5576923076923077,264,260,1165,316,0.21999999999999897,0.22,0.22,0.4378568032128516,0.07228915662650602,5,498
strong4_t22_10d_min005,True,,4,2,,,,,,,,0.05,,,,,,,,,5,7,7,0.22,0.22,,1.0,3,1,0,D:\work\quant\quant_mcp\quant\data_file\reports\strategy_agent_model_application_20260621\formal_5d10d_noncalendar_quality_refine_20260621\signals\strong4_t22_10d_min005.csv,D:\work\quant\quant_mcp\quant\data_file\reports\strategy_agent_model_application_20260621\formal_5d10d_noncalendar_quality_refine_20260621\logs\strong4_t22_10d_min005.log,0.4140737987089646,1.1952014477867279,0.2961302615227234,0.5454545454545454,234,231,810,252,0.219999999999999,0.22,0.22,0.42118610240963855,0.14056224899598393,5,498
strong4_t22_10d_min010,True,,4,2,,,,,,,,0.1,,,,,,,,,5,7,7,0.22,0.22,,1.0,3,1,0,D:\work\quant\quant_mcp\quant\data_file\reports\strategy_agent_model_application_20260621\formal_5d10d_noncalendar_quality_refine_20260621\signals\strong4_t22_10d_min010.csv,D:\work\quant\quant_mcp\quant\data_file\reports\strategy_agent_model_application_20260621\formal_5d10d_noncalendar_quality_refine_20260621\logs\strong4_t22_10d_min010.log,0.313066040405229,1.1144226600658091,0.1643876264933693,0.5416666666666666,146,144,429,155,0.21999999999999914,0.22,0.22,0.30322522891566256,0.10040160642570281,5,498
strong4_t22_10d_pos_gap01,True,,4,2,,,,,,,,0.0,,,,,0.1,,,,5,7,7,0.22,0.22,,1.0,3,1,0,D:\work\quant\quant_mcp\quant\data_file\reports\strategy_agent_model_application_20260621\formal_5d10d_noncalendar_quality_refine_20260621\signals\strong4_t22_10d_pos_gap01.csv,D:\work\quant\quant_mcp\quant\data_file\reports\strategy_agent_model_application_20260621\formal_5d10d_noncalendar_quality_refine_20260621\logs\strong4_t22_10d_pos_gap01.log,1.5160579195709267,2.1949562168971264,0.2393067008438127,0.5863192182410424,311,307,1319,356,0.22000000000000228,0.22,0.22,0.5655270562248997,0.16265060240963855,4,498
strong4_t22_10d_pos_gap02,True,,4,2,,,,,,,,0.0,,,,,0.2,,,,5,7,7,0.22,0.22,,1.0,3,1,0,D:\work\quant\quant_mcp\quant\data_file\reports\strategy_agent_model_application_20260621\formal_5d10d_noncalendar_quality_refine_20260621\signals\strong4_t22_10d_pos_gap02.csv,D:\work\quant\quant_mcp\quant\data_file\reports\strategy_agent_model_application_20260621\formal_5d10d_noncalendar_quality_refine_20260621\logs\strong4_t22_10d_pos_gap02.log,1.6619745840039202,2.329778922910934,0.23940752267894833,0.5952380952380952,341,336,1455,387,0.22000000000000464,0.22,0.22,0.5958788955823294,0.1686746987951807,5,498
strong4_t22_10d_pos_gap05,True,,4,2,,,,,,,,0.0,,,,,0.5,,,,5,7,7,0.22,0.22,,1.0,3,1,0,D:\work\quant\quant_mcp\quant\data_file\reports\strategy_agent_model_application_20260621\formal_5d10d_noncalendar_quality_refine_20260621\signals\strong4_t22_10d_pos_gap05.csv,D:\work\quant\quant_mcp\quant\data_file\reports\strategy_agent_model_application_20260621\formal_5d10d_noncalendar_quality_refine_20260621\logs\strong4_t22_10d_pos_gap05.log,2.003785245081144,2.5196759165238403,0.23455850295183972,0.5734463276836158,358,354,1506,391,0.22000000000000539,0.22,0.22,0.6064708634538156,0.1646586345381526,5,498
strong4_t22_10d_rank95,True,,4,2,,,,,,,,,,,,0.95,,,,,5,7,7,0.22,0.22,,1.0,3,1,0,D:\work\quant\quant_mcp\quant\data_file\reports\strategy_agent_model_application_20260621\formal_5d10d_noncalendar_quality_refine_20260621\signals\strong4_t22_10d_rank95.csv,D:\work\quant\quant_mcp\quant\data_file\reports\strategy_agent_model_application_20260621\formal_5d10d_noncalendar_quality_refine_20260621\logs\strong4_t22_10d_rank95.log,1.5198256294956913,2.0106463066056164,0.2346196746424754,0.5380434782608695,372,368,1552,407,0.22000000000000605,0.22,0.22,0.6076515562248996,0.14056224899598393,5,498
strong4_t22_10d_rank97,True,,4,2,,,,,,,,,,,,0.97,,,,,5,7,7,0.22,0.22,,1.0,3,1,0,D:\work\quant\quant_mcp\quant\data_file\reports\strategy_agent_model_application_20260621\formal_5d10d_noncalendar_quality_refine_20260621\signals\strong4_t22_10d_rank97.csv,D:\work\quant\quant_mcp\quant\data_file\reports\strategy_agent_model_application_20260621\formal_5d10d_noncalendar_quality_refine_20260621\logs\strong4_t22_10d_rank97.log,1.7251970254307367,2.3176788111090727,0.2346196746424754,0.5660919540229885,352,348,1447,387,0.2200000000000045,0.22,0.22,0.5888542791164656,0.15060240963855423,5,498
strong4_t22_10d_rank99,True,,4,2,,,,,,,,,,,,0.99,,,,,5,7,7,0.22,0.22,,1.0,3,1,0,D:\work\quant\quant_mcp\quant\data_file\reports\strategy_agent_model_application_20260621\formal_5d10d_noncalendar_quality_refine_20260621\signals\strong4_t22_10d_rank99.csv,D:\work\quant\quant_mcp\quant\data_file\reports\strategy_agent_model_application_20260621\formal_5d10d_noncalendar_quality_refine_20260621\logs\strong4_t22_10d_rank99.log,0.7867340568881923,1.512550894485401,0.23521161684524172,0.5610561056105611,306,303,1043,348,0.21999999999999897,0.22,0.22,0.5340676244979916,0.13453815261044177,5,498
strong4_t22_5d_rank95,True,,4,2,,,,,,,,,,,0.95,,,,,,5,7,7,0.22,0.22,,1.0,3,1,0,D:\work\quant\quant_mcp\quant\data_file\reports\strategy_agent_model_application_20260621\formal_5d10d_noncalendar_quality_refine_20260621\signals\strong4_t22_5d_rank95.csv,D:\work\quant\quant_mcp\quant\data_file\reports\strategy_agent_model_application_20260621\formal_5d10d_noncalendar_quality_refine_20260621\logs\strong4_t22_5d_rank95.log,1.1644319479533893,1.6051423986361009,0.23404772205199934,0.5403899721448467,363,359,1490,402,0.22000000000000516,0.22,0.22,0.597711341365462,0.13654618473895583,5,498
strong4_t22_5d_rank97,True,,4,2,,,,,,,,,,,0.97,,,,,,5,7,7,0.22,0.22,,1.0,3,1,0,D:\work\quant\quant_mcp\quant\data_file\reports\strategy_agent_model_application_20260621\formal_5d10d_noncalendar_quality_refine_20260621\signals\strong4_t22_5d_rank97.csv,D:\work\quant\quant_mcp\quant\data_file\reports\strategy_agent_model_application_20260621\formal_5d10d_noncalendar_quality_refine_20260621\logs\strong4_t22_5d_rank97.log,1.0784801183382204,1.642399256416543,0.30036543092764506,0.5488505747126436,349,348,1391,387,0.22000000000000358,0.22,0.22,0.5868371044176699,0.14056224899598393,5,498
strong4_t22_rank95_both,True,,4,2,,,,,,,,,,,0.95,0.95,,,,,5,7,7,0.22,0.22,,1.0,3,1,0,D:\work\quant\quant_mcp\quant\data_file\reports\strategy_agent_model_application_20260621\formal_5d10d_noncalendar_quality_refine_20260621\signals\strong4_t22_rank95_both.csv,D:\work\quant\quant_mcp\quant\data_file\reports\strategy_agent_model_application_20260621\formal_5d10d_noncalendar_quality_refine_20260621\logs\strong4_t22_rank95_both.log,1.1310185614895862,1.6014925509370614,0.23404772205199934,0.5310734463276836,358,354,1450,396,0.22000000000000455,0.22,0.22,0.5824012690763053,0.12449799196787148,5,498
strong4_t22_10d_pos_rank95,True,,4,2,,,,,,,,0.0,,,,0.95,,,,,5,7,7,0.22,0.22,,1.0,3,1,0,D:\work\quant\quant_mcp\quant\data_file\reports\strategy_agent_model_application_20260621\formal_5d10d_noncalendar_quality_refine_20260621\signals\strong4_t22_10d_pos_rank95.csv,D:\work\quant\quant_mcp\quant\data_file\reports\strategy_agent_model_application_20260621\formal_5d10d_noncalendar_quality_refine_20260621\logs\strong4_t22_10d_pos_rank95.log,1.8279869850238746,2.3451569049803447,0.2346196746424754,0.5617977528089888,360,356,1491,391,0.22000000000000516,0.22,0.22,0.6043733955823297,0.15863453815261044,5,498
strong4_t22_10d_pos_rank97,True,,4,2,,,,,,,,0.0,,,,0.97,,,,,5,7,7,0.22,0.22,,1.0,3,1,0,D:\work\quant\quant_mcp\quant\data_file\reports\strategy_agent_model_application_20260621\formal_5d10d_noncalendar_quality_refine_20260621\signals\strong4_t22_10d_pos_rank97.csv,D:\work\quant\quant_mcp\quant\data_file\reports\strategy_agent_model_application_20260621\formal_5d10d_noncalendar_quality_refine_20260621\logs\strong4_t22_10d_pos_rank97.log,1.7251970254307367,2.317678811109073,0.2346196746424754,0.5660919540229885,352,348,1447,387,0.2200000000000045,0.22,0.22,0.5888542791164656,0.15060240963855423,5,498
strong4_t22_10d_pos_rank95_gap02,True,,4,2,,,,,,,,0.0,,,,0.95,0.2,,,,5,7,7,0.22,0.22,,1.0,3,1,0,D:\work\quant\quant_mcp\quant\data_file\reports\strategy_agent_model_application_20260621\formal_5d10d_noncalendar_quality_refine_20260621\signals\strong4_t22_10d_pos_rank95_gap02.csv,D:\work\quant\quant_mcp\quant\data_file\reports\strategy_agent_model_application_20260621\formal_5d10d_noncalendar_quality_refine_20260621\logs\strong4_t22_10d_pos_rank95_gap02.log,1.5916982490772653,2.4727715907562753,0.23940752267894833,0.593939393939394,334,330,1407,381,0.22000000000000386,0.22,0.22,0.5783177389558237,0.15261044176706828,4,498
strong4_t22_both_pos,True,,4,2,,,,,,,0.0,0.0,,,,,,,,,5,7,7,0.22,0.22,,1.0,3,1,0,D:\work\quant\quant_mcp\quant\data_file\reports\strategy_agent_model_application_20260621\formal_5d10d_noncalendar_quality_refine_20260621\signals\strong4_t22_both_pos.csv,D:\work\quant\quant_mcp\quant\data_file\reports\strategy_agent_model_application_20260621\formal_5d10d_noncalendar_quality_refine_20260621\logs\strong4_t22_both_pos.log,1.2014088299254182,1.7651296050662222,0.3184269005865326,0.5675675675675675,336,333,1426,372,0.22000000000000416,0.22,0.22,0.5849991887550201,0.1746987951807229,5,498
strong5_t22_both_pos,True,,5,2,,,,,,,0.0,0.0,,,,,,,,,5,7,7,0.22,0.22,,1.0,3,1,0,D:\work\quant\quant_mcp\quant\data_file\reports\strategy_agent_model_application_20260621\formal_5d10d_noncalendar_quality_refine_20260621\signals\strong5_t22_both_pos.csv,D:\work\quant\quant_mcp\quant\data_file\reports\strategy_agent_model_application_20260621\formal_5d10d_noncalendar_quality_refine_20260621\logs\strong5_t22_both_pos.log,1.279087602518409,1.8076289952422449,0.31844579298046277,0.5769230769230769,341,338,1759,372,0.22000000000000855,0.22,0.22,0.5960845562248998,0.19678714859437751,5,498
strong4_t22_5d_rank30,True,,4,2,,,,,,,,,0.3,,,,,,,,5,7,7,0.22,0.22,,1.0,3,1,0,D:\work\quant\quant_mcp\quant\data_file\reports\strategy_agent_model_application_20260621\formal_5d10d_noncalendar_quality_refine_20260621\signals\strong4_t22_5d_rank30.csv,D:\work\quant\quant_mcp\quant\data_file\reports\strategy_agent_model_application_20260621\formal_5d10d_noncalendar_quality_refine_20260621\logs\strong4_t22_5d_rank30.log,0.11254915853870663,1.901040812413722,0.020493758482019498,0.8235294117647058,17,17,49,18,0.22000000000000008,0.22,0.22,0.02815381526104418,0.0,3,498
strong4_t22_5d_rank20,True,,4,2,,,,,,,,,0.2,,,,,,,,5,7,7,0.22,0.22,,1.0,3,1,0,D:\work\quant\quant_mcp\quant\data_file\reports\strategy_agent_model_application_20260621\formal_5d10d_noncalendar_quality_refine_20260621\signals\strong4_t22_5d_rank20.csv,D:\work\quant\quant_mcp\quant\data_file\reports\strategy_agent_model_application_20260621\formal_5d10d_noncalendar_quality_refine_20260621\logs\strong4_t22_5d_rank20.log,0.12186864476227567,2.1226783039759667,0.011387456777530993,0.8666666666666667,15,15,44,15,0.22000000000000003,0.22,0.22,0.022941084337349395,0.0,3,498
strong4_t22_10d_rank80,True,,4,2,,,,,,,,,,0.8,,,,,,,5,7,7,0.22,0.22,,1.0,3,1,0,D:\work\quant\quant_mcp\quant\data_file\reports\strategy_agent_model_application_20260621\formal_5d10d_noncalendar_quality_refine_20260621\signals\strong4_t22_10d_rank80.csv,D:\work\quant\quant_mcp\quant\data_file\reports\strategy_agent_model_application_20260621\formal_5d10d_noncalendar_quality_refine_20260621\logs\strong4_t22_10d_rank80.log,-0.024639996367649155,-0.9556761981704394,0.07077955013768197,0.16666666666666666,6,6,10,7,0.22000000000000003,0.22,0.22,0.017017156626506023,0.010040160642570281,4,498
strong4_t22_gap08,True,,4,2,,,,,,,,,,,,,8.0,,,,5,7,7,0.22,0.22,,1.0,3,1,0,D:\work\quant\quant_mcp\quant\data_file\reports\strategy_agent_model_application_20260621\formal_5d10d_noncalendar_quality_refine_20260621\signals\strong4_t22_gap08.csv,D:\work\quant\quant_mcp\quant\data_file\reports\strategy_agent_model_application_20260621\formal_5d10d_noncalendar_quality_refine_20260621\logs\strong4_t22_gap08.log,2.0052758020763286,2.4265015241269983,0.2346196746424754,0.5597826086956522,372,368,1636,409,0.22000000000000713,0.22,0.22,0.6181074538152609,0.15261044176706828,5,498
strong4_t22_gap05,True,,4,2,,,,,,,,,,,,,5.0,,,,5,7,7,0.22,0.22,,1.0,3,1,0,D:\work\quant\quant_mcp\quant\data_file\reports\strategy_agent_model_application_20260621\formal_5d10d_noncalendar_quality_refine_20260621\signals\strong4_t22_gap05.csv,D:\work\quant\quant_mcp\quant\data_file\reports\strategy_agent_model_application_20260621\formal_5d10d_noncalendar_quality_refine_20260621\logs\strong4_t22_gap05.log,2.061234013605008,2.466976665420422,0.2346196746424754,0.5613079019073569,371,367,1632,409,0.22000000000000708,0.22,0.22,0.6183427730923703,0.15461847389558234,5,498
strong4_t22_liq_mv_atr,True,,4,2,20000.0,0.5,,,150000.0,0.1,,,,,,,,,,,5,7,7,0.22,0.22,,1.0,3,1,0,D:\work\quant\quant_mcp\quant\data_file\reports\strategy_agent_model_application_20260621\formal_5d10d_noncalendar_quality_refine_20260621\signals\strong4_t22_liq_mv_atr.csv,D:\work\quant\quant_mcp\quant\data_file\reports\strategy_agent_model_application_20260621\formal_5d10d_noncalendar_quality_refine_20260621\logs\strong4_t22_liq_mv_atr.log,-0.012507928159011182,-0.44953097563097005,0.05042789957240732,0.0,6,2,14,8,0.22000000000000006,0.22,0.22,0.01009664859437751,0.004016064257028112,4,498
strong5_t22_liq_mv_atr,True,,5,2,20000.0,0.5,,,150000.0,0.1,,,,,,,,,,,5,7,7,0.22,0.22,,1.0,3,1,0,D:\work\quant\quant_mcp\quant\data_file\reports\strategy_agent_model_application_20260621\formal_5d10d_noncalendar_quality_refine_20260621\signals\strong5_t22_liq_mv_atr.csv,D:\work\quant\quant_mcp\quant\data_file\reports\strategy_agent_model_application_20260621\formal_5d10d_noncalendar_quality_refine_20260621\logs\strong5_t22_liq_mv_atr.log,-0.012507928159011182,-0.44953097563097005,0.05042789957240732,0.0,6,2,14,8,0.22000000000000006,0.22,0.22,0.01009664859437751,0.004016064257028112,4,498
strong4_t23_liq_mid,True,,4,2,20000.0,0.5,,,,,,,,,,,,,,,5,7,7,0.23,0.23,,1.0,3,1,0,D:\work\quant\quant_mcp\quant\data_file\reports\strategy_agent_model_application_20260621\formal_5d10d_noncalendar_quality_refine_20260621\signals\strong4_t23_liq_mid.csv,D:\work\quant\quant_mcp\quant\data_file\reports\strategy_agent_model_application_20260621\formal_5d10d_noncalendar_quality_refine_20260621\logs\strong4_t23_liq_mid.log,0.9052417033206787,1.6370576917220692,0.3235657029536482,0.5415472779369628,353,349,1306,409,0.22999999999999887,0.23,0.23,0.617967495983936,0.1566265060240964,4,498
strong4_t24_liq_mid,True,,4,2,20000.0,0.5,,,,,,,,,,,,,,,5,7,7,0.24,0.24,,1.0,3,1,0,D:\work\quant\quant_mcp\quant\data_file\reports\strategy_agent_model_application_20260621\formal_5d10d_noncalendar_quality_refine_20260621\signals\strong4_t24_liq_mid.csv,D:\work\quant\quant_mcp\quant\data_file\reports\strategy_agent_model_application_20260621\formal_5d10d_noncalendar_quality_refine_20260621\logs\strong4_t24_liq_mid.log,0.9726046419349414,1.6335441778502455,0.336160457447143,0.5415472779369628,353,349,1306,409,0.24000000000000443,0.24,0.24,0.643616379518072,0.15461847389558234,4,498
strong3_t25_liq_mid,True,,3,2,20000.0,0.5,,,,,,,,,,,,,,,5,7,7,0.25,0.25,,1.0,3,1,0,D:\work\quant\quant_mcp\quant\data_file\reports\strategy_agent_model_application_20260621\formal_5d10d_noncalendar_quality_refine_20260621\signals\strong3_t25_liq_mid.csv,D:\work\quant\quant_mcp\quant\data_file\reports\strategy_agent_model_application_20260621\formal_5d10d_noncalendar_quality_refine_20260621\logs\strong3_t25_liq_mid.log,0.5644278017482425,1.3591524159709878,0.2854098992608037,0.547945205479452,297,292,986,402,0.25,0.25,0.25,0.49863128714859484,0.012048192771084338,5,498
strong5_10d_pos_eqdd_mh10_c102_cash995_rw2221201918,True,,5,2,,,,,,,,0.0,,,,,,,,,5,7,10,0.2,0.22,"{1: 0.22, 2: 0.21, 3: 0.2, 4: 0.19, 5: 0.18}",1.0,3,1,0,D:\work\quant\quant_mcp\quant\data_file\reports\strategy_agent_model_application_20260621\formal_5d10d_noncalendar_quality_refine_20260621\signals\strong5_10d_pos_eqdd_mh10_c102_cash995_rw2221201918.csv,D:\work\quant\quant_mcp\quant\data_file\reports\strategy_agent_model_application_20260621\formal_5d10d_noncalendar_quality_refine_20260621\logs\strong5_10d_pos_eqdd_mh10_c102_cash995_rw2221201918.log,2.504220746658396,2.8628616004856546,0.2540645199854949,0.6062322946175638,357,353,1901,392,0.20017885323513934,0.22,0.18,0.6115527851405627,0.19879518072289157,5,498
strong5_10d_pos_eqdd_mh10_c102_cash985_rw2221201918,True,,5,2,,,,,,,,0.0,,,,,,,,,5,7,10,0.2,0.22,"{1: 0.22, 2: 0.21, 3: 0.2, 4: 0.19, 5: 0.18}",1.0,3,1,0,D:\work\quant\quant_mcp\quant\data_file\reports\strategy_agent_model_application_20260621\formal_5d10d_noncalendar_quality_refine_20260621\signals\strong5_10d_pos_eqdd_mh10_c102_cash985_rw2221201918.csv,D:\work\quant\quant_mcp\quant\data_file\reports\strategy_agent_model_application_20260621\formal_5d10d_noncalendar_quality_refine_20260621\logs\strong5_10d_pos_eqdd_mh10_c102_cash985_rw2221201918.log,2.501946221361145,2.8626888970299103,0.2540645199854949,0.6062322946175638,357,353,1901,392,0.20017885323513934,0.22,0.18,0.6111521847389559,0.1927710843373494,5,498
strong5_10d_pos_eqdd_mh9_c102_cash990_rw2221201918,True,,5,2,,,,,,,,0.0,,,,,,,,,5,7,9,0.2,0.22,"{1: 0.22, 2: 0.21, 3: 0.2, 4: 0.19, 5: 0.18}",1.0,3,1,0,D:\work\quant\quant_mcp\quant\data_file\reports\strategy_agent_model_application_20260621\formal_5d10d_noncalendar_quality_refine_20260621\signals\strong5_10d_pos_eqdd_mh9_c102_cash990_rw2221201918.csv,D:\work\quant\quant_mcp\quant\data_file\reports\strategy_agent_model_application_20260621\formal_5d10d_noncalendar_quality_refine_20260621\logs\strong5_10d_pos_eqdd_mh9_c102_cash990_rw2221201918.log,1.4818991962129575,2.109818130561501,0.30251790370086723,0.5855072463768116,351,345,1901,392,0.20017885323513934,0.22,0.18,0.6285746164658632,0.14056224899598393,6,498
strong5_10d_pos_eqdd_mh12_c102_cash990_rw2221201918,True,,5,2,,,,,,,,0.0,,,,,,,,,5,7,12,0.2,0.22,"{1: 0.22, 2: 0.21, 3: 0.2, 4: 0.19, 5: 0.18}",1.0,3,1,0,D:\work\quant\quant_mcp\quant\data_file\reports\strategy_agent_model_application_20260621\formal_5d10d_noncalendar_quality_refine_20260621\signals\strong5_10d_pos_eqdd_mh12_c102_cash990_rw2221201918.csv,D:\work\quant\quant_mcp\quant\data_file\reports\strategy_agent_model_application_20260621\formal_5d10d_noncalendar_quality_refine_20260621\logs\strong5_10d_pos_eqdd_mh12_c102_cash990_rw2221201918.log,1.727521420486895,2.413563445875204,0.29842759585688944,0.5660919540229885,352,348,1901,392,0.20017885323513934,0.22,0.18,0.6038565662650605,0.17670682730923695,5,498
strong5_10d_pos_eqdd_mh10_c103_cash990_rw2221201918,True,,5,2,,,,,,,,0.0,,,,,,,,,5,7,10,0.2,0.22,"{1: 0.22, 2: 0.21, 3: 0.2, 4: 0.19, 5: 0.18}",1.0,3,1,0,D:\work\quant\quant_mcp\quant\data_file\reports\strategy_agent_model_application_20260621\formal_5d10d_noncalendar_quality_refine_20260621\signals\strong5_10d_pos_eqdd_mh10_c103_cash990_rw2221201918.csv,D:\work\quant\quant_mcp\quant\data_file\reports\strategy_agent_model_application_20260621\formal_5d10d_noncalendar_quality_refine_20260621\logs\strong5_10d_pos_eqdd_mh10_c103_cash990_rw2221201918.log,2.502505659358325,2.8624038395716918,0.2540645199854949,0.6062322946175638,357,353,1901,392,0.20017885323513934,0.22,0.18,0.6113597650602413,0.19477911646586346,5,498
strong5_10d_pos_eqdd_mh10_c101_cash990_rw2221201918,True,,5,2,,,,,,,,0.0,,,,,,,,,5,7,10,0.2,0.22,"{1: 0.22, 2: 0.21, 3: 0.2, 4: 0.19, 5: 0.18}",1.0,3,1,0,D:\work\quant\quant_mcp\quant\data_file\reports\strategy_agent_model_application_20260621\formal_5d10d_noncalendar_quality_refine_20260621\signals\strong5_10d_pos_eqdd_mh10_c101_cash990_rw2221201918.csv,D:\work\quant\quant_mcp\quant\data_file\reports\strategy_agent_model_application_20260621\formal_5d10d_noncalendar_quality_refine_20260621\logs\strong5_10d_pos_eqdd_mh10_c101_cash990_rw2221201918.log,2.502505659358325,2.862403839571692,0.2540645199854949,0.6062322946175638,357,353,1901,392,0.20017885323513934,0.22,0.18,0.6113597650602413,0.19477911646586346,5,498
strong5_10d_pos_eqdd_mh10_c102_cash990_rw2321201917,True,,5,2,,,,,,,,0.0,,,,,,,,,5,7,10,0.2,0.23,"{1: 0.23, 2: 0.21, 3: 0.2, 4: 0.19, 5: 0.17}",1.0,3,1,0,D:\work\quant\quant_mcp\quant\data_file\reports\strategy_agent_model_application_20260621\formal_5d10d_noncalendar_quality_refine_20260621\signals\strong5_10d_pos_eqdd_mh10_c102_cash990_rw2321201917.csv,D:\work\quant\quant_mcp\quant\data_file\reports\strategy_agent_model_application_20260621\formal_5d10d_noncalendar_quality_refine_20260621\logs\strong5_10d_pos_eqdd_mh10_c102_cash990_rw2321201917.log,2.1043689556385705,2.753427159737756,0.2595455562488552,0.6017191977077364,353,349,1901,392,0.2002840610205136,0.23,0.17,0.5899845000000005,0.16265060240963855,5,498
strong5_10d_pos_eqdd_mh10_c102_cash990_rw2121201919,True,,5,2,,,,,,,,0.0,,,,,,,,,5,7,10,0.2,0.21,"{1: 0.21, 2: 0.21, 3: 0.2, 4: 0.19, 5: 0.19}",1.0,3,1,0,D:\work\quant\quant_mcp\quant\data_file\reports\strategy_agent_model_application_20260621\formal_5d10d_noncalendar_quality_refine_20260621\signals\strong5_10d_pos_eqdd_mh10_c102_cash990_rw2121201919.csv,D:\work\quant\quant_mcp\quant\data_file\reports\strategy_agent_model_application_20260621\formal_5d10d_noncalendar_quality_refine_20260621\logs\strong5_10d_pos_eqdd_mh10_c102_cash990_rw2121201919.log,2.521203615220737,2.8947632285168887,0.23807495613823845,0.6062322946175638,357,353,1901,392,0.20007364544975917,0.21,0.19,0.6069206204819272,0.18875502008032127,5,498
strong5_10d_pos_eqdd_mh10_c102_cash990_rw2221201918_hard060,True,,5,2,,,,,,,,0.0,,,,,,,,,5,7,10,0.2,0.22,"{1: 0.22, 2: 0.21, 3: 0.2, 4: 0.19, 5: 0.18}",1.0,3,1,0,D:\work\quant\quant_mcp\quant\data_file\reports\strategy_agent_model_application_20260621\formal_5d10d_noncalendar_quality_refine_20260621\signals\strong5_10d_pos_eqdd_mh10_c102_cash990_rw2221201918_hard060.csv,D:\work\quant\quant_mcp\quant\data_file\reports\strategy_agent_model_application_20260621\formal_5d10d_noncalendar_quality_refine_20260621\logs\strong5_10d_pos_eqdd_mh10_c102_cash990_rw2221201918_hard060.log,2.0567509563281257,2.762539054960006,0.2584507067062156,0.6017191977077364,353,349,1901,392,0.20017885323513934,0.22,0.18,0.5828131064257025,0.15863453815261044,5,498
strong5_10d_pos_eqdd_mh10_c102_cash990_rw2221201918_hard080,True,,5,2,,,,,,,,0.0,,,,,,,,,5,7,10,0.2,0.22,"{1: 0.22, 2: 0.21, 3: 0.2, 4: 0.19, 5: 0.18}",1.0,3,1,0,D:\work\quant\quant_mcp\quant\data_file\reports\strategy_agent_model_application_20260621\formal_5d10d_noncalendar_quality_refine_20260621\signals\strong5_10d_pos_eqdd_mh10_c102_cash990_rw2221201918_hard080.csv,D:\work\quant\quant_mcp\quant\data_file\reports\strategy_agent_model_application_20260621\formal_5d10d_noncalendar_quality_refine_20260621\logs\strong5_10d_pos_eqdd_mh10_c102_cash990_rw2221201918_hard080.log,2.086782748502339,2.773301226819072,0.2494458392902017,0.6017191977077364,353,349,1901,392,0.20017885323513934,0.22,0.18,0.5846214718875492,0.16666666666666666,5,498
best_noncal_primary3,True,,5,3,,,,,,,,0.0,,,,,,,,,5,7,10,0.2,0.207,"{1: 0.207, 2: 0.207, 3: 0.2, 4: 0.193, 5: 0.193}",1.0,3,1,1,D:\work\quant\quant_mcp\quant\data_file\reports\strategy_agent_model_application_20260621\formal_5d10d_noncalendar_quality_refine_20260621\signals\best_noncal_primary3.csv,D:\work\quant\quant_mcp\quant\data_file\reports\strategy_agent_model_application_20260621\formal_5d10d_noncalendar_quality_refine_20260621\logs\best_noncal_primary3.log,,,,,,,0,0,,,,,,,0
best_noncal_primary4,True,,5,4,,,,,,,,0.0,,,,,,,,,5,7,10,0.2,0.207,"{1: 0.207, 2: 0.207, 3: 0.2, 4: 0.193, 5: 0.193}",1.0,3,1,1,D:\work\quant\quant_mcp\quant\data_file\reports\strategy_agent_model_application_20260621\formal_5d10d_noncalendar_quality_refine_20260621\signals\best_noncal_primary4.csv,D:\work\quant\quant_mcp\quant\data_file\reports\strategy_agent_model_application_20260621\formal_5d10d_noncalendar_quality_refine_20260621\logs\best_noncal_primary4.log,,,,,,,0,0,,,,,,,0
best_noncal_primary5,True,,5,5,,,,,,,,0.0,,,,,,,,,5,7,10,0.2,0.207,"{1: 0.207, 2: 0.207, 3: 0.2, 4: 0.193, 5: 0.193}",1.0,3,1,1,D:\work\quant\quant_mcp\quant\data_file\reports\strategy_agent_model_application_20260621\formal_5d10d_noncalendar_quality_refine_20260621\signals\best_noncal_primary5.csv,D:\work\quant\quant_mcp\quant\data_file\reports\strategy_agent_model_application_20260621\formal_5d10d_noncalendar_quality_refine_20260621\logs\best_noncal_primary5.log,,,,,,,0,0,,,,,,,0
best_noncal_postcnt4,True,,5,2,,,,,,,,0.0,,,,,,4,,,5,7,10,0.2,0.207,"{1: 0.207, 2: 0.207, 3: 0.2, 4: 0.193, 5: 0.193}",1.0,3,1,0,D:\work\quant\quant_mcp\quant\data_file\reports\strategy_agent_model_application_20260621\formal_5d10d_noncalendar_quality_refine_20260621\signals\best_noncal_postcnt4.csv,D:\work\quant\quant_mcp\quant\data_file\reports\strategy_agent_model_application_20260621\formal_5d10d_noncalendar_quality_refine_20260621\logs\best_noncal_postcnt4.log,2.3516702017339,2.8467810891425396,0.23601175083620143,0.597667638483965,348,343,1876,380,0.20008955223880187,0.207,0.193,0.590247337349397,0.178714859437751,5,498
best_noncal_postcnt5,True,,5,2,,,,,,,,0.0,,,,,,5,,,5,7,10,0.2,0.207,"{1: 0.207, 2: 0.207, 3: 0.2, 4: 0.193, 5: 0.193}",1.0,3,1,0,D:\work\quant\quant_mcp\quant\data_file\reports\strategy_agent_model_application_20260621\formal_5d10d_noncalendar_quality_refine_20260621\signals\best_noncal_postcnt5.csv,D:\work\quant\quant_mcp\quant\data_file\reports\strategy_agent_model_application_20260621\formal_5d10d_noncalendar_quality_refine_20260621\logs\best_noncal_postcnt5.log,1.484082729992462,2.3016779045978875,0.23323263355112595,0.5782747603833865,319,313,1780,356,0.19999999999999632,0.207,0.193,0.5525492088353419,0.1566265060240964,5,498
best_noncal_avgpred205,True,,5,2,,,,,,,,0.0,,,,,,,,2.05,5,7,10,0.2,0.207,"{1: 0.207, 2: 0.207, 3: 0.2, 4: 0.193, 5: 0.193}",1.0,3,1,0,D:\work\quant\quant_mcp\quant\data_file\reports\strategy_agent_model_application_20260621\formal_5d10d_noncalendar_quality_refine_20260621\signals\best_noncal_avgpred205.csv,D:\work\quant\quant_mcp\quant\data_file\reports\strategy_agent_model_application_20260621\formal_5d10d_noncalendar_quality_refine_20260621\logs\best_noncal_avgpred205.log,2.5411407000126363,3.0065551191497746,0.23601175083620143,0.6057971014492753,349,345,1879,382,0.20009686003192778,0.207,0.193,0.5889173433734941,0.17269076305220885,5,498
best_noncal_avgpred210,True,,5,2,,,,,,,,0.0,,,,,,,,2.1,5,7,10,0.2,0.207,"{1: 0.207, 2: 0.207, 3: 0.2, 4: 0.193, 5: 0.193}",1.0,3,1,0,D:\work\quant\quant_mcp\quant\data_file\reports\strategy_agent_model_application_20260621\formal_5d10d_noncalendar_quality_refine_20260621\signals\best_noncal_avgpred210.csv,D:\work\quant\quant_mcp\quant\data_file\reports\strategy_agent_model_application_20260621\formal_5d10d_noncalendar_quality_refine_20260621\logs\best_noncal_avgpred210.log,2.5411407000126363,3.0065551191497746,0.23601175083620143,0.6057971014492753,349,345,1879,382,0.20009686003192778,0.207,0.193,0.5889173433734941,0.17269076305220885,5,498
best_noncal_avgpred212,True,,5,2,,,,,,,,0.0,,,,,,,,2.12,5,7,10,0.2,0.207,"{1: 0.207, 2: 0.207, 3: 0.2, 4: 0.193, 5: 0.193}",1.0,3,1,0,D:\work\quant\quant_mcp\quant\data_file\reports\strategy_agent_model_application_20260621\formal_5d10d_noncalendar_quality_refine_20260621\signals\best_noncal_avgpred212.csv,D:\work\quant\quant_mcp\quant\data_file\reports\strategy_agent_model_application_20260621\formal_5d10d_noncalendar_quality_refine_20260621\logs\best_noncal_avgpred212.log,2.5411407000126363,3.006555119149775,0.23601175083620143,0.6057971014492753,349,345,1879,382,0.20009686003192778,0.207,0.193,0.5889173433734941,0.17269076305220885,5,498
best_noncal_avgpred215,True,,5,2,,,,,,,,0.0,,,,,,,,2.15,5,7,10,0.2,0.207,"{1: 0.207, 2: 0.207, 3: 0.2, 4: 0.193, 5: 0.193}",1.0,3,1,0,D:\work\quant\quant_mcp\quant\data_file\reports\strategy_agent_model_application_20260621\formal_5d10d_noncalendar_quality_refine_20260621\signals\best_noncal_avgpred215.csv,D:\work\quant\quant_mcp\quant\data_file\reports\strategy_agent_model_application_20260621\formal_5d10d_noncalendar_quality_refine_20260621\logs\best_noncal_avgpred215.log,2.411691513082667,2.912634567910256,0.23601175083620143,0.6011730205278593,345,341,1849,376,0.20009843158463636,0.207,0.193,0.5904377530120484,0.17670682730923695,5,498
best_noncal_avgpred218,True,,5,2,,,,,,,,0.0,,,,,,,,2.18,5,7,10,0.2,0.207,"{1: 0.207, 2: 0.207, 3: 0.2, 4: 0.193, 5: 0.193}",1.0,3,1,0,D:\work\quant\quant_mcp\quant\data_file\reports\strategy_agent_model_application_20260621\formal_5d10d_noncalendar_quality_refine_20260621\signals\best_noncal_avgpred218.csv,D:\work\quant\quant_mcp\quant\data_file\reports\strategy_agent_model_application_20260621\formal_5d10d_noncalendar_quality_refine_20260621\logs\best_noncal_avgpred218.log,2.32882912382958,2.84566014968008,0.23601175083620143,0.5970588235294118,344,340,1844,375,0.20009869848155787,0.207,0.193,0.5879601385542167,0.1686746987951807,5,498
best_noncal_avgpred220,True,,5,2,,,,,,,,0.0,,,,,,,,2.2,5,7,10,0.2,0.207,"{1: 0.207, 2: 0.207, 3: 0.2, 4: 0.193, 5: 0.193}",1.0,3,1,0,D:\work\quant\quant_mcp\quant\data_file\reports\strategy_agent_model_application_20260621\formal_5d10d_noncalendar_quality_refine_20260621\signals\best_noncal_avgpred220.csv,D:\work\quant\quant_mcp\quant\data_file\reports\strategy_agent_model_application_20260621\formal_5d10d_noncalendar_quality_refine_20260621\logs\best_noncal_avgpred220.log,2.32882912382958,2.84566014968008,0.23601175083620143,0.5970588235294118,344,340,1844,375,0.20009869848155787,0.207,0.193,0.5879601385542167,0.1686746987951807,5,498
best_noncal_avgpred205_cash985,True,,5,2,,,,,,,,0.0,,,,,,,,2.05,5,7,10,0.2,0.207,"{1: 0.207, 2: 0.207, 3: 0.2, 4: 0.193, 5: 0.193}",1.0,3,1,0,D:\work\quant\quant_mcp\quant\data_file\reports\strategy_agent_model_application_20260621\formal_5d10d_noncalendar_quality_refine_20260621\signals\best_noncal_avgpred205_cash985.csv,D:\work\quant\quant_mcp\quant\data_file\reports\strategy_agent_model_application_20260621\formal_5d10d_noncalendar_quality_refine_20260621\logs\best_noncal_avgpred205_cash985.log,2.5400566696581057,3.006258640673011,0.23601175083620143,0.6057971014492753,349,345,1879,382,0.20009686003192778,0.207,0.193,0.5887600120481931,0.17269076305220885,5,498
best_noncal_avgpred205_cash995,True,,5,2,,,,,,,,0.0,,,,,,,,2.05,5,7,10,0.2,0.207,"{1: 0.207, 2: 0.207, 3: 0.2, 4: 0.193, 5: 0.193}",1.0,3,1,0,D:\work\quant\quant_mcp\quant\data_file\reports\strategy_agent_model_application_20260621\formal_5d10d_noncalendar_quality_refine_20260621\signals\best_noncal_avgpred205_cash995.csv,D:\work\quant\quant_mcp\quant\data_file\reports\strategy_agent_model_application_20260621\formal_5d10d_noncalendar_quality_refine_20260621\logs\best_noncal_avgpred205_cash995.log,2.541658927417744,3.00638745754815,0.23601175083620143,0.6057971014492753,349,345,1879,382,0.20009686003192778,0.207,0.193,0.5890854216867472,0.178714859437751,5,498
best_noncal_avgpred205_c100,True,,5,2,,,,,,,,0.0,,,,,,,,2.05,5,7,10,0.2,0.207,"{1: 0.207, 2: 0.207, 3: 0.2, 4: 0.193, 5: 0.193}",1.0,3,1,0,D:\work\quant\quant_mcp\quant\data_file\reports\strategy_agent_model_application_20260621\formal_5d10d_noncalendar_quality_refine_20260621\signals\best_noncal_avgpred205_c100.csv,D:\work\quant\quant_mcp\quant\data_file\reports\strategy_agent_model_application_20260621\formal_5d10d_noncalendar_quality_refine_20260621\logs\best_noncal_avgpred205_c100.log,1.4704622033496586,2.288291164022527,0.23990050627322038,0.5749235474006116,333,327,1879,382,0.20009686003192778,0.207,0.193,0.5519461767068277,0.11244979919678715,5,498
best_noncal_avgpred205_c105,True,,5,2,,,,,,,,0.0,,,,,,,,2.05,5,7,10,0.2,0.207,"{1: 0.207, 2: 0.207, 3: 0.2, 4: 0.193, 5: 0.193}",1.0,3,1,0,D:\work\quant\quant_mcp\quant\data_file\reports\strategy_agent_model_application_20260621\formal_5d10d_noncalendar_quality_refine_20260621\signals\best_noncal_avgpred205_c105.csv,D:\work\quant\quant_mcp\quant\data_file\reports\strategy_agent_model_application_20260621\formal_5d10d_noncalendar_quality_refine_20260621\logs\best_noncal_avgpred205_c105.log,2.4765129309024574,2.9802016821707378,0.23601175083620143,0.6040462427745664,350,346,1879,382,0.20009686003192778,0.207,0.193,0.5886846024096387,0.17269076305220885,5,498
best_noncal_avgpred205_exit098,True,,5,2,,,,,,,,0.0,,,,,,,,2.05,5,7,10,0.2,0.207,"{1: 0.207, 2: 0.207, 3: 0.2, 4: 0.193, 5: 0.193}",0.98,3,1,0,D:\work\quant\quant_mcp\quant\data_file\reports\strategy_agent_model_application_20260621\formal_5d10d_noncalendar_quality_refine_20260621\signals\best_noncal_avgpred205_exit098.csv,D:\work\quant\quant_mcp\quant\data_file\reports\strategy_agent_model_application_20260621\formal_5d10d_noncalendar_quality_refine_20260621\logs\best_noncal_avgpred205_exit098.log,1.0731177883273988,2.0765697435983013,0.2647396039632654,0.6190476190476191,236,231,1879,382,0.20009686003192778,0.207,0.193,0.49892856224899623,0.10040160642570281,5,498
best_noncal_avgpred205_exit099,True,,5,2,,,,,,,,0.0,,,,,,,,2.05,5,7,10,0.2,0.207,"{1: 0.207, 2: 0.207, 3: 0.2, 4: 0.193, 5: 0.193}",0.99,3,1,0,D:\work\quant\quant_mcp\quant\data_file\reports\strategy_agent_model_application_20260621\formal_5d10d_noncalendar_quality_refine_20260621\signals\best_noncal_avgpred205_exit099.csv,D:\work\quant\quant_mcp\quant\data_file\reports\strategy_agent_model_application_20260621\formal_5d10d_noncalendar_quality_refine_20260621\logs\best_noncal_avgpred205_exit099.log,1.7767909336194914,2.6873420826416843,0.2945280296504296,0.6357142857142857,284,280,1879,382,0.20009686003192778,0.207,0.193,0.6060103935742973,0.24497991967871485,5,498
best_noncal_avgpred205_exit101,True,,5,2,,,,,,,,0.0,,,,,,,,2.05,5,7,10,0.2,0.207,"{1: 0.207, 2: 0.207, 3: 0.2, 4: 0.193, 5: 0.193}",1.01,3,1,0,D:\work\quant\quant_mcp\quant\data_file\reports\strategy_agent_model_application_20260621\formal_5d10d_noncalendar_quality_refine_20260621\signals\best_noncal_avgpred205_exit101.csv,D:\work\quant\quant_mcp\quant\data_file\reports\strategy_agent_model_application_20260621\formal_5d10d_noncalendar_quality_refine_20260621\logs\best_noncal_avgpred205_exit101.log,1.2089967956658543,1.947918122045513,0.29419789140267905,0.5489130434782609,373,368,1879,382,0.20009686003192778,0.207,0.193,0.5325601044176705,0.0823293172690763,5,498
best_noncal_avgpred205_exit102,True,,5,2,,,,,,,,0.0,,,,,,,,2.05,5,7,10,0.2,0.207,"{1: 0.207, 2: 0.207, 3: 0.2, 4: 0.193, 5: 0.193}",1.02,3,1,0,D:\work\quant\quant_mcp\quant\data_file\reports\strategy_agent_model_application_20260621\formal_5d10d_noncalendar_quality_refine_20260621\signals\best_noncal_avgpred205_exit102.csv,D:\work\quant\quant_mcp\quant\data_file\reports\strategy_agent_model_application_20260621\formal_5d10d_noncalendar_quality_refine_20260621\logs\best_noncal_avgpred205_exit102.log,1.2089967956658543,1.9479181220455137,0.29419789140267905,0.5489130434782609,373,368,1879,382,0.20009686003192778,0.207,0.193,0.5325601044176705,0.0823293172690763,5,498
best_noncal_avgpred205_minh4,True,,5,2,,,,,,,,0.0,,,,,,,,2.05,5,7,10,0.2,0.207,"{1: 0.207, 2: 0.207, 3: 0.2, 4: 0.193, 5: 0.193}",1.0,4,1,0,D:\work\quant\quant_mcp\quant\data_file\reports\strategy_agent_model_application_20260621\formal_5d10d_noncalendar_quality_refine_20260621\signals\best_noncal_avgpred205_minh4.csv,D:\work\quant\quant_mcp\quant\data_file\reports\strategy_agent_model_application_20260621\formal_5d10d_noncalendar_quality_refine_20260621\logs\best_noncal_avgpred205_minh4.log,1.7360061146707864,2.359843571828147,0.3160484515147452,0.5791139240506329,320,316,1879,382,0.20009686003192778,0.207,0.193,0.5932572831325308,0.20281124497991967,5,498
best_noncal_avgpred205_minh5,True,,5,2,,,,,,,,0.0,,,,,,,,2.05,5,7,10,0.2,0.207,"{1: 0.207, 2: 0.207, 3: 0.2, 4: 0.193, 5: 0.193}",1.0,5,1,0,D:\work\quant\quant_mcp\quant\data_file\reports\strategy_agent_model_application_20260621\formal_5d10d_noncalendar_quality_refine_20260621\signals\best_noncal_avgpred205_minh5.csv,D:\work\quant\quant_mcp\quant\data_file\reports\strategy_agent_model_application_20260621\formal_5d10d_noncalendar_quality_refine_20260621\logs\best_noncal_avgpred205_minh5.log,1.2681127198528885,2.136559067501121,0.2738031502801933,0.6,270,265,1879,382,0.20009686003192778,0.207,0.193,0.5658846064257033,0.22088353413654618,5,498
best_noncal_avgpred205_sell0,True,,5,2,,,,,,,,0.0,,,,,,,,2.05,5,7,10,0.2,0.207,"{1: 0.207, 2: 0.207, 3: 0.2, 4: 0.193, 5: 0.193}",1.0,3,0,0,D:\work\quant\quant_mcp\quant\data_file\reports\strategy_agent_model_application_20260621\formal_5d10d_noncalendar_quality_refine_20260621\signals\best_noncal_avgpred205_sell0.csv,D:\work\quant\quant_mcp\quant\data_file\reports\strategy_agent_model_application_20260621\formal_5d10d_noncalendar_quality_refine_20260621\logs\best_noncal_avgpred205_sell0.log,1.3931248218105299,2.231288106813444,0.2544833121259271,0.5888594164456233,381,377,1879,382,0.20009686003192778,0.207,0.193,0.5230256184738964,0.19076305220883535,4,498
best_noncal_avgpred205_sell2,True,,5,2,,,,,,,,0.0,,,,,,,,2.05,5,7,10,0.2,0.207,"{1: 0.207, 2: 0.207, 3: 0.2, 4: 0.193, 5: 0.193}",1.0,3,2,0,D:\work\quant\quant_mcp\quant\data_file\reports\strategy_agent_model_application_20260621\formal_5d10d_noncalendar_quality_refine_20260621\signals\best_noncal_avgpred205_sell2.csv,D:\work\quant\quant_mcp\quant\data_file\reports\strategy_agent_model_application_20260621\formal_5d10d_noncalendar_quality_refine_20260621\logs\best_noncal_avgpred205_sell2.log,1.29190232399325,2.0997164166386972,0.25464241710032576,0.5809018567639257,381,377,1879,382,0.20009686003192778,0.207,0.193,0.5256962349397591,0.16666666666666666,5,498
best_noncal_avgpred205_no_score_exit,True,,5,2,,,,,,,,0.0,,,,,,,,2.05,5,7,10,0.2,0.207,"{1: 0.207, 2: 0.207, 3: 0.2, 4: 0.193, 5: 0.193}",1.0,3,1,0,D:\work\quant\quant_mcp\quant\data_file\reports\strategy_agent_model_application_20260621\formal_5d10d_noncalendar_quality_refine_20260621\signals\best_noncal_avgpred205_no_score_exit.csv,D:\work\quant\quant_mcp\quant\data_file\reports\strategy_agent_model_application_20260621\formal_5d10d_noncalendar_quality_refine_20260621\logs\best_noncal_avgpred205_no_score_exit.log,1.1041158903067794,1.8111801257955253,0.2683377838523483,0.6271929824561403,232,228,1879,382,0.20009686003192778,0.207,0.193,0.5948156265060246,0.2991967871485944,5,498
best_noncal_avgpred205_rw2121201919,True,,5,2,,,,,,,,0.0,,,,,,,,2.05,5,7,10,0.2,0.21,"{1: 0.21, 2: 0.21, 3: 0.2, 4: 0.19, 5: 0.19}",1.0,3,1,0,D:\work\quant\quant_mcp\quant\data_file\reports\strategy_agent_model_application_20260621\formal_5d10d_noncalendar_quality_refine_20260621\signals\best_noncal_avgpred205_rw2121201919.csv,D:\work\quant\quant_mcp\quant\data_file\reports\strategy_agent_model_application_20260621\formal_5d10d_noncalendar_quality_refine_20260621\logs\best_noncal_avgpred205_rw2121201919.log,2.5708951990286635,3.0044554108640216,0.23807495613823845,0.6057971014492753,349,345,1879,382,0.2001383714741843,0.21,0.19,0.5916286746987945,0.18674698795180722,5,498
best_noncal_avgpred205_rw2121201919_minh4,True,,5,2,,,,,,,,0.0,,,,,,,,2.05,5,7,10,0.2,0.21,"{1: 0.21, 2: 0.21, 3: 0.2, 4: 0.19, 5: 0.19}",1.0,4,1,0,D:\work\quant\quant_mcp\quant\data_file\reports\strategy_agent_model_application_20260621\formal_5d10d_noncalendar_quality_refine_20260621\signals\best_noncal_avgpred205_rw2121201919_minh4.csv,D:\work\quant\quant_mcp\quant\data_file\reports\strategy_agent_model_application_20260621\formal_5d10d_noncalendar_quality_refine_20260621\logs\best_noncal_avgpred205_rw2121201919_minh4.log,1.7307753530297108,2.270908101844728,0.31756290006459625,0.5786163522012578,323,318,1879,382,0.2001383714741843,0.21,0.19,0.6015720863453812,0.21887550200803213,5,498
best_noncal_avgpred205_rw2121201919_exit099,True,,5,2,,,,,,,,0.0,,,,,,,,2.05,5,7,10,0.2,0.21,"{1: 0.21, 2: 0.21, 3: 0.2, 4: 0.19, 5: 0.19}",0.99,3,1,0,D:\work\quant\quant_mcp\quant\data_file\reports\strategy_agent_model_application_20260621\formal_5d10d_noncalendar_quality_refine_20260621\signals\best_noncal_avgpred205_rw2121201919_exit099.csv,D:\work\quant\quant_mcp\quant\data_file\reports\strategy_agent_model_application_20260621\formal_5d10d_noncalendar_quality_refine_20260621\logs\best_noncal_avgpred205_rw2121201919_exit099.log,1.7932169749346945,2.688816193825216,0.29516317584108703,0.6357142857142857,284,280,1879,382,0.2001383714741843,0.21,0.19,0.6077579638554215,0.2570281124497992,5,498
best_noncal_avgpred205_rw2221201918,True,,5,2,,,,,,,,0.0,,,,,,,,2.05,5,7,10,0.2,0.22,"{1: 0.22, 2: 0.21, 3: 0.2, 4: 0.19, 5: 0.18}",1.0,3,1,0,D:\work\quant\quant_mcp\quant\data_file\reports\strategy_agent_model_application_20260621\formal_5d10d_noncalendar_quality_refine_20260621\signals\best_noncal_avgpred205_rw2221201918.csv,D:\work\quant\quant_mcp\quant\data_file\reports\strategy_agent_model_application_20260621\formal_5d10d_noncalendar_quality_refine_20260621\logs\best_noncal_avgpred205_rw2221201918.log,2.5455133307224687,2.9668808483712645,0.2540645199854949,0.6057971014492753,349,345,1879,382,0.20027142096860032,0.22,0.18,0.5959893915662643,0.1927710843373494,5,498
best_noncal_avgpred205_rw2322212019,True,,5,2,,,,,,,,0.0,,,,,,,,2.05,5,7,10,0.2,0.23,"{1: 0.23, 2: 0.22, 3: 0.21, 4: 0.2, 5: 0.19}",1.0,3,1,0,D:\work\quant\quant_mcp\quant\data_file\reports\strategy_agent_model_application_20260621\formal_5d10d_noncalendar_quality_refine_20260621\signals\best_noncal_avgpred205_rw2322212019.csv,D:\work\quant\quant_mcp\quant\data_file\reports\strategy_agent_model_application_20260621\formal_5d10d_noncalendar_quality_refine_20260621\logs\best_noncal_avgpred205_rw2322212019.log,2.1520165017556527,2.687599077095147,0.26513549710889023,0.5982404692082112,345,341,1879,382,0.21027142096859988,0.23,0.19,0.595183365461847,0.17269076305220885,5,498
best_noncal_avgpred205_rw2523211917,True,,5,2,,,,,,,,0.0,,,,,,,,2.05,5,7,10,0.2,0.25,"{1: 0.25, 2: 0.23, 3: 0.21, 4: 0.19, 5: 0.17}",1.0,3,1,0,D:\work\quant\quant_mcp\quant\data_file\reports\strategy_agent_model_application_20260621\formal_5d10d_noncalendar_quality_refine_20260621\signals\best_noncal_avgpred205_rw2523211917.csv,D:\work\quant\quant_mcp\quant\data_file\reports\strategy_agent_model_application_20260621\formal_5d10d_noncalendar_quality_refine_20260621\logs\best_noncal_avgpred205_rw2523211917.log,2.226130722638823,2.6445241753139563,0.28174152717292306,0.5982404692082112,345,341,1879,382,0.21054284193720021,0.25,0.17,0.6123160040160649,0.19477911646586346,5,498
best_noncal_avgpred205_mh12,True,,5,2,,,,,,,,0.0,,,,,,,,2.05,5,7,12,0.2,0.207,"{1: 0.207, 2: 0.207, 3: 0.2, 4: 0.193, 5: 0.193}",1.0,3,1,0,D:\work\quant\quant_mcp\quant\data_file\reports\strategy_agent_model_application_20260621\formal_5d10d_noncalendar_quality_refine_20260621\signals\best_noncal_avgpred205_mh12.csv,D:\work\quant\quant_mcp\quant\data_file\reports\strategy_agent_model_application_20260621\formal_5d10d_noncalendar_quality_refine_20260621\logs\best_noncal_avgpred205_mh12.log,1.4135951041590493,2.3120801613155813,0.2965757824184129,0.5582089552238806,339,335,1879,382,0.20009686003192778,0.207,0.193,0.5564871606425704,0.12449799196787148,5,498
best_noncal_avgpred205_mh14,True,,5,2,,,,,,,,0.0,,,,,,,,2.05,5,7,14,0.2,0.207,"{1: 0.207, 2: 0.207, 3: 0.2, 4: 0.193, 5: 0.193}",1.0,3,1,0,D:\work\quant\quant_mcp\quant\data_file\reports\strategy_agent_model_application_20260621\formal_5d10d_noncalendar_quality_refine_20260621\signals\best_noncal_avgpred205_mh14.csv,D:\work\quant\quant_mcp\quant\data_file\reports\strategy_agent_model_application_20260621\formal_5d10d_noncalendar_quality_refine_20260621\logs\best_noncal_avgpred205_mh14.log,1.4146848553961648,2.268608838525505,0.2837707149584157,0.581039755351682,331,327,1879,382,0.20009686003192778,0.207,0.193,0.5590886967871489,0.14056224899598393,5,498
best_noncal_avgpred205_mh16,True,,5,2,,,,,,,,0.0,,,,,,,,2.05,5,7,16,0.2,0.207,"{1: 0.207, 2: 0.207, 3: 0.2, 4: 0.193, 5: 0.193}",1.0,3,1,0,D:\work\quant\quant_mcp\quant\data_file\reports\strategy_agent_model_application_20260621\formal_5d10d_noncalendar_quality_refine_20260621\signals\best_noncal_avgpred205_mh16.csv,D:\work\quant\quant_mcp\quant\data_file\reports\strategy_agent_model_application_20260621\formal_5d10d_noncalendar_quality_refine_20260621\logs\best_noncal_avgpred205_mh16.log,1.7621836347595137,2.517475095163675,0.26877417414488797,0.5807453416149069,328,322,1879,382,0.20009686003192778,0.207,0.193,0.5565197751004015,0.13052208835341367,5,498
best_noncal_avgpred205_h8_mh12,True,,5,2,,,,,,,,0.0,,,,,,,,2.05,5,8,12,0.2,0.207,"{1: 0.207, 2: 0.207, 3: 0.2, 4: 0.193, 5: 0.193}",1.0,3,1,0,D:\work\quant\quant_mcp\quant\data_file\reports\strategy_agent_model_application_20260621\formal_5d10d_noncalendar_quality_refine_20260621\signals\best_noncal_avgpred205_h8_mh12.csv,D:\work\quant\quant_mcp\quant\data_file\reports\strategy_agent_model_application_20260621\formal_5d10d_noncalendar_quality_refine_20260621\logs\best_noncal_avgpred205_h8_mh12.log,1.2532150711336574,2.0289693001515205,0.22421824567251822,0.5474006116207951,331,327,1879,382,0.20009686003192778,0.207,0.193,0.5739810742971886,0.15261044176706828,5,498
best_noncal_avgpred205_h10_mh14,True,,5,2,,,,,,,,0.0,,,,,,,,2.05,5,10,14,0.2,0.207,"{1: 0.207, 2: 0.207, 3: 0.2, 4: 0.193, 5: 0.193}",1.0,3,1,0,D:\work\quant\quant_mcp\quant\data_file\reports\strategy_agent_model_application_20260621\formal_5d10d_noncalendar_quality_refine_20260621\signals\best_noncal_avgpred205_h10_mh14.csv,D:\work\quant\quant_mcp\quant\data_file\reports\strategy_agent_model_application_20260621\formal_5d10d_noncalendar_quality_refine_20260621\logs\best_noncal_avgpred205_h10_mh14.log,0.7583702630787268,1.6519206127045114,0.29630577794452767,0.5734265734265734,292,286,1879,382,0.20009686003192778,0.207,0.193,0.5020236265060238,0.050200803212851405,5,498
best_noncal_avgpred205_noeqdd,True,,5,2,,,,,,,,0.0,,,,,,,,2.05,5,7,10,0.2,0.207,"{1: 0.207, 2: 0.207, 3: 0.2, 4: 0.193, 5: 0.193}",1.0,3,1,0,D:\work\quant\quant_mcp\quant\data_file\reports\strategy_agent_model_application_20260621\formal_5d10d_noncalendar_quality_refine_20260621\signals\best_noncal_avgpred205_noeqdd.csv,D:\work\quant\quant_mcp\quant\data_file\reports\strategy_agent_model_application_20260621\formal_5d10d_noncalendar_quality_refine_20260621\logs\best_noncal_avgpred205_noeqdd.log,2.001701947215172,2.7225574121514704,0.24920020043869648,0.5982404692082112,345,341,1879,382,0.20009686003192778,0.207,0.193,0.5753817730923693,0.16666666666666666,5,498
best_noncal_avgpred205_eqdd_loose,True,,5,2,,,,,,,,0.0,,,,,,,,2.05,5,7,10,0.2,0.207,"{1: 0.207, 2: 0.207, 3: 0.2, 4: 0.193, 5: 0.193}",1.0,3,1,0,D:\work\quant\quant_mcp\quant\data_file\reports\strategy_agent_model_application_20260621\formal_5d10d_noncalendar_quality_refine_20260621\signals\best_noncal_avgpred205_eqdd_loose.csv,D:\work\quant\quant_mcp\quant\data_file\reports\strategy_agent_model_application_20260621\formal_5d10d_noncalendar_quality_refine_20260621\logs\best_noncal_avgpred205_eqdd_loose.log,1.9700937038522826,2.739913816500416,0.2408977965702036,0.5982404692082112,345,341,1879,382,0.20009686003192778,0.207,0.193,0.5656557389558243,0.142570281124498,5,498
best_noncal_avgpred205_rank6,True,,6,2,,,,,,,,0.0,,,,,,,,2.05,6,7,10,0.2,0.18,"{1: 0.18, 2: 0.17, 3: 0.17, 4: 0.16, 5: 0.16, 6: 0.15}",1.0,3,1,0,D:\work\quant\quant_mcp\quant\data_file\reports\strategy_agent_model_application_20260621\formal_5d10d_noncalendar_quality_refine_20260621\signals\best_noncal_avgpred205_rank6.csv,D:\work\quant\quant_mcp\quant\data_file\reports\strategy_agent_model_application_20260621\formal_5d10d_noncalendar_quality_refine_20260621\logs\best_noncal_avgpred205_rank6.log,1.4009184884009342,2.349175475694131,0.27278790978454615,0.5982658959537572,352,346,1879,382,0.16811601915912863,0.18,0.16,0.538049730923695,0.08634538152610442,6,498
best_noncal_avgpred205_rank7,True,,7,2,,,,,,,,0.0,,,,,,,,2.05,7,7,10,0.2,0.155,"{1: 0.155, 2: 0.15, 3: 0.145, 4: 0.14, 5: 0.14, 6: 0.135, 7: 0.13}",1.0,3,1,0,D:\work\quant\quant_mcp\quant\data_file\reports\strategy_agent_model_application_20260621\formal_5d10d_noncalendar_quality_refine_20260621\signals\best_noncal_avgpred205_rank7.csv,D:\work\quant\quant_mcp\quant\data_file\reports\strategy_agent_model_application_20260621\formal_5d10d_noncalendar_quality_refine_20260621\logs\best_noncal_avgpred205_rank7.log,1.3517355591598526,2.2785756840093288,0.21489763615286048,0.6057441253263708,390,383,1879,382,0.14608568387439938,0.155,0.14,0.616323751004016,0.07630522088353414,7,498
best_noncal_avgpred205_rank8,True,,8,2,,,,,,,,0.0,,,,,,,,2.05,8,7,10,0.2,0.135,"{1: 0.135, 2: 0.13, 3: 0.125, 4: 0.125, 5: 0.12, 6: 0.12, 7: 0.115, 8: 0.11}",1.0,3,1,0,D:\work\quant\quant_mcp\quant\data_file\reports\strategy_agent_model_application_20260621\formal_5d10d_noncalendar_quality_refine_20260621\signals\best_noncal_avgpred205_rank8.csv,D:\work\quant\quant_mcp\quant\data_file\reports\strategy_agent_model_application_20260621\formal_5d10d_noncalendar_quality_refine_20260621\logs\best_noncal_avgpred205_rank8.log,1.0283029126516032,2.0542598869149318,0.2629544319561536,0.5823095823095823,414,407,1879,382,0.127094199042043,0.135,0.12,0.621899152610442,0.06626506024096386,8,498
best_noncal_avgpred205_top4_25252424,True,,4,2,,,,,,,,0.0,,,,,,,,2.05,4,7,10,0.2,0.25,"{1: 0.25, 2: 0.25, 3: 0.24, 4: 0.24}",1.0,3,1,0,D:\work\quant\quant_mcp\quant\data_file\reports\strategy_agent_model_application_20260621\formal_5d10d_noncalendar_quality_refine_20260621\signals\best_noncal_avgpred205_top4_25252424.csv,D:\work\quant\quant_mcp\quant\data_file\reports\strategy_agent_model_application_20260621\formal_5d10d_noncalendar_quality_refine_20260621\logs\best_noncal_avgpred205_top4_25252424.log,1.8969456454067808,2.2373895557658874,0.30169880780763053,0.5709969788519638,335,331,1522,382,0.2450065703022365,0.25,0.24,0.6302818915662652,0.14859437751004015,4,498
best_noncal_avgpred205_top4_28262420,True,,4,2,,,,,,,,0.0,,,,,,,,2.05,4,7,10,0.2,0.28,"{1: 0.28, 2: 0.26, 3: 0.24, 4: 0.2}",1.0,3,1,0,D:\work\quant\quant_mcp\quant\data_file\reports\strategy_agent_model_application_20260621\formal_5d10d_noncalendar_quality_refine_20260621\signals\best_noncal_avgpred205_top4_28262420.csv,D:\work\quant\quant_mcp\quant\data_file\reports\strategy_agent_model_application_20260621\formal_5d10d_noncalendar_quality_refine_20260621\logs\best_noncal_avgpred205_top4_28262420.log,1.8043682242079828,2.3019795021854064,0.29941105408735863,0.5779816513761468,331,327,1522,382,0.24507227332456927,0.28,0.2,0.5872907931726905,0.11646586345381527,4,498
best_noncal_avgpred205_top4_30272517,True,,4,2,,,,,,,,0.0,,,,,,,,2.05,4,7,10,0.2,0.3,"{1: 0.3, 2: 0.27, 3: 0.25, 4: 0.17}",1.0,3,1,0,D:\work\quant\quant_mcp\quant\data_file\reports\strategy_agent_model_application_20260621\formal_5d10d_noncalendar_quality_refine_20260621\signals\best_noncal_avgpred205_top4_30272517.csv,D:\work\quant\quant_mcp\quant\data_file\reports\strategy_agent_model_application_20260621\formal_5d10d_noncalendar_quality_refine_20260621\logs\best_noncal_avgpred205_top4_30272517.log,1.8784369827873577,2.285544672155605,0.314595045850576,0.5779816513761468,331,327,1522,382,0.24762155059132854,0.3,0.17,0.5943365702811241,0.16265060240963855,4,498
best_noncal_avgpred205_top3_343332,True,,3,2,,,,,,,,0.0,,,,,,,,2.05,3,7,10,0.2,0.34,"{1: 0.34, 2: 0.33, 3: 0.32}",1.0,3,1,0,D:\work\quant\quant_mcp\quant\data_file\reports\strategy_agent_model_application_20260621\formal_5d10d_noncalendar_quality_refine_20260621\signals\best_noncal_avgpred205_top3_343332.csv,D:\work\quant\quant_mcp\quant\data_file\reports\strategy_agent_model_application_20260621\formal_5d10d_noncalendar_quality_refine_20260621\logs\best_noncal_avgpred205_top3_343332.log,1.731539521613857,2.0722176845451377,0.24974735715029606,0.5836575875486382,259,257,1143,382,0.3300087489063824,0.34,0.32,0.5510338232931727,0.16265060240963855,3,498
best_noncal_avgpred205_top3_302928,True,,3,2,,,,,,,,0.0,,,,,,,,2.05,3,7,10,0.2,0.3,"{1: 0.3, 2: 0.29, 3: 0.28}",1.0,3,1,0,D:\work\quant\quant_mcp\quant\data_file\reports\strategy_agent_model_application_20260621\formal_5d10d_noncalendar_quality_refine_20260621\signals\best_noncal_avgpred205_top3_302928.csv,D:\work\quant\quant_mcp\quant\data_file\reports\strategy_agent_model_application_20260621\formal_5d10d_noncalendar_quality_refine_20260621\logs\best_noncal_avgpred205_top3_302928.log,1.771743184010291,2.198851038995312,0.28647141749315397,0.602112676056338,287,284,1143,382,0.29000874890638784,0.3,0.28,0.5570615622489966,0.22289156626506024,3,498
best_noncal_avgpred205_top3_403020,True,,3,2,,,,,,,,0.0,,,,,,,,2.05,3,7,10,0.2,0.4,"{1: 0.4, 2: 0.3, 3: 0.2}",1.0,3,1,0,D:\work\quant\quant_mcp\quant\data_file\reports\strategy_agent_model_application_20260621\formal_5d10d_noncalendar_quality_refine_20260621\signals\best_noncal_avgpred205_top3_403020.csv,D:\work\quant\quant_mcp\quant\data_file\reports\strategy_agent_model_application_20260621\formal_5d10d_noncalendar_quality_refine_20260621\logs\best_noncal_avgpred205_top3_403020.log,1.419543144167915,1.969180276209565,0.2777236244503349,0.5917602996254682,270,267,1143,382,0.30008748906386606,0.4,0.2,0.5452146265060246,0.178714859437751,3,498
best_noncal_avgpred205_top3_333333_mh12,True,,3,2,,,,,,,,0.0,,,,,,,,2.05,3,7,12,0.2,0.333,"{1: 0.333, 2: 0.333, 3: 0.333}",1.0,3,1,0,D:\work\quant\quant_mcp\quant\data_file\reports\strategy_agent_model_application_20260621\formal_5d10d_noncalendar_quality_refine_20260621\signals\best_noncal_avgpred205_top3_333333_mh12.csv,D:\work\quant\quant_mcp\quant\data_file\reports\strategy_agent_model_application_20260621\formal_5d10d_noncalendar_quality_refine_20260621\logs\best_noncal_avgpred205_top3_333333_mh12.log,0.9911818100639087,1.6628777777511299,0.36585368097499926,0.6078431372549019,257,255,1143,382,0.3330000000000078,0.333,0.333,0.565330058232932,0.1606425702811245,3,498
best_noncal_avgpred205_top2_4949,True,,2,2,,,,,,,,0.0,,,,,,,,2.05,2,7,10,0.2,0.49,"{1: 0.49, 2: 0.49}",1.0,3,1,0,D:\work\quant\quant_mcp\quant\data_file\reports\strategy_agent_model_application_20260621\formal_5d10d_noncalendar_quality_refine_20260621\signals\best_noncal_avgpred205_top2_4949.csv,D:\work\quant\quant_mcp\quant\data_file\reports\strategy_agent_model_application_20260621\formal_5d10d_noncalendar_quality_refine_20260621\logs\best_noncal_avgpred205_top2_4949.log,1.2952450091033851,1.5459126193779429,0.3471003896298283,0.5845410628019324,209,207,762,382,0.4900000000000052,0.49,0.49,0.5916661485943777,0.3795180722891566,2,498
best_noncal_avgpred205_top2_6040,True,,2,2,,,,,,,,0.0,,,,,,,,2.05,2,7,10,0.2,0.6,"{1: 0.6, 2: 0.4}",1.0,3,1,0,D:\work\quant\quant_mcp\quant\data_file\reports\strategy_agent_model_application_20260621\formal_5d10d_noncalendar_quality_refine_20260621\signals\best_noncal_avgpred205_top2_6040.csv,D:\work\quant\quant_mcp\quant\data_file\reports\strategy_agent_model_application_20260621\formal_5d10d_noncalendar_quality_refine_20260621\logs\best_noncal_avgpred205_top2_6040.log,0.6374047643290226,1.4938415587591551,0.2208753372337096,0.5853658536585366,124,123,762,382,0.5002624671916011,0.6,0.4,0.3954915301204818,0.06224899598393574,2,498
best_noncal_avgpred205_top1_098,True,,1,2,,,,,,,,0.0,,,,,,,,2.05,1,7,10,0.2,0.98,{1: 0.98},1.0,3,1,0,D:\work\quant\quant_mcp\quant\data_file\reports\strategy_agent_model_application_20260621\formal_5d10d_noncalendar_quality_refine_20260621\signals\best_noncal_avgpred205_top1_098.csv,D:\work\quant\quant_mcp\quant\data_file\reports\strategy_agent_model_application_20260621\formal_5d10d_noncalendar_quality_refine_20260621\logs\best_noncal_avgpred205_top1_098.log,1.010564445317912,1.4401277428361754,0.36244414697786886,0.5636363636363636,111,110,382,382,0.9800000000000028,0.98,0.98,0.5659484437751002,0.4738955823293173,1,498
best_noncal_avgpred205_top1_098_exit099,True,,1,2,,,,,,,,0.0,,,,,,,,2.05,1,7,10,0.2,0.98,{1: 0.98},0.99,3,1,0,D:\work\quant\quant_mcp\quant\data_file\reports\strategy_agent_model_application_20260621\formal_5d10d_noncalendar_quality_refine_20260621\signals\best_noncal_avgpred205_top1_098_exit099.csv,D:\work\quant\quant_mcp\quant\data_file\reports\strategy_agent_model_application_20260621\formal_5d10d_noncalendar_quality_refine_20260621\logs\best_noncal_avgpred205_top1_098_exit099.log,2.387373592674937,1.7733102713244622,0.3324992679908569,0.6285714285714286,71,70,382,382,0.9800000000000028,0.98,0.98,0.6515625763052211,0.6445783132530121,1,498
target80_avgpred200_rank8_t14,True,,8,2,,,,,,,,0.0,,,,,,,,2.0,8,7,10,0.2,0.14,"{1: 0.14, 2: 0.135, 3: 0.13, 4: 0.125, 5: 0.12, 6: 0.115, 7: 0.11, 8: 0.105}",1.0,3,1,0,D:\work\quant\quant_mcp\quant\data_file\reports\strategy_agent_model_application_20260621\formal_5d10d_noncalendar_quality_refine_20260621\signals\target80_avgpred200_rank8_t14.csv,D:\work\quant\quant_mcp\quant\data_file\reports\strategy_agent_model_application_20260621\formal_5d10d_noncalendar_quality_refine_20260621\logs\target80_avgpred200_rank8_t14.log,1.0471457703581382,2.021119529179035,0.2725343250748262,0.5823095823095823,414,407,1879,382,0.13013571048429823,0.14,0.12,0.6370377349397585,0.20080321285140562,8,498
target80_avgpred200_rank10_t12,True,,10,2,,,,,,,,0.0,,,,,,,,2.0,10,7,10,0.2,0.12,"{1: 0.12, 2: 0.115, 3: 0.11, 4: 0.105, 5: 0.1, 6: 0.095, 7: 0.09, 8: 0.085, 9: 0.08, 10: 0.075}",1.0,3,1,0,D:\work\quant\quant_mcp\quant\data_file\reports\strategy_agent_model_application_20260621\formal_5d10d_noncalendar_quality_refine_20260621\signals\target80_avgpred200_rank10_t12.csv,D:\work\quant\quant_mcp\quant\data_file\reports\strategy_agent_model_application_20260621\formal_5d10d_noncalendar_quality_refine_20260621\logs\target80_avgpred200_rank10_t12.log,0.8029741188927564,1.616856546590502,0.2613052239221011,0.5985576923076923,425,416,1879,382,0.1101357104843008,0.12,0.1,0.6892737530120479,0.45582329317269077,10,498
target80_avgpred195_rank10_t12,True,,10,2,,,,,,,,0.0,,,,,,,,1.95,10,7,10,0.2,0.12,"{1: 0.12, 2: 0.115, 3: 0.11, 4: 0.105, 5: 0.1, 6: 0.095, 7: 0.09, 8: 0.085, 9: 0.08, 10: 0.075}",1.0,3,1,0,D:\work\quant\quant_mcp\quant\data_file\reports\strategy_agent_model_application_20260621\formal_5d10d_noncalendar_quality_refine_20260621\signals\target80_avgpred195_rank10_t12.csv,D:\work\quant\quant_mcp\quant\data_file\reports\strategy_agent_model_application_20260621\formal_5d10d_noncalendar_quality_refine_20260621\logs\target80_avgpred195_rank10_t12.log,0.8244318104785283,1.6432735156686402,0.2613052239221011,0.6023529411764705,434,425,1899,391,0.1100921537651402,0.12,0.1,0.7014508253012041,0.4578313253012048,10,498
target80_avgpred190_rank10_t12,True,,10,2,,,,,,,,0.0,,,,,,,,1.9,10,7,10,0.2,0.12,"{1: 0.12, 2: 0.115, 3: 0.11, 4: 0.105, 5: 0.1, 6: 0.095, 7: 0.09, 8: 0.085, 9: 0.08, 10: 0.075}",1.0,3,1,0,D:\work\quant\quant_mcp\quant\data_file\reports\strategy_agent_model_application_20260621\formal_5d10d_noncalendar_quality_refine_20260621\signals\target80_avgpred190_rank10_t12.csv,D:\work\quant\quant_mcp\quant\data_file\reports\strategy_agent_model_application_20260621\formal_5d10d_noncalendar_quality_refine_20260621\logs\target80_avgpred190_rank10_t12.log,0.8244318104785283,1.6432735156686398,0.2613052239221011,0.6023529411764705,434,425,1899,391,0.1100921537651402,0.12,0.1,0.7014508253012041,0.4578313253012048,10,498
target80_avgpred190_rank10_t12_noeqdd,True,,10,2,,,,,,,,0.0,,,,,,,,1.9,10,7,10,0.2,0.12,"{1: 0.12, 2: 0.115, 3: 0.11, 4: 0.105, 5: 0.1, 6: 0.095, 7: 0.09, 8: 0.085, 9: 0.08, 10: 0.075}",1.0,3,1,0,D:\work\quant\quant_mcp\quant\data_file\reports\strategy_agent_model_application_20260621\formal_5d10d_noncalendar_quality_refine_20260621\signals\target80_avgpred190_rank10_t12_noeqdd.csv,D:\work\quant\quant_mcp\quant\data_file\reports\strategy_agent_model_application_20260621\formal_5d10d_noncalendar_quality_refine_20260621\logs\target80_avgpred190_rank10_t12_noeqdd.log,0.7955957966109239,1.608227332432827,0.26231756536146716,0.5961538461538461,425,416,1899,391,0.1100921537651402,0.12,0.1,0.6853282670682724,0.3232931726907631,9,498
target80_avgpred185_rank12_t10,True,,12,2,,,,,,,,0.0,,,,,,,,1.85,12,7,10,0.2,0.1,"{1: 0.1, 2: 0.098, 3: 0.096, 4: 0.094, 5: 0.092, 6: 0.09, 7: 0.088, 8: 0.086, 9: 0.084, 10: 0.082, 11: 0.08, 12: 0.078}",1.0,3,1,0,D:\work\quant\quant_mcp\quant\data_file\reports\strategy_agent_model_application_20260621\formal_5d10d_noncalendar_quality_refine_20260621\signals\target80_avgpred185_rank12_t10.csv,D:\work\quant\quant_mcp\quant\data_file\reports\strategy_agent_model_application_20260621\formal_5d10d_noncalendar_quality_refine_20260621\logs\target80_avgpred185_rank12_t10.log,1.3386007642158633,2.108659105775313,0.25442854941600207,0.6166281755196305,443,433,1899,391,0.09603686150605607,0.1,0.092,0.6834097128514064,0.4899598393574297,10,498
target80_noavg_rank10_t12,True,,10,2,,,,,,,,0.0,,,,,,,,,10,7,10,0.2,0.12,"{1: 0.12, 2: 0.115, 3: 0.11, 4: 0.105, 5: 0.1, 6: 0.095, 7: 0.09, 8: 0.085, 9: 0.08, 10: 0.075}",1.0,3,1,0,D:\work\quant\quant_mcp\quant\data_file\reports\strategy_agent_model_application_20260621\formal_5d10d_noncalendar_quality_refine_20260621\signals\target80_noavg_rank10_t12.csv,D:\work\quant\quant_mcp\quant\data_file\reports\strategy_agent_model_application_20260621\formal_5d10d_noncalendar_quality_refine_20260621\logs\target80_noavg_rank10_t12.log,0.8114350449458613,1.6211553800051175,0.2613052239221011,0.6023529411764705,434,425,1901,392,0.11008942661757036,0.12,0.1,0.700686497991968,0.45582329317269077,10,498
target80_noavg_rank12_t10,True,,12,2,,,,,,,,0.0,,,,,,,,,12,7,10,0.2,0.1,"{1: 0.1, 2: 0.098, 3: 0.096, 4: 0.094, 5: 0.092, 6: 0.09, 7: 0.088, 8: 0.086, 9: 0.084, 10: 0.082, 11: 0.08, 12: 0.078}",1.0,3,1,0,D:\work\quant\quant_mcp\quant\data_file\reports\strategy_agent_model_application_20260621\formal_5d10d_noncalendar_quality_refine_20260621\signals\target80_noavg_rank12_t10.csv,D:\work\quant\quant_mcp\quant\data_file\reports\strategy_agent_model_application_20260621\formal_5d10d_noncalendar_quality_refine_20260621\logs\target80_noavg_rank12_t10.log,1.3956998723816976,2.1703200751189735,0.25442854941600207,0.6183908045977011,445,435,1901,392,0.09603577064702813,0.1,0.092,0.685115285140563,0.5,10,498
target80_top5_t2523211917_noeqdd,True,,5,2,,,,,,,,0.0,,,,,,,,,5,7,10,0.2,0.25,"{1: 0.25, 2: 0.23, 3: 0.21, 4: 0.19, 5: 0.17}",1.0,3,1,0,D:\work\quant\quant_mcp\quant\data_file\reports\strategy_agent_model_application_20260621\formal_5d10d_noncalendar_quality_refine_20260621\signals\target80_top5_t2523211917_noeqdd.csv,D:\work\quant\quant_mcp\quant\data_file\reports\strategy_agent_model_application_20260621\formal_5d10d_noncalendar_quality_refine_20260621\logs\target80_top5_t2523211917_noeqdd.log,2.3438517667448417,2.6640531844420106,0.28115872839355,0.6017191977077364,353,349,1901,392,0.21035770647027832,0.25,0.17,0.6363478012048193,0.20682730923694778,5,498
best_noncal_primary3_avgpred205,True,,5,3,,,,,,,,0.0,,,,,,,,2.05,5,7,10,0.2,0.207,"{1: 0.207, 2: 0.207, 3: 0.2, 4: 0.193, 5: 0.193}",1.0,3,1,1,D:\work\quant\quant_mcp\quant\data_file\reports\strategy_agent_model_application_20260621\formal_5d10d_noncalendar_quality_refine_20260621\signals\best_noncal_primary3_avgpred205.csv,D:\work\quant\quant_mcp\quant\data_file\reports\strategy_agent_model_application_20260621\formal_5d10d_noncalendar_quality_refine_20260621\logs\best_noncal_primary3_avgpred205.log,,,,,,,0,0,,,,,,,0
best_noncal_primary3_postcnt4,True,,5,3,,,,,,,,0.0,,,,,,4,,,5,7,10,0.2,0.207,"{1: 0.207, 2: 0.207, 3: 0.2, 4: 0.193, 5: 0.193}",1.0,3,1,1,D:\work\quant\quant_mcp\quant\data_file\reports\strategy_agent_model_application_20260621\formal_5d10d_noncalendar_quality_refine_20260621\signals\best_noncal_primary3_postcnt4.csv,D:\work\quant\quant_mcp\quant\data_file\reports\strategy_agent_model_application_20260621\formal_5d10d_noncalendar_quality_refine_20260621\logs\best_noncal_primary3_postcnt4.log,,,,,,,0,0,,,,,,,0
best_noncal_primary4_postcnt4,True,,5,4,,,,,,,,0.0,,,,,,4,,,5,7,10,0.2,0.207,"{1: 0.207, 2: 0.207, 3: 0.2, 4: 0.193, 5: 0.193}",1.0,3,1,1,D:\work\quant\quant_mcp\quant\data_file\reports\strategy_agent_model_application_20260621\formal_5d10d_noncalendar_quality_refine_20260621\signals\best_noncal_primary4_postcnt4.csv,D:\work\quant\quant_mcp\quant\data_file\reports\strategy_agent_model_application_20260621\formal_5d10d_noncalendar_quality_refine_20260621\logs\best_noncal_primary4_postcnt4.log,,,,,,,0,0,,,,,,,0
