signal_date,buy_date,symbol,stock_code,name,rank,pred_prob,pred_5d,pred_10d,rank_5d,rank_10d,amount,turnover_rate,total_mv,atr_qfq,close,target_pct,holding_days,max_holding_days,raw_target_pct
20240604,20240605,SZSE.300266,300266.SZ,兴源环境,1,1.0079939784131795,1.000810641923878,1.0097898125355047,1.000810641923878,1.0097898125355047,106088.109,5.336,201994.9508,,1.3000000486897854,0.26400,5,5,0.24000
20240604,20240605,SHSE.600022,600022.SH,山东钢铁,2,1.0067184245408065,0.9945086157924635,1.0097708767278923,0.9945086157924635,1.0097708767278923,42302.026,0.3264,1294560.796,,1.2099999646653268,0.24200,5,5,0.22000
20240604,20240605,SHSE.605258,605258.SH,协和电子,3,0.9953796629426246,0.9935618254118538,0.9958341223253172,0.9935618254118538,0.9958341223253172,40944.302,1.7916,228536.0,,25.01377376152969,0.20900,5,5,0.19000
20240604,20240605,SZSE.300551,300551.SZ,古鳌科技,4,0.9946222306381368,0.9950766900208294,0.9945086157924635,0.9950766900208294,0.9945086157924635,158710.069,8.3116,219207.3633,,6.3399999467286765,0.17600,5,5,0.16000
20240604,20240605,SHSE.603863,603863.SH,松炀资源,5,0.9944328725620148,0.9956447642491952,0.9941298996402197,0.9956447642491952,0.9941298996402197,223794.318,3.9759,550099.2,,26.880000432332356,0.15400,5,5,0.14000
20240605,20240606,SZSE.300065,300065.SZ,海兰信,1,1.0078114685844057,1.0000111657834974,1.0097615442846328,1.0000111657834974,1.0097615442846328,71961.944,1.6886,463653.955,,6.410000145034208,0.26400,5,5,0.24000
20240605,20240606,SHSE.600006,600006.SH,东风股份,2,1.0077137395912188,1.000241672975019,1.0095817562452687,1.000241672975019,1.0095817562452687,227322.222,1.6958,1324000.0,,6.59109185009197,0.24200,5,5,0.22000
20240605,20240606,SHSE.600022,600022.SH,山东钢铁,3,1.0075170325510978,0.9979182437547313,1.0099167297501892,0.9979182437547313,1.0099167297501892,98423.959,0.7752,1251765.3978,,1.1699999658334153,0.20900,5,5,0.19000
20240605,20240606,SHSE.603119,603119.SH,浙江荣泰,4,1.0073558856926572,1.0006174299772899,1.009040499621499,1.0006174299772899,1.009040499621499,38706.954,2.1682,699440.0,,14.59217592070473,0.17600,5,5,0.16000
20240605,20240606,SZSE.301177,301177.SZ,迪阿股份,5,1.0071742051476156,1.0008066805450417,1.0087660862982588,1.0008066805450417,1.0087660862982588,20094.984,2.2905,867621.69,,20.377793483886855,0.15400,5,5,0.14000
20240606,20240607,SZSE.300102,300102.SZ,乾照光电,1,1.0079628311884936,1.000609008327025,1.0098012869038608,1.000609008327025,1.0098012869038608,197534.714,3.4977,557459.7836,,6.0271268330837495,0.26400,5,5,0.24000
20240606,20240607,SZSE.300327,300327.SZ,中颖电子,2,1.007895457986374,1.0009988644965935,1.009619606358819,1.0009988644965935,1.009619606358819,298499.455,4.1109,711418.9909,,20.417421618432495,0.24200,5,5,0.22000
20240606,20240607,SZSE.300620,300620.SZ,光库科技,3,1.007690234670704,1.0007221801665405,1.0094322482967448,1.0007221801665405,1.0094322482967448,244164.848,2.6208,937497.0919,,37.406307137676315,0.20900,5,5,0.19000
20240606,20240607,SHSE.688536,688536.SH,思瑞浦,4,1.0074776684330053,1.0004314912944738,1.0092392127176382,1.0004314912944738,1.0092392127176382,133788.922,1.0307,1276288.8985,,96.19848539014535,0.17600,5,5,0.16000
20240606,20240607,SZSE.002139,002139.SZ,拓邦股份,5,1.0071219909159728,1.0001746782740348,1.0088588190764571,1.0001746782740348,1.0088588190764571,154827.143,1.4594,1224391.9582,,9.710453618407202,0.15400,5,5,0.14000
20240607,20240611,SZSE.002368,002368.SZ,太极股份,1,1.0078946032948306,1.0009878810831283,1.009621283847756,1.0009878810831283,1.009621283847756,149795.687,1.1953,1251448.4223,,19.82697332489864,0.26400,5,5,0.24000
20240607,20240611,SHSE.600409,600409.SH,三友化工,2,1.0073561825411854,0.9977277030865367,1.0097633024048476,0.9977277030865367,1.0097633024048476,83739.741,0.7523,1118877.4008,,5.258406011922846,0.24200,5,5,0.22000
20240607,20240611,SZSE.002701,002701.SZ,奥瑞金,3,1.006959288013634,0.9954554061730733,1.009835258473774,0.9954554061730733,1.009835258473774,65567.373,0.5749,1139954.3731,,4.116943401261985,0.20900,5,5,0.19000
20240607,20240611,SZSE.300165,300165.SZ,天瑞仪器,4,1.0060533989774663,0.9986744934671464,1.0078981253550463,0.9986744934671464,1.0078981253550463,89210.297,9.7628,113472.185,,2.2899999571781535,0.17600,5,5,0.16000
20240607,20240611,SZSE.300287,300287.SZ,飞利信,5,0.9967051694754782,0.996402196553683,0.996780912705927,0.996402196553683,0.996780912705927,177369.498,8.0669,242561.2736,,1.690000042642635,0.15400,5,5,0.14000
20240611,20240612,SZSE.002368,002368.SZ,太极股份,1,1.0082,1.001,1.01,1.001,1.01,314943.928,2.4374,1328105.8705,,21.041474180955678,0.26400,5,5,0.24000
20240611,20240612,SZSE.002408,002408.SZ,齐翔腾达,2,1.0077061162658587,1.000810452565802,1.009430032190873,1.000810452565802,1.009430032190873,53508.986,0.3359,1646004.8585,,5.686034098940546,0.24200,5,5,0.22000
20240611,20240612,SHSE.603863,603863.SH,松炀资源,3,1.0060579435712933,0.9986744934671464,1.00790380609733,0.9986744934671464,1.00790380609733,309842.665,8.3397,360797.95,,17.63000028355727,0.20900,5,5,0.19000
20240611,20240612,SZSE.300165,300165.SZ,天瑞仪器,4,1.0006816890740389,0.9767089566370005,1.0066748721832985,0.9767089566370005,1.0066748721832985,65616.567,7.2838,112976.6733,,2.279999957365148,0.17600,5,5,0.16000
20240611,20240612,SZSE.300287,300287.SZ,飞利信,5,0.996099223631888,0.9971596288581708,0.9958341223253172,0.9971596288581708,0.9958341223253172,129653.502,5.9164,248302.3688,,1.730000043651928,0.15400,5,5,0.14000
20240612,20240613,SZSE.002368,002368.SZ,太极股份,1,1.0080485903500473,1.0009998107852411,1.0098107852412488,1.0009998107852411,1.0098107852412488,272254.947,2.0659,1333091.7208,,21.120466106552886,0.26400,5,5,0.24000
20240612,20240613,SZSE.002861,002861.SZ,瀛通通讯,2,1.0068071901608326,0.9973509933774835,1.0091712393566699,0.9973509933774835,1.0091712393566699,22217.691,2.1655,133619.8071,,8.532733255817044,0.24200,5,5,0.22000
20240612,20240613,SHSE.600022,600022.SH,山东钢铁,3,1.0065287795648061,1.0002427625354777,1.0081002838221382,1.0002427625354777,1.0081002838221382,20085.123,0.1642,1219668.8492,,1.1399999667094816,0.20900,5,5,0.19000
20240612,20240613,SHSE.603863,603863.SH,松炀资源,4,1.0060987701040682,0.9988647114474929,1.007907284768212,0.9988647114474929,1.007907284768212,345365.37,10.3841,324779.55,,15.870000255249794,0.17600,5,5,0.16000
20240612,20240613,SZSE.300287,300287.SZ,飞利信,5,0.9951561021759698,0.9909176915799432,0.9962157048249763,0.9909176915799432,0.9962157048249763,127479.07,5.4682,264090.3807,,1.8400000464274844,0.15400,5,5,0.14000
20240613,20240614,SZSE.002368,002368.SZ,太极股份,1,1.008199886492622,1.0009994324631102,1.01,1.0009994324631102,1.01,218084.235,1.6584,1333714.952,,21.13034009725253,0.26400,5,5,0.24000
20240613,20240614,SZSE.002861,002861.SZ,瀛通通讯,2,1.0072039349224369,0.9984865682936057,1.0093832765796444,0.9984865682936057,1.0093832765796444,15648.539,1.3864,146997.3431,,9.386999914723058,0.24200,5,5,0.22000
20240613,20240614,SHSE.603863,603863.SH,松炀资源,3,1.006678547105562,1.0002410139992433,1.0082879303821415,1.0002410139992433,1.0082879303821415,482535.986,14.6539,357318.9,,17.460000280823024,0.20900,5,5,0.19000
20240613,20240614,SZSE.300287,300287.SZ,飞利信,4,0.9958380628074159,0.9958380628074158,0.9958380628074158,0.9958380628074158,0.9958380628074158,110036.366,4.685,256914.0116,,1.7900000451658677,0.17600,5,5,0.16000
20240613,20240614,SZSE.300165,300165.SZ,天瑞仪器,5,0.9956488838441165,0.9964055996973137,0.9954597048808173,0.9964055996973137,0.9954597048808173,44076.356,4.6979,114958.7202,,2.319999956617168,0.15400,5,5,0.14000
20240614,20240617,SZSE.002368,002368.SZ,太极股份,1,1.0081998865355524,1.000999432677761,1.01,1.000999432677761,1.01,296645.169,2.2011,1358644.2035,,21.52529972523856,0.26400,5,5,0.24000
20240614,20240617,SHSE.600179,600179.SH,安通控股,2,1.0078580181543115,1.0008105143721633,1.0096198940998486,1.0008105143721633,1.0096198940998486,36041.677,0.3785,1079039.3796,,2.5499999919206995,0.24200,5,5,0.22000
20240614,20240617,SHSE.603863,603863.SH,松炀资源,3,1.005874432677761,0.9984871406959153,1.0077212556732225,0.9984871406959153,1.0077212556732225,406795.027,10.7335,393132.65,,19.210000308969665,0.20900,5,5,0.19000
20240614,20240617,SZSE.300511,300511.SZ,雪榕生物,4,1.0051694402420575,0.9960287443267776,1.0074546142208773,0.9960287443267776,1.0074546142208773,99357.509,8.8124,132176.9345,,2.65,0.17600,5,5,0.16000
20240614,20240617,SZSE.300266,300266.SZ,兴源环境,5,0.9995733736762482,0.9689863842662633,1.0072201210287444,0.9689863842662633,1.0072201210287444,24742.13,1.2999,189564.4923,,1.220000045693491,0.15400,5,5,0.14000
20240617,20240618,SZSE.002368,002368.SZ,太极股份,1,1.0081999621713638,1.0009998108568186,1.01,1.0009998108568186,1.01,292887.942,2.1377,1392298.6929,,22.0584952230197,0.26400,5,5,0.24000
20240617,20240618,SZSE.300266,300266.SZ,兴源环境,2,1.000347266881029,0.9703990921127293,1.0078343105731038,0.9703990921127293,1.0078343105731038,23565.67,1.253,186456.8777,,1.2000000449444175,0.24200,5,5,0.22000
20240617,20240618,SZSE.300511,300511.SZ,雪榕生物,3,0.9964062795536222,0.9956497068280689,0.9965954227350104,0.9956497068280689,0.9965954227350104,65968.877,5.9219,133673.2772,,2.68,0.20900,5,5,0.19000
20240617,20240618,SHSE.603863,603863.SH,松炀资源,4,0.9962171363722339,0.996973709097787,0.9960279931908455,0.996973709097787,0.9960279931908455,553561.266,13.3614,396202.4,,19.360000311382233,0.17600,5,5,0.16000
20240617,20240618,SZSE.300165,300165.SZ,天瑞仪器,5,0.995422735010403,0.9960279931908455,0.9952714204652923,0.9960279931908455,0.9952714204652923,43181.46,4.6491,113967.6968,,2.299999956991158,0.15400,5,5,0.14000
20240618,20240619,SZSE.002368,002368.SZ,太极股份,1,1.0082,1.001,1.01,1.001,1.01,210292.769,1.5091,1410372.4002,,22.34484095330957,0.26400,5,5,0.24000
20240618,20240619,SHSE.600022,600022.SH,山东钢铁,2,1.0040824664270853,0.9901645545678078,1.0075619443919048,0.9901645545678078,1.0075619443919048,61019.589,0.4742,1294560.796,,1.2099999646653268,0.24200,5,5,0.22000
20240618,20240619,SZSE.300266,300266.SZ,兴源环境,3,0.9983294874219784,0.9653867978059391,1.0065651598259882,0.9653867978059391,1.0065651598259882,40737.245,2.0624,194225.9143,,1.2500000468171013,0.20900,5,5,0.19000
20240618,20240619,SHSE.603863,603863.SH,松炀资源,4,0.996675619443919,0.9563079250993002,1.0067675430300738,0.9563079250993002,1.0067675430300738,290799.768,7.7235,375942.05,,18.37000029545928,0.17600,5,5,0.16000
20240618,20240619,SZSE.300165,300165.SZ,天瑞仪器,5,0.9944770191034614,0.9958388500094572,0.9941365613769624,0.9958388500094572,0.9941365613769624,38356.611,4.0934,117436.2788,,2.369999955682194,0.15400,5,5,0.14000
20240619,20240620,SZSE.002368,002368.SZ,太极股份,1,1.0080487140695915,1.001,1.0098108925869893,1.001,1.0098108925869893,154424.734,1.1128,1390428.9991,,22.02887325092075,0.26400,5,5,0.24000
20240619,20240620,SHSE.600022,600022.SH,山东钢铁,2,1.0032783661119515,0.9846822995461422,1.0079273827534039,0.9846822995461422,1.0079273827534039,43774.991,0.3402,1283861.9465,,1.199999964957349,0.24200,5,5,0.22000
20240619,20240620,SZSE.300266,300266.SZ,兴源环境,3,1.0030862329803327,0.9831694402420574,1.0080654311649015,0.9831694402420574,1.0080654311649015,20381.118,1.0672,189564.4923,,1.220000045693491,0.20900,5,5,0.19000
20240619,20240620,SHSE.603863,603863.SH,松炀资源,4,0.9968229954614221,0.9977307110438729,0.9965960665658093,0.9977307110438729,0.9965960665658093,247868.282,6.4039,376760.65,,18.41000029610263,0.17600,5,5,0.16000
20240619,20240620,SHSE.600881,600881.SH,亚泰集团,5,0.9947806354009078,0.99357034795764,0.9950832072617246,0.99357034795764,0.9950832072617246,23381.78,0.6761,344384.8403,,1.0599999767167638,0.15400,5,5,0.14000
20240620,20240621,SZSE.002368,002368.SZ,太极股份,1,1.0078973903177006,1.000999810892587,1.0096217851739788,1.000999810892587,1.0096217851739788,164714.831,1.2041,1362383.5912,,21.584543669436467,0.26400,5,5,0.24000
20240620,20240621,SHSE.601992,601992.SH,金隅集团,2,1.0061543116490168,0.9928139183055976,1.0094894099848715,0.9928139183055976,1.0094894099848715,138123.417,1.1629,1494887.9588,,1.3359787330314412,0.24200,5,5,0.22000
20240620,20240621,SHSE.600022,600022.SH,山东钢铁,3,1.0021739788199697,0.9829803328290468,1.0069723903177004,0.9829803328290468,1.0069723903177004,48649.691,0.3821,1273163.0969,,1.1899999652493711,0.20900,5,5,0.19000
20240620,20240621,SZSE.300266,300266.SZ,兴源环境,4,0.9992375189107413,0.9674735249621785,1.007178517397882,0.9674735249621785,1.007178517397882,19433.374,1.0493,184903.0704,,1.1900000445698804,0.17600,5,5,0.16000
20240620,20240621,SHSE.603863,603863.SH,松炀资源,5,0.9973903177004539,0.9982980332829047,0.9971633888048411,0.9982980332829047,0.9971633888048411,201055.015,5.6301,341765.5,,16.700000268599343,0.15400,5,5,0.14000
20240621,20240624,SHSE.600567,600567.SH,山鹰国际,1,1.0081515885022694,1.0008108925869894,1.0099867624810892,1.0008108925869894,1.0099867624810892,193820.665,3.1825,594586.1196,,1.320815814502928,0.26400,5,5,0.24000
20240621,20240624,SZSE.002368,002368.SZ,太极股份,2,1.0076689485627837,1.0006215960665659,1.0094307866868382,1.0006215960665659,1.0094307866868382,123406.131,0.9125,1369862.3666,,21.703031557832276,0.24200,5,5,0.22000
20240621,20240624,SZSE.300266,300266.SZ,兴源环境,3,1.006210287443268,0.9986762481089259,1.0080937972768533,0.9986762481089259,1.0080937972768533,16825.714,0.9279,180241.6484,,1.16000004344627,0.20900,5,5,0.19000
20240621,20240624,SZSE.002640,002640.SZ,跨境通,4,1.0058290468986384,0.9982980332829047,1.0077118003025718,0.9982980332829047,1.0077118003025718,137918.172,6.749,218125.7862,,1.3999999930325164,0.17600,5,5,0.16000
20240621,20240624,SHSE.603863,603863.SH,松炀资源,5,0.9973146747352497,0.9979198184568835,0.9971633888048411,0.9979198184568835,0.9971633888048411,206986.581,6.3125,320481.9,,15.660000251872198,0.15400,5,5,0.14000
20240624,20240625,SHSE.601588,601588.SH,北辰实业,1,1.0078429570807335,1.0008105501985254,1.0096010588012856,1.0008105501985254,1.0096010588012856,90720.813,2.5217,454547.7,,1.3307501080977717,0.26400,5,5,0.24000
20240624,20240625,SZSE.002368,002368.SZ,太极股份,2,1.007594970693893,1.001,1.0092437133673662,1.001,1.0092437133673662,172161.446,1.2874,1319380.6325,,20.903238311160568,0.24200,5,5,0.22000
20240624,20240625,SZSE.000882,000882.SZ,华联股份,3,1.0062590281716772,0.998298355076574,1.008249196445453,0.998298355076574,1.008249196445453,78631.462,3.0408,257311.083,,0.9399999786920985,0.20900,5,5,0.19000
20240624,20240625,SHSE.600881,600881.SH,亚泰集团,4,1.006035961429382,1.0000493477027794,1.0075326148610324,1.0000493477027794,1.0075326148610324,87684.943,3.1076,279406.5686,,0.8599999811098271,0.17600,5,5,0.16000
20240624,20240625,SZSE.300266,300266.SZ,兴源环境,5,1.000887880506712,0.9754206844394026,1.0072546795235393,0.9754206844394026,1.0072546795235393,34521.367,2.0537,166257.3826,,1.070000040075439,0.15400,5,5,0.14000
20240625,20240626,SZSE.002368,002368.SZ,太极股份,1,1.0076579863739592,1.0006214988644966,1.0094171082513248,1.0006214988644966,1.0094171082513248,145868.286,1.1365,1275131.2112,,20.20145639911835,0.26400,5,5,0.24000
20240625,20240626,SHSE.600567,600567.SH,山鹰国际,2,1.006681302043906,0.9956472369417109,1.0094398183194548,0.9956472369417109,1.0094398183194548,245154.93,3.886,657174.1322,,1.459744433673699,0.24200,5,5,0.22000
20240625,20240626,SHSE.600227,600227.SH,赤天化,3,1.0060151400454203,0.9984859954579863,1.0078974261922786,0.9984859954579863,1.0078974261922786,25700.953,1.5884,215028.0435,,1.2699778830486794,0.20900,5,5,0.19000
20240625,20240626,SZSE.002269,002269.SZ,美邦服饰,4,1.0058319454958364,0.9982967448902347,1.007715745647237,0.9982967448902347,1.007715745647237,56255.639,2.1425,261300.0,,1.040069515465468,0.17600,5,5,0.16000
20240625,20240626,SZSE.002629,002629.SZ,仁智股份,5,1.0057986373959122,0.9988644965934897,1.0075321725965178,0.9988644965934897,1.0075321725965178,22284.686,4.2612,64623.904,,1.4801985359652483,0.15400,5,5,0.14000
20240626,20240627,SZSE.002368,002368.SZ,太极股份,1,1.0075947835947838,0.9982989982989983,1.00991872991873,0.9982989982989983,1.00991872991873,227502.483,1.7268,1359267.4348,,21.535173715938214,0.26400,5,5,0.24000
20240626,20240627,SHSE.600022,600022.SH,山东钢铁,2,1.0045450765450767,0.9933849933849934,1.0073350973350974,0.9933849933849934,1.0073350973350974,71323.455,0.5522,1305259.6456,,1.2199999643733048,0.24200,5,5,0.22000
20240626,20240627,SHSE.603863,603863.SH,松炀资源,3,0.9970137970137971,0.997920997920998,0.9967869967869968,0.997920997920998,0.9967869967869968,254514.9,6.7564,389448.95,,19.030000306074584,0.20900,5,5,0.19000
20240626,20240627,SZSE.002607,002607.SZ,中公教育,4,0.9956529956529957,0.9971649971649972,0.9952749952749953,0.9971649971649972,0.9952749952749953,730736.973,9.699600219726562,974449.1035,0.12600000202655792,1.5800000209848828,0.17600,5,5,0.16000
20240626,20240627,SHSE.600881,600881.SH,亚泰集团,5,0.9951615951615952,0.9954639954639954,0.995085995085995,0.9954639954639954,0.995085995085995,95645.928,3.6241,269659.8278,,0.8299999817687866,0.15400,5,5,0.14000
20240627,20240628,SZSE.002368,002368.SZ,太极股份,1,1.0081954622802043,1.001,1.0099943278502552,1.001,1.0099943278502552,270382.913,1.9907,1377341.1421,,21.821519446228088,0.26400,5,5,0.24000
20240627,20240628,SHSE.600227,600227.SH,赤天化,2,1.0061297031574967,0.998298355076574,1.0080875401777274,0.998298355076574,1.0080875401777274,19452.302,1.2308,206562.3725,,1.22,0.24200,5,5,0.22000
20240627,20240628,SZSE.300197,300197.SZ,节能铁汉,3,1.0060578559273965,0.9973529967857818,1.0082340707128001,0.9973529967857818,1.0082340707128001,66508.171,2.0799,341009.2792,,1.1499999889272077,0.20900,5,5,0.19000
20240627,20240628,SZSE.002269,002269.SZ,美邦服饰,4,1.0060230667422954,0.9984874267347325,1.007906976744186,0.9984874267347325,1.007906976744186,77652.855,3.0318,253762.5,,1.0099999974239955,0.17600,5,5,0.16000
20240627,20240628,SHSE.600881,600881.SH,亚泰集团,5,0.997466439780677,0.9979202117602571,0.9973529967857818,0.9979202117602571,0.9973529967857818,95355.84,3.4636,266410.9142,,0.8199999819884397,0.15400,5,5,0.14000
20240628,20240701,SZSE.002368,002368.SZ,太极股份,1,1.0079626157626158,1.0006219996219996,1.0097977697977698,1.0006219996219996,1.0097977697977698,385436.102,2.7631,1405386.5499,,22.265849027712367,0.26400,5,5,0.24000
20240628,20240701,SZSE.002640,002640.SZ,跨境通,3,1.0056851256851258,0.9982989982989983,1.0075316575316575,0.9982989982989983,1.0075316575316575,58319.779,3.0544,204103.4142,,1.309999993480426,0.20900,5,5,0.19000
20240628,20240701,SZSE.002269,002269.SZ,美邦服饰,4,0.9973161973161974,0.997920997920998,0.9971649971649972,0.997920997920998,0.9971649971649972,86374.642,3.426,253762.5,,1.0099999974239955,0.17600,5,5,0.16000
20240628,20240701,SZSE.300266,300266.SZ,兴源环境,5,0.9970893970893971,0.9975429975429976,0.9969759969759969,0.9975429975429976,0.9969759969759969,36440.877,1.9929,180241.6484,,1.16000004344627,0.15400,5,5,0.14000
20240701,20240702,SZSE.002368,002368.SZ,太极股份,1,1.0082,1.001,1.01,1.001,1.01,178643.773,1.3041,1391675.4616,,22.048621232320052,0.26400,5,5,0.24000
20240701,20240702,SZSE.002269,002269.SZ,美邦服饰,3,1.005936850066175,0.9981092834184155,1.0078937417281149,0.9981092834184155,1.0078937417281149,85820.19,3.392,256275.0,,1.0199999973984903,0.20900,5,5,0.19000
20240701,20240702,SZSE.002640,002640.SZ,跨境通,4,1.0057598789941387,0.9986764983928909,1.0075307241444507,0.9986764983928909,1.0075307241444507,53322.011,2.7996,210335.5796,,1.3499999932813553,0.17600,5,5,0.16000
20240701,20240702,SHSE.601929,601929.SH,吉视传媒,5,1.0054740026470033,0.9943278502552467,1.0082605407449423,0.9943278502552467,1.0082605407449423,45760.587,1.3113,348978.8168,,0.9999999738121469,0.15400,5,5,0.14000
20240702,20240703,SZSE.300619,300619.SZ,金银河,2,1.0067944045368622,1.0000514177693762,1.0084801512287336,1.0000514177693762,1.0084801512287336,122818.763,5.5196,265416.4019,,15.253846405983024,0.24200,5,5,0.22000
20240702,20240703,SZSE.002368,002368.SZ,太极股份,3,1.0059493383742912,0.9988657844990548,1.0077202268431003,0.9988657844990548,1.0077202268431003,295152.296,2.0846,1407256.2438,,22.295470999811318,0.20900,5,5,0.19000
20240702,20240703,SZSE.301315,301315.SZ,威士顿,4,1.005678638941399,0.9982986767485822,1.007523629489603,0.9982986767485822,1.007523629489603,115387.201,9.5471,286000.0,,31.991690135072055,0.17600,5,5,0.16000
20240702,20240703,SHSE.600022,600022.SH,山东钢铁,5,1.004025708884688,0.9886578449905482,1.007867674858223,0.9886578449905482,1.007867674858223,78926.827,0.5974,1326657.3447,,1.2399999637892607,0.15400,5,5,0.14000
20240703,20240704,SZSE.300736,300736.SZ,百邦科技,1,1.0072018144018147,1.0006206766206767,1.008847098847099,1.0006206766206767,1.008847098847099,162146.801,11.1792,144503.2193,,11.110000360911199,0.26400,5,5,0.24000
20240703,20240704,SZSE.300619,300619.SZ,金银河,2,1.0066830088830088,1.000241731241731,1.0082933282933282,1.000241731241731,1.0082933282933282,61004.98,2.8008,265416.4019,,15.253846405983024,0.24200,5,5,0.22000
20240703,20240704,SHSE.688488,688488.SH,艾迪药业,3,1.0059149499149498,0.9986769986769987,1.0077244377244376,0.9986769986769987,1.0077244377244376,86359.811,2.2375,384595.4865,,9.13999976512201,0.20900,5,5,0.19000
20240703,20240704,SHSE.688511,688511.SH,天微电子,4,1.0056443016443017,0.9981099981099981,1.0075278775278775,0.9981099981099981,1.0075278775278775,78666.111,12.0655,123600.0,,8.824365688649188,0.17600,5,5,0.16000
20240703,20240704,SHSE.600022,600022.SH,山东钢铁,5,1.0042063882063883,0.98998298998299,1.0077622377622377,0.98998298998299,1.0077622377622377,43247.008,0.3244,1326657.3447,,1.2399999637892607,0.15400,5,5,0.14000
20240704,20240705,SZSE.300619,300619.SZ,金银河,1,1.0073681405895691,1.000619992441421,1.0090551776266061,1.000619992441421,1.0090551776266061,48180.697,2.2667,254842.5765,,14.64615408824593,0.26400,5,5,0.24000
20240704,20240705,SHSE.688511,688511.SH,天微电子,2,1.0071309901738474,1.000243008314437,1.0088529856386999,1.000243008314437,1.0088529856386999,42486.578,6.7366,120000.0,,8.56734532878562,0.24200,5,5,0.22000
20240704,20240705,SHSE.605266,605266.SH,健之佳,3,1.0066455026455028,1.00005291005291,1.0082936507936509,1.00005291005291,1.0082936507936509,48761.908,1.3723,385773.5517,,22.22043432296469,0.20900,5,5,0.19000
20240704,20240705,SHSE.688488,688488.SH,艾迪药业,4,1.0059138321995467,0.9986772486772487,1.007722978080121,0.9986772486772487,1.007722978080121,54566.92,1.3971,385016.2693,,9.14999976486503,0.17600,5,5,0.16000
20240704,20240705,SZSE.301315,301315.SZ,威士顿,5,1.0057165532879817,0.99848828420257,1.0075236205593348,0.99848828420257,1.0075236205593348,103038.423,9.3001,258896.0,,28.959862269963693,0.15400,5,5,0.14000
20240705,20240708,SZSE.301315,301315.SZ,威士顿,1,1.007593613000756,1.0009990551776267,1.009242252456538,1.0009990551776267,1.009242252456538,94525.96,8.6196,263560.0,,29.48157290908948,0.26400,5,5,0.24000
20240705,20240708,SZSE.300619,300619.SZ,金银河,2,1.0074025699168556,1.0008072562358277,1.0090513983371125,1.0008072562358277,1.0090513983371125,42249.67,2.0102,256984.1107,,14.76923101335724,0.24200,5,5,0.22000
20240705,20240708,SHSE.688511,688511.SH,天微电子,3,1.0067572940287226,1.000619425547997,1.008291761148904,1.000619425547997,1.008291761148904,24434.728,3.9133,121920.0,,8.704422854046191,0.20900,5,5,0.19000
20240705,20240708,SZSE.002622,002622.SZ,皓宸医疗,4,1.0063651549508692,1.0002309145880575,1.0078987150415721,1.0002309145880575,1.0078987150415721,39805.991,3.7278,108360.0,,1.2899999551254555,0.17600,5,5,0.16000
20240705,20240708,SZSE.002375,002375.SZ,亚厦股份,5,1.003845804988662,0.9816704459561603,1.0093896447467876,0.9816704459561603,1.0093896447467876,12181.87,0.2792,440858.8478,,3.211075000641767,0.15400,5,5,0.14000
20240708,20240709,SZSE.300736,300736.SZ,百邦科技,1,1.0075933446776328,1.0009994327850256,1.0092418226507847,1.0009994327850256,1.0092418226507847,144680.212,11.6355,121611.6202,,9.350000303737147,0.26400,5,5,0.24000
20240708,20240709,SZSE.300619,300619.SZ,金银河,2,1.007251238419361,1.00080903762526,1.0088617886178861,1.00080903762526,1.0088617886178861,47956.049,2.3224,247882.5901,,14.246154081634172,0.24200,5,5,0.22000
20240708,20240709,SZSE.301315,301315.SZ,威士顿,3,1.0070231423709586,1.0004324068822084,1.008670826243146,1.0004324068822084,1.008670826243146,62538.246,5.8345,253176.0,,28.320028467262247,0.20900,5,5,0.19000
20240708,20240709,SHSE.688511,688511.SH,天微电子,4,1.0064526375496314,0.9984874267347325,1.008443940253356,0.9984874267347325,1.008443940253356,23560.968,3.8455,117280.0,,8.373152167999812,0.17600,5,5,0.16000
20240708,20240709,SZSE.002622,002622.SZ,皓宸医疗,5,1.0059489506522972,0.9988655700510494,1.0077197958026092,0.9988655700510494,1.0077197958026092,30552.711,2.9087,102480.0,,1.2199999575605083,0.15400,5,5,0.14000
20240709,20240710,SZSE.301315,301315.SZ,威士顿,1,1.0075935361935362,1.000999243999244,1.009242109242109,1.000999243999244,1.009242109242109,82018.901,7.7062,256432.0,,28.68424155495384,0.26400,5,5,0.24000
20240709,20240710,SZSE.300736,300736.SZ,百邦科技,2,1.0074405594405595,0.9988659988659989,1.0095841995841996,0.9988659988659989,1.0095841995841996,130855.358,11.0166,121611.6202,,9.350000303737147,0.24200,5,5,0.22000
20240709,20240710,SHSE.605266,605266.SH,健之佳,3,1.0073651483651485,1.0006208656208655,1.009051219051219,1.0006208656208655,1.009051219051219,65737.222,1.9856,367233.7085,,20.866724496475456,0.20900,5,5,0.19000
20240709,20240710,SZSE.002622,002622.SZ,皓宸医疗,4,1.0063564543564543,0.9986769986769987,1.0082763182763181,0.9986769986769987,1.0082763182763181,26850.939,2.5938,105840.0,,1.2599999561690496,0.17600,5,5,0.16000
20240709,20240710,SZSE.002640,002640.SZ,跨境通,5,1.005830277830278,0.9982989982989983,1.0077130977130977,0.9982989982989983,1.0077130977130977,53263.265,2.8245,208777.5382,,1.339999993331123,0.15400,5,5,0.14000
20240710,20240711,SZSE.300736,300736.SZ,百邦科技,1,1.0077086718307198,1.000810504439826,1.0094332136784432,1.000810504439826,1.0094332136784432,105306.069,8.9107,117059.3136,,9.000000292367307,0.26400,5,5,0.24000
20240710,20240711,SHSE.605266,605266.SH,健之佳,2,1.0075181560551671,1.0006211978084263,1.0092423956168524,1.0006211978084263,1.0092423956168524,165048.891,5.4378,339804.8144,,19.308176998872725,0.24200,5,5,0.22000
20240710,20240711,SZSE.002622,002622.SZ,皓宸医疗,3,1.0063918382769697,0.9988664273568865,1.0082731910069904,0.9988664273568865,1.0082731910069904,14757.494,1.4389,102480.0,,1.2199999575605083,0.20900,5,5,0.19000
20240710,20240711,SZSE.301315,301315.SZ,威士顿,4,1.0063421122236917,1.000053655771774,1.0079142263366712,1.000053655771774,1.0079142263366712,74527.151,6.8403,257840.0,,28.84173910638804,0.17600,5,5,0.16000
20240710,20240711,SZSE.002640,002640.SZ,跨境通,5,1.005906669185717,0.9986774985830342,1.0077139618363877,0.9986774985830342,1.0077139618363877,38124.453,2.052,199429.2902,,1.2799999936297293,0.15400,5,5,0.14000
20240711,20240712,SZSE.300736,300736.SZ,百邦科技,1,1.0075574532401284,1.0008101265822784,1.0092442849045908,1.0008101265822784,1.0092442849045908,123801.872,10.3858,120050.8294,,9.230000299838917,0.26400,5,5,0.24000
20240711,20240712,SHSE.605266,605266.SH,健之佳,2,1.006874097865105,1.0004313243907046,1.008484791233705,1.0004313243907046,1.008484791233705,97656.742,3.1141,348268.5874,,19.789100226704424,0.24200,5,5,0.22000
20240711,20240712,SZSE.301315,301315.SZ,威士顿,3,1.006532363498961,1.000241639901757,1.0081050443982618,1.000241639901757,1.0081050443982618,86345.948,7.7578,267080.0,,29.875316787674983,0.20900,5,5,0.19000
20240711,20240712,SZSE.002622,002622.SZ,皓宸医疗,4,1.0058598148498017,0.998488569809182,1.0077026261099566,0.998488569809182,1.0077026261099566,29900.339,2.8462,107520.0,,1.2799999554733201,0.17600,5,5,0.16000
20240711,20240712,SHSE.600022,600022.SH,山东钢铁,5,1.0015144530511997,0.9775174759115813,1.0075136973361043,0.9775174759115813,1.0075136973361043,33306.233,0.2516,1326657.3447,,1.2399999637892607,0.15400,5,5,0.14000
20240712,20240715,SZSE.300736,300736.SZ,百邦科技,1,1.0077072359720387,1.0008108822973738,1.0094313243907047,1.0008108822973738,1.0094313243907047,87583.547,7.5036,117059.3136,,9.000000292367307,0.26400,5,5,0.24000
20240712,20240715,SHSE.605266,605266.SH,健之佳,2,1.0075166446249764,1.0006211978084263,1.0092405063291139,1.0006211978084263,1.0092405063291139,56382.954,1.8351,339491.3413,,19.29036502747155,0.24200,5,5,0.22000
20240712,20240715,SHSE.688310,688310.SH,迈得医疗,3,1.0065704515397695,1.0004320801058,1.0081050443982618,1.0004320801058,1.0081050443982618,36309.72,1.9407,184936.8682,,11.189999395946286,0.20900,5,5,0.19000
20240712,20240715,SZSE.002622,002622.SZ,皓宸医疗,4,1.0062074437936896,0.9981107122614774,1.0082316266767428,0.9981107122614774,1.0082316266767428,23343.785,2.153,106680.0,,1.269999955821185,0.17600,5,5,0.16000
20240712,20240715,SZSE.301315,301315.SZ,威士顿,5,1.0059535235216324,0.9988664273568865,1.0077252975628188,0.9988664273568865,1.0077252975628188,80893.736,7.1441,268400.0,,30.022970742144544,0.15400,5,5,0.14000
20240715,20240716,SZSE.300736,300736.SZ,百邦科技,1,1.0077073290517569,1.0008109180204003,1.0094314318095958,1.0008109180204003,1.0094314318095958,98817.296,8.8265,111596.5456,,8.580000278723501,0.26400,5,5,0.24000
20240715,20240716,SHSE.605266,605266.SH,健之佳,2,1.0072145447676615,1.0006212693615413,1.0088628636191914,1.0006212693615413,1.0088628636191914,39266.276,1.3225,329616.9394,,18.729287928334568,0.24200,5,5,0.22000
20240715,20240716,SHSE.688310,688310.SH,迈得医疗,3,1.006984888553079,1.0002436720816017,1.0086701926709483,1.0002436720816017,1.0086701926709483,34288.912,1.9207,176342.8403,,10.6699994240167,0.20900,5,5,0.19000
20240715,20240716,SZSE.301315,301315.SZ,威士顿,4,1.006646316584813,1.0000544012089156,1.0082942954287872,1.0000544012089156,1.0082942954287872,58573.667,5.2942,261800.0,,29.284700969796727,0.17600,5,5,0.16000
20240715,20240716,SZSE.300619,300619.SZ,金银河,5,1.0060657347941067,0.9986777483944088,1.007912731394031,0.9986777483944088,1.007912731394031,35341.358,1.7502,244804.1346,,14.069231001786664,0.15400,5,5,0.14000
20240716,20240717,SZSE.300736,300736.SZ,百邦科技,1,1.0077073668303742,1.0008111069134868,1.0094314318095958,1.0008111069134868,1.0094314318095958,76444.011,6.8884,111856.6774,,8.600000279373205,0.26400,5,5,0.24000
20240716,20240717,SHSE.605266,605266.SH,健之佳,2,1.0073656592368718,1.0006212693615413,1.0090517567057045,1.0006212693615413,1.0090517567057045,33214.511,1.1345,325541.7894,,18.497732300119303,0.24200,5,5,0.22000
20240716,20240717,SHSE.688331,688331.SH,荣昌生物,3,1.006986513033623,1.0002442387608612,1.0086720816018133,1.0002442387608612,1.0086720816018133,93756.155,2.0277,1554612.429,,28.56,0.20900,5,5,0.19000
20240716,20240717,SHSE.600538,600538.SH,国发股份,4,1.0066433698526636,1.0000547789950887,1.0082905175670571,1.0000547789950887,1.0082905175670571,85260.563,5.2571,161453.0912,,3.0800000171549984,0.17600,5,5,0.16000
20240716,20240717,SZSE.301315,301315.SZ,威士顿,5,1.0062561390253117,0.9988666414809217,1.0081035134114091,0.9988666414809217,1.0081035134114091,45688.231,4.1407,262856.0,,29.40282413337238,0.15400,5,5,0.14000
20240717,20240718,SZSE.300736,300736.SZ,百邦科技,1,1.0077464474678761,1.0009998110355254,1.0094331065759636,1.0009998110355254,1.0094331065759636,116859.644,10.9774,106263.8436,,8.170000265404544,0.26400,5,5,0.24000
20240717,20240718,SHSE.600538,600538.SH,国发股份,2,1.0074273998488286,1.000243575207861,1.0092233560090704,1.000243575207861,1.0092233560090704,41670.457,2.5635,163549.8846,,3.1200000173777904,0.24200,5,5,0.22000
20240717,20240718,SZSE.002622,002622.SZ,皓宸医疗,3,1.006814814814815,0.9981103552532123,1.0089909297052155,0.9981103552532123,1.0089909297052155,10900.197,1.0612,102480.0,,1.2199999575605083,0.20900,5,5,0.19000
20240717,20240718,SHSE.605266,605266.SH,健之佳,4,1.0067967498110355,1.0000532879818596,1.0084826152683295,1.0000532879818596,1.0084826152683295,103903.135,3.4384,337923.9759,,19.201305170465677,0.17600,5,5,0.16000
20240717,20240718,SZSE.300619,300619.SZ,金银河,5,1.0062539682539682,0.9988662131519275,1.0081009070294784,0.9988662131519275,1.0081009070294784,28407.939,1.431,239450.299,,13.761538689008388,0.15400,5,5,0.14000
20240718,20240719,SZSE.300736,300736.SZ,百邦科技,1,1.0075951625094484,1.0009992441421012,1.009244142101285,1.0009992441421012,1.009244142101285,99684.432,9.8374,103532.4596,,7.9600002585826415,0.26400,5,5,0.24000
20240718,20240719,SZSE.301315,301315.SZ,威士顿,2,1.0069129251700681,1.0006190476190477,1.008486394557823,1.0006190476190477,1.008486394557823,51226.001,4.8159,256960.0,,28.743303136741662,0.24200,5,5,0.22000
20240718,20240719,SZSE.002622,002622.SZ,皓宸医疗,3,1.0067966742252459,0.9986772486772487,1.008826530612245,0.9986772486772487,1.008826530612245,17549.508,1.759,100800.0,,1.1999999582562377,0.20900,5,5,0.19000
20240718,20240719,SHSE.605266,605266.SH,健之佳,4,1.0066845804988662,1.0002407407407408,1.0082955404383975,1.0002407407407408,1.0082955404383975,85354.487,2.8135,342469.3355,,19.459578755782704,0.17600,5,5,0.16000
20240718,20240719,SZSE.300619,300619.SZ,金银河,5,1.006494142101285,1.0000519652305366,1.008104686318972,1.0000519652305366,1.008104686318972,41094.864,2.1353,238513.3778,,13.707692534272189,0.15400,5,5,0.14000
20240719,20240722,SZSE.300736,300736.SZ,百邦科技,1,1.0078580986580987,1.000810054810055,1.0096201096201096,1.000810054810055,1.0096201096201096,95753.06,9.2338,103532.4596,,7.9600002585826415,0.26400,5,5,0.24000
20240719,20240722,SHSE.605266,605266.SH,健之佳,2,1.0073267813267814,1.0004290304290304,1.009051219051219,1.0004290304290304,1.009051219051219,56766.411,1.8718,337923.9759,,19.201305170465677,0.24200,5,5,0.22000
20240719,20240722,SZSE.002622,002622.SZ,皓宸医疗,3,1.0072046872046871,0.9984879984879985,1.0093838593838593,0.9984879984879985,1.0093838593838593,11089.532,1.1098,99960.0,,1.1899999586041023,0.20900,5,5,0.19000
20240719,20240722,SZSE.300619,300619.SZ,金银河,4,1.0069836325836325,1.0002404082404082,1.0086694386694386,1.0002404082404082,1.0086694386694386,34196.844,1.7449,239851.8367,,13.784615612466759,0.17600,5,5,0.16000
20240719,20240722,SZSE.301315,301315.SZ,威士顿,5,1.0063670383670382,0.9986769986769987,1.0082895482895482,0.9986769986769987,1.0082895482895482,95695.641,8.7308,260744.0,,29.166577806221078,0.15400,5,5,0.14000
20240722,20240723,SZSE.300736,300736.SZ,百邦科技,1,1.007746409674981,1.0009996220710506,1.0094331065759636,1.0009996220710506,1.0094331065759636,102344.992,9.8124,107954.7003,,8.30000026962763,0.26400,5,5,0.24000
20240722,20240723,SZSE.002373,002373.SZ,千方科技,2,1.0076963340891913,0.9992450869236583,1.0098091458805745,0.9992450869236583,1.0098091458805745,272051.104,2.2398,1390565.6292,,8.756525278924562,0.24200,5,5,0.22000
20240722,20240723,SZSE.300998,300998.SZ,宁波方正,3,1.0074030990173846,1.000809901738473,1.0090513983371125,1.000809901738473,1.0090513983371125,41758.744,4.0029,192585.5989,,13.943930063779053,0.20900,5,5,0.19000
20240722,20240723,SZSE.300619,300619.SZ,金银河,4,1.0065698412698412,1.0004304610733183,1.008104686318972,1.0004304610733183,1.008104686318972,26875.649,1.3699,238513.3778,,13.707692534272189,0.17600,5,5,0.16000
20240722,20240723,SHSE.600545,600545.SH,卓郎智能,5,1.005095993953137,0.995275888133031,1.0075510204081632,0.995275888133031,1.0075510204081632,20465.299,0.8665,239580.2377,,1.3399999314915172,0.15400,5,5,0.14000
20240723,20240724,SZSE.300998,300998.SZ,宁波方正,1,1.0080487150415722,1.000999433106576,1.0098110355253211,1.000999433106576,1.0098110355253211,36751.748,3.5799,185589.9682,,13.437419783684517,0.26400,5,5,0.24000
20240723,20240724,SZSE.301552,301552.SZ,科力装备,2,1.0079808012093727,1.0000551776266062,1.0099622071050642,1.0000551776266062,1.0099622071050642,751922.427,76.6145,470560.0,,36.04166666666667,0.24200,5,5,0.22000
20240723,20240724,SZSE.300736,300736.SZ,百邦科技,3,1.007858163265306,1.0008100907029478,1.0096201814058956,1.0008100907029478,1.0096201814058956,91535.356,8.6965,104442.9209,,8.030000260856609,0.20900,5,5,0.19000
20240723,20240724,SHSE.688217,688217.SH,睿昂基因,4,1.0075163265306122,1.0006201814058957,1.0092403628117914,1.0006201814058957,1.0092403628117914,42198.716,4.9467,83672.1322,,14.891097852195644,0.17600,5,5,0.16000
20240723,20240724,SZSE.300619,300619.SZ,金银河,5,1.007135336356765,1.0002420634920635,1.0088586545729403,1.0002420634920635,1.0088586545729403,28066.267,1.4535,229679.549,,13.200000218188034,0.15400,5,5,0.14000
20240724,20240725,SHSE.688217,688217.SH,睿昂基因,1,1.0078976190476192,1.0009998110355254,1.0096220710506425,1.0009998110355254,1.0096220710506425,86639.715,11.876,72054.1058,,12.823442075655795,0.26400,5,5,0.24000
20240724,20240725,SZSE.300998,300998.SZ,宁波方正,2,1.0077069538926682,1.000809901738473,1.009431216931217,1.000809901738473,1.009431216931217,25388.316,2.5457,183806.7682,,13.308309320131007,0.24200,5,5,0.22000
20240724,20240725,SZSE.002373,002373.SZ,千方科技,3,1.0076795162509449,0.99848828420257,1.0099773242630385,0.99848828420257,1.0099773242630385,447155.707,3.8792,1300494.9009,,8.18934125517604,0.20900,5,5,0.19000
20240724,20240725,SZSE.300736,300736.SZ,百邦科技,4,1.007516553287982,1.0006213151927437,1.0092403628117914,1.0006213151927437,1.0092403628117914,63906.168,6.1972,102752.0642,,7.900000256633526,0.17600,5,5,0.16000
20240724,20240725,SZSE.300619,300619.SZ,金银河,5,1.0071352229780803,1.0002414965986395,1.0088586545729403,1.0002414965986395,1.0088586545729403,33911.672,1.8144,225798.0181,,12.976923291423786,0.15400,5,5,0.14000
20240725,20240726,SHSE.688217,688217.SH,睿昂基因,1,1.0080486864486866,1.000999432999433,1.0098109998109999,1.000999432999433,1.0098109998109999,41760.394,5.7508,72333.3853,,12.873145339514924,0.26400,5,5,0.24000
20240725,20240726,SZSE.300736,300736.SZ,百邦科技,2,1.0078580986580987,1.000810054810055,1.0096201096201096,1.000810054810055,1.0096201096201096,65567.228,6.5494,101711.5369,,7.8200002540347056,0.24200,5,5,0.22000
20240725,20240726,SZSE.300998,300998.SZ,宁波方正,3,1.0076673974673973,1.0006201096201095,1.0094292194292194,1.0006201096201095,1.0094292194292194,20979.216,2.1123,184081.1067,,13.328172468370008,0.20900,5,5,0.19000
20240725,20240726,SZSE.000981,000981.SZ,山子高科,4,1.0076235116235117,0.9982989982989983,1.00995463995464,0.9982989982989983,1.00995463995464,10505.7,0.1988,809795.1419,,0.8100000042125493,0.17600,5,5,0.16000
20240725,20240726,SHSE.600785,600785.SH,新华百货,5,1.0074765072765073,1.0004292194292195,1.0092383292383291,1.0004292194292195,1.0092383292383291,229237.052,10.2084,221795.5482,,9.544700676672187,0.15400,5,5,0.14000
20240726,20240729,SHSE.688217,688217.SH,睿昂基因,1,1.0082,1.001,1.01,1.001,1.01,41248.864,5.5776,73562.215,,13.091839700495102,0.26400,5,5,0.24000
20240726,20240729,SHSE.600785,600785.SH,新华百货,3,1.0078582168492634,1.0008097846618813,1.0096203248961089,1.0008097846618813,1.0096203248961089,171276.925,7.7472,218185.4478,,9.389344409300106,0.20900,5,5,0.19000
20240726,20240729,SZSE.300736,300736.SZ,百邦科技,4,1.007630222893842,1.0004329429542878,1.0094295428787305,1.0004329429542878,1.0094295428787305,62752.413,6.2372,101841.6028,,7.830000254359558,0.17600,5,5,0.16000
20240726,20240729,SZSE.300998,300998.SZ,宁波方正,5,1.0074395164336984,1.0002425387230827,1.0092387608613524,1.0002425387230827,1.0092387608613524,21410.007,2.1115,187510.3374,,13.576461821357528,0.15400,5,5,0.14000
20240729,20240730,SHSE.688217,688217.SH,睿昂基因,1,1.008048856980918,1.001,1.0098110712261477,1.001,1.0098110712261477,31399.831,4.2461,73841.4945,,13.141542964354233,0.26400,5,5,0.24000
20240729,20240730,SZSE.300736,300736.SZ,百邦科技,2,1.0077072359720387,1.0008108822973738,1.0094313243907047,1.0008108822973738,1.0094313243907047,84350.361,8.3258,104312.855,,8.020000260531756,0.24200,5,5,0.22000
20240729,20240730,SHSE.600057,600057.SH,厦门象屿,3,1.007515208766295,1.000621575665974,1.0092386170413754,1.000621575665974,1.0092386170413754,372502.017,3.3232,1133934.6174,,4.754002856324624,0.20900,5,5,0.19000
20240729,20240730,SZSE.300998,300998.SZ,宁波方正,5,1.0073274891365955,1.0004311354619309,1.0090515775552618,1.0004311354619309,1.0090515775552618,22414.69,2.2135,186687.322,,13.516872376640523,0.15400,5,5,0.14000
20240730,20240731,SHSE.688511,688511.SH,天微电子,1,1.008147827729505,1.0007995844352096,1.0099848885530789,1.0007995844352096,1.0099848885530789,12098.647,1.8993,123920.0,,8.847211942859284,0.26400,5,5,0.24000
20240730,20240731,SHSE.688217,688217.SH,睿昂基因,2,1.0078975443898752,1.0009988666414809,1.009622213826974,1.0009988666414809,1.009622213826974,33281.497,4.4481,75182.036,,13.380118630878062,0.24200,5,5,0.22000
20240730,20240731,SZSE.300736,300736.SZ,百邦科技,3,1.0075180204004535,1.0006199471099357,1.0092425387230828,1.0006199471099357,1.0092425387230828,85084.479,8.1194,105353.3822,,8.100000263130577,0.20900,5,5,0.19000
20240730,20240731,SZSE.300998,300998.SZ,宁波方正,4,1.007327465054779,1.0004302984510767,1.0090517567057045,1.0004302984510767,1.0090517567057045,26048.307,2.5435,189430.7066,,13.715503859030537,0.17600,5,5,0.16000
20240731,20240801,SZSE.300736,300736.SZ,百邦科技,1,1.007897506611258,1.0009986777483943,1.009622213826974,1.0009986777483943,1.009622213826974,93494.548,8.7608,108735.0957,,8.360000271576743,0.26400,5,5,0.24000
20240731,20240801,SHSE.688511,688511.SH,天微电子,2,1.00780672459388,0.9990562901397808,1.0099943332074046,0.9990562901397808,1.0099943332074046,38345.707,3.1553,124640.0,,8.898616014831997,0.24200,5,5,0.22000
20240731,20240801,SHSE.688217,688217.SH,睿昂基因,3,1.0072145069890441,1.0006210804684548,1.0088628636191914,1.0006210804684548,1.0088628636191914,36443.872,4.6556,79762.2195,,14.19525215816781,0.20900,5,5,0.19000
20240731,20240801,SZSE.300998,300998.SZ,宁波方正,4,1.0067198715527013,1.0004297317718172,1.0082924064979222,1.0004297317718172,1.0082924064979222,64394.805,5.9185,206028.1835,,14.917224327490128,0.17600,5,5,0.16000
20240731,20240801,SHSE.600060,600060.SH,海信视像,5,1.0060657347941067,0.9986777483944088,1.007912731394031,0.9986777483944088,1.007912731394031,430018.182,1.9163000583648682,2319697.6747,0.7637900114059448,17.07800284694042,0.15400,5,5,0.14000
20240801,20240802,SZSE.300736,300736.SZ,百邦科技,1,1.0077071226147742,1.0008103155110524,1.0094313243907047,1.0008103155110524,1.0094313243907047,105893.367,9.6604,110425.9525,,8.490000275799828,0.26400,5,5,0.24000
20240801,20240802,SZSE.301096,301096.SZ,百诚医药,2,1.0072128093708672,1.0006210088796523,1.008860759493671,1.0006210088796523,1.008860759493671,141818.176,4.8376,458661.7115,,42.1099990205067,0.24200,5,5,0.22000
20240801,20240802,SHSE.600785,600785.SH,新华百货,3,1.0070252786699416,1.0004315133194785,1.0086737200075573,1.0004315133194785,1.0086737200075573,98505.53,4.2516,231948.9558,,9.981640178656162,0.20900,5,5,0.19000
20240801,20240802,SHSE.600060,600060.SH,海信视像,4,1.0068333648214625,1.0002427734744002,1.008481012658228,1.0002427734744002,1.008481012658228,243065.807,1.079200029373169,2275314.0389,0.7857699990272522,16.751242946868537,0.17600,5,5,0.16000
20240801,20240802,SHSE.688217,688217.SH,睿昂基因,5,1.0066427734744001,1.0000530889854524,1.008290194596637,1.0000530889854524,1.008290194596637,26725.621,3.274,83057.7174,,14.781750671705554,0.15400,5,5,0.14000
20240802,20240805,SZSE.300736,300736.SZ,百邦科技,1,1.0078975637393768,1.0009986779981115,1.009622285174693,1.0009986779981115,1.009622285174693,88518.237,8.257,107304.3708,,8.250000268003365,0.26400,5,5,0.24000
20240802,20240805,SHSE.688217,688217.SH,睿昂基因,2,1.007516789423985,1.0006207743153919,1.0092407932011331,1.0006207743153919,1.0092407932011331,23280.061,2.8294,80097.3549,,14.254896074798767,0.24200,5,5,0.22000
20240802,20240805,SHSE.688359,688359.SH,三孚新科,3,1.0071691406987724,1.0004311614730879,1.0088536355051936,1.0004311614730879,1.0088536355051936,44958.793,1.713,258803.4152,,27.829998572509126,0.20900,5,5,0.19000
20240802,20240805,SZSE.300796,300796.SZ,贝斯美,4,1.0060139754485364,0.9984891406987725,1.0078951841359773,0.9984891406987725,1.0078951841359773,167942.139,4.3231,381366.8728,,10.559999850686527,0.17600,5,5,0.16000
20240802,20240805,SHSE.600785,600785.SH,新华百货,5,1.0058047214353163,0.9988668555240793,1.0075391879131255,0.9988668555240793,1.0075391879131255,105096.305,4.4984,233754.0061,,10.059318312342203,0.15400,5,5,0.14000
20240805,20240806,SZSE.300796,300796.SZ,贝斯美,1,1.00819984891407,1.0009992445703493,1.01,1.0009992445703493,1.01,165797.039,4.5608,351030.8716,,9.719999862563736,0.26400,5,5,0.24000
20240805,20240806,SHSE.688359,688359.SH,三孚新科,2,1.0076673465533523,1.0006181303116146,1.0094296506137865,1.0006181303116146,1.0094296506137865,40251.076,1.546,254897.6504,,27.409998594052286,0.24200,5,5,0.22000
20240805,20240806,SZSE.300736,300736.SZ,百邦科技,3,1.007477355996223,1.0004311614730879,1.0092389046270065,1.0004311614730879,1.0092389046270065,76956.818,7.3726,103012.196,,7.92000025728323,0.20900,5,5,0.19000
20240805,20240806,SHSE.688511,688511.SH,天微电子,4,1.0068351274787535,0.9988668555240793,1.008827195467422,0.9988668555240793,1.008827195467422,37466.281,3.014,123680.0,,8.830077252201713,0.17600,5,5,0.16000
20240805,20240806,SHSE.688217,688217.SH,睿昂基因,5,1.0064939376770539,1.0000542020774315,1.0081038715769595,1.0000542020774315,1.0081038715769595,22804.269,2.8274,79873.9313,,14.215133463711464,0.15400,5,5,0.14000
20240806,20240807,SZSE.300796,300796.SZ,贝斯美,1,1.008199962242779,1.0009998112138947,1.01,1.0009998112138947,1.01,312728.799,9.4278,327917.7278,,9.079999871613037,0.26400,5,5,0.24000
20240806,20240807,SZSE.300736,300736.SZ,百邦科技,2,1.0078191051538608,1.000620917500472,1.009618652067208,1.000620917500472,1.009618652067208,68907.907,6.6325,106133.7777,,8.160000265079693,0.24200,5,5,0.22000
20240806,20240807,SHSE.688217,688217.SH,睿昂基因,3,1.0069870115159525,1.0002437228619974,1.0086728336794413,1.0002437228619974,1.0086728336794413,14065.835,1.7217,83113.5732,,14.791691324477382,0.20900,5,5,0.19000
20240806,20240807,SHSE.600785,600785.SH,新华百货,4,1.006644062676987,1.0000543703983387,1.008291485746649,1.0000543703983387,1.008291485746649,73435.334,3.1861,233077.1122,,10.030189012209938,0.17600,5,5,0.16000
20240806,20240807,SHSE.688331,688331.SH,荣昌生物,5,1.0060577685482348,0.9986784972626015,1.0079025863696431,0.9986784972626015,1.0079025863696431,104180.496,2.3629,1490381.2433,,27.38,0.15400,5,5,0.14000
20240807,20240808,SZSE.300796,300796.SZ,贝斯美,1,1.0077468000755143,1.0009994336416839,1.009433641683972,1.0009994336416839,1.009433641683972,289839.19,8.4089,352114.3002,,9.74999986213955,0.26400,5,5,0.24000
20240807,20240808,SZSE.300736,300736.SZ,百邦科技,2,1.0074053237681708,1.00080989239192,1.0090541816122334,1.00080989239192,1.0090541816122334,47314.34,4.4994,106523.9754,,8.19000026605425,0.24200,5,5,0.22000
20240807,20240808,SHSE.603665,603665.SH,康隆达,3,1.007214876345101,1.000620351142156,1.0088635076458372,1.000620351142156,1.0088635076458372,111488.069,4.5182,246495.2479,,15.126334170070733,0.20900,5,5,0.19000
20240807,20240808,SHSE.688217,688217.SH,睿昂基因,4,1.006873815367189,1.0004328865395506,1.0084840475740986,1.0004328865395506,1.0084840475740986,13742.673,1.6701,82387.4466,,14.662462838443641,0.17600,5,5,0.16000
20240807,20240808,SHSE.601869,601869.SH,长飞光纤,5,1.006097036058146,0.9932037002076647,1.0093203700207665,0.9932037002076647,1.0093203700207665,78514.012,0.7763,1886425.8138,,24.261753925657864,0.15400,5,5,0.14000
20240808,20240809,SZSE.300796,300796.SZ,贝斯美,1,1.0075959607399017,1.0009998112495282,1.0092449981124951,1.0009998112495282,1.0092449981124951,183856.841,5.2834,341280.014,,9.449999866381408,0.26400,5,5,0.24000
20240808,20240809,SHSE.603665,603665.SH,康隆达,2,1.007405624764062,1.0008106832767083,1.0090543601359003,1.0008106832767083,1.0090543601359003,69874.154,2.9298,242281.654,,14.867764355197728,0.24200,5,5,0.22000
20240808,20240809,SZSE.300736,300736.SZ,百邦科技,3,1.0066806719516799,1.000243676859192,1.008289920724802,1.000243676859192,1.008289920724802,84761.637,7.9432,109645.5571,,8.430000273850712,0.20900,5,5,0.19000
20240808,20240809,SHSE.688359,688359.SH,三孚新科,4,1.005751604379011,0.9986787466968667,1.0075198187995469,0.9986787466968667,1.0075198187995469,24462.188,0.9263,266428.956,,28.64999853044867,0.17600,5,5,0.16000
20240808,20240809,SZSE.000597,000597.SZ,东北制药,5,1.0026923367308418,0.9847112117780294,1.0071876179690449,0.9847112117780294,1.0071876179690449,80642.257,1.0714,764570.2468,,5.246516746040898,0.15400,5,5,0.14000
20240809,20240812,SHSE.603665,603665.SH,康隆达,1,1.008048999622499,1.001,1.0098112495281237,1.001,1.0098112495281237,69637.573,2.9326,236447.4469,,14.509744611527415,0.26400,5,5,0.24000
20240809,20240812,SZSE.300796,300796.SZ,贝斯美,2,1.007858625896565,1.0008106832767083,1.009620611551529,1.0008106832767083,1.009620611551529,170882.942,4.8304,353558.8717,,9.789999861573968,0.24200,5,5,0.22000
20240809,20240812,SZSE.301487,301487.SZ,盟固利,3,1.0076682521706306,1.0006213665534165,1.009429973574934,1.0006213665534165,1.009429973574934,488657.179,9.9672,804328.7665,,17.50000081695877,0.20900,5,5,0.19000
20240809,20240812,SZSE.300736,300736.SZ,百邦科技,4,1.0066849754624387,1.0002425443563607,1.0082955832389582,1.0002425443563607,1.0082955832389582,59749.005,5.5583,108344.898,,8.330000270602186,0.17600,5,5,0.16000
20240809,20240812,SHSE.688359,688359.SH,三孚新科,5,1.0063431106077767,1.0000507738769346,1.007916194790487,1.0000507738769346,1.007916194790487,22581.086,0.8338,265870.9896,,28.589998533526266,0.15400,5,5,0.14000
20240812,20240813,SHSE.603665,603665.SH,康隆达,1,1.007746885617214,1.0009994337485844,1.0094337485843714,1.0009994337485844,1.0094337485843714,77306.318,3.4203,227047.8911,,13.932935024503022,0.26400,5,5,0.24000
20240812,20240813,SZSE.301487,301487.SZ,盟固利,2,1.007556738391846,1.0008112495281238,1.0092431106077764,1.0008112495281238,1.0092431106077764,580366.283,14.4242,673797.6981,,14.660000684378032,0.24200,5,5,0.22000
20240812,20240813,SZSE.301348,301348.SZ,蓝箭电子,3,1.0073656096640242,1.0006181577953945,1.0090524726311816,1.0006181577953945,1.0090524726311816,276988.72,8.8332,459600.0,,18.857705563761694,0.20900,5,5,0.19000
20240812,20240813,SHSE.600743,600743.SH,华远控股,4,1.0000151000377502,0.9739524348810872,1.0065307663269158,0.9739524348810872,1.0065307663269158,42834.696,1.5173,279186.004,,1.1900000192569824,0.17600,5,5,0.16000
20240812,20240813,SZSE.000509,000509.SZ,华塑控股,5,0.9995636089090222,0.9637599093997735,1.0085145337863344,0.9637599093997735,1.0085145337863344,51177.392,1.4811,345547.2327,,3.2199999153074037,0.15400,5,5,0.14000
20240813,20240814,SZSE.301487,301487.SZ,盟固利,1,1.0080097017742544,1.000811060777652,1.009809362023405,1.000811060777652,1.009809362023405,375426.22,9.346,688965.0406,,14.99000069978354,0.26400,5,5,0.24000
20240813,20240814,SHSE.603665,603665.SH,康隆达,2,1.007819290298226,1.0006215553038882,1.0096187240468102,1.0006215553038882,1.0096187240468102,59028.101,2.6676,227047.8911,,13.932935024503022,0.24200,5,5,0.22000
20240813,20240814,SZSE.301348,301348.SZ,蓝箭电子,3,1.0074742921857305,1.0004292185730466,1.0092355605889014,1.0004292185730466,1.0092355605889014,211338.118,7.1131,453400.0,,18.603315279829314,0.20900,5,5,0.19000
20240813,20240814,SHSE.688113,688113.SH,联测科技,4,1.0072419781049453,0.9986787466968667,1.0093827859569648,0.9986787466968667,1.0093827859569648,2010.12,0.1277,159041.056,,24.384879619889,0.17600,5,5,0.16000
20240813,20240814,SZSE.300796,300796.SZ,贝斯美,5,1.0063437146092866,1.0000537938844847,1.007916194790487,1.0000537938844847,1.007916194790487,100080.478,2.7324,366198.8722,,10.139999856625131,0.15400,5,5,0.14000
20240814,20240815,SZSE.301487,301487.SZ,盟固利,1,1.0080489526325722,1.0009996225702962,1.0098112851481411,1.0009996225702962,1.0098112851481411,220184.638,5.4483,677934.2461,,14.750000688579535,0.26400,5,5,0.24000
20240814,20240815,SHSE.603665,603665.SH,康隆达,2,1.007858577090017,1.0008101528590299,1.0096206831477637,1.0008101528590299,1.0096206831477637,64577.165,2.872,228830.5655,,14.042329946180063,0.24200,5,5,0.22000
20240814,20240815,SZSE.301348,301348.SZ,蓝箭电子,3,1.0072858275146253,1.0002411775806757,1.0090469899981127,1.0002411775806757,1.0090469899981127,116626.184,3.8856,445000.0,,18.258657475791892,0.20900,5,5,0.19000
20240814,20240815,SZSE.300796,300796.SZ,贝斯美,4,1.0062109832043782,0.9986789960369881,1.0080939799962256,0.9986789960369881,1.0080939799962256,64080.409,1.7721,359337.1576,,9.94999985931164,0.17600,5,5,0.16000
20240814,20240815,SHSE.600449,600449.SH,宁夏建材,5,1.0058773353462918,0.9984902811851293,1.0077240988865823,0.9984902811851293,1.0077240988865823,162924.817,3.6191,451881.0847,,9.199059346631444,0.15400,5,5,0.14000
20240815,20240816,SZSE.301487,301487.SZ,盟固利,1,1.008199924528302,1.0009996226415094,1.01,1.0009996226415094,1.01,241614.825,6.0534,670120.7666,,14.580000680643364,0.26400,5,5,0.24000
20240815,20240816,SHSE.603665,603665.SH,康隆达,2,1.007819283018868,1.0006209433962263,1.0096188679245282,1.0006209433962263,1.0096188679245282,50497.724,2.2481,228344.3816,,14.012494967540869,0.24200,5,5,0.22000
20240815,20240816,SZSE.301348,301348.SZ,蓝箭电子,3,1.0076284905660378,1.0004292452830188,1.0094283018867924,1.0004292452830188,1.0094283018867924,120034.428,4.0266,446000.0,,18.29968816674873,0.20900,5,5,0.19000
20240815,20240816,SZSE.300796,300796.SZ,贝斯美,4,1.0060996226415095,0.9988679245283019,1.0079075471698113,0.9988679245283019,1.0079075471698113,67947.092,1.9063,354642.3003,,9.819999861149782,0.17600,5,5,0.16000
20240815,20240816,SHSE.600449,600449.SH,宁夏建材,5,1.005907924528302,0.9986792452830189,1.0077150943396227,0.9986792452830189,1.0077150943396227,116408.359,2.5074,467182.878,,9.510561885353354,0.15400,5,5,0.14000
20240816,20240819,SZSE.301487,301487.SZ,盟固利,1,1.0080490473495567,1.0009998113563479,1.0098113563478588,1.0009998113563479,1.0098113563478588,198012.328,5.057,653114.9584,,14.210000663370522,0.26400,5,5,0.24000
20240816,20240819,SHSE.603665,603665.SH,康隆达,2,1.007707828711564,1.0008104131295983,1.0094321826070554,1.0008104131295983,1.0094321826070554,36779.427,1.644,226885.8298,,13.922990031623291,0.24200,5,5,0.22000
20240816,20240819,SZSE.301348,301348.SZ,蓝箭电子,3,1.007513299377476,1.00061497830598,1.0092378796453498,1.00061497830598,1.0092378796453498,142472.776,4.7174,453400.0,,18.603315279829314,0.20900,5,5,0.19000
20240816,20240819,SHSE.600449,600449.SH,宁夏建材,4,1.0056245991322392,0.9981135634785889,1.0075023580456517,0.9981135634785889,1.0075023580456517,72524.614,1.5843,449011.9984,,9.140652620621086,0.17600,5,5,0.16000
20240816,20240819,SHSE.601992,601992.SH,金隅集团,5,1.0055129220901717,0.9937747594793436,1.0084474627428788,0.9937747594793436,1.0084474627428788,38709.34,0.3452,1430821.332,,1.2983911866036202,0.15400,5,5,0.14000
20240819,20240820,SHSE.603665,603665.SH,康隆达,1,1.0078964150943397,1.0009990566037736,1.009620754716981,1.0009990566037736,1.009620754716981,33428.569,1.5158,222348.1132,,13.644530230990824,0.26400,5,5,0.24000
20240819,20240820,SZSE.301487,301487.SZ,盟固利,2,1.007709396226415,1.0008111320754718,1.0094339622641508,1.0008111320754718,1.0094339622641508,162594.79,4.2328,640245.6981,,13.93000065029918,0.24200,5,5,0.22000
20240819,20240820,SZSE.301348,301348.SZ,蓝箭电子,3,1.0071763773584905,1.000425283018868,1.0088641509433962,1.000425283018868,1.0088641509433962,108148.134,3.5862,448200.0,,18.389955686853767,0.20900,5,5,0.19000
20240819,20240820,SZSE.301511,301511.SZ,德福科技,4,1.0069853962264153,1.0002401886792454,1.0086716981132076,1.0002401886792454,1.0086716981132076,208629.602,5.1593,655534.88,,10.390379603100971,0.17600,5,5,0.16000
20240819,20240820,SZSE.000981,000981.SZ,山子高科,5,1.0060664150943397,0.9967924528301887,1.0083849056603773,0.9967924528301887,1.0083849056603773,257122.848,3.6467,1069729.385,,1.0700000055647256,0.15400,5,5,0.14000
20240820,20240821,SHSE.603665,603665.SH,康隆达,1,1.0082,1.001,1.01,1.001,1.01,48894.954,2.296,211165.883,,12.958325722289391,0.26400,5,5,0.24000
20240820,20240821,SZSE.301348,301348.SZ,蓝箭电子,2,1.0078194302961705,1.0006213921901528,1.009618939822675,1.0006213921901528,1.009618939822675,90546.76,3.0899,437400.0,,17.946824224519943,0.24200,5,5,0.22000
20240820,20240821,SZSE.301487,301487.SZ,盟固利,3,1.0076325221656293,1.0004338803999246,1.0094321826070554,1.0004338803999246,1.0094321826070554,204306.966,5.3232,641624.5474,,13.960000651699682,0.20900,5,5,0.19000
20240820,20240821,SZSE.301511,301511.SZ,德福科技,4,1.007136842105263,1.0002418411620448,1.0088605923410676,1.0002418411620448,1.0088605923410676,129268.678,3.4127,637885.864,,10.110638613786712,0.17600,5,5,0.16000
20240820,20240821,SZSE.002271,002271.SZ,东方雨虹,5,1.0069334087907942,1.000054706659121,1.0086530843237125,1.000054706659121,1.0086530843237125,881600.856,4.3684000968933105,2521586.5715,0.3538599908351898,8.468208646588502,0.15400,5,5,0.14000
20240821,20240822,SHSE.603665,603665.SH,康隆达,1,1.0075571482459451,1.0008110147114297,1.0092436816295738,1.0008110147114297,1.0092436816295738,64521.0,3.1581,209545.27,,12.858875793492082,0.26400,5,5,0.24000
20240821,20240822,SZSE.301348,301348.SZ,蓝箭电子,2,1.0073571482459451,1.0006182572614108,1.0090418709920785,1.0006182572614108,1.0090418709920785,68828.406,2.3773,433000.0,,17.997251147024937,0.24200,5,5,0.22000
20240821,20240822,SZSE.301511,301511.SZ,德福科技,3,1.0068351565447002,1.0002414183327046,1.008483591097699,1.0002414183327046,1.008483591097699,132212.601,3.4881,644819.406,,10.220536859588744,0.20900,5,5,0.19000
20240821,20240822,SZSE.301487,301487.SZ,盟固利,4,1.0067256884194644,1.0004334213504338,1.008298755186722,1.0004334213504338,1.008298755186722,433185.034,10.767,683449.6433,,14.870000694181538,0.17600,5,5,0.16000
20240821,20240822,SHSE.688217,688217.SH,睿昂基因,5,1.0063434175782724,1.0000535646925688,1.0079158807996982,1.0000535646925688,1.0079158807996982,8454.884,1.0256,81773.0317,,14.553115657953553,0.15400,5,5,0.14000
20240822,20240823,SHSE.603665,603665.SH,康隆达,1,1.007747114296492,1.0009988683515654,1.0094341757827234,1.0009988683515654,1.0094341757827234,78880.536,3.7016,218296.5805,,13.395905408997551,0.26400,5,5,0.24000
20240822,20240823,SHSE.688426,688426.SH,康为世纪,2,1.0070174651075066,1.0004211618257262,1.0086665409279516,1.0004211618257262,1.0086665409279516,15358.856,2.4932,186852.0623,,16.61000074130561,0.24200,5,5,0.22000
20240822,20240823,SZSE.301538,301538.SZ,骏鼎达,3,1.0060827612221803,1.0002289701999245,1.0075462089777443,1.0002289701999245,1.0075462089777443,87031.552,9.3071,390656.0,,35.103613052594966,0.20900,5,5,0.19000
20240822,20240823,SHSE.600545,600545.SH,卓郎智能,4,1.0049460580912863,0.9926442851754055,1.0080215013202565,0.9926442851754055,1.0080215013202565,9074.4,0.3908,230640.6766,,1.2899999340478039,0.17600,5,5,0.16000
20240822,20240823,SHSE.600022,600022.SH,山东钢铁,5,1.004805733685402,0.9913240286684271,1.0081761599396455,0.9913240286684271,1.0081761599396455,27757.881,0.2038,1358753.8934,,1.2699999629131944,0.15400,5,5,0.14000
20240823,20240826,SHSE.603665,603665.SH,康隆达,1,1.008011205432937,1.0008106017732503,1.0098113563478588,1.0008106017732503,1.0098113563478588,45299.662,2.1516,212138.2509,,13.017995679567777,0.26400,5,5,0.24000
20240823,20240826,SZSE.301348,301348.SZ,蓝箭电子,2,1.0075160913035277,1.0006138464440673,1.0092416525183927,1.0006138464440673,1.0092416525183927,206847.655,6.93,443000.0,,18.412892051113275,0.24200,5,5,0.22000
20240823,20240826,SHSE.688410,688410.SH,山外山,3,1.0074197321260139,0.9988681380871534,1.009557630635729,0.9988681380871534,1.009557630635729,108699.249,5.2108,284043.0311,,8.778481512022656,0.20900,5,5,0.19000
20240823,20240826,SZSE.301511,301511.SZ,德福科技,4,1.0069240143369176,1.0000530088662516,1.008641765704584,1.0000530088662516,1.008641765704584,100154.306,2.6742,627800.712,,9.950786619892853,0.17600,5,5,0.16000
20240823,20240826,SHSE.688573,688573.SH,信宇人,5,1.0068721373325786,1.0004274665157518,1.0084833050367854,1.0004274665157518,1.0084833050367854,33735.945,5.3667,133728.0028,,13.679999870829063,0.15400,5,5,0.14000
20240826,20240827,SHSE.600719,600719.SH,大连热电,1,1.0075491985668488,1.0008084103337733,1.0092343956251177,1.0008084103337733,1.0092343956251177,18373.679,0.9101,201895.2004,,4.989999989592488,0.26400,5,5,0.24000
20240826,20240827,SZSE.300003,300003.SZ,乐普医疗,2,1.00729323024703,1.0009918913822364,1.0088685649632283,1.0009918913822364,1.0088685649632283,1058408.883,6.724899768829346,1805386.1722,0.4329400062561035,9.277306220581146,0.24200,5,5,0.22000
20240826,20240827,SHSE.688410,688410.SH,山外山,3,1.0072348481991327,1.000051291721667,1.009030737318499,1.000051291721667,1.009030737318499,67004.782,3.3365,278580.6651,,8.609664559868376,0.20900,5,5,0.19000
20240826,20240827,SZSE.301348,301348.SZ,蓝箭电子,4,1.0068750895719405,1.0004248538563076,1.0084876485008485,1.0004248538563076,1.0084876485008485,115816.184,3.9386,442000.0,,18.37132796070444,0.17600,5,5,0.16000
20240826,20240827,SHSE.600060,600060.SH,海信视像,5,1.0067011125777863,0.9988685649632284,1.0086592494814255,0.9988685649632284,1.0086592494814255,560331.159,2.8231000900268555,1977682.5983,0.7318099737167358,14.560029822811119,0.15400,5,5,0.14000
20240827,20240828,SHSE.603665,603665.SH,康隆达,1,1.007294568087514,1.0009994341757826,1.0088683515654469,1.0009994341757826,1.0088683515654469,65357.317,2.9284,222023.9906,,13.624640245231364,0.26400,5,5,0.24000
20240827,20240828,SHSE.600719,600719.SH,大连热电,2,1.0070965673330818,1.0008091286307055,1.0086684270086759,1.0008091286307055,1.0086684270086759,284378.237,13.8681,207559.5948,,5.129999989300494,0.24200,5,5,0.22000
20240827,20240828,SHSE.688410,688410.SH,山外山,3,1.0066762353828744,1.000238966427763,1.008285552621652,1.000238966427763,1.008285552621652,44163.845,2.2099,276652.7712,,8.550082106166863,0.20900,5,5,0.19000
20240827,20240828,SZSE.301348,301348.SZ,蓝箭电子,4,1.0066135043379858,1.0006193889098454,1.0081120331950209,1.0006193889098454,1.0081120331950209,137776.461,4.8404,420400.0,,17.473543607873633,0.17600,5,5,0.16000
20240827,20240828,SZSE.300496,300496.SZ,中科创达,5,1.006422218030932,1.0004249339871747,1.007921539041871,1.0004249339871747,1.007921539041871,1056277.78,8.755399703979492,1483215.6576,1.5599499940872192,32.07290736041326,0.15400,5,5,0.14000
20240828,20240829,SHSE.600719,600719.SH,大连热电,1,1.0081998868351567,1.0009994341757826,1.01,1.0009994341757826,1.01,209301.239,10.4567,198658.4036,,4.909999989759342,0.26400,5,5,0.24000
20240828,20240829,SZSE.301487,301487.SZ,盟固利,2,1.0076685778951342,1.0006212749905696,1.0094304036212751,1.0006212749905696,1.0094304036212751,364626.736,8.4339,728032.4378,,15.840000739464395,0.24200,5,5,0.22000
20240828,20240829,SHSE.688410,688410.SH,山外山,3,1.0074355714824594,1.0002408525084874,1.0092342512259525,1.0002408525084874,1.0092342512259525,40553.571,2.0622,272475.6678,,8.42098678981359,0.20900,5,5,0.19000
20240828,20240829,SHSE.603665,603665.SH,康隆达,4,1.0073276876650321,1.0004332327423615,1.0090513013956999,1.0004332327423615,1.0090513013956999,45225.366,2.038,222023.9906,,13.624640245231364,0.17600,5,5,0.16000
20240828,20240829,SZSE.300775,300775.SZ,三角防务,5,1.0070953602414185,1.000041116559789,1.0088589211618257,1.000041116559789,1.0088589211618257,289471.927,2.5147,1189609.8147,,21.4623594756908,0.15400,5,5,0.14000
20240829,20240830,SHSE.600719,600719.SH,大连热电,1,1.0078588079969824,1.0008104488872125,1.0096208977744248,1.0008104488872125,1.0096208977744248,150397.366,7.5754,201895.2004,,4.989999989592488,0.26400,5,5,0.24000
20240829,20240830,SHSE.603665,603665.SH,康隆达,2,1.0075178423236515,1.0006220294228594,1.0092417955488495,1.0006220294228594,1.0092417955488495,33596.923,1.5519,218782.7645,,13.425740387636745,0.24200,5,5,0.22000
20240829,20240830,SZSE.301348,301348.SZ,蓝箭电子,3,1.0071377593360997,1.000238023387401,1.0088626933232743,1.000238023387401,1.0088626933232743,87240.63,3.0418,432600.0,,17.9806255108614,0.20900,5,5,0.19000
20240829,20240830,SHSE.688639,688639.SH,华恒生物,4,1.0069477555639381,1.0000499811391927,1.0086721991701244,1.0000499811391927,1.0086721991701244,135833.622,1.91,700892.1591,,30.253694921608446,0.17600,5,5,0.16000
20240829,20240830,SZSE.301391,301391.SZ,卡莱特,5,1.0065575254620898,0.998868351565447,1.0084798189362505,0.998868351565447,1.0084798189362505,108707.712,7.5608,281528.885,,29.53439261576142,0.15400,5,5,0.14000
20240830,20240902,SHSE.600719,600719.SH,大连热电,1,1.0077092417955489,1.0008095058468502,1.0094341757827234,1.0008095058468502,1.0094341757827234,134299.19,6.5393,204727.3976,,5.05999998944649,0.26400,5,5,0.24000
20240830,20240902,SHSE.603665,603665.SH,康隆达,2,1.0075192380233875,1.0006214635986421,1.0092436816295738,1.0006214635986421,1.0092436816295738,55707.327,2.5215,222348.1132,,13.644530230990824,0.24200,5,5,0.22000
20240830,20240902,SZSE.300573,300573.SZ,兴齐眼药,3,1.0073285929837799,1.0004302150132025,1.0090531874764241,1.0004302150132025,1.0090531874764241,940975.428,8.0721,1501623.7144,,40.57665391839488,0.20900,5,5,0.19000
20240830,20240902,SZSE.301391,301391.SZ,卡莱特,4,1.0071386269332328,1.0002423613730669,1.0088626933232743,1.0002423613730669,1.0088626933232743,64575.719,4.2968,289225.0847,,30.341778981565227,0.17600,5,5,0.16000
20240830,20240902,SHSE.688639,688639.SH,华恒生物,5,1.0069474160694079,1.000048283666541,1.0086721991701244,1.000048283666541,1.0086721991701244,145041.208,2.0307,712550.835,,30.756936422261425,0.15400,5,5,0.14000
20240902,20240903,SZSE.300573,300573.SZ,兴齐眼药,1,1.0074057724957557,1.0008092812676854,1.0090548953027731,1.0008092812676854,1.0090548953027731,830723.174,7.4477,1424004.6468,,38.47924295385943,0.26400,5,5,0.24000
20240902,20240903,SHSE.600719,600719.SH,大连热电,2,1.0069375966798717,1.0000530088662516,1.0086587436332768,1.0000530088662516,1.0086587436332768,116510.193,5.6307,203918.1984,,5.039999989488204,0.24200,5,5,0.22000
20240902,20240903,SZSE.300641,300641.SZ,正丹股份,3,1.006874627428787,1.0004323712507075,1.0084851914733068,1.0004323712507075,1.0084851914733068,705995.672,7.294,946576.4862,,17.057449378959117,0.20900,5,5,0.19000
20240902,20240903,SHSE.601005,601005.SH,重庆钢铁,4,1.006757970194303,0.9945293340879079,1.0098151292209017,0.9945293340879079,1.0098151292209017,25601.002,0.2924,936453.238,,1.049999999047233,0.17600,5,5,0.16000
20240902,20240903,SHSE.688639,688639.SH,华恒生物,5,1.0066868515374459,1.00024052065648,1.0082984342576873,1.00024052065648,1.0082984342576873,105878.967,1.5465,675517.3941,,29.15840459665785,0.15400,5,5,0.14000
20240903,20240904,SZSE.300573,300573.SZ,兴齐眼药,1,1.007556402036583,1.0008067131812182,1.0092438242504242,1.0008067131812182,1.0092438242504242,489790.12,4.4783,1417899.7764,,38.31427804653642,0.26400,5,5,0.24000
20240903,20240904,SHSE.600719,600719.SH,大连热电,2,1.0073662832359043,1.0006179521025835,1.0090533660192345,1.0006179521025835,1.0090533660192345,75741.145,3.7237,203513.5988,,5.0299999895090615,0.24200,5,5,0.22000
20240903,20240904,SZSE.300641,300641.SZ,正丹股份,3,1.0071762775787292,1.000429756741467,1.0088629077880444,1.000429756741467,1.0088629077880444,405386.817,4.2564,948707.2155,,17.09584543833775,0.20900,5,5,0.19000
20240903,20240904,SHSE.688639,688639.SH,华恒生物,4,1.0064924759570055,1.0000429945313973,1.0081048463134075,1.0000429945313973,1.0081048463134075,98076.849,1.4322,684204.2506,,29.53336885204634,0.17600,5,5,0.16000
20240903,20240904,SHSE.603665,603665.SH,康隆达,5,1.0063616820667547,0.9986799924570997,1.0082821044691683,0.9986799924570997,1.0082821044691683,36336.773,1.6285,225265.2167,,13.823540102825982,0.15400,5,5,0.14000
20240904,20240905,SHSE.600719,600719.SH,大连热电,1,1.007896342383107,1.0009900075414782,1.0096229260935143,1.0009900075414782,1.0096229260935143,62482.247,3.1233,199063.0032,,4.919999989738485,0.26400,5,5,0.24000
20240904,20240905,SZSE.300573,300573.SZ,兴齐眼药,2,1.0077076923076924,1.0008084464555054,1.009432503770739,1.0008084464555054,1.009432503770739,358755.11,3.3054,1405341.1856,,37.97492166575764,0.24200,5,5,0.22000
20240904,20240905,SZSE.300641,300641.SZ,正丹股份,3,1.007513499245852,1.0006217948717948,1.0092364253393664,1.0006217948717948,1.0092364253393664,362715.943,3.8267,948707.2155,,17.09584543833775,0.20900,5,5,0.19000
20240904,20240905,SHSE.603665,603665.SH,康隆达,4,1.0068378205128206,1.0002449095022625,1.00848604826546,1.0002449095022625,1.00848604826546,41397.356,1.8482,226723.7685,,13.91304503874356,0.17600,5,5,0.16000
20240904,20240905,SHSE.600686,600686.SH,金龙汽车,5,1.0066787330316742,0.9975490196078431,1.008961161387632,0.9975490196078431,1.008961161387632,1078981.122,12.0268,889138.7971,,12.295636725649903,0.15400,5,5,0.14000
20240905,20240906,SHSE.600719,600719.SH,大连热电,1,1.0078570135746607,1.0008009049773756,1.0096210407239818,1.0008009049773756,1.0096210407239818,66478.86,3.354,199872.2024,,4.939999989696772,0.26400,5,5,0.24000
20240905,20240906,SZSE.300573,300573.SZ,兴齐眼药,2,1.007516628959276,1.000614819004525,1.009242081447964,1.000614819004525,1.009242081447964,483113.969,4.3818,1421388.2738,,38.40854370786385,0.24200,5,5,0.22000
20240905,20240906,SHSE.688426,688426.SH,康为世纪,3,1.0071763574660635,1.000429298642534,1.0088631221719457,1.000429298642534,1.0088631221719457,12531.287,2.0375,188539.468,,16.760000748000124,0.20900,5,5,0.19000
20240905,20240906,SZSE.300641,300641.SZ,正丹股份,4,1.0069865761689292,1.0002420814479638,1.0086726998491704,1.0002420814479638,1.0086726998491704,284388.495,2.9867,956164.768,,17.23023164616298,0.17600,5,5,0.16000
20240905,20240906,SHSE.603665,603665.SH,康隆达,5,1.0067969834087482,1.00005580693816,1.008482277526395,1.00005580693816,1.008482277526395,48951.061,2.1571,230127.0559,,14.12188988921791,0.15400,5,5,0.14000
20240906,20240909,SZSE.300573,300573.SZ,兴齐眼药,1,1.0074030914231857,1.0008081055607918,1.009051837888784,1.0008081055607918,1.009051837888784,349819.817,3.2606,1377607.6312,,37.22550965820453,0.26400,5,5,0.24000
20240906,20240909,SHSE.600719,600719.SH,大连热电,2,1.0070674081055606,1.0006150801131009,1.0086804901036757,1.0006150801131009,1.0086804901036757,65058.136,3.3025,195017.0072,,4.819999989947053,0.24200,5,5,0.22000
20240906,20240909,SHSE.688639,688639.SH,华恒生物,3,1.0068740056550425,1.000432233741753,1.0084844486333648,1.000432233741753,1.0084844486333648,107157.127,1.6325,643513.1859,,27.776957339963396,0.20900,5,5,0.19000
20240906,20240909,SHSE.688426,688426.SH,康为世纪,4,1.006386465598492,1.0002414703110272,1.0079227144203582,1.0002414703110272,1.0079227144203582,10446.816,1.7195,184039.7194,,16.36000073014809,0.17600,5,5,0.16000
20240906,20240909,SHSE.600322,600322.SH,津投城开,5,1.0054152686145148,0.9967954759660698,1.0075702167766258,0.9967954759660698,1.0075702167766258,27209.43,1.8933,143741.0,,1.3000000393579878,0.15400,5,5,0.14000
20240909,20240910,SZSE.300573,300573.SZ,兴齐眼药,1,1.0080077329309696,1.0008081855903432,1.009807619766126,1.0008081855903432,1.009807619766126,367707.95,3.5282,1348478.6777,,36.438391386120436,0.26400,5,5,0.24000
20240909,20240910,SHSE.600719,600719.SH,大连热电,2,1.00751833270464,1.0006169370049038,1.0092436816295738,1.0006169370049038,1.0092436816295738,56822.771,2.9268,196230.806,,4.849999989884482,0.24200,5,5,0.22000
20240909,20240910,SHSE.688639,688639.SH,华恒生物,3,1.0072606563560922,0.998868351565447,1.0093587325537534,0.998868351565447,1.0093587325537534,78812.111,1.2347,640541.3666,,27.64868009469891,0.20900,5,5,0.19000
20240909,20240910,SHSE.603819,603819.SH,神力股份,4,1.006917276499434,1.0000560165975105,1.008632591474915,1.0000560165975105,1.008632591474915,15543.22,0.9161,169176.3553,,7.7318907935343155,0.17600,5,5,0.16000
20240909,20240910,SHSE.688426,688426.SH,康为世纪,5,1.0062670690305546,1.0004187099207846,1.007729158807997,1.0004187099207846,1.007729158807997,18257.843,2.947,189214.4303,,16.820000750677927,0.15400,5,5,0.14000
20240910,20240911,SHSE.600686,600686.SH,金龙汽车,1,1.0068306299509617,0.9986797434930215,1.0088683515654469,0.9986797434930215,1.0088683515654469,139847.085,1.6542,845398.9046,,11.69077072543648,0.26400,5,5,0.24000
20240910,20240911,SHSE.600719,600719.SH,大连热电,2,1.0067634100339495,1.0006144850999623,1.0083006412674462,1.0006144850999623,1.0083006412674462,49322.834,2.544,195017.0072,,4.819999989947053,0.24200,5,5,0.22000
20240910,20240911,SHSE.601992,601992.SH,金隅集团,3,1.0058574122972463,0.998491135420596,1.007698981516409,0.998491135420596,1.007698981516409,38815.462,0.3382,1473532.4165,,1.3371491324723848,0.20900,5,5,0.19000
20240910,20240911,SHSE.600527,600527.SH,江南高纤,4,1.0052387778196907,0.990946812523576,1.0088117691437195,0.990946812523576,1.0088117691437195,5765.157,0.2447,235519.4827,,1.328950580251607,0.17600,5,5,0.16000
20240910,20240911,SZSE.300573,300573.SZ,兴齐眼药,5,1.003438702376462,0.983779705771407,1.0083534515277255,0.983779705771407,1.0083534515277255,364402.986,3.5578,1339757.4342,,36.20272723280185,0.15400,5,5,0.14000
20240911,20240912,SZSE.300573,300573.SZ,兴齐眼药,1,1.0077078024877497,1.0008081417263475,1.0094327176781002,1.0008081417263475,1.0094327176781002,290122.598,2.8265,1330512.916,,35.95292323028414,0.26400,5,5,0.24000
20240911,20240912,SHSE.600719,600719.SH,大连热电,2,1.0072164719185828,1.0006206181681114,1.0088654353562005,1.0006206181681114,1.0088654353562005,47175.14,2.4506,191780.2104,,4.7399999901139065,0.24200,5,5,0.22000
20240911,20240912,SHSE.600527,600527.SH,江南高纤,3,1.0065857519788919,0.9967960799095363,1.0090331699962307,0.9967960799095363,1.0090331699962307,4736.842,0.2014,235519.4827,,1.328950580251607,0.20900,5,5,0.19000
20240911,20240912,SHSE.688410,688410.SH,山外山,4,1.0063469656992086,1.0000499434602337,1.0079212212589521,1.0000499434602337,1.0079212212589521,25473.232,1.3611,260908.3046,,8.063492067604521,0.17600,5,5,0.16000
20240911,20240912,SHSE.601992,601992.SH,金隅集团,5,1.0062796833773087,0.998303807010931,1.008273652468903,0.998303807010931,1.008273652468903,30124.643,0.267,1441499.1031,,1.3080806730708114,0.15400,5,5,0.14000
20240912,20240913,SZSE.300573,300573.SZ,兴齐眼药,1,1.0072070109310216,1.0006185450433471,1.0088541274029401,1.0006185450433471,1.0088541274029401,321960.917,3.1765,1299639.7138,,35.118672127536335,0.26400,5,5,0.24000
20240912,20240913,SHSE.600719,600719.SH,大连热电,2,1.006575612514135,1.0004317753486618,1.0081115718055031,1.0004317753486618,1.0081115718055031,61056.597,3.1413,192994.0092,,4.7699999900513355,0.24200,5,5,0.22000
20240912,20240913,SHSE.600527,600527.SH,江南高纤,3,1.006468149264983,0.9979268752355823,1.0086034677723332,0.9979268752355823,1.0086034677723332,3191.2,0.1353,235519.4827,,1.328950580251607,0.20900,5,5,0.19000
20240912,20240913,SHSE.601992,601992.SH,金隅集团,4,1.0057941952506597,0.998869204673954,1.0075254428948361,0.998869204673954,1.0075254428948361,24076.559,0.2134,1441499.1031,,1.3080806730708114,0.17600,5,5,0.16000
20240912,20240913,SZSE.000906,000906.SZ,浙商中拓,5,1.0049920844327178,0.9943460233697701,1.0076535996984546,0.9943460233697701,1.0076535996984546,61095.218,1.9007,320978.4406,,4.295669563746467,0.15400,5,5,0.14000
20240913,20240918,SHSE.600743,600743.SH,华远控股,1,1.007680685886565,0.9994435651026946,1.0097399660825326,0.9994435651026946,1.0097399660825326,11987.751,0.4285,281532.1049,,1.2000000194188056,0.26400,5,5,0.24000
20240913,20240918,SHSE.600527,600527.SH,江南高纤,2,1.006071980403241,0.9988694177501414,1.0078726210665159,0.9988694177501414,1.0078726210665159,5247.876,0.2225,235519.4827,,1.328950580251607,0.24200,5,5,0.22000
20240913,20240918,SZSE.300573,300573.SZ,兴齐眼药,3,1.0053137365743359,0.9924627850009422,1.0085264744676843,0.9924627850009422,1.0085264744676843,393052.62,4.0188,1253765.9727,,33.87907868108055,0.20900,5,5,0.19000
20240913,20240918,SZSE.000906,000906.SZ,浙商中拓,4,1.00248125117769,0.9828528358771434,1.0073883550028264,0.9828528358771434,1.0073883550028264,87406.777,2.8093,311058.5771,,4.162911563983882,0.17600,5,5,0.16000
20240913,20240918,SHSE.600322,600322.SH,津投城开,5,0.9973996608253252,0.9975504051253062,0.9973619747503297,0.9975504051253062,0.9973619747503297,27110.935,1.865,144846.7,,1.3100000396607414,0.15400,5,5,0.14000
20240918,20240919,SZSE.300573,300573.SZ,兴齐眼药,1,1.0073667735244203,1.0006204035451631,1.0090533660192345,1.0006204035451631,1.0090533660192345,371601.791,3.9424,1218357.7239,,32.922282218607066,0.26400,5,5,0.24000
20240918,20240919,SZSE.000906,000906.SZ,浙商中拓,2,1.006544220252687,0.9988685649632284,1.0084631340750518,0.9988685649632284,1.0084631340750518,65638.045,2.1651,308224.3304,,4.1249807069088575,0.24200,5,5,0.22000
20240918,20240919,SHSE.600527,600527.SH,江南高纤,3,1.0062093154818028,0.998114274938714,1.008233075617575,0.998114274938714,1.008233075617575,6356.641,0.2702,235519.4827,,1.328950580251607,0.20900,5,5,0.19000
20240918,20240919,SZSE.300990,300990.SZ,同飞股份,4,1.0058744107109185,0.9922685272487272,1.0092758815764662,0.9922685272487272,1.0092758815764662,121333.383,10.1325,478988.64,,27.94609649503456,0.17600,5,5,0.16000
20240918,20240919,SHSE.688410,688410.SH,山外山,5,1.002394116537809,0.9835941919668112,1.0070940976805582,0.9835941919668112,1.0070940976805582,20073.16,1.11,251268.8352,,7.765579799096967,0.15400,5,5,0.14000
20240919,20240920,SZSE.300573,300573.SZ,兴齐眼药,1,1.007367288486904,1.0006201243640476,1.0090540795176182,1.0006201243640476,1.0090540795176182,419828.957,4.4325,1224985.869,,33.1013869751292,0.26400,5,5,0.24000
20240919,20240920,SZSE.000906,000906.SZ,浙商中拓,2,1.007177426041078,1.000432070849821,1.008863764838892,1.000432070849821,1.008863764838892,70154.303,2.2368,318852.7556,,4.267221420940198,0.24200,5,5,0.22000
20240919,20240920,SHSE.688629,688629.SH,华丰科技,3,1.006207650273224,0.9986809873751649,1.0080893159977389,0.9986809873751649,1.0080893159977389,192182.589,6.5833001136779785,811808.3754,1.3205000162124634,17.610000157813097,0.20900,5,5,0.19000
20240919,20240920,SHSE.603172,603172.SH,万丰股份,5,0.9973619747503298,0.9973619747503297,0.9973619747503297,0.9973619747503297,0.9973619747503297,76012.835,12.0224,168058.8,,12.479669714204038,0.15400,5,5,0.14000
20240920,20240923,SHSE.688331,688331.SH,荣昌生物,1,1.0075802524967026,1.0009764462031279,1.0092312040700961,1.0009764462031279,1.0092312040700961,90814.236,2.4203,1249242.1305,,22.95,0.26400,5,5,0.24000
20240920,20240923,SZSE.300573,300573.SZ,兴齐眼药,2,1.0072063312605992,1.0006218202374222,1.0088524590163934,1.0006218202374222,1.0088524590163934,370924.839,4.0527,1187135.672,,32.07860454972651,0.24200,5,5,0.22000
20240920,20240923,SZSE.000906,000906.SZ,浙商中拓,3,1.006728434143584,1.000433201432071,1.0083022423214623,1.000433201432071,1.0083022423214623,51212.018,1.6497,313892.8238,,4.200842421058906,0.20900,5,5,0.19000
20240920,20240923,SHSE.603172,603172.SH,万丰股份,4,1.0040670812134918,0.9896363293762954,1.0076747691727908,0.9896363293762954,1.0076747691727908,41514.744,6.6904,163257.12,,12.123107722369637,0.17600,5,5,0.16000
20240923,20240924,SZSE.300573,300573.SZ,兴齐眼药,1,1.0077446872645064,1.0009992464204973,1.0094310474755086,1.0009992464204973,1.0094310474755086,375142.446,4.2076,1141785.2056,,30.853150952469846,0.26400,5,5,0.24000
20240923,20240924,SHSE.603172,603172.SH,万丰股份,2,1.0072787867370008,1.0002447249434816,1.0090373021853805,1.0002447249434816,1.0090373021853805,37012.353,6.1016,160456.14,,11.9151132271329,0.24200,5,5,0.22000
20240923,20240924,SZSE.000906,000906.SZ,浙商中拓,4,0.9969856819894498,0.9984928409947249,0.9966088922381311,0.9984928409947249,0.9966088922381311,43447.341,1.3976,314601.3855,,4.210325135327663,0.17600,5,5,0.16000
20240923,20240924,SZSE.002470,002470.SZ,金正大,5,0.9965335342878675,0.9977392614920875,0.9962321024868124,0.9977392614920875,0.9962321024868124,21233.629,0.4866,437041.6897,,1.3300000166384782,0.15400,5,5,0.14000
20240924,20240925,SZSE.300573,300573.SZ,兴齐眼药,1,1.0077653795441703,1.000431719721228,1.0095987944999059,1.000431719721228,1.0095987944999059,797926.35,8.7376,1234055.9623,,33.346477694580535,0.26400,5,5,0.24000
20240924,20240925,SHSE.603172,603172.SH,万丰股份,2,1.0073706536070823,1.0000553776605763,1.0091994725937088,1.0000553776605763,1.0091994725937088,56317.895,9.2634,165657.96,,12.301388718286836,0.24200,5,5,0.22000
20240924,20240925,SZSE.002021,002021.SZ,中捷资源,3,0.9976266716895837,0.998681484271991,0.9973629685439819,0.998681484271991,0.9973629685439819,27575.046,1.3224,208536.2454,,1.729999974969851,0.20900,5,5,0.19000
20240924,20240925,SZSE.002270,002270.SZ,华明装备,4,0.996722546618949,0.9979280467131286,0.996421171595404,0.9979280467131286,0.996421171595404,208784.75,1.8205,1365847.5568,,14.346234503049526,0.17600,5,5,0.16000
20240924,20240925,SHSE.688629,688629.SH,华丰科技,5,0.9966848747410059,0.9984931248822754,0.9962328122056885,0.9984931248822754,0.9962328122056885,258610.539,8.102299690246582,908616.8699,1.340999960899353,19.709998577968825,0.15400,5,5,0.14000
20240925,20240926,SZSE.300573,300573.SZ,兴齐眼药,1,1.0072173569277107,1.0006199171686747,1.0088667168674699,1.0006199171686747,1.0088667168674699,1153772.798,11.3886,1322838.2217,,35.745538775363784,0.26400,5,5,0.24000
20240925,20240926,SHSE.600881,600881.SH,亚泰集团,2,1.0058734939759038,0.9977409638554217,1.0079066265060241,0.9977409638554217,1.0079066265060241,27182.141,0.5892,461345.7295,,1.4199999688092495,0.24200,5,5,0.22000
20240925,20240926,SZSE.002422,002422.SZ,科伦药业,3,1.005713855421687,0.9984939759036144,1.0075188253012048,0.9984939759036144,1.0075188253012048,905777.808,2.5462000370025635,4338713.1967,1.0667099952697754,26.0688243113318,0.20900,5,5,0.19000
20240925,20240926,SHSE.688235,688235.SH,百济神州,4,0.9997153614457832,0.9668674698795181,1.0079273343373494,0.9668674698795181,1.0079273343373494,298007.167,1.7353999614715576,20205004.6887,6.323999881744385,146.52000427246094,0.17600,5,5,0.16000
20240926,20240927,SZSE.000430,000430.SZ,张家界,3,0.997965744400527,0.9563335215509129,1.0083738001129305,0.9563335215509129,1.0083738001129305,106745.981,4.746,274466.3911,,6.779999983176292,0.20900,5,5,0.19000
20240926,20240927,SZSE.300573,300573.SZ,兴齐眼药,4,0.9976661020139281,0.9988706945228685,0.997364953886693,0.9988706945228685,0.997364953886693,1116627.625,10.6127,1436214.3878,,38.809172768505455,0.17600,5,5,0.16000
20240926,20240927,SHSE.688235,688235.SH,百济神州,5,0.997596837944664,0.961227178618483,1.0066892527762092,0.961227178618483,1.0066892527762092,285001.926,1.6692999601364136,21008957.578,6.624000072479248,152.35000610351562,0.15400,5,5,0.14000
20240927,20240930,SHSE.603106,603106.SH,恒银科技,3,1.0060651232825146,0.9981178242047807,1.008051948051948,0.9981178242047807,1.008051948051948,44939.817,1.1198,401320.92,,7.662414710230042,0.20900,5,5,0.19000
20240930,20241008,SHSE.603106,603106.SH,恒银科技,2,1.007558041431262,1.000810922787194,1.0092448210922789,1.000810922787194,1.0092448210922789,25793.15,0.5843,441400.96,,8.427662353145365,0.24200,5,5,0.22000
20241008,20241009,SHSE.603091,603091.SH,众鑫股份,1,1.0072952883528081,1.0009996230682245,1.008869204673954,1.0009996230682245,1.008869204673954,20948.346,2.2052,484714.1176,,46.755424063116365,0.26400,5,5,0.24000
20241008,20241009,SHSE.688710,688710.SH,益诺思,2,1.0067645307199395,1.0006225028269882,1.0083000376931774,1.0006225028269882,1.0083000376931774,39558.311,3.8951,540233.8847,,38.00456213428543,0.24200,5,5,0.22000
20241008,20241009,SHSE.688435,688435.SH,英方软件,3,1.0063478326422919,1.00005427817565,1.0079212212589521,1.00005427817565,1.0079212212589521,36525.985,2.1375,309200.5,,37.03,0.20900,5,5,0.19000
20241008,20241009,SZSE.300332,300332.SZ,天壕能源,4,1.003619298906898,0.9896343761779118,1.0071155295891443,0.9896343761779118,1.0071155295891443,324765.978,5.9204,579716.4516,,6.789999662453597,0.17600,5,5,0.16000
20241009,20241010,SHSE.603106,603106.SH,恒银科技,2,1.0076722578213344,1.0000574820957406,1.0095759517527327,1.0000574820957406,1.0095759517527327,49756.917,0.9317,534053.52,,10.196676384819744,0.24200,5,5,0.22000
20241009,20241010,SZSE.002377,002377.SZ,国创高新,3,1.0073664907651714,1.000616848850358,1.0090539012438748,1.000616848850358,1.0090539012438748,94368.292,5.0549,183265.0402,,2.000000017599526,0.20900,5,5,0.19000
20241009,20241010,SZSE.000415,000415.SZ,渤海租赁,4,1.0066520919713533,0.9981153411232567,1.0087862796833773,0.9981153411232567,1.0087862796833773,791971.798,4.934100151062012,1774957.6079,0.12950000166893005,2.869999971390223,0.17600,5,5,0.16000
20241009,20241010,SHSE.600252,600252.SH,中恒集团,5,1.0060987561251415,0.998869204673954,1.0079061439879382,0.998869204673954,1.0079061439879382,208219.016,2.543,793842.5744,,2.300000001782931,0.15400,5,5,0.14000
20241010,20241011,SZSE.002191,002191.SZ,劲嘉股份,1,1.0059739966082533,0.9962313925004711,1.0084096476351987,0.9962313925004711,1.0084096476351987,112837.238,1.8319,615554.2256,,4.240000068143121,0.26400,5,5,0.24000
20241010,20241011,SHSE.600067,600067.SH,冠城新材,2,1.0056378368192953,0.9960429621254946,1.0080365554927453,0.9960429621254946,1.0080365554927453,61162.14,1.9318,317300.4725,,2.108664469585973,0.24200,5,5,0.22000
20241010,20241011,SHSE.600120,600120.SH,浙江东方,3,1.0055051818353118,0.9967966836254004,1.0076823063877896,0.9967966836254004,1.0076823063877896,330685.209,2.2731,1451537.1341,,4.1291783692848005,0.20900,5,5,0.19000
20241010,20241011,SZSE.002195,002195.SZ,岩山科技,5,1.0028204258526474,0.9845487092519314,1.0073883550028264,0.9845487092519314,1.0073883550028264,599800.955,3.6903998851776123,1619240.2099,0.10499999672174454,2.8499999462049206,0.15400,5,5,0.14000
20241011,20241014,SZSE.000062,000062.SZ,深圳华强,1,1.007855463451394,0.9992773172569706,1.01,0.9992773172569706,1.01,1728883.403,6.525100231170654,2602222.3931,2.786060094833374,24.076831227145856,0.26400,5,5,0.24000
20241011,20241014,SZSE.002718,002718.SZ,友邦吊顶,2,1.007371477015825,0.9991256593820648,1.0094329314242652,0.9991256593820648,1.0094329314242652,21503.001,2.4627,176008.643,,13.38999962233792,0.24200,5,5,0.22000
20241011,20241014,SZSE.002191,002191.SZ,劲嘉股份,3,1.0069600602863602,0.9986812358703844,1.0090297663903542,0.9986812358703844,1.0090297663903542,89241.716,1.5066,586518.6489,,4.040000064928822,0.20900,5,5,0.19000
20241011,20241014,SHSE.601908,601908.SH,京运通,4,1.0060075357950264,0.9952901281085155,1.0086868877166542,0.9952901281085155,1.0086868877166542,119041.255,1.7459,668844.9925,,2.770000112220603,0.17600,5,5,0.16000
20241011,20241014,SHSE.603106,603106.SH,恒银科技,5,1.0057226827430292,0.9984928409947249,1.0075301431801054,0.9984928409947249,1.0075301431801054,31459.167,0.7273,432552.12,,8.258711574839385,0.15400,5,5,0.14000
20241014,20241015,SHSE.600353,600353.SH,旭光电子,1,1.0064750423808628,0.998681484271991,1.0084234319080807,0.998681484271991,1.0084234319080807,126057.582,2.4583,522787.8897,,6.235755930499693,0.26400,5,5,0.24000
20241014,20241015,SHSE.600909,600909.SH,华安证券,2,1.0043804859672256,0.9905820305142211,1.0078300998304766,0.9905820305142211,1.0078300998304766,619135.716,2.3680999279022217,2654181.4544,0.2633799910545349,5.521621201209074,0.24200,5,5,0.22000
20241014,20241015,SZSE.002185,002185.SZ,华天科技,3,1.0034356752684122,0.9877566396684875,1.0073554341683932,0.9877566396684875,1.0073554341683932,973212.728,3.199399948120117,3108350.1086,0.4113200008869171,9.626366192096473,0.20900,5,5,0.19000
20241014,20241015,SHSE.600657,600657.SH,信达地产,4,1.0024923714447165,0.9800339046901488,1.0081069881333584,0.9800339046901488,1.0081069881333584,161638.874,1.2708,1271937.8534,,4.459999878871197,0.17600,5,5,0.16000
20241015,20241016,SZSE.300030,300030.SZ,阳普医疗,3,1.0019713747645953,0.9753295668549906,1.0086318267419963,0.9753295668549906,1.0086318267419963,177404.362,9.6356,205300.3772,,6.640000116697917,0.20900,5,5,0.19000
20241015,20241016,SZSE.300120,300120.SZ,经纬辉开,4,1.0007578154425611,0.9757062146892655,1.007020715630885,0.9757062146892655,1.007020715630885,191019.022,3.9316,526144.839,,9.160000066333842,0.17600,5,5,0.16000
20241015,20241016,SHSE.600622,600622.SH,光大嘉宝,5,0.9981981167608288,0.9613935969868174,1.0073992467043316,0.9613935969868174,1.0073992467043316,81992.547,1.6979,482898.6994,,3.220000020349529,0.15400,5,5,0.14000
20241016,20241017,SZSE.000859,000859.SZ,国风新材,5,1.0021050254093733,0.9783549783549783,1.008042537172972,0.9783549783549783,1.008042537172972,51861.96,1.3278,390645.6542,,4.3599998637081026,0.15400,5,5,0.14000
20241017,20241018,SHSE.600939,600939.SH,重庆建工,3,1.0071402182091798,1.0002458615500376,1.0088638073739653,1.0002458615500376,1.0088638073739653,29671.163,0.416,713172.4129,,3.7499998136767756,0.20900,5,5,0.19000
20241018,20241021,SZSE.301556,301556.SZ,托普云农,3,1.0001384760112888,0.9657572906867357,1.008733772342427,0.9657572906867357,1.008733772342427,1832268.42,81.5065,1245343.84,,144.17020436370817,0.20900,5,5,0.19000
20241021,20241022,SHSE.603656,603656.SH,泰禾智能,2,1.0073291063029164,1.0004310442144873,1.0090536218250237,1.0004310442144873,1.0090536218250237,13082.289,0.5446,240221.719,,13.029960382249417,0.24200,5,5,0.22000
20241022,20241023,SHSE.603038,603038.SH,华立股份,4,0.9993707188558525,0.9689499435453519,1.0069759126834776,0.9689499435453519,1.0069759126834776,56622.872,1.19,475827.1547,,17.64656607234894,0.17600,5,5,0.16000
20241022,20241023,SHSE.600520,600520.SH,三佳科技,5,0.9983996989085435,0.9642453895370718,1.0069382762514114,0.9642453895370718,1.0069382762514114,146225.305,2.3917,611381.37,,38.59000012571236,0.15400,5,5,0.14000
20241023,20241024,SHSE.603656,603656.SH,泰禾智能,3,1.006410845415176,0.9988702692524948,1.0082959894558463,0.9988702692524948,1.0082959894558463,12122.397,0.4171,290649.9424,,15.765257409057499,0.20900,5,5,0.19000
20241023,20241024,SHSE.603188,603188.SH,亚邦股份,5,1.0056501600451893,0.9981171154208247,1.0075334212012803,0.9981171154208247,1.0075334212012803,10762.654,0.4649,231489.02,,4.060000161329904,0.15400,5,5,0.14000
20241024,20241025,SHSE.603656,603656.SH,泰禾智能,2,1.0057684923771881,0.9986824769433466,1.0075399962356484,0.9986824769433466,1.0075399962356484,24847.326,0.7769,319806.6244,,17.34675641728472,0.24200,5,5,0.22000
20241024,20241025,SHSE.600881,600881.SH,亚泰集团,4,1.0024257481648786,0.9789196310935442,1.0083022774327122,0.9789196310935442,1.0083022774327122,457022.652,8.0345,591302.273,,1.819999960023123,0.17600,5,5,0.16000
20241024,20241025,SHSE.688701,688701.SH,卓锦股份,5,0.9953322040278563,0.9984942593638246,0.9945416901938641,0.9984942593638246,0.9945416901938641,8751.474,1.09,80029.3137,,5.959999667641193,0.15400,5,5,0.14000
20241025,20241028,SZSE.300561,300561.SZ,汇金科技,4,1.0007588932806324,0.9757199322416714,1.0070186335403726,0.9757199322416714,1.0070186335403726,431477.761,12.2809,637185.6875,,19.378066830459414,0.17600,5,5,0.16000
20241025,20241028,SHSE.600881,600881.SH,亚泰集团,5,0.9998998682476943,0.97167325428195,1.0069565217391303,0.97167325428195,1.0069565217391303,633542.982,10.4324,617293.5817,,1.8999999582658973,0.15400,5,5,0.14000
20241028,20241029,SHSE.603656,603656.SH,泰禾智能,3,1.0065349529190208,1.0002453860640301,1.0081073446327684,1.0002453860640301,1.0081073446327684,23038.584,0.5954,386922.0054,,20.987188096600207,0.20900,5,5,0.19000
20241028,20241029,SHSE.600635,600635.SH,大众公用,4,1.0057973634651602,0.9988700564971752,1.0075291902071564,0.9988700564971752,1.0075291902071564,45070.486,0.4458,1234117.6942,,4.139416306684458,0.17600,5,5,0.16000
20241028,20241029,SZSE.002640,002640.SZ,跨境通,5,1.00235329566855,0.97984934086629,1.0079792843691149,0.97984934086629,1.0079792843691149,703004.637,15.6763,503247.3496,,3.2299999839250204,0.15400,5,5,0.14000
20241029,20241030,SZSE.002633,002633.SZ,申科股份,2,1.0068753388554217,1.0004309111445784,1.0084864457831324,1.0004309111445784,1.0084864457831324,14533.155,0.832,175500.0,,11.700000014652646,0.24200,5,5,0.22000
20241029,20241030,SHSE.600635,600635.SH,大众公用,3,1.000465361445783,0.9760918674698795,1.006558734939759,0.9760918674698795,1.006558734939759,569259.053,5.1163,1358119.9505,,4.555338519317825,0.20900,5,5,0.19000
20241029,20241030,SHSE.603656,603656.SH,泰禾智能,4,0.9973268072289156,0.9986822289156626,0.9969879518072289,0.9986822289156626,0.9969879518072289,24300.034,0.5709,425614.2059,,23.085906906260227,0.17600,5,5,0.16000
20241029,20241030,SHSE.605069,605069.SH,正和生态,5,0.996987951807229,0.9984939759036144,0.9966114457831325,0.9984939759036144,0.9966114457831325,11171.696,1.5258,184177.0669,,8.69999972930989,0.15400,5,5,0.14000
20241030,20241031,SZSE.300287,300287.SZ,飞利信,2,1.00345461393597,0.9879472693032015,1.007331450094162,0.9879472693032015,1.007331450094162,699789.583,10.4041,739166.0111,,5.150000129946492,0.24200,5,5,0.22000
20241030,20241031,SZSE.300059,300059.SZ,东方财富,4,0.9958192090395481,0.9903954802259887,0.9971751412429378,0.9903954802259887,0.9971751412429378,18377925.242,6.327499866485596,34049415.1186,2.2258100509643555,21.399962729818228,0.17600,5,5,0.16000
20241030,20241031,SHSE.688435,688435.SH,英方软件,5,0.9957062146892656,0.9988700564971752,0.9949152542372881,0.9988700564971752,0.9949152542372881,62969.476,3.9383,288242.0,,34.52,0.15400,5,5,0.14000
20241031,20241101,SHSE.688435,688435.SH,英方软件,3,0.9964245389537073,0.9956718103123824,0.9966127211140384,0.9956718103123824,0.9966127211140384,74436.94,4.5628,297761.0,,35.66,0.20900,5,5,0.19000
20241031,20241101,SHSE.688225,688225.SH,亚信安全,5,0.9955995483628153,0.9531426420775311,1.0062137749341362,0.9531426420775311,1.0062137749341362,191917.731,5.1932,808020.2,,20.20000032489262,0.15400,5,5,0.14000
20241101,20241104,SHSE.603268,603268.SH,松发股份,1,0.9991084337349398,0.9685617469879518,1.0067451054216867,0.9685617469879518,1.0067451054216867,63337.237,1.132,559504.6128,,45.05999996986497,0.26400,5,5,0.24000
20241101,20241104,SHSE.688981,688981.SH,中芯国际,3,0.9969503012048194,0.9960466867469879,0.9971762048192772,0.9960466867469879,0.9971762048192772,7623522.111,4.443399906158447,67631584.7001,8.249500274658203,84.80999755859375,0.20900,5,5,0.19000
20241101,20241104,SHSE.688721,688721.SH,龙图光罩,4,0.9968373493975904,0.9984939759036144,0.9964231927710844,0.9984939759036144,0.9964231927710844,220262.251,17.2041,652948.5,,48.48334655035686,0.17600,5,5,0.16000
20241104,20241105,SZSE.000423,000423.SZ,东阿阿胶,1,1.002987389422172,0.9789196310935442,1.009004329004329,0.9789196310935442,1.009004329004329,1197129.833,3.289599895477295,3699646.8539,2.420559883117676,53.16806354842225,0.26400,5,5,0.24000
20241104,20241105,SZSE.300925,300925.SZ,法本信息,2,1.0011022021456804,0.9719555806512328,1.0083888575192923,0.9719555806512328,1.0083888575192923,1021788.233,11.9901,1117644.2196,,25.923031754348944,0.24200,5,5,0.22000
20241104,20241105,SHSE.600439,600439.SH,瑞贝卡,3,0.9967626576322229,0.9958592132505176,0.9969885187276492,0.9958592132505176,0.9969885187276492,61541.343,1.1844,519581.317,,4.5899999436874594,0.20900,5,5,0.19000
20241104,20241105,SHSE.603887,603887.SH,城地香江,4,0.9958215697346133,0.9979296066252588,0.9952945605119519,0.9979296066252588,0.9952945605119519,334591.448,3.8479,891903.1278,,16.35999994816574,0.17600,5,5,0.16000
20241104,20241105,SZSE.002628,002628.SZ,成都路桥,5,0.9948804818370036,0.994729907773386,0.9949181253529079,0.994729907773386,0.9949181253529079,184858.674,3.8436,482272.9644,,6.369999908076047,0.15400,5,5,0.14000
20241105,20241106,SZSE.300616,300616.SZ,尚品宅配,2,1.0066967644845748,0.9952972159518435,1.0095466516177576,0.9952972159518435,1.0095466516177576,80821.474,3.9421,296810.1256,,12.25625967572695,0.24200,5,5,0.22000
20241105,20241106,SZSE.300925,300925.SZ,法本信息,3,1.0006275395033861,0.9706546275395034,1.0081207674943566,0.9706546275395034,1.0081207674943566,1264621.906,14.1646,1163944.7857,,26.996943311491133,0.20900,5,5,0.19000
20241105,20241106,SZSE.002995,002995.SZ,天地在线,4,0.9972927012791574,0.9586155003762227,1.006962001504891,0.9586155003762227,1.006962001504891,103701.011,4.1311,396255.8538,,22.329999377899927,0.17600,5,5,0.16000
20241105,20241106,SZSE.300120,300120.SZ,经纬辉开,5,0.9969525959367946,0.9983069977426636,0.9966139954853274,0.9983069977426636,0.9966139954853274,349748.961,4.8989,773134.2284,,13.460000097473092,0.15400,5,5,0.14000
20241106,20241107,SHSE.688435,688435.SH,英方软件,2,1.0024043633627986,0.9757381982320857,1.0090709046454767,0.9757381982320857,1.0090709046454767,69203.206,4.3084,289745.0,,34.7,0.24200,5,5,0.22000
20241106,20241107,SZSE.300847,300847.SZ,中船汉光,3,0.9996027835245438,0.9657701711491442,1.0080609366183937,0.9657701711491442,1.0080609366183937,614133.368,10.2926,614812.77,,20.432568465263287,0.20900,5,5,0.19000
20241106,20241107,SZSE.000795,000795.SZ,英洛华,4,0.9995004701899568,0.9687793868722964,1.0071807410193718,0.9687793868722964,1.0071807410193718,63104.173,0.5079,1242517.7769,,10.565344209408988,0.17600,5,5,0.16000
20241106,20241107,SHSE.600221,600221.SH,海航控股,5,0.9985721271393644,0.960880195599022,1.00799511002445,0.960880195599022,1.00799511002445,811071.622,1.2214,8729557.7721,,2.02000002400526,0.15400,5,5,0.14000
20241107,20241108,SZSE.000597,000597.SZ,东北制药,2,1.0021470754184691,0.979499717886026,1.0078089148015799,0.979499717886026,1.0078089148015799,74220.566,0.8592,877469.4047,,6.021236041250676,0.24200,5,5,0.22000
20241107,20241108,SZSE.000716,000716.SZ,黑芝麻,3,1.0020116607109273,0.981944705661087,1.0070283994733873,0.981944705661087,1.0070283994733873,49573.095,0.9895,538745.0283,,7.095254470658237,0.20900,5,5,0.19000
20241108,20241111,SHSE.600210,600210.SH,紫江企业,2,1.0032547471329196,0.9825155104342922,1.0084395563075765,0.9825155104342922,1.0084395563075765,217293.951,1.6874,1287708.9981,,8.116508775720222,0.24200,5,5,0.22000
20241108,20241111,SZSE.002510,002510.SZ,天汽模,4,0.9962962962962963,0.9927617973303252,0.9971799210377891,0.9927617973303252,0.9971799210377891,88074.269,1.4024,634950.2052,,6.709932740465707,0.17600,5,5,0.16000
20241108,20241111,SHSE.603366,603366.SH,日出东方,5,0.9958638841887574,0.9898477157360406,0.9973679263019365,0.9898477157360406,0.9973679263019365,51166.633,0.8852,583120.3267,,7.13463571463047,0.15400,5,5,0.14000
20241111,20241112,SHSE.601828,601828.SH,美凯龙,2,1.0043040451552212,0.9915333960489181,1.0074967074317969,0.9915333960489181,1.0074967074317969,53887.548,0.3389,1916082.3761,,4.400000120877238,0.24200,5,5,0.22000
20241111,20241112,SZSE.000536,000536.SZ,华映科技,3,1.0019160865475072,0.9789275634995296,1.0076632173095015,0.9789275634995296,1.0076632173095015,357614.225,1.7852,2005373.7822,,7.250000192007121,0.20900,5,5,0.19000
20241112,20241113,SZSE.002165,002165.SZ,红宝丽,1,1.0031286681715574,0.986267870579383,1.0073438675696011,0.986267870579383,1.0073438675696011,61637.879,1.5687,397045.712,,5.375366744839594,0.26400,5,5,0.24000
20241112,20241113,SZSE.000536,000536.SZ,华映科技,2,1.001262603461249,0.9757336343115124,1.0076448457486833,0.9757336343115124,1.0076448457486833,257768.485,1.4286,1806219.4204,,6.530000172938828,0.24200,5,5,0.22000
20241112,20241113,SZSE.002838,002838.SZ,道恩股份,4,0.9966139954853274,0.9988713318284425,0.9960496613995485,0.9988713318284425,0.9960496613995485,18632.037,0.3263,655470.1664,,14.52642901917272,0.17600,5,5,0.16000
20241112,20241113,SZSE.300277,300277.SZ,汽轮科技,5,0.9957110609480813,0.9981188863807374,0.9951091045899172,0.9981188863807374,0.9951091045899172,37356.842,0.6458,579550.0,,16.935116985795286,0.15400,5,5,0.14000
20241113,20241114,SHSE.603955,603955.SH,大千生态,1,0.9988337095560573,0.9633182844243793,1.0077125658389767,0.9633182844243793,1.0077125658389767,64965.185,2.5502,254746.44,,18.74354119487983,0.26400,5,5,0.24000
20241113,20241114,SHSE.600496,600496.SH,精工钢构,2,0.9951091045899172,0.9981188863807374,0.9943566591422122,0.9981188863807374,0.9943566591422122,98415.27,1.5674,628020.1946,,2.8630811655539357,0.24200,5,5,0.22000
20241113,20241114,SHSE.600319,600319.SH,亚星化学,3,0.9930398796087284,0.9975545522949586,0.9919112114371708,0.9975545522949586,0.9919112114371708,29008.978,1.7541,206261.3923,,5.319999841343862,0.20900,5,5,0.19000
20241113,20241114,SHSE.600561,600561.SH,江西长运,4,0.9903686982693755,0.9969902182091799,0.9887133182844243,0.9969902182091799,0.9887133182844243,53066.086,3.2414,163289.6832,,5.740000113716782,0.17600,5,5,0.16000
20241113,20241114,SZSE.300689,300689.SZ,澄天伟业,5,0.9902182091798345,0.9902182091798345,0.9902182091798345,0.9902182091798345,0.9902182091798345,34400.367,1.1463,348765.2,,30.145675208238494,0.15400,5,5,0.14000
20241114,20241115,SZSE.000716,000716.SZ,黑芝麻,1,0.9960127891668233,0.9958623283806658,0.9960504043633628,0.9958623283806658,0.9960504043633628,115470.476,2.6116,475451.9061,,6.26168611326622,0.26400,5,5,0.24000
20241114,20241115,SHSE.605500,605500.SH,森林包装,2,0.9930411886402106,0.9937934925709987,0.9928531126575136,0.9937934925709987,0.9928531126575136,11729.619,0.3842,301268.8,,7.046288181175086,0.24200,5,5,0.22000
20241114,20241115,SHSE.603117,603117.SH,万林物流,3,0.9923641151025014,0.97987586985142,0.9954861764152718,0.97987586985142,0.9954861764152718,341161.824,7.1216,467374.2388,,7.79999996486463,0.20900,5,5,0.19000
20241114,20241115,SHSE.600319,600319.SH,亚星化学,4,0.9919127327440286,0.9904081248824526,0.9922888847094226,0.9904081248824526,0.9922888847094226,34488.261,2.0726,200833.4609,,5.179999845519023,0.17600,5,5,0.16000
20241114,20241115,SZSE.300689,300689.SZ,澄天伟业,5,0.9914613503855558,0.9926650366748166,0.9911604288132405,0.9926650366748166,0.9911604288132405,63873.317,2.0576,344141.2,,29.745997711278086,0.15400,5,5,0.14000
20241115,20241118,SZSE.002344,002344.SZ,海宁皮城,1,1.0064628313592783,1.0006164692611392,1.0079244218838128,1.0006164692611392,1.0079244218838128,38550.081,0.6948,555373.1437,,4.29229256705252,0.26400,5,5,0.24000
20241115,20241118,SZSE.002693,002693.SZ,双成药业,2,1.0063062605752962,0.9990665538635082,1.0081161872532431,0.9990665538635082,1.0081161872532431,1408961.553,14.9704,921440.6245,,22.220000133084255,0.24200,5,5,0.22000
20241115,20241118,SHSE.688631,688631.SH,莱斯信息,3,1.006094378642602,0.9921037789058094,1.0095920285768,0.9921037789058094,1.0095920285768,601548.314,10.0364,1542012.51,,93.85466566670966,0.20900,5,5,0.19000
20241115,20241118,SZSE.002513,002513.SZ,蓝丰生化,5,0.9962398947170521,0.9962398947170521,0.9962398947170521,0.9962398947170521,0.9962398947170521,148482.604,9.3381,220664.8035,,5.879999894657538,0.15400,5,5,0.14000
20241118,20241119,SZSE.002693,002693.SZ,双成药业,1,1.0075750188111363,1.0001324303987962,1.0094356659142212,1.0001324303987962,1.0094356659142212,1094337.565,11.6978,934296.0068,,22.53000013494097,0.26400,5,5,0.24000
20241118,20241119,SZSE.300746,300746.SZ,汉嘉数智,2,1.0074503386004516,1.000336719337848,1.0092287434161022,1.000336719337848,1.0092287434161022,116533.249,3.8544,303618.0512,,13.4499999188903,0.24200,5,5,0.22000
20241118,20241119,SHSE.688130,688130.SH,晶华微,3,1.0069247178329572,0.9991533107599698,1.008867569601204,0.9991533107599698,1.008867569601204,131875.544,17.5418,232435.9725,,19.26069558289504,0.20900,5,5,0.19000
20241118,20241119,SZSE.000833,000833.SZ,粤桂股份,4,1.006576072234763,1.0004349134687736,1.0081113619262603,1.0004349134687736,1.0081113619262603,35047.913,0.6092,1017040.2562,,12.456652399884629,0.17600,5,5,0.16000
20241118,20241119,SZSE.300337,300337.SZ,银邦股份,5,1.0045447705041384,0.9930398796087284,1.007420993227991,0.9930398796087284,1.007420993227991,1862570.909,15.7706,1217263.52,,14.796122981864633,0.15400,5,5,0.14000
20241119,20241120,SHSE.688130,688130.SH,晶华微,1,1.0075396503102088,0.999961834931378,1.0094341041549164,0.999961834931378,1.0094341041549164,109573.088,14.9809,230948.3823,,19.13742713116451,0.26400,5,5,0.24000
20241119,20241120,SZSE.002344,002344.SZ,海宁皮城,2,1.0072551231434481,1.0008103026884752,1.0088663282571912,1.0008103026884752,1.0088663282571912,30847.152,0.4594,672091.287,,5.194367910243697,0.24200,5,5,0.22000
20241119,20241120,SZSE.000973,000973.SZ,佛塑科技,3,0.9974807294604249,0.9627749576988156,1.0061571724008271,0.9627749576988156,1.0061571724008271,70438.039,0.9593,734274.1868,,7.548814276058169,0.20900,5,5,0.19000
20241119,20241120,SZSE.002513,002513.SZ,蓝丰生化,4,0.9962774957698817,0.9964278999811995,0.9962398947170521,0.9964278999811995,0.9962398947170521,139153.474,9.3054,217662.5612,,5.799999896090769,0.17600,5,5,0.16000
20241119,20241120,SHSE.600481,600481.SH,双良节能,5,0.9938710283887949,0.9926677946982515,0.9941718368114307,0.9926677946982515,0.9941718368114307,445575.889,3.985,1141116.461,,6.1000000446634415,0.15400,5,5,0.14000
20241120,20241121,SZSE.000520,000520.SZ,凤凰航运,2,1.002880120255543,0.9860954528372792,1.007076287110109,0.9860954528372792,1.007076287110109,232425.352,4.3363,539440.4815,,5.330000014830296,0.24200,5,5,0.22000
20241120,20241121,SZSE.002628,002628.SZ,成都路桥,3,1.0004088688462984,0.9761367906801954,1.0064768883878241,0.9761367906801954,1.0064768883878241,353867.705,9.0093,400506.1195,,5.28999992366127,0.20900,5,5,0.19000
20241120,20241121,SZSE.000833,000833.SZ,粤桂股份,5,0.9958286358511839,0.9537767756482526,1.0063416009019166,0.9537767756482526,1.0063416009019166,219076.443,3.1457,1231196.2092,,15.079622581879264,0.15400,5,5,0.14000
20241121,20241122,SZSE.300337,300337.SZ,银邦股份,1,1.0028756106726795,0.9823374671176249,1.008010146561443,0.9823374671176249,1.008010146561443,1307859.595,12.329,1207400.48,,14.676235422254658,0.26400,5,5,0.24000
20241121,20241122,SZSE.002761,002761.SZ,浙江建投,2,1.002166102968809,0.9817737692596769,1.0072641863960918,0.9817737692596769,1.0072641863960918,40196.386,0.3241,1240299.8498,,11.40637955393501,0.24200,5,5,0.22000
20241121,20241122,SZSE.000833,000833.SZ,粤桂股份,3,0.999218338970312,0.9659902292371289,1.0075253664036077,0.9659902292371289,1.0075253664036077,60381.243,0.788,1354716.8713,,16.592496769246956,0.20900,5,5,0.19000
20241121,20241122,SZSE.000973,000973.SZ,佛塑科技,4,0.9985749718151071,0.9627959413754228,1.0075197294250282,0.9627959413754228,1.0075197294250282,204553.768,2.3008,889061.8941,,9.140132173514438,0.17600,5,5,0.16000
20241122,20241125,SZSE.300337,300337.SZ,银邦股份,1,1.0071171675432007,0.9993499248685198,1.0090589782118708,0.9993499248685198,1.0090589782118708,946922.71,9.2024,1151509.92,,13.99687258446479,0.26400,5,5,0.24000
20241122,20241125,SZSE.002611,002611.SZ,东方精工,2,0.9991149511645381,0.967129977460556,1.0071111945905336,0.967129977460556,1.0071111945905336,253895.852,1.8019,1726169.6174,,13.982054106166688,0.24200,5,5,0.22000
20241122,20241125,SZSE.002761,002761.SZ,浙江建投,3,0.9987468069120962,0.9686326070623591,1.0062753568745304,0.9686326070623591,1.0062753568745304,105945.821,0.7764,1364654.2375,,12.550000869281586,0.20900,5,5,0.19000
20241122,20241125,SZSE.003036,003036.SZ,泰坦股份,4,0.9977570999248685,1.0000552216378662,0.9971825694966191,1.0000552216378662,0.9971825694966191,29536.39,1.1045,267416.3268,,12.261854971591708,0.17600,5,5,0.16000
20241122,20241125,SZSE.002628,002628.SZ,成都路桥,5,0.9956048084147259,0.9975582268970699,0.9951164537941397,0.9975582268970699,0.9951164537941397,391981.867,10.0663,378550.2075,,4.99999992784619,0.15400,5,5,0.14000
20241125,20241126,SHSE.603991,603991.SH,领先股份,1,1.0078146909637422,1.0005763667105017,1.0096242720270523,1.0005763667105017,1.0096242720270523,328388.883,7.2509,450936.7379,,60.49402022053161,0.26400,5,5,0.24000
20241125,20241126,SHSE.688130,688130.SH,晶华微,2,1.0076940822844263,1.0008074394138644,1.0094157430020665,1.0008074394138644,1.0094157430020665,39246.24,5.3191,233086.7932,,19.314625530527145,0.24200,5,5,0.22000
20241125,20241126,SHSE.603015,603015.SH,弘讯科技,3,0.9995145594589516,0.9706932181100882,1.0067198947961675,0.9706932181100882,1.0067198947961675,55936.05,1.0769,519421.415,,12.719384013979449,0.20900,5,5,0.19000
20241125,20241126,SZSE.300968,300968.SZ,格林精密,4,0.9969558519631788,0.9584820589892917,1.0065743002066505,0.9584820589892917,1.0065743002066505,355957.258,4.7117,770953.7,,18.581309870401896,0.17600,5,5,0.16000
20241125,20241126,SHSE.601727,601727.SH,上海电气,5,0.9955664099192185,0.9973699041893669,0.9951155363516814,0.9973699041893669,0.9951155363516814,4290174.773,3.6515,14130886.8464,,9.070000052973564,0.15400,5,5,0.14000
20241126,20241127,SZSE.300489,300489.SZ,光智科技,1,1.0076780616078138,0.9998929376408715,1.0096243425995493,0.9998929376408715,1.0096243425995493,345881.257,3.7454,912357.8775,,66.26999979003322,0.26400,5,5,0.24000
20241126,20241127,SHSE.603991,603991.SH,领先股份,2,1.0075970698722765,1.0009981217129977,1.0092468069120961,1.0009981217129977,1.0092468069120961,231384.953,5.1823,443036.0281,,59.43412499022147,0.24200,5,5,0.22000
20241126,20241127,SZSE.300102,300102.SZ,乾照光电,3,1.0073223891810668,1.0004286250939145,1.0090458302028549,1.0004286250939145,1.0090458302028549,286019.249,2.8904,981996.2318,,10.612119357921387,0.20900,5,5,0.19000
20241126,20241127,SHSE.603887,603887.SH,城地香江,4,1.0068324567993991,0.9986851990984222,1.0088692712246432,0.9986851990984222,1.0088692712246432,739519.837,10.0515,734020.755,,12.719999959698548,0.17600,5,5,0.16000
20241126,20241127,SZSE.300284,300284.SZ,苏交科,5,1.0067236664162285,0.9997114951164537,1.0084767092411722,0.9997114951164537,1.0084767092411722,347609.428,2.6401,1367642.4792,,10.599021474977372,0.15400,5,5,0.14000
20241127,20241128,SHSE.603991,603991.SH,领先股份,1,1.00774555701672,1.0009971820402028,1.009432650760849,1.0009971820402028,1.009432650760849,287084.418,6.4484,455259.7678,,61.07396289372018,0.26400,5,5,0.24000
20241127,20241128,SHSE.688130,688130.SH,晶华微,2,1.0074693593838062,1.000390193499906,1.009239150854781,1.000390193499906,1.009239150854781,34313.764,4.6612,235225.2042,,19.49182392988978,0.24200,5,5,0.22000
20241127,20241128,SHSE.600800,600800.SH,渤海化学,3,1.0065469096374227,1.000309224121736,1.0081063310163443,1.000309224121736,1.0081063310163443,26825.12,0.5622,477319.4429,,4.300000122560245,0.20900,5,5,0.19000
20241127,20241128,SZSE.001209,001209.SZ,洪兴股份,4,1.0050031936877701,0.9924854405410483,1.0081326319744506,0.9924854405410483,1.0081326319744506,42534.554,6.5494,212014.6246,,15.941369685652752,0.17600,5,5,0.16000
20241127,20241128,SZSE.002820,002820.SZ,桂发祥,5,0.9975186924666543,0.9558519631786586,1.007935374788653,0.9558519631786586,1.007935374788653,118716.956,4.5173,263740.0713,,12.95342760158233,0.15400,5,5,0.14000
20241128,20241129,SZSE.300489,300489.SZ,光智科技,1,1.0073356136064648,0.9996850216124789,1.0092482616049614,0.9996850216124789,1.0092482616049614,681583.162,7.2398,913183.9146,,66.32999978984313,0.26400,5,5,0.24000
20241128,20241129,SZSE.001209,001209.SZ,洪兴股份,2,1.0068055252772037,1.0008083067092652,1.0083048299191881,1.0008083067092652,1.0083048299191881,16517.162,2.3123,233189.7826,,17.533528816788046,0.24200,5,5,0.22000
20241128,20241129,SHSE.601162,601162.SH,天风证券,3,1.0066949821462132,0.9988723924074422,1.008650629580906,0.9988723924074422,1.008650629580906,1701954.055,4.140600204467773,4072906.0081,0.33399999141693115,4.699999963145855,0.20900,5,5,0.19000
20241128,20241129,SZSE.002693,002693.SZ,双成药业,4,1.006690659650442,0.9994747227964669,1.0084946438639355,0.9994747227964669,1.0084946438639355,1110347.608,11.5411,948810.148,,22.880000137037253,0.17600,5,5,0.16000
20241128,20241129,SZSE.300337,300337.SZ,银邦股份,5,1.006541101296749,1.0002454425859801,1.008115015974441,1.0002454425859801,1.008115015974441,615220.821,6.748,1041372.64,,12.658128168820047,0.15400,5,5,0.14000
20241129,20241202,SHSE.600356,600356.SH,恒丰纸业,1,1.0071481509292286,1.0009969964332646,1.0086859395532195,1.0009969964332646,1.0086859395532195,11506.646,0.4658,247050.8496,,8.149995499681113,0.26400,5,5,0.24000
20241129,20241202,SZSE.002693,002693.SZ,双成药业,2,1.007063750703961,0.9991032476065328,1.0090538764783181,0.9991032476065328,1.0090538764783181,915450.911,9.8171,952127.666,,22.960000137516406,0.24200,5,5,0.22000
20241129,20241202,SHSE.603991,603991.SH,领先股份,3,1.0068661535573493,0.9977473249483761,1.0091458607095927,0.9977473249483761,1.0091458607095927,372954.878,8.4257,447284.523,,60.00406865180334,0.20900,5,5,0.19000
20241129,20241202,SZSE.002774,002774.SZ,快意电梯,4,1.002162568049559,0.980101370377323,1.007677867467618,0.980101370377323,1.007677867467618,54753.656,2.4412,268003.5684,,7.424940645918587,0.17600,5,5,0.16000
20241129,20241202,SHSE.600628,600628.SH,新世界,5,1.000791439834804,0.9701520555659846,1.0084512859020087,0.9701520555659846,1.0084512859020087,86426.001,1.2135,712209.7978,,10.950568166366118,0.15400,5,5,0.14000
20241202,20241203,SHSE.600356,600356.SH,恒丰纸业,1,1.0074095399061034,1.0008110798122065,1.0090591549295773,1.0008110798122065,1.0090591549295773,32179.529,1.1837,271845.554,,8.96795151718236,0.26400,5,5,0.24000
20241202,20241203,SHSE.603991,603991.SH,领先股份,2,1.0072893896713615,0.9975586854460093,1.0097220657276995,0.9975586854460093,1.0097220657276995,320030.895,7.0098,462042.4526,,61.98387294992983,0.24200,5,5,0.22000
20241202,20241203,SZSE.002774,002774.SZ,快意电梯,4,1.0070697464788734,1.000621971830986,1.008681690140845,1.000621971830986,1.008681690140845,17344.8,0.7027,294938.6004,,8.17116583646317,0.17600,5,5,0.16000
20241202,20241203,SZSE.002820,002820.SZ,桂发祥,5,1.0068807887323945,1.0004358685446009,1.0084920187793427,1.0004358685446009,1.0084920187793427,27780.043,0.7945,350916.9114,,17.235063229218834,0.15400,5,5,0.14000
20241203,20241204,SHSE.603268,603268.SH,松发股份,1,1.0077130516431927,0.9988732394366198,1.0099230046948358,0.9988732394366198,1.0099230046948358,55255.79,1.0284,537278.3976,,43.26999997106208,0.26400,5,5,0.24000
20241203,20241204,SHSE.603991,603991.SH,领先股份,2,1.0073870422535212,0.9986854460093897,1.009562441314554,0.9986854460093897,1.009562441314554,227325.243,4.9801,455334.3028,,61.08396190532688,0.24200,5,5,0.22000
20241204,20241205,SHSE.603205,603205.SH,健尔康,1,0.9958790610328638,0.9556807511737089,1.0059286384976525,0.9556807511737089,1.0059286384976525,128083.925,9.9091,522960.0,,33.22406037965998,0.26400,5,5,0.24000
20241204,20241205,SHSE.688178,688178.SH,万德斯,2,0.995680751173709,0.9971830985915493,0.9953051643192489,0.9971830985915493,0.9953051643192489,12095.026,1.0117,117996.6471,,13.859999677611562,0.24200,5,5,0.22000
20241204,20241205,SHSE.688309,688309.SH,恒誉环保,3,0.9944413145539905,0.996244131455399,0.9939906103286384,0.996244131455399,0.9939906103286384,9203.096,0.795,113615.2409,,14.120545953181608,0.20900,5,5,0.19000
20241204,20241205,SHSE.688021,688021.SH,奥福科技,4,0.9938403755868546,0.9887323943661972,0.9951173708920188,0.9887323943661972,0.9951173708920188,13600.475,1.4774,91925.7016,,12.03000032586519,0.17600,5,5,0.16000
20241204,20241205,SHSE.688565,688565.SH,力源科技,5,0.9930892018779343,0.9834741784037558,0.9954929577464788,0.9834741784037558,0.9954929577464788,23935.929,2.2531,107419.5297,,7.049659691930327,0.15400,5,5,0.14000
20241205,20241206,SHSE.688701,688701.SH,卓锦股份,1,0.9963032463876901,0.9942765997372865,0.9968099080502909,0.9942765997372865,0.9968099080502909,17990.463,1.9958,90502.9487,,6.739999624144572,0.26400,5,5,0.24000
20241205,20241206,SHSE.688565,688565.SH,力源科技,2,0.996284481140927,0.9979358228560705,0.9958716457121412,0.9979358228560705,0.9958716457121412,26640.389,2.4454,109698.5862,,7.199228143668595,0.24200,5,5,0.22000
20241205,20241206,SHSE.688021,688021.SH,奥福科技,3,0.9959467066991932,0.9977481703884407,0.9954963407768812,0.9977481703884407,0.9954963407768812,11958.743,1.2884,93683.217,,12.260000332095364,0.20900,5,5,0.19000
20241205,20241206,SHSE.688309,688309.SH,恒誉环保,4,0.9951210358416215,0.9958716457121412,0.9949333833739914,0.9958716457121412,0.9949333833739914,13474.657,1.1559,117455.756,,14.59786018258493,0.17600,5,5,0.16000
20241205,20241206,SHSE.688178,688178.SH,万德斯,5,0.9942953649840496,0.9947457309063614,0.9941827735034716,0.9947457309063614,0.9941827735034716,16964.283,1.4077,121912.8417,,14.319999666911801,0.15400,5,5,0.14000
20241206,20241209,SHSE.688565,688565.SH,力源科技,1,1.000114135535949,0.9703397784869533,1.007557724798198,0.9703397784869533,1.007557724798198,44036.52,3.9302,114256.6992,,7.498365047145128,0.26400,5,5,0.24000
20241206,20241209,SHSE.688701,688701.SH,卓锦股份,2,0.9972217007696641,0.9966209874225643,0.9973718791064389,0.9966209874225643,0.9973718791064389,22107.252,2.4235,91711.4451,,6.829999619125729,0.24200,5,5,0.22000
20241206,20241209,SHSE.688021,688021.SH,奥福科技,3,0.9952693823915901,0.9921156373193167,0.9960578186596584,0.9921156373193167,0.9960578186596584,13304.754,1.4196,94600.1816,,12.380000335345892,0.20900,5,5,0.19000
20241206,20241209,SHSE.688309,688309.SH,恒誉环保,4,0.9941430448657782,0.9902384081096302,0.9951192040548151,0.9902384081096302,0.9951192040548151,8788.074,0.7493,116975.6916,,14.538195903909514,0.17600,5,5,0.16000
20241206,20241209,SHSE.688178,688178.SH,万德斯,5,0.9936549652712596,0.9923033602402853,0.9939928665290032,0.9923033602402853,0.9939928665290032,13378.921,1.0919,123530.4004,,14.509999662492335,0.15400,5,5,0.14000
20241209,20241210,SHSE.603466,603466.SH,风语筑,1,0.9989468544600939,0.9609389671361502,1.0084488262910798,0.9609389671361502,1.0084488262910798,83116.181,1.1578,717897.0376,,11.812966988182255,0.26400,5,5,0.24000
20241209,20241210,SHSE.600868,600868.SH,梅雁吉祥,2,0.9978396244131456,0.9586854460093897,1.0076281690140845,0.9586854460093897,1.0076281690140845,194174.981,3.072,632083.5101,,3.329999897520673,0.24200,5,5,0.22000
20241209,20241210,SHSE.688565,688565.SH,力源科技,3,0.9972206572769954,0.9981220657276996,0.9969953051643192,0.9981220657276996,0.9969953051643192,24626.299,2.2413,111217.9572,,7.29894044482744,0.20900,5,5,0.19000
20241209,20241210,SHSE.688701,688701.SH,卓锦股份,4,0.9962065727699531,0.9983098591549295,0.9956807511737089,0.9983098591549295,0.9956807511737089,14192.738,1.5647,90502.9487,,6.739999624144572,0.17600,5,5,0.16000
20241209,20241210,SHSE.688021,688021.SH,奥福科技,5,0.9947042253521128,0.9968075117370891,0.9941784037558685,0.9968075117370891,0.9941784037558685,11631.278,1.2362,93988.8719,,12.300000333178874,0.15400,5,5,0.14000
20241210,20241211,SHSE.688565,688565.SH,力源科技,1,1.006115427927928,1.0003894519519518,1.007546921921922,1.0003894519519518,1.007546921921922,23237.163,2.1088,109546.6491,,7.189256913552709,0.26400,5,5,0.24000
20241210,20241211,SHSE.688701,688701.SH,卓锦股份,2,1.005307807807808,0.9968093093093093,1.0074324324324324,0.9968093093093093,1.0074324324324324,14224.285,1.5601,89428.7298,,6.659999628605764,0.24200,5,5,0.22000
20241210,20241211,SHSE.605179,605179.SH,一鸣食品,3,1.002108858858859,0.9750375375375375,1.0088766891891892,0.9750375375375375,1.0088766891891892,56277.194,0.4866,1156484.0,,28.7190365968065,0.20900,5,5,0.19000
20241210,20241211,SHSE.688021,688021.SH,奥福科技,4,0.9964714714714715,0.9988738738738738,0.9958708708708709,0.9988738738738738,0.9958708708708709,18133.962,1.896,93606.8033,,12.250000331824488,0.17600,5,5,0.16000
20241210,20241211,SHSE.688178,688178.SH,万德斯,5,0.9949324324324325,0.9986861861861862,0.993993993993994,0.9986861861861862,0.993993993993994,13530.163,1.0891,121997.9764,,14.329999666679198,0.15400,5,5,0.14000
20241211,20241212,SHSE.688701,688701.SH,卓锦股份,1,1.0052963032463877,0.9947457309063614,1.0079339463313943,0.9947457309063614,1.0079339463313943,9612.328,1.0638,90368.6714,,6.729999624702221,0.26400,5,5,0.24000
20241211,20241212,SHSE.688565,688565.SH,力源科技,2,1.0043910677425407,0.9921185963595421,1.0074591855882904,0.9921185963595421,1.0074591855882904,19005.582,1.764,109090.8378,,7.159343223205056,0.24200,5,5,0.22000
20241211,20241212,SHSE.688021,688021.SH,奥福科技,3,0.9957965847250893,0.9969975605179208,0.9954963407768812,0.9969975605179208,0.9954963407768812,11041.359,1.1761,94370.9405,,12.350000334533258,0.20900,5,5,0.19000
20241211,20241212,SHSE.688090,688090.SH,瑞松科技,4,0.9908050290861325,0.9968099080502909,0.9893038093450929,0.9968099080502909,0.9893038093450929,349445.948,8.3511,410122.7616,,33.43670575931434,0.17600,5,5,0.16000
20241211,20241212,SHSE.688178,688178.SH,万德斯,5,0.9905047851379245,0.9825483205104147,0.992493901294802,0.9825483205104147,0.992493901294802,12492.529,1.0309,120550.6871,,14.159999670633457,0.15400,5,5,0.14000
20241212,20241213,SHSE.688701,688701.SH,卓锦股份,1,1.005545966228893,0.9958724202626642,1.0079643527204503,0.9958724202626642,1.0079643527204503,11820.042,1.3044,91040.0582,,6.779999621913975,0.26400,5,5,0.24000
20241212,20241213,SHSE.688021,688021.SH,奥福科技,2,0.9965103189493434,0.9938086303939963,0.9971857410881801,0.9938086303939963,0.9971857410881801,18227.776,1.918,96204.8697,,12.59000034103431,0.24200,5,5,0.22000
20241212,20241213,SHSE.688565,688565.SH,力源科技,3,0.9965103189493434,0.9930581613508442,0.9973733583489681,0.9930581613508442,0.9973733583489681,19304.091,1.7813,110610.2088,,7.259055524363902,0.20900,5,5,0.19000
20241212,20241213,SHSE.688178,688178.SH,万德斯,4,0.9927954971857411,0.9894934333958724,0.9936210131332083,0.9894934333958724,0.9936210131332083,16697.619,1.3729,123870.939,,14.549999661561921,0.17600,5,5,0.16000
20241212,20241213,SHSE.688309,688309.SH,恒誉环保,5,0.9924202626641652,0.99812382739212,0.9909943714821764,0.99812382739212,0.9909943714821764,8615.194,0.7116,121376.282,,15.085118458434156,0.15400,5,5,0.14000
20241213,20241216,SHSE.688701,688701.SH,卓锦股份,1,1.007335459662289,1.000579737335835,1.0090243902439024,1.000579737335835,1.0090243902439024,11155.191,1.2354,89428.7298,,6.659999628605764,0.26400,5,5,0.24000
20241213,20241216,SHSE.688021,688021.SH,奥福科技,2,1.006945966228893,1.000140712945591,1.0086472795497186,1.000140712945591,1.0086472795497186,8837.972,0.9336,93683.217,,12.260000332095364,0.24200,5,5,0.22000
20241213,20241216,SHSE.688565,688565.SH,力源科技,3,1.0054003752345215,0.9966228893058161,1.007594746716698,0.9966228893058161,1.007594746716698,16987.523,1.5969,107115.6555,,7.029717231698558,0.20900,5,5,0.19000
20241213,20241216,SHSE.688215,688215.SH,瑞晟智能,4,0.9930206378986867,0.9973733583489681,0.9919324577861163,0.9973733583489681,0.9919324577861163,9983.473,0.7982,123987.864,,13.660300017468723,0.17600,5,5,0.16000
20241213,20241216,SHSE.688090,688090.SH,瑞松科技,5,0.9922326454033772,0.9986866791744841,0.9906191369606003,0.9986866791744841,0.9906191369606003,232250.121,5.5545,414267.3186,,33.774605404103006,0.15400,5,5,0.14000
20241216,20241217,SHSE.688565,688565.SH,力源科技,1,1.0037195350581176,0.9881889763779528,1.007602174728159,0.9881889763779528,1.007602174728159,11914.922,1.1283,106963.7184,,7.019746001582674,0.26400,5,5,0.24000
20241216,20241217,SHSE.600824,600824.SH,益民集团,2,1.003295088113986,0.9799400074990626,1.0091338582677165,0.9799400074990626,1.0091338582677165,55864.844,0.9091,614497.7836,,5.802510708326184,0.24200,5,5,0.22000
20241216,20241217,SHSE.688701,688701.SH,卓锦股份,3,0.995313085864267,0.9893138357705287,0.9968128983877015,0.9893138357705287,0.9968128983877015,8519.585,0.9469,89563.0071,,6.669999628048114,0.20900,5,5,0.19000
20241216,20241217,SHSE.688021,688021.SH,奥福科技,4,0.995050618672666,0.9902512185976753,0.9962504686914135,0.9902512185976753,0.9962504686914135,13915.909,1.4753,94905.8365,,12.4200003364294,0.17600,5,5,0.16000
20241216,20241217,SZSE.002593,002593.SZ,日上集团,5,0.9934758155230596,0.9981252343457068,0.9923134608173978,0.9981252343457068,0.9923134608173978,133697.235,3.1886,590835.6513,,7.205389145605578,0.15400,5,5,0.14000
20241217,20241218,SHSE.688701,688701.SH,卓锦股份,1,0.992759332207841,0.9975614331269931,0.9915588069780529,0.9975614331269931,0.9915588069780529,15560.98,1.8335,83386.248,,6.209999653699968,0.26400,5,5,0.24000
20241217,20241218,SHSE.688215,688215.SH,瑞晟智能,2,0.9916713562183456,0.9958731945226036,0.990620896642281,0.9958731945226036,0.990620896642281,14435.947,1.2159,116596.48,,12.845958034899217,0.24200,5,5,0.22000
20241217,20241218,SHSE.688021,688021.SH,奥福科技,3,0.9914837741511912,0.9941849559182142,0.9908084787094353,0.9941849559182142,0.9908084787094353,19048.778,2.107,88945.5666,,11.640000315300984,0.20900,5,5,0.19000
20241217,20241218,SHSE.688309,688309.SH,恒誉环保,4,0.990958544363159,0.996060776589758,0.9896829863065091,0.996060776589758,0.9896829863065091,15699.395,1.3456,114575.3697,,14.23987451053244,0.17600,5,5,0.16000
20241217,20241218,SHSE.688565,688565.SH,力源科技,5,0.9906959294691428,0.9917463890452073,0.9904333145751266,0.9917463890452073,0.9904333145751266,26292.638,2.5825,101493.9828,,6.660781717410832,0.15400,5,5,0.14000
20241218,20241219,SHSE.688565,688565.SH,力源科技,1,0.989049315582224,0.9894993437089818,0.9889368085505345,0.9894993437089818,0.9889368085505345,16547.497,1.6736,99214.9263,,6.511213265672565,0.26400,5,5,0.24000
20241218,20241219,SHSE.688701,688701.SH,卓锦股份,2,0.9866866679167449,0.9709356834802175,0.9906244140258766,0.9709356834802175,0.9906244140258766,12142.113,1.4537,83789.0801,,6.239999652027022,0.24200,5,5,0.22000
20241218,20241219,SHSE.600246,600246.SH,万通发展,3,0.9862366397899869,0.991186949184324,0.9849990624414026,0.991186949184324,0.9849990624414026,1093045.098,7.4003,1480599.5617,,7.450000177864125,0.20900,5,5,0.19000
20241218,20241219,SHSE.688178,688178.SH,万德斯,4,0.986161635102194,0.9833114569660604,0.9868741796362273,0.9833114569660604,0.9868741796362273,14071.342,1.1702,120125.0137,,14.109999671796475,0.17600,5,5,0.16000
20241218,20241219,SHSE.688021,688021.SH,奥福科技,5,0.9858991186949185,0.970748171760735,0.9896868554284642,0.970748171760735,0.9896868554284642,19357.449,2.1569,90091.7723,,11.790000319364138,0.15400,5,5,0.14000
20241219,20241220,SHSE.688701,688701.SH,卓锦股份,1,0.9933983495873969,0.9984996249062266,0.9921230307576894,0.9984996249062266,0.9921230307576894,11688.15,1.4145,82580.5838,,6.149999657045862,0.26400,5,5,0.24000
20241219,20241220,SHSE.688215,688215.SH,瑞晟智能,2,0.9930332333083272,1.0004249812453112,0.991185296324081,1.0004249812453112,0.991185296324081,15732.162,1.3757,113993.88,,12.559217900191646,0.24200,5,5,0.22000
20241219,20241220,SHSE.688178,688178.SH,万德斯,3,0.9928732183045761,0.9988747186796699,0.9913728432108027,0.9988747186796699,0.9913728432108027,14174.774,1.2038,117400.7044,,13.789999679239784,0.20900,5,5,0.19000
20241219,20241220,SHSE.688021,688021.SH,奥福科技,4,0.9928094523630908,1.0000562640660164,0.9909977494373593,1.0000562640660164,0.9909977494373593,15269.417,1.7362,87493.706,,11.450000310154318,0.17600,5,5,0.16000
20241219,20241220,SHSE.688309,688309.SH,恒誉环保,5,0.9914853713428358,0.9986871717929482,0.9896849212303076,0.9986871717929482,0.9896849212303076,8629.581,0.7603,112735.1228,,14.01116144227668,0.15400,5,5,0.14000
20241220,20241223,SZSE.002277,002277.SZ,友阿股份,1,0.998824587706147,0.9606446776611695,1.0083695652173914,0.9606446776611695,1.0083695652173914,316151.6,3.1452,1005198.5888,,7.209999754197846,0.26400,5,5,0.24000
20241220,20241223,SHSE.688701,688701.SH,卓锦股份,2,0.9907796101949025,0.9861319340329835,0.9919415292353823,0.9861319340329835,0.9919415292353823,9900.726,1.1793,83923.3575,,6.2499996514693725,0.24200,5,5,0.22000
20241220,20241223,SHSE.688565,688565.SH,力源科技,3,0.9907421289355324,0.9904422788605697,0.9908170914542729,0.9904422788605697,0.9908170914542729,12914.885,1.3214,98607.1779,,6.471328345209027,0.20900,5,5,0.19000
20241220,20241223,SHSE.600246,600246.SH,万通发展,4,0.9906296851574214,0.9936281859070465,0.989880059970015,0.9936281859070465,0.989880059970015,502452.091,3.4126,1484574.3256,,7.470000178341612,0.17600,5,5,0.16000
20241220,20241223,SHSE.688215,688215.SH,瑞晟智能,5,0.9878935532233883,0.9754497751124438,0.9910044977511244,0.9754497751124438,0.9910044977511244,15485.414,1.324,117533.416,,12.949184483393942,0.15400,5,5,0.14000
20241223,20241224,SHSE.688656,688656.SH,浩欧博,1,1.008110048743907,1.0005577427821521,1.0099981252343457,1.0005577427821521,1.0099981252343457,136745.528,2.1935,613620.5898,,96.79955014741358,0.26400,5,5,0.24000
20241223,20241224,SHSE.688215,688215.SH,瑞晟智能,2,0.9882264716910387,0.9928758905136857,0.9870641169853769,0.9928758905136857,0.9870641169853769,17189.268,1.5219,110454.344,,12.169251316989346,0.24200,5,5,0.22000
20241223,20241224,SHSE.688659,688659.SH,元琛科技,3,0.9874765654293214,0.9853768278965129,0.9880014998125234,0.9853768278965129,0.9880014998125234,30216.486,2.5638,114880.0,,7.179999685100846,0.20900,5,5,0.19000
20241223,20241224,SHSE.688021,688021.SH,奥福科技,4,0.9868391451068617,0.9896887889013873,0.9861267341582303,0.9896887889013873,0.9861267341582303,19306.695,2.2727,82832.4692,,10.840000293630812,0.17600,5,5,0.16000
20241223,20241224,SZSE.000668,000668.SZ,荣丰控股,5,0.9866516685414324,0.9820022497187851,0.9878140232470941,0.9820022497187851,0.9878140232470941,63334.52,5.5373,112480.8877,,7.659999856761857,0.15400,5,5,0.14000
20241224,20241225,SZSE.301446,301446.SZ,福事特,1,1.0053918260217474,0.9887514060742407,1.0095519310086238,0.9887514060742407,1.0095519310086238,171679.664,26.981,257504.0,,24.518910247943314,0.26400,5,5,0.24000
20241224,20241225,SZSE.000668,000668.SZ,荣丰控股,2,0.9887139107611549,0.9863142107236595,0.9893138357705287,0.9863142107236595,0.9893138357705287,64175.749,6.0782,104991.9514,,7.149999866298601,0.24200,5,5,0.22000
20241224,20241225,SHSE.688565,688565.SH,力源科技,3,0.988451443569554,0.9932508436445444,0.9872515935508062,0.9932508436445444,0.9872515935508062,15918.177,1.7532,91770.0084,,6.022622989994226,0.20900,5,5,0.19000
20241224,20241225,SHSE.688701,688701.SH,卓锦股份,4,0.9876265466816649,0.9898762654668166,0.9870641169853769,0.9898762654668166,0.9870641169853769,11656.319,1.5351,75195.3283,,5.599999687716557,0.17600,5,5,0.16000
20241224,20241225,SHSE.688021,688021.SH,奥福科技,5,0.9871766029246345,0.9928758905136857,0.9857517810273716,0.9928758905136857,0.9857517810273716,18092.827,2.1692,82985.2967,,10.860000294172565,0.15400,5,5,0.14000
20241225,20241226,SZSE.000668,000668.SZ,荣丰控股,1,0.9855561808291129,0.9840555242918777,0.9859313449634215,0.9840555242918777,0.9859313449634215,38128.855,3.7855,100733.5365,,6.859999871721455,0.26400,5,5,0.24000
20241225,20241226,SHSE.688659,688659.SH,元琛科技,2,0.9836053273307073,0.9818045394860251,0.9840555242918777,0.9818045394860251,0.9840555242918777,25124.942,2.276,110400.0,,6.899999697381037,0.24200,5,5,0.22000
20241225,20241226,SHSE.688178,688178.SH,万德斯,3,0.9825173513412118,0.9838679422247233,0.9821797036203339,0.9838679422247233,0.9821797036203339,11971.788,1.1226,106077.7938,,12.459999710176051,0.20900,5,5,0.19000
20241225,20241226,SHSE.688565,688565.SH,力源科技,4,0.9817670230725943,0.9673607203151379,0.9853685987619584,0.9673607203151379,0.9853685987619584,13662.672,1.5659,88275.4551,,5.7932846973288825,0.17600,5,5,0.16000
20241225,20241226,SHSE.688090,688090.SH,瑞松科技,5,0.9809041455636841,0.9863065090977302,0.9795535546801726,0.9863065090977302,0.9795535546801726,102607.547,3.0367,335143.9563,,27.3237940035922,0.15400,5,5,0.14000
20241226,20241227,SZSE.000668,000668.SZ,荣丰控股,1,0.9878560719640181,0.9895052473763118,0.9874437781109445,0.9895052473763118,0.9874437781109445,39225.798,3.893,99705.6433,,6.789999873030419,0.26400,5,5,0.24000
20241226,20241227,SHSE.603421,603421.SH,鼎信通讯,2,0.9869565217391305,0.9640179910044977,0.9926911544227887,0.9640179910044977,0.9926911544227887,38081.046,0.6877,553709.7438,,8.48999983727944,0.24200,5,5,0.22000
20241226,20241227,SZSE.300478,300478.SZ,杭州高新,3,0.9859070464767616,0.9737631184407796,0.9889430284857571,0.9737631184407796,0.9889430284857571,34739.288,2.9778,116285.814,,9.180000095308104,0.20900,5,5,0.19000
20241226,20241227,SHSE.605066,605066.SH,天正电气,4,0.9846701649175413,0.9728260869565217,0.9876311844077961,0.9728260869565217,0.9876311844077961,124483.824,3.4652,362743.4525,,6.829741360202129,0.17600,5,5,0.16000
20241226,20241227,SHSE.688565,688565.SH,力源科技,5,0.9841079460269865,0.9782608695652174,0.9855697151424287,0.9782608695652174,0.9855697151424287,14712.749,1.628,92073.8826,,6.042565450225995,0.15400,5,5,0.14000
20241227,20241230,SHSE.688565,688565.SH,力源科技,1,0.9858642669666292,0.9855643044619422,0.9859392575928009,0.9855643044619422,0.9859392575928009,6905.508,0.7549,91921.9455,,6.03259422011011,0.26400,5,5,0.24000
20241227,20241230,SHSE.688215,688215.SH,瑞晟智能,2,0.9851893513310837,0.9911886014248219,0.9836895388076491,0.9911886014248219,0.9836895388076491,7668.018,0.6926,109725.616,,12.088964079271227,0.24200,5,5,0.22000
20241227,20241230,SHSE.688178,688178.SH,万德斯,3,0.9850393700787403,0.9866891638545182,0.9846269216347957,0.9866891638545182,0.9846269216347957,7070.58,0.6326,111271.0085,,13.069999695987237,0.20900,5,5,0.19000
20241227,20241230,SHSE.688701,688701.SH,卓锦股份,4,0.9841019872515936,0.9775028121484814,0.9857517810273716,0.9775028121484814,0.9857517810273716,10362.232,1.3609,75061.0509,,5.589999688274206,0.17600,5,5,0.16000
20241227,20241230,SHSE.688659,688659.SH,元琛科技,5,0.9838582677165354,0.9770341207349081,0.9855643044619422,0.9770341207349081,0.9855643044619422,17632.573,1.5424,112960.0,,7.059999690363784,0.15400,5,5,0.14000
20241230,20241231,SHSE.688090,688090.SH,瑞松科技,1,0.988820108797599,0.9883699118364284,0.9889326580378915,0.9883699118364284,0.9889326580378915,125937.196,3.614,348990.5447,,28.45268599868159,0.26400,5,5,0.24000
20241230,20241231,SZSE.000668,000668.SZ,荣丰控股,2,0.9868692552991934,0.9876195835678109,0.986681673232039,0.9876195835678109,0.986681673232039,37087.213,3.8127,97356.1731,,6.629999876022339,0.24200,5,5,0.22000
20241230,20241231,SHSE.600768,600768.SH,宁波富邦,3,0.9800412680547741,0.9654848996435941,0.983680360157569,0.9654848996435941,0.983680360157569,43173.646,3.7208,116092.5696,,8.54613861472282,0.20900,5,5,0.19000
20241230,20241231,SZSE.300478,300478.SZ,杭州高新,4,0.9793659726130182,0.9628587507034327,0.9834927780904146,0.9628587507034327,0.9834927780904146,34221.113,2.9397,116665.833,,9.21000009561957,0.17600,5,5,0.16000
20241230,20241231,SHSE.688565,688565.SH,力源科技,5,0.9777527668354906,0.955543050084412,0.9833051960232602,0.955543050084412,0.9833051960232602,8883.07,1.0087,89339.0148,,5.863083308140074,0.15400,5,5,0.14000
20241231,20250102,SZSE.000668,000668.SZ,荣丰控股,1,0.9895388076490439,0.9919385076865391,0.98893888263967,0.9919385076865391,0.98893888263967,38666.826,4.016,94419.3353,,6.429999879762237,0.26400,5,5,0.24000
20241231,20250102,SHSE.688565,688565.SH,力源科技,2,0.9827896512935883,0.9829396325459318,0.9827521559805025,0.9829396325459318,0.9827521559805025,12962.409,1.4712,87515.7696,,5.743428546749461,0.24200,5,5,0.22000
20241231,20250102,SHSE.688096,688096.SH,京源环保,3,0.9819647544056993,0.9855643044619422,0.9810648668916385,0.9855643044619422,0.9810648668916385,13073.888,1.1281,113663.8424,,5.30023489618418,0.20900,5,5,0.19000
20241231,20250102,SHSE.688701,688701.SH,卓锦股份,4,0.9816272965879266,0.9846269216347957,0.9808773903262092,0.9846269216347957,0.9808773903262092,8917.522,1.2211,71838.394,,5.349999701657783,0.17600,5,5,0.16000
20241231,20250102,SZSE.300665,300665.SZ,飞鹿股份,5,0.9806149231346083,0.9780652418447694,0.9812523434570679,0.9780652418447694,0.9812523434570679,45959.085,4.7885,117448.2411,,6.199999725228075,0.15400,5,5,0.14000
20250102,20250103,SZSE.000668,000668.SZ,荣丰控股,1,0.9880367522970186,0.9821863866491656,0.9894993437089818,0.9821863866491656,0.9894993437089818,43147.797,4.5488,94419.3353,,6.429999879762237,0.26400,5,5,0.24000
20250102,20250103,SHSE.600768,600768.SH,宁波富邦,2,0.9851490718169886,0.9872492030751921,0.9846240390024377,0.9872492030751921,0.9846240390024377,36484.308,3.1224,115958.8224,,8.536292832908622,0.24200,5,5,0.22000
20250102,20250103,SZSE.300478,300478.SZ,杭州高新,3,0.9838739921245079,0.9831239452465779,0.9840615038439903,0.9831239452465779,0.9840615038439903,35486.634,3.0509,114259.046,,9.020000093646962,0.20900,5,5,0.19000
20250102,20250103,SHSE.688565,688565.SH,力源科技,4,0.9825614100881305,0.9758109881867617,0.9842490155634727,0.9758109881867617,0.9842490155634727,16151.386,1.8415,86908.0212,,5.7035436262859225,0.17600,5,5,0.16000
20250102,20250103,SHSE.688096,688096.SH,京源环保,5,0.9819238702418902,0.9816238514907182,0.9819988749296831,0.9816238514907182,0.9819988749296831,17525.047,1.4931,117472.9524,,5.477856709058984,0.15400,5,5,0.14000
20250103,20250106,SZSE.002848,002848.SZ,高斯贝尔,1,0.9946026986506747,0.9970014992503748,0.9940029985007496,0.9970014992503748,0.9940029985007496,76489.173,6.4978,117339.3,,7.019999819601367,0.26400,5,5,0.24000
20250103,20250106,SZSE.002354,002354.SZ,天娱数科,2,0.9914542728635684,0.9947526236881559,0.9906296851574213,0.9947526236881559,0.9906296851574213,997554.298,11.9386,825638.3242,,4.990000125842536,0.24200,5,5,0.22000
20250103,20250106,SZSE.000668,000668.SZ,荣丰控股,3,0.986656671664168,0.9550224887556222,0.9945652173913043,0.9550224887556222,0.9945652173913043,37369.669,4.1348,89133.0272,,6.069999886494057,0.20900,5,5,0.19000
20250103,20250106,SZSE.301040,301040.SZ,中环海陆,4,0.9865067466266867,0.9902548725637181,0.9855697151424287,0.9902548725637181,0.9855697151424287,44029.277,5.1862,114901.0065,,11.489999359261294,0.17600,5,5,0.16000
20250103,20250106,SHSE.600847,600847.SH,万里股份,5,0.985832083958021,0.9891304347826086,0.9850074962518741,0.9891304347826086,0.9850074962518741,33774.393,2.8268,116191.8492,,7.579999953412344,0.15400,5,5,0.14000
20250106,20250107,SHSE.605179,605179.SH,一鸣食品,1,1.0079279610194902,1.0003894302848575,1.0098125937031484,1.0003894302848575,1.0098125937031484,317838.838,4.4196,715384.0,,17.76517381716463,0.26400,5,5,0.24000
20250106,20250107,SZSE.002348,002348.SZ,高乐股份,2,1.0056686656671667,0.9983133433283359,1.0075074962518742,0.9983133433283359,1.0075074962518742,65564.133,2.6596,264268.8,,2.790000041846679,0.24200,5,5,0.22000
20250106,20250107,SHSE.688090,688090.SH,瑞松科技,3,0.9991064467766119,0.9625187406296851,1.0082533733133434,0.9625187406296851,1.0082533733133434,75111.943,2.4848,301422.3328,,24.57451962099355,0.20900,5,5,0.19000
20250106,20250107,SZSE.300551,300551.SZ,古鳌科技,4,0.9984632683658171,0.9602698650674663,1.0080116191904047,0.9602698650674663,1.0080116191904047,159512.05,6.0174,307028.6098,,8.879999925386539,0.17600,5,5,0.16000
20250106,20250107,SHSE.603669,603669.SH,灵康药业,5,0.995464767616192,0.9953148425787106,0.9955022488755623,0.9953148425787106,0.9955022488755623,66430.694,1.8547,359179.5145,,4.979999932173949,0.15400,5,5,0.14000
20250107,20250108,SHSE.605179,605179.SH,一鸣食品,1,1.0081938553765455,1.0009692768827276,1.01,1.0009692768827276,1.01,235138.197,3.2216,747063.0,,18.551860325884366,0.26400,5,5,0.24000
20250107,20250108,SHSE.603669,603669.SH,灵康药业,2,1.005793930310978,0.9968152866242038,1.0080385912326715,0.9968152866242038,1.0080385912326715,62741.117,1.7837,357015.7825,,4.949999932582539,0.24200,5,5,0.22000
20250107,20250108,SHSE.600579,600579.SH,中化装备,3,1.005690520794305,0.9975646309479206,1.007721993255901,0.9975646309479206,1.007721993255901,705131.365,14.4677,483828.6871,,9.780000084204934,0.20900,5,5,0.19000
20250107,20250108,SHSE.600807,600807.SH,济高发展,4,0.9977632071937056,0.9575683776695392,1.007811914574747,0.9575683776695392,1.007811914574747,300719.197,15.7289,220274.048,,2.4899999142568587,0.17600,5,5,0.16000
20250107,20250108,SZSE.300705,300705.SZ,九典制药,5,0.9977100037467217,0.9585987261146497,1.0074878231547397,0.9585987261146497,1.0074878231547397,351212.508,5.819,814751.0734,,15.567666871687843,0.15400,5,5,0.14000
20250108,20250109,SZSE.002848,002848.SZ,高斯贝尔,1,0.9950543274634696,0.9962532783814163,0.9947545897339828,0.9962532783814163,0.9947545897339828,54932.199,4.6957,121016.6,,7.239999813947849,0.26400,5,5,0.24000
20250108,20250109,SZSE.000668,000668.SZ,荣丰控股,2,0.9940801798426377,0.9943799175721244,0.994005245410266,0.9943799175721244,0.994005245410266,100079.16,10.0208,98677.7501,,6.719999874339384,0.24200,5,5,0.22000
20250108,20250109,SHSE.605179,605179.SH,一鸣食品,3,0.9907081303859124,0.9925065567628325,0.9902585237916823,0.9925065567628325,0.9902585237916823,397298.938,5.2346,776336.0,,19.278798492169688,0.20900,5,5,0.19000
20250108,20250109,SZSE.300665,300665.SZ,飞鹿股份,4,0.9902210565754965,0.9893218433870363,0.9904458598726115,0.9893218433870363,0.9904458598726115,48925.471,5.3464,113091.2903,,5.969999735421227,0.17600,5,5,0.16000
20250108,20250109,SZSE.000691,000691.SZ,亚太实业,5,0.9883102285500187,0.9527913076058449,0.9971899587860622,0.9527913076058449,0.9971899587860622,43591.062,4.2596,102799.86,,3.180000069488675,0.15400,5,5,0.14000
20250109,20250110,SZSE.000691,000691.SZ,亚太实业,1,1.0043963289005433,0.9910095523506275,1.0077430230380222,0.9910095523506275,1.0077430230380222,41164.245,3.978,103446.4,,3.200000069925711,0.26400,5,5,0.24000
20250109,20250110,SZSE.002848,002848.SZ,高斯贝尔,2,0.9938939876381346,0.994942873197228,0.9936317662483611,0.994942873197228,0.9936317662483611,51546.564,4.3022,122855.25,,7.34999981112109,0.24200,5,5,0.22000
20250109,20250110,SZSE.300478,300478.SZ,杭州高新,3,0.9881251170631205,0.9840794156209028,0.9891365424236749,0.9840794156209028,0.9891365424236749,23705.008,2.0843,113499.008,,8.960000093024032,0.20900,5,5,0.19000
20250109,20250110,SZSE.300665,300665.SZ,飞鹿股份,4,0.9880876568645814,0.9741524630080539,0.9915714553287133,0.9741524630080539,0.9915714553287133,29959.696,3.2483,115364.482,,6.08999973010306,0.17600,5,5,0.16000
20250109,20250110,SHSE.603316,603316.SH,诚邦股份,5,0.9879752762689643,0.9810825997377786,0.9896984454017607,0.9810825997377786,0.9896984454017607,24017.915,2.026,117597.48,,4.4500001108468465,0.15400,5,5,0.14000
20250110,20250113,SZSE.002848,002848.SZ,高斯贝尔,1,1.007333670411985,1.0004361423220973,1.009058052434457,1.0004361423220973,1.009058052434457,59423.588,5.0908,115500.65,,6.9099998224281265,0.26400,5,5,0.24000
20250110,20250113,SZSE.000691,000691.SZ,亚太实业,2,1.0033722846441948,0.9853932584269663,1.0078670411985018,0.9853932584269663,1.0078670411985018,42066.837,4.1585,98597.35,,3.0500000666479425,0.24200,5,5,0.22000
20250110,20250113,SHSE.600579,600579.SH,中化装备,3,0.9918352059925095,0.9928838951310861,0.9915730337078652,0.9928838951310861,0.9915730337078652,451442.274,10.2283,422484.3546,,8.540000073528644,0.20900,5,5,0.19000
20250110,20250113,SZSE.000668,000668.SZ,荣丰控股,4,0.9907116104868914,0.9910112359550561,0.9906367041198502,0.9910112359550561,0.9906367041198502,78511.546,7.3793,103964.0581,,7.079999867607565,0.17600,5,5,0.16000
20250110,20250113,SZSE.000890,000890.SZ,法尔胜,5,0.9897003745318353,0.9911985018726591,0.9893258426966293,0.9911985018726591,0.9893258426966293,24997.411,1.9939,122075.6547,,2.909999998459083,0.15400,5,5,0.14000
20250113,20250114,SHSE.600579,600579.SH,中化装备,1,1.006937827715356,0.996816479400749,1.0094681647940076,0.996816479400749,1.0094681647940076,386851.904,9.8654,390328.0513,,7.890000067932202,0.26400,5,5,0.24000
20250113,20250114,SZSE.300025,300025.SZ,华星创业,2,1.0066852434456928,1.0002501872659177,1.0082940074906366,1.0002501872659177,1.0082940074906366,175157.577,4.9327,425350.8828,,8.359999919821824,0.24200,5,5,0.22000
20250113,20250114,SHSE.600807,600807.SH,济高发展,3,1.0063520599250937,0.9955056179775281,1.009063670411985,0.9955056179775281,1.009063670411985,195190.177,9.6502,232658.9343,,2.6299999094359587,0.20900,5,5,0.19000
20250113,20250114,SZSE.300006,300006.SZ,莱美药业,4,1.006058988764045,1.000062734082397,1.007558052434457,1.000062734082397,1.007558052434457,118622.728,3.349,361121.6321,,3.4200000340189427,0.17600,5,5,0.16000
20250113,20250114,SZSE.002848,002848.SZ,高斯贝尔,5,0.9973782771535581,0.99812734082397,0.9971910112359551,0.99812734082397,0.9971910112359551,43756.603,3.9319,116169.25,,6.949999821400214,0.15400,5,5,0.14000
20250114,20250115,SZSE.000691,000691.SZ,亚太实业,1,1.0058723563541083,0.9985027138311809,1.00771476698484,0.9985027138311809,1.00771476698484,24862.796,2.2763,110881.61,,3.430000074951621,0.26400,5,5,0.24000
20250114,20250115,SZSE.002848,002848.SZ,高斯贝尔,2,0.9965188096574957,0.9983155530600786,0.99606962380685,0.9983155530600786,0.99606962380685,68300.987,5.7485,124526.75,,7.449999808551309,0.24200,5,5,0.22000
20250114,20250115,SHSE.688701,688701.SH,卓锦股份,3,0.9922889762305822,0.9898933183604717,0.9928878906981097,0.9898933183604717,0.9928878906981097,9245.882,1.3158,71167.0072,,5.299999704446027,0.20900,5,5,0.19000
20250114,20250115,SZSE.000668,000668.SZ,荣丰控股,4,0.9915403331461726,0.9779150290099196,0.9949466591802358,0.9779150290099196,0.9949466591802358,44625.427,4.22,106460.3703,,7.249999864428651,0.17600,5,5,0.16000
20250114,20250115,SZSE.300929,300929.SZ,华骐环保,5,0.9914280366835112,0.9953209807224406,0.9904548006737788,0.9953209807224406,0.9904548006737788,27724.953,2.7548,110331.0183,,8.350000224204628,0.15400,5,5,0.14000
20250115,20250116,SZSE.000691,000691.SZ,亚太实业,1,1.0059584658559402,0.9981290926099158,1.0079158091674463,0.9981290926099158,1.0079158091674463,107026.204,9.5997,110881.61,,3.430000074951621,0.26400,5,5,0.24000
20250115,20250116,SZSE.000668,000668.SZ,荣丰控股,2,0.9961459307764265,0.99644527595884,0.9960710944808232,0.99644527595884,0.9960710944808232,33722.222,3.1846,104551.4257,,7.119999866859585,0.24200,5,5,0.22000
20250115,20250116,SZSE.002848,002848.SZ,高斯贝尔,3,0.9947240411599626,0.9960710944808232,0.9943872778297475,0.9960710944808232,0.9943872778297475,55232.223,4.5543,124359.6,,7.439999808808287,0.20900,5,5,0.19000
20250115,20250116,SHSE.600768,600768.SH,宁波富邦,4,0.990420954162769,0.9850327408793265,0.9917680074836296,0.9850327408793265,0.9917680074836296,21332.837,1.8179,117697.536,,8.7660072764676,0.17600,5,5,0.16000
20250115,20250116,SHSE.688659,688659.SH,元琛科技,5,0.988643592142189,0.9873713751169317,0.9889616463985033,0.9873713751169317,0.9889616463985033,26404.541,2.477,106080.0,,6.6299997092226475,0.15400,5,5,0.14000
20250116,20250117,SZSE.000691,000691.SZ,亚太实业,1,1.0060198316183349,0.9958840037418147,1.008553788587465,0.9958840037418147,1.008553788587465,63930.875,5.6889,113467.77,,3.5100000766997637,0.26400,5,5,0.24000
20250116,20250117,SZSE.002848,002848.SZ,高斯贝尔,2,0.9977665855940132,1.0000583723105707,0.9971936389148737,1.0000583723105707,0.9971936389148737,48018.398,3.9159,125195.35,,7.489999807523396,0.24200,5,5,0.22000
20250116,20250117,SZSE.000668,000668.SZ,荣丰控股,3,0.9954536950420956,0.9944808231992517,0.9956969130028064,0.9944808231992517,0.9956969130028064,35804.328,3.3847,104257.7419,,7.099999867233575,0.20900,5,5,0.19000
20250116,20250117,SHSE.688701,688701.SH,卓锦股份,4,0.9925537885874649,0.9949485500467727,0.9919550982226379,0.9949485500467727,0.9919550982226379,7425.072,1.0268,71435.5619,,5.31999970333073,0.17600,5,5,0.16000
20250116,20250117,SHSE.688681,688681.SH,科汇股份,5,0.9902151543498597,0.9937324602432179,0.9893358278765201,0.9937324602432179,0.9893358278765201,12763.356,1.1112,114822.99,,10.773359731260282,0.15400,5,5,0.14000
20250117,20250120,SHSE.600579,600579.SH,中化装备,1,1.0078297474275024,1.0006529466791394,1.0096239476145932,1.0006529466791394,1.0096239476145932,246424.417,5.9551,410116.5456,,8.290000071376166,0.26400,5,5,0.24000
20250117,20250120,SZSE.000691,000691.SZ,亚太实业,2,1.007440972871843,1.000243217960711,1.0092404115996259,1.000243217960711,1.0092404115996259,41057.487,3.6793,110881.61,,3.430000074951621,0.24200,5,5,0.22000
20250117,20250120,SZSE.002848,002848.SZ,高斯贝尔,3,0.9947240411599627,0.9968194574368568,0.994200187090739,0.9968194574368568,0.994200187090739,50106.228,4.1768,122186.65,,7.309999812149002,0.20900,5,5,0.19000
20250117,20250120,SZSE.000668,000668.SZ,荣丰控股,4,0.9947240411599626,0.9930776426566885,0.9951356407857811,0.9930776426566885,0.9951356407857811,40076.563,3.9357,101908.2717,,6.9399998702254955,0.17600,5,5,0.16000
20250117,20250120,SHSE.688565,688565.SH,力源科技,5,0.9910944808231994,0.9921421889616464,0.9908325537885875,0.9921421889616464,0.9908325537885875,34762.787,3.9337,87667.7067,,5.753399776865344,0.15400,5,5,0.14000
20250120,20250121,SZSE.000691,000691.SZ,亚太实业,1,1.0070149700598803,1.0004079341317365,1.0086667290419162,1.0004079341317365,1.0086667290419162,15865.914,1.5883,99890.43,,3.090000067522014,0.26400,5,5,0.24000
20250120,20250121,SHSE.600579,600579.SH,中化装备,2,1.0054236526946108,0.9941991017964071,1.0082297904191617,0.9941991017964071,1.0082297904191617,239894.426,5.833,416547.8063,,8.420000072495455,0.24200,5,5,0.22000
20250120,20250121,SZSE.000668,000668.SZ,荣丰控股,3,0.9973428143712576,0.9986901197604791,0.9970059880239521,0.9986901197604791,0.9970059880239521,40041.183,4.0249,98677.7501,,6.719999874339384,0.20900,5,5,0.19000
20250120,20250121,SHSE.688511,688511.SH,天微电子,4,0.9970059880239522,0.9977544910179641,0.9968188622754491,0.9977544910179641,0.9968188622754491,96877.579,7.3771,132973.4707,,9.735059527015547,0.17600,5,5,0.16000
20250120,20250121,SZSE.002848,002848.SZ,高斯贝尔,5,0.9954715568862277,0.9968188622754491,0.9951347305389222,0.9968188622754491,0.9951347305389222,66101.151,5.5235,122353.8,,7.319999811892024,0.15400,5,5,0.14000
20250121,20250122,SZSE.000691,000691.SZ,亚太实业,1,1.0075591844369622,1.0008112607557051,1.0092461653572764,1.0008112607557051,1.0092461653572764,158905.128,17.3173,93425.03,,2.8900000631516574,0.26400,5,5,0.24000
20250121,20250122,SZSE.000668,000668.SZ,荣丰控股,2,0.9960718294051628,0.9953236064347175,0.996258885147774,0.9953236064347175,0.996258885147774,34304.165,3.5184,96328.2798,,6.559999877331303,0.24200,5,5,0.22000
20250121,20250122,SHSE.688565,688565.SH,力源科技,3,0.9953984287317621,0.9956977179199401,0.9953236064347175,0.9956977179199401,0.9953236064347175,17056.184,1.9318,90098.7003,,5.912939458719496,0.20900,5,5,0.19000
20250121,20250122,SHSE.688511,688511.SH,天微电子,4,0.9940142162364386,0.9955106621773289,0.9936401047512159,0.9955106621773289,0.9936401047512159,54331.209,4.2615,128194.7366,,9.385205825263427,0.17600,5,5,0.16000
20250121,20250122,SZSE.002848,002848.SZ,高斯贝尔,5,0.993789749345305,0.9958847736625515,0.9932659932659933,0.9958847736625515,0.9932659932659933,78970.465,6.6037,119512.25,,7.149999816260652,0.15400,5,5,0.14000
20250122,20250123,SZSE.002848,002848.SZ,高斯贝尔,1,1.0075999626168224,1.0009979439252337,1.0092504672897196,1.0009979439252337,1.0092504672897196,65975.436,5.7065,116503.55,,6.969999820886257,0.26400,5,5,0.24000
20250122,20250123,SZSE.000691,000691.SZ,亚太实业,2,1.0008089719626168,0.9702803738317757,1.008441121495327,0.9702803738317757,1.008441121495327,82304.996,9.2747,89222.52,,2.760000060310925,0.24200,5,5,0.22000
20250122,20250123,SHSE.688215,688215.SH,瑞晟智能,4,0.9952897196261682,0.9921495327102804,0.9960747663551401,0.9921495327102804,0.9960747663551401,16980.474,1.4621,116232.116,,12.805814416040157,0.17600,5,5,0.16000
20250122,20250123,SHSE.688511,688511.SH,天微电子,5,0.9896074766355141,0.9786915887850467,0.9923364485981309,0.9786915887850467,0.9923364485981309,32085.899,2.5523,127467.5379,,9.331967218475059,0.15400,5,5,0.14000
20250123,20250124,SZSE.000691,000691.SZ,亚太实业,1,1.0076749392636892,1.0006247430386843,1.0094374883199402,1.0006247430386843,1.0094374883199402,74346.707,8.2151,88575.98,,2.74000005987389,0.26400,5,5,0.24000
20250123,20250124,SZSE.002848,002848.SZ,高斯贝尔,2,1.007247654643992,1.0000581199775742,1.0090450383105962,1.0000581199775742,1.0090450383105962,26334.627,2.571,104803.05,,6.269999838874725,0.24200,5,5,0.22000
20250123,20250124,SZSE.000668,000668.SZ,荣丰控股,3,0.9944683236778172,0.99626238086339,0.994019809381424,0.99626238086339,0.994019809381424,71069.095,7.5013,90601.4461,,6.169999884624107,0.20900,5,5,0.19000
20250123,20250124,SHSE.688511,688511.SH,天微电子,4,0.9923752569613157,0.994767333208746,0.991777237899458,0.994767333208746,0.991777237899458,34658.012,2.6799,128298.6221,,9.392811340518906,0.17600,5,5,0.16000
20250123,20250124,SHSE.688215,688215.SH,瑞晟智能,5,0.9915529807512615,0.989908428331153,0.9919641188562885,0.989908428331153,0.9919641188562885,14424.541,1.2188,118001.884,,13.000797707641308,0.15400,5,5,0.14000
20250124,20250127,SZSE.000668,000668.SZ,荣丰控股,1,1.0078630516080778,1.0008111443530292,1.00962602842184,1.0008111443530292,1.00962602842184,107693.014,12.7983,81497.249,,5.549999896217795,0.26400,5,5,0.24000
20250124,20250127,SZSE.002398,002398.SZ,垒知集团,2,1.006092744951384,0.9968212415856395,1.0084106207928198,0.9968212415856395,1.0084106207928198,129658.326,4.4228,353197.6555,,4.885980675053332,0.24200,5,5,0.22000
20250124,20250127,SZSE.002848,002848.SZ,高斯贝尔,3,1.002441286462229,0.9784966342557966,1.008427449513837,0.9784966342557966,1.008427449513837,25618.572,2.7804,94272.6,,5.639999855064346,0.20900,5,5,0.19000
20250124,20250127,SZSE.000691,000691.SZ,亚太实业,4,0.9984906507105461,0.962228870605834,1.007556095736724,0.962228870605834,1.007556095736724,46618.052,5.2519,89222.52,,2.760000060310925,0.17600,5,5,0.16000
20250124,20250127,SHSE.688329,688329.SH,艾隆科技,5,0.9913986537023187,0.9928945400149589,0.9910246821241586,0.9928945400149589,0.9910246821241586,20517.374,2.6306,112094.4,,14.519999841669161,0.15400,5,5,0.14000
20250127,20250205,SHSE.600130,600130.SH,波导股份,1,1.0069874742942606,0.9988782950084127,1.0090147691157225,0.9988782950084127,1.0090147691157225,184743.069,7.4534,245250.0,,3.2700000744596522,0.26400,5,5,0.24000
20250127,20250205,SZSE.300025,300025.SZ,华星创业,2,1.0062151430173865,1.0000643110861842,1.007752851000187,1.0000643110861842,1.007752851000187,127566.647,3.4693,426368.4686,,8.379999919630011,0.24200,5,5,0.22000
20250127,20250205,SZSE.002848,002848.SZ,高斯贝尔,3,0.9999940175733782,0.9669097027481772,1.0082650962796784,0.9669097027481772,1.0082650962796784,140046.136,15.0238,94105.45,,5.629999855321324,0.20900,5,5,0.19000
20250127,20250205,SHSE.600228,600228.SH,返利科技,4,0.9965974948588522,0.9979435408487568,0.9962609833613759,0.9979435408487568,0.9962609833613759,184245.948,9.2828,200412.1962,,4.779999802441243,0.17600,5,5,0.16000
20250127,20250205,SZSE.002693,002693.SZ,双成药业,5,0.9957375210319687,0.998130491680688,0.9951392783697888,0.998130491680688,0.9951392783697888,167294.654,3.0572,541999.5033,,13.070000078281334,0.15400,5,5,0.14000
20250205,20250206,SZSE.000668,000668.SZ,荣丰控股,1,1.0079009157166885,1.0009996262380862,1.009626238086339,1.0009996262380862,1.009626238086339,99509.855,11.2594,86489.8732,,5.889999889859966,0.26400,5,5,0.24000
20250205,20250206,SZSE.002848,002848.SZ,高斯贝尔,2,1.0068772192113626,0.995888618949729,1.0096243692767708,0.995888618949729,1.0096243692767708,116548.107,11.9595,100791.45,,6.029999845042201,0.24200,5,5,0.22000
20250205,20250206,SZSE.301288,301288.SZ,清研环境,3,1.0046675387777986,0.9932722855541021,1.0075163520837227,0.9932722855541021,1.0075163520837227,76543.675,14.0753,128747.92,,11.920000134662958,0.20900,5,5,0.19000
20250205,20250206,SZSE.000691,000691.SZ,亚太实业,4,0.9976581199775744,1.0002509811250233,0.997009904690712,1.0002509811250233,0.997009904690712,57120.48,5.975,96657.73,,2.9900000653368366,0.17600,5,5,0.16000
20250206,20250207,SHSE.688701,688701.SH,卓锦股份,1,1.0071757519148141,1.0004294787969363,1.0088623201942835,1.0004294787969363,1.0088623201942835,16416.093,2.084,78955.0947,,5.879999672102385,0.26400,5,5,0.24000
20250206,20250207,SZSE.002848,002848.SZ,高斯贝尔,2,1.0035105548290677,0.982066131141416,1.0088716607509807,0.982066131141416,1.0088716607509807,98312.959,9.8919,103465.85,,6.189999840930551,0.24200,5,5,0.22000
20250206,20250207,SZSE.000691,000691.SZ,亚太实业,3,0.9970110218569027,0.9985055109284513,0.9966373995890155,0.9985055109284513,0.9966373995890155,69223.797,7.2243,95687.92,,2.9600000646812825,0.20900,5,5,0.19000
20250206,20250207,SHSE.688309,688309.SH,恒誉环保,4,0.9965626751354382,0.997758266392677,0.9962637773211284,0.997758266392677,0.9962637773211284,9068.605,0.8346,108894.6076,,13.533847212873358,0.17600,5,5,0.16000
20250206,20250207,SZSE.300929,300929.SZ,华骐环保,5,0.9958901550532412,0.9966373995890155,0.9957033439192976,0.9966373995890155,0.9957033439192976,17283.289,1.5835,117730.4638,,8.910000239241107,0.15400,5,5,0.14000
20250207,20250210,SZSE.002848,002848.SZ,高斯贝尔,1,1.0067800859331215,1.0006256304875771,1.0083186997945077,1.0006256304875771,1.0083186997945077,87494.686,8.3933,107143.15,,6.409999835277032,0.26400,5,5,0.24000
20250207,20250210,SHSE.600633,600633.SH,浙数文化,3,0.997652157668597,0.9579674948626938,1.0075733233700728,0.9579674948626938,1.0075733233700728,303025.743,1.7584,1723313.2074,,13.151736783669715,0.20900,5,5,0.19000
20250207,20250210,SHSE.688701,688701.SH,卓锦股份,4,0.995665981692509,0.9962637773211284,0.995516532785354,0.9962637773211284,0.995516532785354,8739.733,1.1043,79223.6495,,5.899999670987087,0.17600,5,5,0.16000
20250207,20250210,SZSE.000691,000691.SZ,亚太实业,5,0.9952176349710443,0.9947692882495797,0.9953297216514104,0.9947692882495797,0.9953297216514104,58718.418,6.0212,97950.81,,3.0300000662109072,0.15400,5,5,0.14000
20250210,20250211,SZSE.002848,002848.SZ,高斯贝尔,2,0.9958300653594772,1.0000653594771243,0.9947712418300654,1.0000653594771243,0.9947712418300654,94092.765,8.7002,113327.7,,6.779999825768843,0.24200,5,5,0.22000
20250210,20250211,SZSE.000691,000691.SZ,亚太实业,3,0.9948085901027078,0.9986928104575163,0.9938375350140056,0.9986928104575163,0.9938375350140056,64577.919,6.3438,103446.4,,3.200000069925711,0.20900,5,5,0.19000
20250210,20250211,SHSE.688701,688701.SH,卓锦股份,4,0.9941363211951448,0.996078431372549,0.9936507936507937,0.996078431372549,0.9936507936507937,7439.972,0.9255,81506.3648,,6.069999661507055,0.17600,5,5,0.16000
20250210,20250211,SHSE.688565,688565.SH,力源科技,5,0.9935014005602242,0.9958916900093371,0.9929038281979459,0.9958916900093371,0.9929038281979459,13517.433,1.4186,97391.6811,,6.391558504281952,0.15400,5,5,0.14000
20250211,20250212,SHSE.601005,601005.SH,重庆钢铁,1,1.0078592827792305,1.0008130369816959,1.009620844228614,1.0008130369816959,1.009620844228614,149625.115,1.2651,1248604.3174,,1.399999998729644,0.26400,5,5,0.24000
20250211,20250212,SHSE.688565,688565.SH,力源科技,2,1.006804632050803,0.9986925663055659,1.0088326484871124,0.9986925663055659,1.0088326484871124,12899.726,1.3482,96935.8698,,6.361644813934299,0.24200,5,5,0.22000
20250211,20250212,SZSE.002881,002881.SZ,美格智能,3,0.9989166977960404,0.961524094135226,1.008264848711244,0.961524094135226,1.008264848711244,238411.881,2.0317,1696737.751,,64.6196858518848,0.20900,5,5,0.19000
20250211,20250212,SZSE.002848,002848.SZ,高斯贝尔,4,0.997808965259619,1.0002514008218155,0.9971983563690698,1.0002514008218155,0.9971983563690698,83755.631,7.748,110820.45,,6.629999829623514,0.17600,5,5,0.16000
20250211,20250212,SHSE.688659,688659.SH,元琛科技,5,0.9936869630183042,0.9960776989166978,0.9930892790437056,0.9960776989166978,0.9930892790437056,17140.635,1.5078,114080.0,,7.129999687293737,0.15400,5,5,0.14000
20250212,20250213,SHSE.688701,688701.SH,卓锦股份,1,0.9953805565932013,1.0000630369816959,0.9942099364960777,1.0000630369816959,0.9942099364960777,9019.588,1.0732,83654.8028,,6.229999652584671,0.26400,5,5,0.24000
20250212,20250213,SZSE.000691,000691.SZ,亚太实业,2,0.9946955547254389,0.9988793425476279,0.9936496077698916,0.9988793425476279,0.9936496077698916,52486.086,5.19,100860.24,,3.120000068177568,0.24200,5,5,0.22000
20250212,20250213,SHSE.688565,688565.SH,力源科技,3,0.9944714232349645,0.9962644751587598,0.9940231602540157,0.9962644751587598,0.9940231602540157,18364.278,1.8764,100734.2973,,6.61092556683141,0.20900,5,5,0.19000
20250212,20250213,SZSE.002848,002848.SZ,高斯贝尔,4,0.9943593574897274,0.9986925663055659,0.9932760552857677,0.9986925663055659,0.9932760552857677,59659.372,5.507,110820.45,,6.629999829623514,0.17600,5,5,0.16000
20250212,20250213,SHSE.688659,688659.SH,元琛科技,5,0.9943593574897274,0.9964512514008218,0.9938363840119537,0.9964512514008218,0.9938363840119537,15741.271,1.3831,114080.0,,7.129999687293737,0.15400,5,5,0.14000
20250213,20250214,SHSE.688565,688565.SH,力源科技,1,0.9935760971055089,0.9947712418300654,0.9932773109243698,0.9947712418300654,0.9932773109243698,15205.573,1.5461,99366.8634,,6.52118449578845,0.26400,5,5,0.24000
20250213,20250214,SZSE.000691,000691.SZ,亚太实业,2,0.993389355742297,0.996078431372549,0.9927170868347339,0.996078431372549,0.9927170868347339,37226.869,3.704,99567.16,,3.0800000673034966,0.24200,5,5,0.22000
20250213,20250214,SHSE.688659,688659.SH,元琛科技,3,0.9922689075630253,0.9949579831932773,0.9915966386554622,0.9949579831932773,0.9915966386554622,15071.74,1.3429,111360.0,,6.959999694749567,0.20900,5,5,0.19000
20250213,20250214,SZSE.002848,002848.SZ,高斯贝尔,4,0.9916713352007471,0.9912231559290383,0.9917833800186742,0.9912231559290383,0.9917833800186742,56621.687,5.3034,109316.1,,6.539999831936316,0.17600,5,5,0.16000
20250213,20250214,SHSE.688309,688309.SH,恒誉环保,5,0.9912978524743232,0.9930905695611578,0.9908496732026144,0.9930905695611578,0.9908496732026144,6656.286,0.605,109374.672,,13.593511491548774,0.15400,5,5,0.14000
20250214,20250217,SHSE.688506,688506.SH,百利天恒,1,0.9984579753455362,0.9594695554725439,1.008205080313784,0.9594695554725439,1.008205080313784,293414.727,1.7628999948501587,7324666.0,9.381500244140625,182.66000366210938,0.26400,5,5,0.24000
20250214,20250217,SZSE.002848,002848.SZ,高斯贝尔,3,0.9960160627568173,1.0002521479267836,0.9949570414643257,1.0002521479267836,0.9949570414643257,68650.297,6.5787,104970.2,,6.279999838617748,0.20900,5,5,0.19000
20250214,20250217,SHSE.688701,688701.SH,卓锦股份,4,0.993761673515129,0.9957041464325738,0.9932760552857677,0.9957041464325738,0.9932760552857677,13892.784,1.6419,85266.1312,,6.349999645892882,0.17600,5,5,0.16000
20250214,20250217,SHSE.688021,688021.SH,奥福科技,5,0.9924542398206948,0.9951438177063877,0.9917818453492716,0.9951438177063877,0.9917818453492716,9973.554,1.2037,82679.6418,,10.820000293089057,0.15400,5,5,0.14000
20250217,20250218,SZSE.002848,002848.SZ,高斯贝尔,1,1.0061827174318774,1.0006261664800298,1.0075718551698394,1.0006261664800298,1.0075718551698394,39906.664,3.5901,115500.65,,6.9099998224281265,0.26400,5,5,0.24000
20250217,20250218,SZSE.300069,300069.SZ,金利华电,2,0.9989354236655469,0.96173945502053,1.008234415826801,0.96173945502053,1.008234415826801,8889.725,0.4722,188253.0,,16.089999343790502,0.24200,5,5,0.22000
20250217,20250218,SHSE.688701,688701.SH,卓锦股份,3,0.9966405375139978,0.9988801791713325,0.996080627099664,0.9988801791713325,0.996080627099664,11948.938,1.3884,86608.9049,,6.449999640316392,0.20900,5,5,0.19000
20250217,20250218,SHSE.688565,688565.SH,力源科技,4,0.9963045912653977,0.9986935423665547,0.9957073534901083,0.9986935423665547,0.9957073534901083,13602.265,1.3639,102101.7312,,6.70066663787437,0.17600,5,5,0.16000
20250217,20250218,SZSE.000691,000691.SZ,亚太实业,5,0.9959686450167974,0.9985069055617768,0.9953340798805524,0.9985069055617768,0.9953340798805524,89838.988,8.8277,104092.94,,3.2200000703627465,0.15400,5,5,0.14000
20250218,20250219,SZSE.000096,000096.SZ,广聚能源,1,0.9984453985439611,0.9596789247713272,1.0081370169871195,0.9596789247713272,1.0081370169871195,53959.791,0.689,809424.0,,15.24620614793815,0.26400,5,5,0.24000
20250218,20250219,SZSE.000691,000691.SZ,亚太实业,2,0.9965652417397797,0.9985066268433825,0.996079895463879,0.9985066268433825,0.996079895463879,77667.797,7.4399,103123.13,,3.1900000697071933,0.24200,5,5,0.22000
20250218,20250219,SHSE.688565,688565.SH,力源科技,3,0.9958558894903865,0.9964532387530334,0.9957065521747247,0.9964532387530334,0.9957065521747247,14264.54,1.4495,98607.1779,,6.471328345209027,0.20900,5,5,0.19000
20250218,20250219,SHSE.688701,688701.SH,卓锦股份,4,0.9958558894903864,0.9942131790181071,0.9962665671084562,0.9942131790181071,0.9962665671084562,9188.346,1.0895,83654.8028,,6.229999652584671,0.17600,5,5,0.16000
20250218,20250219,SHSE.688021,688021.SH,奥福科技,5,0.9943998506626844,0.9943998506626843,0.9943998506626843,0.9943998506626843,0.9943998506626843,11093.489,1.3417,81762.6772,,10.700000289838531,0.15400,5,5,0.14000
20250219,20250220,SHSE.688659,688659.SH,元琛科技,1,1.0056255366809783,0.9962665671084562,1.0079652790741087,0.9962665671084562,1.0079652790741087,16818.448,1.4915,113440.0,,7.0899996890480494,0.26400,5,5,0.24000
20250219,20250220,SHSE.688565,688565.SH,力源科技,3,0.9971376890050402,1.0006221765913756,0.9962665671084562,1.0006221765913756,0.9962665671084562,14924.066,1.5196,99822.6747,,6.5510981861361035,0.20900,5,5,0.19000
20250219,20250220,SHSE.688701,688701.SH,卓锦股份,4,0.9969759193578496,0.9975732686204966,0.9968265820421878,0.9975732686204966,0.9968265820421878,8133.601,0.9579,84729.0217,,6.309999648123478,0.17600,5,5,0.16000
20250219,20250220,SZSE.000691,000691.SZ,亚太实业,5,0.9958185551614711,0.9985066268433825,0.9951465372409931,0.9985066268433825,0.9951465372409931,60887.009,5.9334,101830.05,,3.150000068833122,0.15400,5,5,0.14000
20250220,20250221,SZSE.000691,000691.SZ,亚太实业,2,1.0040388349514562,0.9904779686333084,1.0074290515309932,0.9904779686333084,1.0074290515309932,36608.454,3.5964,102476.59,,3.170000069270157,0.24200,5,5,0.22000
20250220,20250221,SHSE.688659,688659.SH,元琛科技,3,1.0030619865571322,0.9848767737117252,1.007608289768484,0.9848767737117252,1.007608289768484,20333.652,1.7757,115360.0,,7.209999683785112,0.20900,5,5,0.19000
20250220,20250221,SZSE.002848,002848.SZ,高斯贝尔,4,0.9978845407020165,1.0006250933532488,0.9971994025392084,1.0006250933532488,0.9971994025392084,106114.963,9.3227,116336.4,,6.959999821143236,0.17600,5,5,0.16000
20250220,20250221,SHSE.688565,688565.SH,力源科技,5,0.995444361463779,0.9966392830470501,0.9951456310679612,0.9966392830470501,0.9951456310679612,17236.201,1.7686,99214.9263,,6.511213265672565,0.15400,5,5,0.14000
20250221,20250224,SHSE.688659,688659.SH,元琛科技,2,1.0077978723404255,1.0005720418066442,1.0096043299738708,1.0005720418066442,1.0096043299738708,20873.493,1.8254,114880.0,,7.179999685100846,0.24200,5,5,0.22000
20250221,20250224,SHSE.688701,688701.SH,卓锦股份,3,0.9974684957073535,1.0000337812616649,0.9968271743187757,1.0000337812616649,0.9968271743187757,7494.436,0.8927,84191.9122,,6.269999650354073,0.20900,5,5,0.19000
20250221,20250224,SZSE.000691,000691.SZ,亚太实业,4,0.9969458379992535,1.0004066815976111,0.996080627099664,1.0004066815976111,0.996080627099664,49992.382,4.9575,100536.97,,3.1100000679590503,0.17600,5,5,0.16000
20250221,20250224,SHSE.688565,688565.SH,力源科技,5,0.9966405375139978,0.9973870847331093,0.9964539007092199,0.9973870847331093,0.9964539007092199,18307.259,1.8834,98759.115,,6.481299575324912,0.15400,5,5,0.14000
20250224,20250225,SHSE.688659,688659.SH,元琛科技,1,1.0038543417366947,0.9833800186741363,1.0089729225023343,0.9833800186741363,1.0089729225023343,20616.186,1.7872,115840.0,,7.239999682469377,0.26400,5,5,0.24000
20250224,20250225,SZSE.002527,002527.SZ,新时达,2,1.000255462184874,0.9675070028011205,1.0084425770308123,0.9675070028011205,1.0084425770308123,149898.69,1.5737,1193510.3238,,18.00000035660315,0.24200,5,5,0.22000
20250224,20250225,SZSE.002848,002848.SZ,高斯贝尔,3,0.9970494864612512,0.9986928104575163,0.9966386554621849,0.9986928104575163,0.9966386554621849,106719.36,9.5605,114497.75,,6.849999823969995,0.20900,5,5,0.19000
20250224,20250225,SHSE.688701,688701.SH,卓锦股份,4,0.995966386554622,0.9940242763772176,0.9964519140989729,0.9940242763772176,0.9964519140989729,7612.81,0.8893,85131.8538,,6.33999964645053,0.17600,5,5,0.16000
20250224,20250225,SHSE.688565,688565.SH,力源科技,5,0.9957422969187675,0.9943977591036415,0.996078431372549,0.9943977591036415,0.996078431372549,26888.419,2.702,101342.0457,,6.650810487294948,0.15400,5,5,0.14000
20250225,20250226,SHSE.688659,688659.SH,元琛科技,1,1.0074066878385952,0.9988791331963385,1.0095385764991593,0.9988791331963385,1.0095385764991593,10911.951,0.9502,114240.0,,7.139999686855159,0.26400,5,5,0.24000
20250225,20250226,SZSE.002848,002848.SZ,高斯贝尔,2,1.0068156921352513,1.0008036614982252,1.0083186997945077,1.0008036614982252,1.0083186997945077,153067.215,13.1632,118007.9,,7.059999818573454,0.24200,5,5,0.22000
20250225,20250226,SZSE.000691,000691.SZ,亚太实业,3,1.0063302073603586,1.000625443676443,1.0077563982813376,1.000625443676443,1.0077563982813376,42950.733,4.2205,101183.51,,3.1300000683960856,0.20900,5,5,0.19000
20250225,20250226,SHSE.688016,688016.SH,心脉医疗,4,1.0025540818232768,0.9772090416588829,1.008890341864375,0.9772090416588829,1.008890341864375,954440.307,7.8076,1183932.6338,,93.58157631876722,0.17600,5,5,0.16000
20250225,20250226,SHSE.688701,688701.SH,卓锦股份,5,0.9964132262282832,0.9985055109284513,0.9958901550532412,0.9985055109284513,0.9958901550532412,8196.923,0.9675,83923.3575,,6.2499996514693725,0.15400,5,5,0.14000
20250226,20250227,SZSE.000691,000691.SZ,亚太实业,1,1.0065469181920061,1.0009602166604408,1.0079435935748973,1.0009602166604408,1.0079435935748973,42267.029,4.1273,103123.13,,3.1900000697071933,0.26400,5,5,0.24000
20250226,20250227,SHSE.605100,605100.SH,华丰股份,2,0.9977213298468437,0.9561075831154278,1.0081247665296975,0.9561075831154278,1.0081247665296975,169629.027,4.7693,358179.276,,14.748489316103125,0.24200,5,5,0.22000
20250226,20250227,SHSE.688701,688701.SH,卓锦股份,3,0.9967188644004483,1.0000306313036982,0.9958909226746357,1.0000306313036982,0.9958909226746357,8705.131,1.0274,84594.7444,,6.299999648681127,0.20900,5,5,0.19000
20250226,20250227,SHSE.688565,688565.SH,力源科技,4,0.9963018304071722,0.9986925663055659,0.9957041464325738,0.9986925663055659,0.9957041464325738,12360.908,1.2276,102405.6054,,6.720609098106139,0.17600,5,5,0.16000
20250226,20250227,SZSE.002848,002848.SZ,高斯贝尔,5,0.9953305939484499,0.998319013821442,0.9945834889802018,0.998319013821442,0.9945834889802018,86315.153,7.5924,116336.4,,6.959999821143236,0.15400,5,5,0.14000
20250227,20250228,SHSE.688701,688701.SH,卓锦股份,1,0.9970104633781764,0.9962630792227205,0.9971973094170403,0.9962630792227205,0.9971973094170403,9650.962,1.1416,84863.2991,,6.3199996475658295,0.26400,5,5,0.24000
20250227,20250228,SHSE.688565,688565.SH,力源科技,2,0.9969730941704036,0.9968236173393124,0.9970104633781763,0.9968236173393124,0.9970104633781763,20746.798,2.0591,103621.1022,,6.800378939033216,0.24200,5,5,0.22000
20250227,20250228,SHSE.688659,688659.SH,元琛科技,3,0.9963004484304934,0.9964499252615845,0.9962630792227205,0.9964499252615845,0.9962630792227205,17830.757,1.5612,114400.0,,7.149999686416582,0.20900,5,5,0.19000
20250227,20250228,SZSE.002848,002848.SZ,高斯贝尔,4,0.9959267563527654,0.9975710014947683,0.9955156950672646,0.9975710014947683,0.9955156950672646,81113.448,7.3012,113996.3,,6.81999982474093,0.17600,5,5,0.16000
20250227,20250228,SZSE.000691,000691.SZ,亚太实业,5,0.9955156950672646,0.9977578475336323,0.9949551569506726,0.9977578475336323,0.9949551569506726,47350.937,4.6452,102476.59,,3.170000069270157,0.15400,5,5,0.14000
20250228,20250303,SHSE.688758,688758.SH,赛分科技,1,1.007433588641883,0.9981318886605641,1.0097590136372128,0.9981318886605641,1.0097590136372128,124113.862,18.352,699243.197,,16.72144208744149,0.26400,5,5,0.24000
20250228,20250303,SZSE.002730,002730.SZ,电光科技,2,1.0055146646740147,0.9906594433028209,1.009228470016813,0.9906594433028209,1.009228470016813,346803.184,5.4905,648122.9852,,17.76723037492097,0.24200,5,5,0.22000
20250228,20250303,SZSE.002848,002848.SZ,高斯贝尔,3,0.9969362974033253,0.9966373995890155,0.9970110218569027,0.9966373995890155,0.9970110218569027,109017.408,9.6983,116670.7,,6.97999982062928,0.20900,5,5,0.19000
20250228,20250303,SHSE.688565,688565.SH,力源科技,4,0.9955538950121428,0.9949560993835233,0.9957033439192976,0.9949560993835233,0.9957033439192976,16052.186,1.6106,99822.6747,,6.5510981861361035,0.17600,5,5,0.16000
20250228,20250303,SZSE.000691,000691.SZ,亚太实业,5,0.9941714926209603,0.9962637773211284,0.9936484214459181,0.9962637773211284,0.9936484214459181,41191.267,4.0445,100536.97,,3.1100000679590503,0.15400,5,5,0.14000
20250303,20250304,SHSE.688565,688565.SH,力源科技,1,0.9956643618015324,0.995514857036068,0.9957017379928985,0.995514857036068,0.9957017379928985,19189.948,1.9351,99822.6747,,6.5510981861361035,0.26400,5,5,0.24000
20250303,20250304,SHSE.688701,688701.SH,卓锦股份,2,0.9953279760792375,0.9975705475612036,0.994767333208746,0.9975705475612036,0.994767333208746,10144.386,1.1966,84057.6349,,6.259999650911722,0.24200,5,5,0.22000
20250303,20250304,SHSE.688021,688021.SH,奥福科技,3,0.995103718931041,0.9979443094748646,0.994393571295085,0.9979443094748646,0.994393571295085,19785.096,2.2934,86500.3276,,11.320000306632915,0.20900,5,5,0.19000
20250303,20250304,SZSE.000691,000691.SZ,亚太实业,4,0.9941319379555225,0.9968230237338815,0.9934591665109326,0.9968230237338815,0.9934591665109326,40647.918,3.9958,101183.51,,3.1300000683960856,0.17600,5,5,0.16000
20250303,20250304,SHSE.688309,688309.SH,恒誉环保,5,0.9937955522332275,0.996636142777051,0.9930854045972716,0.996636142777051,0.9930854045972716,11429.658,0.9947,114735.3911,,14.259762603424244,0.15400,5,5,0.14000
20250304,20250305,SZSE.002848,002848.SZ,高斯贝尔,1,1.0078991219876705,1.0009975714552588,1.0096245096207734,1.0009975714552588,1.0096245096207734,65957.743,5.8644,114832.05,,6.869999823456039,0.26400,5,5,0.24000
20250304,20250305,SZSE.000668,000668.SZ,荣丰控股,2,1.0075167943209415,1.0006177844199515,1.009241546796189,1.0006177844199515,1.009241546796189,24027.337,2.8743,83993.5611,,5.71999989303888,0.24200,5,5,0.22000
20250304,20250305,SZSE.000691,000691.SZ,亚太实业,3,1.0072834298524191,1.0002430412852605,1.0090435269942089,1.0002430412852605,1.0090435269942089,38834.859,3.8098,102799.86,,3.180000069488675,0.20900,5,5,0.19000
20250304,20250305,SHSE.688205,688205.SH,德科立,4,0.9952549971978331,0.9971978329908463,0.9947692882495797,0.9971978329908463,0.9947692882495797,318464.994,6.8366,835369.4208,,52.88278371250053,0.17600,5,5,0.16000
20250304,20250305,SHSE.688565,688565.SH,力源科技,5,0.9946198393424248,0.993274799178031,0.9949560993835233,0.993274799178031,0.9949560993835233,18955.583,1.8757,103924.9764,,6.8203213992649845,0.15400,5,5,0.14000
20250305,20250306,SZSE.002848,002848.SZ,高斯贝尔,1,1.0074820627802692,1.0004372197309417,1.009243273542601,1.0004372197309417,1.009243273542601,71384.218,6.5254,113160.55,,6.76999982602582,0.26400,5,5,0.24000
20250305,20250306,SZSE.000668,000668.SZ,荣丰控股,2,1.0072908071748878,1.0002432735426008,1.0090526905829595,1.0002432735426008,1.0090526905829595,24927.968,3.0343,82965.6679,,5.649999894347846,0.24200,5,5,0.22000
20250305,20250306,SZSE.000691,000691.SZ,亚太实业,3,1.0065291479820628,0.9986920777279522,1.0084884155455904,0.9986920777279522,1.0084884155455904,45206.255,4.4889,101183.51,,3.1300000683960856,0.20900,5,5,0.19000
20250305,20250306,SHSE.688701,688701.SH,卓锦股份,5,0.9940209267563528,0.9955156950672646,0.9936472346786248,0.9955156950672646,0.9936472346786248,10902.835,1.2908,84594.7444,,6.299999648681127,0.15400,5,5,0.14000
20250306,20250307,SHSE.603300,603300.SH,海南华铁,1,1.0074134205607477,1.0008128971962618,1.009063551401869,1.0008128971962618,1.009063551401869,428665.138,1.8635,2300294.1175,,11.626533396499834,0.26400,5,5,0.24000
20250306,20250307,SZSE.000691,000691.SZ,亚太实业,2,1.006924448598131,1.0006185046728973,1.0085009345794393,1.0006185046728973,1.0085009345794393,68241.724,6.6286,103446.4,,3.200000069925711,0.24200,5,5,0.22000
20250306,20250307,SZSE.002848,002848.SZ,高斯贝尔,3,1.0066258691588785,1.0000601869158878,1.008267289719626,1.0000601869158878,1.008267289719626,54854.978,4.953,113327.7,,6.779999825768843,0.20900,5,5,0.19000
20250306,20250307,SZSE.000668,000668.SZ,荣丰控股,4,1.004321495327103,0.9882242990654205,1.0083457943925234,0.9882242990654205,1.0083457943925234,22059.348,2.6614,83406.1935,,5.679999893786859,0.17600,5,5,0.16000
20250306,20250307,SHSE.603596,603596.SH,伯特利,5,0.9957009345794392,0.9949532710280374,0.9958878504672897,0.9949532710280374,0.9958878504672897,652958.956,1.7366000413894653,3805855.3955,2.225990056991577,41.77693178355652,0.15400,5,5,0.14000
20250307,20250310,SZSE.000668,000668.SZ,荣丰控股,1,1.0075155514018692,0.9999927102803738,1.009396261682243,0.9999927102803738,1.009396261682243,22558.772,2.7454,82231.4584,,5.599999895282819,0.26400,5,5,0.24000
20250307,20250310,SZSE.002848,002848.SZ,高斯贝尔,2,1.0073738691588785,1.00062261682243,1.0090616822429905,1.00062261682243,1.0090616822429905,50288.409,4.5954,110653.3,,6.619999829880492,0.24200,5,5,0.22000
20250307,20250310,SHSE.600168,600168.SH,武汉控股,3,1.0063753271028038,0.9958878504672897,1.0089971962616822,0.9958878504672897,1.0089971962616822,22487.932,0.4546,494711.9894,,4.948091287495007,0.20900,5,5,0.19000
20250307,20250310,SZSE.002093,002093.SZ,国脉科技,4,1.002667663551402,0.982803738317757,1.007633644859813,0.982803738317757,1.007633644859813,141541.66,1.4114,1003470.0,,9.776291670796754,0.17600,5,5,0.16000
20250307,20250310,SZSE.301306,301306.SZ,西测测试,5,0.9987708411214954,0.9667289719626169,1.006781308411215,0.9667289719626169,1.006781308411215,139089.354,7.9128,375580.0,,44.49999771745082,0.15400,5,5,0.14000
20250310,20250311,SZSE.002848,002848.SZ,高斯贝尔,1,1.0073991028037383,1.0008085981308412,1.0090467289719627,1.0008085981308412,1.0090467289719627,41844.581,3.8264,112324.8,,6.71999982731071,0.26400,5,5,0.24000
20250310,20250311,SZSE.000691,000691.SZ,亚太实业,2,1.0072114392523364,1.0006104672897196,1.0088616822429906,1.0006104672897196,1.0088616822429906,66170.147,6.376,103769.67,,3.2100000701442286,0.24200,5,5,0.22000
20250310,20250311,SZSE.301306,301306.SZ,西测测试,3,1.0058945794392524,0.9979439252336448,1.0078822429906542,0.9979439252336448,1.0078822429906542,92203.818,5.315,370094.0,,43.84999775079142,0.20900,5,5,0.19000
20250310,20250311,SZSE.000668,000668.SZ,荣丰控股,4,1.0049899065420562,0.9899065420560748,1.0087607476635514,0.9899065420560748,1.0087607476635514,78462.871,9.0355,90454.6042,,6.159999884811102,0.17600,5,5,0.16000
20250311,20250312,SZSE.002693,002693.SZ,双成药业,1,1.0072506258172986,1.0000640762189426,1.0090472632168876,1.0000640762189426,1.0090472632168876,104472.907,2.0431,515459.3593,,12.430000074448124,0.26400,5,5,0.24000
20250311,20250312,SZSE.002848,002848.SZ,高斯贝尔,2,1.0071092097889034,1.0007991780310106,1.0086867177283765,1.0007991780310106,1.0086867177283765,60692.996,5.432,113829.15,,6.809999824997907,0.24200,5,5,0.22000
20250311,20250312,SZSE.301306,301306.SZ,西测测试,3,1.0053173921165701,0.9949560993835233,1.007907715299832,0.9949560993835233,1.007907715299832,107245.207,6.1736,375580.0,,44.49999771745082,0.20900,5,5,0.19000
20250311,20250312,SZSE.000691,000691.SZ,亚太实业,4,1.002679618905287,0.9813188866056417,1.008019801980198,0.9813188866056417,1.008019801980198,51869.321,5.0733,102799.86,,3.180000069488675,0.17600,5,5,0.16000
20250312,20250313,SZSE.002693,002693.SZ,双成药业,1,1.0080504484304933,1.0009996263079222,1.009813153961136,1.0009996263079222,1.009813153961136,122519.31,2.6615,464037.8303,,11.19000006702128,0.26400,5,5,0.24000
20250312,20250313,SZSE.002848,002848.SZ,高斯贝尔,2,1.0075222346786248,1.0006156576980567,1.0092488789237668,1.0006156576980567,1.0092488789237668,86071.243,7.5363,117005.0,,6.999999820115324,0.24200,5,5,0.22000
20250312,20250313,SHSE.688205,688205.SH,德科立,3,1.0068874439461883,1.0004387144992526,1.0084996263079222,1.0004387144992526,1.0084996263079222,503052.899,10.6494,831138.1719,,52.614925907878614,0.20900,5,5,0.19000
20250312,20250313,SZSE.000668,000668.SZ,荣丰控股,4,1.0057428998505231,0.9938340807174888,1.0087201046337817,0.9938340807174888,1.0087201046337817,53842.363,6.1884,86343.0313,,5.879999890046961,0.17600,5,5,0.16000
20250313,20250314,SHSE.688205,688205.SH,德科立,1,1.0079011580127006,1.001,1.0096264475158758,1.001,1.0096264475158758,402352.514,8.8102,796079.2526,,50.395532669582636,0.26400,5,5,0.24000
20250313,20250314,SZSE.002848,002848.SZ,高斯贝尔,2,1.0071187896899514,1.000225999252895,1.0088419872992156,1.000225999252895,1.0088419872992156,62845.25,5.5809,115500.65,,6.9099998224281265,0.24200,5,5,0.22000
20250313,20250314,SZSE.000668,000668.SZ,荣丰控股,3,1.004768023907359,0.9906611878968995,1.0082947329099738,0.9906611878968995,1.0082947329099738,40115.273,4.7498,84434.0868,,5.749999892477896,0.20900,5,5,0.19000
20250313,20250314,SZSE.000691,000691.SZ,亚太实业,4,1.0005274561075832,0.9712364587224505,1.0078502054538663,0.9712364587224505,1.0078502054538663,70236.097,7.309,96334.46,,2.9800000651183183,0.17600,5,5,0.16000
20250313,20250314,SZSE.300511,300511.SZ,雪榕生物,5,0.9985222263728054,0.9602166604407919,1.0080986178558087,0.9602166604407919,1.0080986178558087,44629.754,2.1967,242426.3635,,4.86,0.15400,5,5,0.14000
20250314,20250317,SHSE.688205,688205.SH,德科立,1,1.0061957415016811,0.9956107583115428,1.0088419872992156,0.9956107583115428,1.0088419872992156,349348.503,7.6344,825456.2091,,52.25523114167202,0.26400,5,5,0.24000
20250314,20250317,SZSE.002848,002848.SZ,高斯贝尔,2,1.0041666044079194,0.9888868135973105,1.0079865521105715,0.9888868135973105,1.0079865521105715,82263.36,7.1356,118342.2,,7.079999818059498,0.24200,5,5,0.22000
20250314,20250317,SZSE.000668,000668.SZ,荣丰控股,3,1.0025595816212178,0.9826298094882331,1.007542024654464,0.9826298094882331,1.007542024654464,50699.034,5.8811,86930.3989,,5.919999889298981,0.20900,5,5,0.19000
20250314,20250317,SZSE.000691,000691.SZ,亚太实业,4,1.0010369816959284,0.9749719835636907,1.0075532312289877,0.9749719835636907,1.0075532312289877,59415.414,6.2831,95687.92,,2.9600000646812825,0.17600,5,5,0.16000
20250317,20250318,SHSE.688205,688205.SH,德科立,1,1.0078620818538593,1.0008129321622126,1.0096243692767708,1.0008129321622126,1.0096243692767708,356819.878,7.7079,822071.21,,52.040944897974484,0.26400,5,5,0.24000
20250317,20250318,SZSE.000668,000668.SZ,荣丰控股,2,1.007313436740796,1.0003272285554101,1.0090599887871425,1.0003272285554101,1.0090599887871425,76570.6,8.6343,89573.5529,,6.099999885933071,0.24200,5,5,0.22000
20250317,20250318,SZSE.000612,000612.SZ,焦作万方,3,1.0064027658381611,1.0002515417678939,1.007940571855728,1.0002515417678939,1.007940571855728,49548.248,0.5231,947798.5182,,7.609487651731226,0.20900,5,5,0.19000
20250317,20250318,SZSE.000691,000691.SZ,亚太实业,4,1.0062089329097363,0.99626238086339,1.008695570921323,0.99626238086339,1.008695570921323,74986.373,7.7659,96334.46,,2.9800000651183183,0.17600,5,5,0.16000
20250317,20250318,SZSE.002329,002329.SZ,皇氏集团,5,1.0040381237151934,0.9859839282377125,1.0085516725845636,0.9859839282377125,1.0085516725845636,53710.368,2.0528,345012.586,,3.970000048985805,0.15400,5,5,0.14000
20250318,20250319,SZSE.000668,000668.SZ,荣丰控股,1,1.0071016987119656,1.000780100802688,1.008682098189285,1.000780100802688,1.008682098189285,43061.753,4.8721,87517.7664,,5.9599998885510015,0.26400,5,5,0.24000
20250318,20250319,SZSE.000691,000691.SZ,亚太实业,2,1.0040589882396864,0.9884263580362143,1.0079671457905544,0.9884263580362143,1.0079671457905544,56939.788,5.9054,96334.46,,2.9800000651183183,0.24200,5,5,0.22000
20250318,20250319,SHSE.688205,688205.SH,德科立,3,1.0026059361582975,0.9802128056748179,1.0082042187791673,0.9802128056748179,1.0082042187791673,351010.637,7.6725,827753.1728,,52.40063966418107,0.20900,5,5,0.19000
20250318,20250319,SHSE.603776,603776.SH,永安行,4,1.0004838529027442,0.9686391637110323,1.008445025200672,0.9686391637110323,1.008445025200672,8747.194,0.1976,442646.9723,,18.22116471270966,0.17600,5,5,0.16000
20250318,20250319,SZSE.002342,002342.SZ,巨力索具,5,1.000285234272914,0.9690125070001867,1.0081034160910958,0.9690125070001867,1.0081034160910958,144080.778,3.0675,472320.0,,4.915641002433817,0.15400,5,5,0.14000
20250319,20250320,SHSE.688205,688205.SH,德科立,1,1.0069270214752568,1.0006257703081232,1.00850233426704,1.0006257703081232,1.00850233426704,610109.925,13.9674,765251.5823,,48.4439972359086,0.26400,5,5,0.24000
20250319,20250320,SZSE.002693,002693.SZ,双成药业,2,1.0061535014005605,0.9985060690943044,1.0080653594771243,0.9985060690943044,1.0080653594771243,421855.589,9.4021,447450.2403,,10.790000064625524,0.24200,5,5,0.22000
20250319,20250320,SZSE.000668,000668.SZ,荣丰控股,3,1.0042741363211953,0.9919701213818861,1.0073501400560225,0.9919701213818861,1.0073501400560225,28319.425,3.25,87077.2408,,5.929999889111985,0.20900,5,5,0.19000
20250319,20250320,SZSE.300766,300766.SZ,每日互动,4,1.004250233426704,0.9869281045751634,1.008580765639589,0.9869281045751634,1.008580765639589,1651595.338,10.3504,1738894.0045,,44.34000050091909,0.17600,5,5,0.16000
20250319,20250320,SZSE.000691,000691.SZ,亚太实业,5,1.0036765639589171,0.988795518207283,1.0073968253968255,0.988795518207283,1.0073968253968255,45777.02,4.7297,97627.54,,3.0200000659923893,0.15400,5,5,0.14000
20250320,20250321,SHSE.688205,688205.SH,德科立,1,1.0074144110509615,1.0008129550121336,1.0090647750606683,1.0008129550121336,1.0090647750606683,209630.936,4.844,766339.6177,,48.5128749570971,0.26400,5,5,0.24000
20250320,20250321,SZSE.000691,000691.SZ,亚太实业,2,1.007008848235953,1.0003681164831062,1.0086690311741646,1.0003681164831062,1.0086690311741646,121774.051,12.0313,99567.16,,3.0800000673034966,0.24200,5,5,0.22000
20250320,20250321,SZSE.000668,000668.SZ,荣丰控股,3,1.0064667911144296,1.0006109762927011,1.0079307448198618,1.0006109762927011,1.0079307448198618,30962.697,3.5158,87811.4502,,5.979999888177012,0.20900,5,5,0.19000
20250320,20250321,SZSE.002693,002693.SZ,双成药业,4,1.0050610416277768,0.9895463879036774,1.0089397050588016,0.9895463879036774,1.0089397050588016,339711.861,7.9114,430862.6503,,10.390000062229769,0.17600,5,5,0.16000
20250320,20250321,SHSE.603776,603776.SH,永安行,5,0.999457905544148,0.963412357662871,1.0084692925144672,0.963412357662871,1.0084692925144672,139512.742,2.6051,535533.411,,22.044751466918072,0.15400,5,5,0.14000
20250321,20250324,SZSE.002907,002907.SZ,华森制药,1,1.0080490481522957,1.000999253452781,1.0098114968271743,1.000999253452781,1.0098114968271743,130783.846,2.9423,600921.0958,,14.279790348759335,0.26400,5,5,0.24000
20250321,20250324,SZSE.002693,002693.SZ,双成药业,2,1.0074383351997014,1.0004391564016424,1.009188129899216,1.0004391564016424,1.009188129899216,240651.71,5.7866,415519.1295,,10.020000060013693,0.24200,5,5,0.22000
20250321,20250324,SHSE.688205,688205.SH,德科立,3,1.0072667413213885,1.0008129899216125,1.0088801791713324,1.0008129899216125,1.0088801791713324,274868.359,6.4805,754492.1208,,47.762873104155695,0.20900,5,5,0.19000
20250321,20250324,SZSE.000668,000668.SZ,荣丰控股,4,1.0059649122807017,0.9983202687569989,1.0078760731616274,0.9983202687569989,1.0078760731616274,25264.81,2.9319,85168.2962,,5.799999891542921,0.17600,5,5,0.16000
20250321,20250324,SZSE.000691,000691.SZ,亚太实业,5,1.0045240761478165,0.9917879805897724,1.0077081000373274,0.9917879805897724,1.0077081000373274,81230.861,8.308,96334.46,,2.9800000651183183,0.15400,5,5,0.14000
20250324,20250325,SZSE.002693,002693.SZ,双成药业,1,1.007565397536394,1.0008131765584174,1.0092534527808883,1.0008131765584174,1.0092534527808883,322012.671,8.2625,389808.365,,9.400000056300271,0.26400,5,5,0.24000
20250324,20250325,SHSE.688205,688205.SH,德科立,2,1.0069291526689064,1.0006256065696155,1.008505039193729,1.0006256065696155,1.008505039193729,313461.482,7.3114,779637.8284,,49.35471377162315,0.24200,5,5,0.22000
20250324,20250325,SZSE.002848,002848.SZ,高斯贝尔,3,1.0062486002239641,0.9988801791713325,1.008090705487122,0.9988801791713325,1.008090705487122,93659.202,9.1676,101794.35,,6.0899998435003315,0.20900,5,5,0.19000
20250324,20250325,SZSE.000691,000691.SZ,亚太实业,4,1.0053497573721537,0.9945875326614408,1.008040313549832,0.9945875326614408,1.008040313549832,68382.23,7.3997,90838.87,,2.8100000614035148,0.17600,5,5,0.16000
20250324,20250325,SZSE.301629,301629.SZ,矽电股份,5,1.0047107129525943,0.9871220604703248,1.0091078760731615,0.9871220604703248,1.0091078760731615,1447850.74,78.5049,658998.8383,,156.8944963242599,0.15400,5,5,0.14000
20250325,20250326,SZSE.002693,002693.SZ,双成药业,1,1.0075641484797613,1.0008127215071814,1.0092520052229061,1.0008127215071814,1.0092520052229061,191869.516,4.9438,391052.4343,,9.430000056479953,0.26400,5,5,0.24000
20250325,20250326,SHSE.688205,688205.SH,德科立,2,1.0071895541876517,1.000439470248088,1.0088770751725424,1.000439470248088,1.0088770751725424,406081.999,9.6101,734786.5904,,46.51542104263072,0.24200,5,5,0.22000
20250325,20250326,SZSE.002848,002848.SZ,高斯贝尔,3,1.0016011938071256,0.9809736989367656,1.0067580675247156,0.9809736989367656,1.0067580675247156,59693.639,6.1245,99454.25,,5.949999847098025,0.20900,5,5,0.19000
20250325,20250326,SHSE.603028,603028.SH,赛福天,4,0.9975750792762546,0.9983212087297146,0.9973885469128894,0.9983212087297146,0.9973885469128894,56724.084,2.4795,228770.88,,7.969999696173454,0.17600,5,5,0.16000
20250325,20250326,SZSE.000691,000691.SZ,亚太实业,5,0.9961574333146802,0.9919791083753031,0.9972020145495244,0.9919791083753031,0.9972020145495244,58030.9,6.2739,94394.84,,2.920000063807211,0.15400,5,5,0.14000
20250326,20250327,SZSE.002693,002693.SZ,双成药业,1,1.007603095859754,1.0009994405072733,1.009254009697874,1.0009994405072733,1.009254009697874,141831.737,3.7059,384832.088,,9.280000055581544,0.26400,5,5,0.24000
20250326,20250327,SHSE.688205,688205.SH,德科立,2,1.0073776575904514,1.0006256993659082,1.009065647146587,1.0006256993659082,1.009065647146587,150373.003,3.6404,732731.4123,,46.38531868038578,0.24200,5,5,0.22000
20250326,20250327,SZSE.000633,000633.SZ,合金投资,3,1.006443491234614,1.0004382693024991,1.0079447967176427,1.0004382693024991,1.0079447967176427,30216.321,1.445,209112.7605,,5.4300000664702965,0.20900,5,5,0.19000
20250326,20250327,SZSE.002848,002848.SZ,高斯贝尔,4,1.0037776948899664,0.9897426333457665,1.0072864602760163,0.9897426333457665,1.0072864602760163,44171.207,4.4596,101794.35,,6.0899998435003315,0.17600,5,5,0.16000
20250326,20250327,SZSE.000668,000668.SZ,荣丰控股,5,1.0011503170458784,0.9789257739649384,1.0067064528161134,0.9789257739649384,1.0067064528161134,26358.592,3.3367,79147.7787,,5.389999899209713,0.15400,5,5,0.14000
20250327,20250328,SZSE.002693,002693.SZ,双成药业,1,1.0075645413870247,1.0008130126771067,1.0092524235645042,1.0008130126771067,1.0092524235645042,148651.053,3.9676,379441.1213,,9.150000054802923,0.26400,5,5,0.24000
20250327,20250328,SHSE.688205,688205.SH,德科立,2,1.0070781506338553,1.0006256524981356,1.0086912751677852,1.0006256524981356,1.0086912751677852,162622.898,3.9803,727774.8065,,46.07154239497152,0.24200,5,5,0.22000
20250327,20250328,SZSE.001299,001299.SZ,美能能源,3,1.00655,1.0002518642803877,1.008124533929903,1.0002518642803877,1.008124533929903,49227.212,6.586,273491.1982,,7.886289868243613,0.20900,5,5,0.19000
20250327,20250328,SZSE.002848,002848.SZ,高斯贝尔,4,1.0004265473527219,0.9753914988814317,1.0066853094705444,0.9753914988814317,1.0066853094705444,44300.706,4.546,99621.4,,5.959999846841047,0.17600,5,5,0.16000
20250327,20250328,SZSE.000691,000691.SZ,亚太实业,5,0.9947054436987324,0.9914243102162565,0.9955257270693513,0.9914243102162565,0.9955257270693513,66499.927,6.626,100860.24,,3.120000068177568,0.15400,5,5,0.14000
20250328,20250331,SZSE.002693,002693.SZ,双成药业,1,1.0075644668158092,1.000812639821029,1.0092524235645042,1.000812639821029,1.0092524235645042,288842.543,7.4706,385246.7778,,9.290000055641437,0.26400,5,5,0.24000
20250328,20250331,SHSE.688205,688205.SH,德科立,2,1.007078187919463,1.0006258389261744,1.0086912751677852,1.0006258389261744,1.0086912751677852,189432.48,4.7088,710849.811,,45.00011117648382,0.24200,5,5,0.22000
20250328,20250331,SHSE.601005,601005.SH,重庆钢铁,3,1.0065234899328859,0.993661446681581,1.009739000745712,0.993661446681581,1.009739000745712,107614.943,0.9676,1177284.581,,1.329999998793162,0.20900,5,5,0.19000
20250328,20250331,SZSE.000691,000691.SZ,亚太实业,5,0.9957121551081283,0.9964578672632364,0.9955257270693513,0.9964578672632364,0.9955257270693513,51408.022,5.2719,96981.0,,3.000000065555354,0.15400,5,5,0.14000
20250331,20250401,SHSE.600022,600022.SH,山东钢铁,1,1.007403541472507,0.998695246971109,1.0095806150978566,0.998695246971109,1.0095806150978566,88466.33,0.6157,1422946.9907,,1.329999961161062,0.26400,5,5,0.24000
20250331,20250401,SZSE.002693,002693.SZ,双成药业,2,1.0071500465983223,0.9988816402609506,1.0092171481826653,0.9988816402609506,1.0092171481826653,323241.43,9.1989,355803.8055,,8.580000051388971,0.24200,5,5,0.22000
20250331,20250401,SHSE.688205,688205.SH,德科立,3,1.0067442684063375,1.0004389561975768,1.0083205964585276,1.0004389561975768,1.0083205964585276,173686.232,4.3312,718828.7375,,45.50521446519945,0.20900,5,5,0.19000
20250331,20250401,SHSE.601005,601005.SH,重庆钢铁,4,1.0048551724137933,0.9865796831314073,1.0094240447343896,0.9865796831314073,1.0094240447343896,94793.523,0.8714,1150729.2897,,1.2999999988203839,0.17600,5,5,0.16000
20250331,20250401,SZSE.002549,002549.SZ,凯美特气,5,0.9983537744641194,0.9627213420316869,1.0072618825722275,0.9627213420316869,1.0072618825722275,201943.531,3.4931,580615.4973,,8.325611809314372,0.15400,5,5,0.14000
20250401,20250402,SZSE.002693,002693.SZ,双成药业,1,1.0071562430115542,1.0009992545657846,1.0086954901229965,1.0009992545657846,1.0086954901229965,191914.059,5.3566,359950.703,,8.680000051987909,0.26400,5,5,0.24000
20250401,20250402,SHSE.600022,600022.SH,山东钢铁,2,1.006436079016027,0.9947819604919865,1.0093496086470368,0.9947819604919865,1.0093496086470368,66559.64,0.4601,1444344.6898,,1.3499999605770179,0.24200,5,5,0.22000
20250401,20250402,SHSE.601005,601005.SH,重庆钢铁,3,1.0063689899366381,0.9938501677226985,1.009498695490123,0.9938501677226985,1.009498695490123,69754.693,0.6372,1168432.8172,,1.319999998802236,0.20900,5,5,0.19000
20250401,20250402,SZSE.300561,300561.SZ,汇金科技,4,0.9995095042862467,0.9672008945210585,1.0075866567275438,0.9672008945210585,1.0075866567275438,26264.13,0.5329,896719.0957,,27.270986945234586,0.17600,5,5,0.16000
20250401,20250402,SZSE.002640,002640.SZ,跨境通,5,0.99918598583675,0.9651509504286246,1.0076947446887812,0.9651509504286246,1.0076947446887812,76285.44,1.7727,479876.7296,,3.0799999846715367,0.15400,5,5,0.14000
20250402,20250403,SZSE.002693,002693.SZ,双成药业,1,1.0070074888226528,1.000998695976155,1.0085096870342771,1.000998695976155,1.0085096870342771,139946.674,3.9326,356218.4953,,8.590000051448865,0.26400,5,5,0.24000
20250402,20250403,SHSE.601005,601005.SH,重庆钢铁,2,1.0017943368107303,0.9750372578241431,1.008483606557377,0.9750372578241431,1.008483606557377,45851.695,0.4181,1168432.8172,,1.319999998802236,0.24200,5,5,0.22000
20250402,20250403,SHSE.600022,600022.SH,山东钢铁,3,1.00176304023845,0.9761549925484352,1.0081650521609538,0.9761549925484352,1.0081650521609538,51053.614,0.3537,1444344.6898,,1.3499999605770179,0.20900,5,5,0.19000
20250402,20250403,SZSE.300561,300561.SZ,汇金科技,4,0.9994366616989568,0.9675856929955291,1.0073994038748137,0.9675856929955291,1.0073994038748137,29371.096,0.7451,717244.0334,,21.81279819329777,0.17600,5,5,0.16000
20250402,20250403,SZSE.002347,002347.SZ,泰尔股份,5,0.9973919523099851,0.9988822652757079,0.9970193740685543,0.9988822652757079,0.9970193740685543,39452.448,1.1899,339159.9295,,6.70141808811686,0.15400,5,5,0.14000
20250403,20250407,SHSE.601005,601005.SH,重庆钢铁,1,1.0075245901639345,0.9979508196721312,1.0099180327868853,0.9979508196721312,1.0099180327868853,59482.095,0.542,1177284.581,,1.329999998793162,0.26400,5,5,0.24000
20250403,20250407,SZSE.002693,002693.SZ,双成药业,2,1.0067808867362147,1.0006257451564828,1.0083196721311476,1.0006257451564828,1.0083196721311476,93043.065,2.6405,352486.2875,,8.500000050909819,0.24200,5,5,0.22000
20250403,20250407,SHSE.600022,600022.SH,山东钢铁,3,1.0041028315946348,0.9852831594634873,1.0088077496274217,0.9852831594634873,1.0088077496274217,51073.235,0.3537,1455043.5393,,1.3599999602849957,0.20900,5,5,0.19000
20250403,20250407,SHSE.603578,603578.SH,三星新材,4,0.9980983606557376,0.9647913561847988,1.0064251117734724,0.9647913561847988,1.0064251117734724,84166.955,2.9443,285865.8957,,15.849999916849198,0.17600,5,5,0.16000
20250403,20250407,SHSE.688205,688205.SH,德科立,5,0.9972056631892697,0.9986959761549925,0.9968330849478391,0.9986959761549925,0.9968330849478391,213399.205,5.4897,684253.3895,,43.31643354743171,0.15400,5,5,0.14000
20250407,20250408,SZSE.002693,002693.SZ,双成药业,1,1.0072586284010436,1.0008104733507268,1.0088706671636227,1.0008104733507268,1.0088706671636227,56813.711,1.7867,317237.6588,,7.650000045818838,0.26400,5,5,0.24000
20250407,20250408,SZSE.300541,300541.SZ,先进数通,2,1.0070331345508758,1.0004806187103987,1.0086712635109951,1.0004806187103987,1.0086712635109951,456839.692,11.2567,452406.8056,,10.505023499009514,0.24200,5,5,0.22000
20250407,20250408,SHSE.688205,688205.SH,德科立,3,1.0049921729407378,0.9944092433842714,1.0076379053298545,0.9944092433842714,1.0076379053298545,347329.502,10.6239,547402.7116,,34.653146837945364,0.20900,5,5,0.19000
20250407,20250408,SHSE.688605,688605.SH,先锋精科,4,1.0048333954528514,0.987141259783824,1.009256429370108,0.987141259783824,1.009256429370108,327295.006,12.7302,1254755.1072,,61.7099631730865,0.17600,5,5,0.16000
20250407,20250408,SZSE.003816,003816.SZ,中国广核,5,1.0042273574357063,0.9836936265374581,1.0093607901602684,0.9836936265374581,1.0093607901602684,1157237.238,0.8421000242233276,17220026.3851,0.0785600021481514,3.327634312131011,0.15400,5,5,0.14000
20250408,20250409,SHSE.603100,603100.SH,川仪股份,1,1.0073351965716415,0.9979504378610025,1.0096813862493013,0.9979504378610025,1.0096813862493013,395283.158,3.611,1122983.307,,21.108915577673862,0.26400,5,5,0.24000
20250408,20250409,SHSE.605208,605208.SH,永茂泰,2,1.0073041177566613,1.000999813676169,1.0088801937767842,1.000999813676169,1.0088801937767842,33064.605,1.0605,311793.3,,9.381597418062645,0.24200,5,5,0.22000
20250408,20250409,SZSE.002693,002693.SZ,双成药业,3,1.0066823178684554,0.9988820570150923,1.0086323830817963,0.9988820570150923,1.0086323830817963,204880.116,7.075,290697.5148,,7.010000041985627,0.20900,5,5,0.19000
20250408,20250409,SHSE.688320,688320.SH,禾川科技,4,1.0030169554686044,0.9841624743804732,1.0077305757406372,0.9841624743804732,1.0077305757406372,222935.195,6.8517,464065.0018,,30.72999828634461,0.17600,5,5,0.16000
20250408,20250409,SZSE.002640,002640.SZ,跨境通,5,0.9956772871250232,0.9932923420905534,0.9962735233836407,0.9932923420905534,0.9962735233836407,421159.201,10.9378,428461.3658,,2.7499999863138718,0.15400,5,5,0.14000
20250409,20250410,SHSE.603100,603100.SH,川仪股份,1,1.0075541154562384,0.9992826815642458,1.0096219739292365,0.9992826815642458,1.0096219739292365,356582.983,3.1371,1153778.096,,21.687770666641153,0.26400,5,5,0.24000
20250409,20250410,SHSE.688205,688205.SH,德科立,2,1.0071548230912477,1.0009957169459962,1.0086945996275605,1.0009957169459962,1.0086945996275605,250824.326,8.0466,573636.4546,,36.313865226601315,0.24200,5,5,0.22000
20250409,20250410,SZSE.300346,300346.SZ,南大光电,3,1.0070942271880818,0.9972067039106145,1.0095661080074487,0.9972067039106145,1.0095661080074487,1536748.016,7.690400123596191,2153529.7176,1.2116899490356445,30.75696972165065,0.20900,5,5,0.19000
20250409,20250410,SZSE.300433,300433.SZ,蓝思科技,4,1.0019083798882682,0.9774674115456239,1.0080186219739293,0.9774674115456239,1.0080186219739293,2699304.627,3.1549999713897705,8715055.845,1.2256300449371338,17.11473289888427,0.17600,5,5,0.16000
20250409,20250410,SZSE.300570,300570.SZ,太辰光,5,1.0005780260707635,0.9761638733705773,1.00668156424581,0.9761638733705773,1.00668156424581,1097489.568,9.511799812316895,1410457.8441,5.2933502197265625,61.55751924451945,0.15400,5,5,0.14000
20250410,20250411,SZSE.002693,002693.SZ,双成药业,1,1.0073772439478585,1.000625512104283,1.0090651769087524,1.000625512104283,1.0090651769087524,148499.212,4.6977,328848.9718,,7.930000047495866,0.26400,5,5,0.24000
20250410,20250411,SHSE.688205,688205.SH,德科立,2,1.0070016759776537,1.0002523277467412,1.0086890130353818,1.0002523277467412,1.0086890130353818,295742.292,8.5331,607607.3385,,38.46438074370879,0.24200,5,5,0.22000
20250410,20250411,SZSE.300561,300561.SZ,汇金科技,3,1.005169459962756,0.9953445065176909,1.0076256983240224,0.9953445065176909,1.0076256983240224,1001630.6,27.2068,711009.9818,,21.623208456027577,0.20900,5,5,0.19000
20250410,20250411,SHSE.603100,603100.SH,川仪股份,4,1.0050279329608938,0.9875232774674115,1.0094040968342644,0.9875232774674115,1.0094040968342644,311825.144,2.6844,1171741.723,,22.025436135205407,0.17600,5,5,0.16000
20250410,20250411,SZSE.301382,301382.SZ,蜂助手,5,0.9976908752327747,0.9988826815642458,0.9973929236499068,0.9988826815642458,0.9973929236499068,569950.232,11.6416,781266.5621,,27.26441987672376,0.15400,5,5,0.14000
20250411,20250414,SZSE.002693,002693.SZ,双成药业,1,1.0066666666666668,1.0000670391061453,1.0083165735567972,1.0000670391061453,1.0083165735567972,429469.445,12.451,347924.7003,,8.390000050250986,0.26400,5,5,0.24000
20250411,20250414,SZSE.000608,000608.SZ,阳光股份,2,1.0064104283054003,0.9981378026070763,1.0084785847299813,0.9981378026070763,1.0084785847299813,36950.513,3.2326,114736.7363,,1.5300000000000002,0.24200,5,5,0.22000
20250411,20250414,SZSE.301382,301382.SZ,蜂助手,3,1.0062778398510241,0.9988826815642458,1.0081266294227187,0.9988826815642458,1.0081266294227187,384826.62,7.8972,790963.5236,,27.60282170312033,0.20900,5,5,0.19000
20250411,20250414,SZSE.300561,300561.SZ,汇金科技,4,1.0060886405959033,0.9986964618249534,1.0079366852886407,0.9986964618249534,1.0079366852886407,1415647.472,35.0295,705432.1463,,21.453575533206866,0.17600,5,5,0.16000
20250411,20250414,SHSE.688205,688205.SH,德科立,5,1.005903910614525,0.9985102420856611,1.007752327746741,0.9985102420856611,1.007752327746741,198912.328,5.7243,618487.6927,,39.15315795559374,0.15400,5,5,0.14000
20250414,20250415,SZSE.300561,300561.SZ,汇金科技,1,1.0062238778170982,0.9979512013410319,1.0082920469361147,0.9979512013410319,1.0082920469361147,1481741.983,35.5464,795005.6234,,24.1776807055629,0.26400,5,5,0.24000
20250414,20250415,SZSE.000608,000608.SZ,阳光股份,2,1.006009312721177,0.9983237101881169,1.0079307133544422,0.9983237101881169,1.0079307133544422,40415.322,3.4697,117736.3895,,1.5700000000000003,0.24200,5,5,0.22000
20250414,20250415,SZSE.301382,301382.SZ,蜂助手,3,0.9971689327621531,0.9977649469174893,0.9970199292233191,0.9977649469174893,0.9970199292233191,378523.403,7.5766,797795.4738,,27.841241171717915,0.20900,5,5,0.19000
20250414,20250415,SZSE.002848,002848.SZ,高斯贝尔,4,0.9970199292233191,0.9962749115291488,0.9972061836468616,0.9962749115291488,0.9972061836468616,31201.927,3.5841,88589.5,,5.299999863801602,0.17600,5,5,0.16000
20250414,20250415,SHSE.605208,605208.SH,永茂泰,5,0.9968336747997765,0.9975786924939467,0.9966474203762339,0.9975786924939467,0.9966474203762339,320157.17,9.4109,335548.98,,10.09638579277218,0.15400,5,5,0.14000
20250415,20250416,SZSE.300561,300561.SZ,汇金科技,1,1.0065350223546947,0.9986959761549925,1.00849478390462,0.9986959761549925,1.00849478390462,1193969.429,29.5537,721837.545,,21.952495894444237,0.26400,5,5,0.24000
20250415,20250416,SZSE.000608,000608.SZ,阳光股份,2,1.0061207153502236,0.9981371087928465,1.0081166169895677,0.9981371087928465,1.0081166169895677,32446.614,2.8504,113236.9097,,1.5100000000000002,0.24200,5,5,0.22000
20250415,20250416,SZSE.301382,301382.SZ,蜂助手,3,1.0060149031296572,0.9983233979135618,1.007937779433681,0.9983233979135618,1.007937779433681,246350.415,5.0257,786335.4283,,27.441311740521968,0.20900,5,5,0.19000
20250415,20250416,SZSE.000668,000668.SZ,荣丰控股,4,1.002080476900149,0.9817436661698957,1.0071646795827123,0.9817436661698957,1.0071646795827123,37977.229,5.267,71805.6842,,4.889999908559462,0.17600,5,5,0.16000
20250415,20250416,SZSE.301210,301210.SZ,金杨精密,5,0.997317436661699,0.9977645305514158,0.9972056631892697,0.9977645305514158,0.9972056631892697,130746.125,8.9632,383586.9681,,23.629355661103382,0.15400,5,5,0.14000
20250416,20250417,SZSE.000608,000608.SZ,阳光股份,1,1.0070141474311243,0.9988830975428146,1.0090469099032018,0.9988830975428146,1.0090469099032018,39180.575,3.6103,108737.4298,,1.4499999999999997,0.26400,5,5,0.24000
20250416,20250417,SZSE.300561,300561.SZ,汇金科技,2,1.0066463142218915,0.9985107967237528,1.008680193596426,0.9985107967237528,1.008680193596426,810981.045,21.6785,671637.0248,,20.42579958905789,0.24200,5,5,0.22000
20250416,20250417,SZSE.301210,301210.SZ,金杨精密,3,1.006017125837677,0.9983246463142219,1.0079402457185407,0.9983246463142219,1.0079402457185407,112380.026,7.9916,365858.8516,,22.537285268339577,0.20900,5,5,0.19000
20250416,20250417,SZSE.301382,301382.SZ,蜂助手,4,1.0058287416232317,0.998138495904691,1.0077513030528666,0.998138495904691,1.0077513030528666,347529.475,7.3619,759448.3985,,26.503015767331476,0.17600,5,5,0.16000
20250416,20250417,SZSE.300846,300846.SZ,首都在线,5,0.9974683544303798,0.9977661950856291,0.9973938942665674,0.9977661950856291,0.9973938942665674,661054.609,8.9617,938366.5313,,18.749999518166046,0.15400,5,5,0.14000
20250417,20250418,SZSE.300561,300561.SZ,汇金科技,1,1.0065346239761728,0.9986969471332837,1.008494043186895,0.9986969471332837,1.008494043186895,733578.404,19.9629,646700.8187,,19.667440639977087,0.26400,5,5,0.24000
20250417,20250418,SZSE.000608,000608.SZ,阳光股份,2,1.0062204020848846,0.9979523454951601,1.0082874162323157,0.9979523454951601,1.0082874162323157,43261.241,4.0148,106487.6899,,1.42,0.24200,5,5,0.22000
20250417,20250418,SZSE.301382,301382.SZ,蜂助手,3,1.0059776619508565,0.998138495904691,1.0079374534623977,0.998138495904691,1.0079374534623977,261681.864,5.4878,760109.555,,26.526088619131244,0.20900,5,5,0.19000
20250417,20250418,SZSE.300570,300570.SZ,太辰光,4,0.9989307520476546,0.9685405807892777,1.0065282948622487,0.9685405807892777,1.0065282948622487,523308.958,4.136600017547607,1475416.128,4.619790077209473,64.39253610340747,0.17600,5,5,0.16000
20250417,20250418,SZSE.300846,300846.SZ,首都在线,5,0.9974311243484737,0.9975800446760983,0.9973938942665674,0.9975800446760983,0.9973938942665674,539106.327,7.2823,937365.607,,18.729999518680003,0.15400,5,5,0.14000
20250418,20250421,SZSE.300561,300561.SZ,汇金科技,1,1.0071110780115435,1.0000685161050082,1.0088717184881772,1.0000685161050082,1.0088717184881772,616333.427,17.8635,611593.2654,,18.599751066929116,0.26400,5,5,0.24000
20250418,20250421,SZSE.000608,000608.SZ,阳光股份,2,1.0064509402345931,0.9983243343883821,1.008482591696146,0.9983243343883821,1.008482591696146,40300.331,3.8376,107237.6032,,1.43,0.24200,5,5,0.22000
20250418,20250421,SZSE.300846,300846.SZ,首都在线,3,1.005938558927574,0.9979519642524669,1.0079352075963508,0.9979519642524669,1.0079352075963508,469767.105,6.4149,928857.7504,,18.559999523048628,0.20900,5,5,0.19000
20250418,20250421,SHSE.605208,605208.SH,永茂泰,4,1.0055602308694844,0.9975795941165518,1.0075553900577174,0.9975795941165518,1.0075553900577174,150038.595,4.5395,330929.82,,9.957399164356437,0.17600,5,5,0.16000
20250418,20250421,SZSE.301382,301382.SZ,蜂助手,5,0.9972444609942283,0.9973934090485943,0.9972072239806368,0.9973934090485943,0.9972072239806368,251011.794,5.3336,758346.4711,,26.464561014331863,0.15400,5,5,0.14000
20250421,20250422,SHSE.600228,600228.SH,返利科技,1,1.0080078927773641,1.000813849590469,1.009806403574088,1.000813849590469,1.009806403574088,72537.984,4.1748,174836.5812,,4.169999827652716,0.26400,5,5,0.24000
20250421,20250422,SZSE.300561,300561.SZ,汇金科技,2,1.0066872673119882,0.9986969471332837,1.0086848473566643,0.9986969471332837,1.0086848473566643,682032.478,21.6523,568283.0127,,17.282601313262465,0.24200,5,5,0.22000
20250421,20250422,SZSE.300657,300657.SZ,弘信电子,3,0.9972822040208489,0.9975800446760983,0.9972077438570365,0.9975800446760983,0.9972077438570365,701345.927,5.9119,1286828.7476,,26.350000683494187,0.20900,5,5,0.19000
20250421,20250422,SHSE.688678,688678.SH,福立旺,4,0.9970588235294119,0.9972077438570365,0.9970215934475056,0.9972077438570365,0.9970215934475056,182805.065,3.8553,484312.1981,,13.22336076281783,0.17600,5,5,0.16000
20250421,20250422,SZSE.301382,301382.SZ,蜂助手,5,0.9962397617274759,0.9968354430379747,0.996090841399851,0.9968354430379747,0.996090841399851,358990.353,7.4562,791845.0656,,27.63358550552002,0.15400,5,5,0.14000
20250422,20250423,SZSE.300561,300561.SZ,汇金科技,1,1.0068780033525797,0.9988824734587446,1.0088768858260384,0.9988824734587446,1.0088768858260384,757287.459,24.4515,541378.1588,,16.464371920833177,0.26400,5,5,0.24000
20250422,20250423,SZSE.300846,300846.SZ,首都在线,2,1.0058260383684114,0.9981374557645744,1.0077481840193705,0.9981374557645744,1.0077481840193705,648690.956,8.8777,924353.5911,,18.46999952536143,0.24200,5,5,0.22000
20250422,20250423,SZSE.300657,300657.SZ,弘信电子,3,1.005601043024772,0.9977649469174893,1.0075600670515925,0.9977649469174893,1.0075600670515925,686202.865,5.8363,1240434.5422,,25.400000658852083,0.20900,5,5,0.19000
20250422,20250423,SZSE.000668,000668.SZ,荣丰控股,4,0.9969826783386105,0.995343639411436,0.9973924380704041,0.995343639411436,0.9973924380704041,11154.544,1.5315,72833.5774,,4.959999907250498,0.17600,5,5,0.16000
20250422,20250423,SHSE.688678,688678.SH,福立旺,5,0.996572918606817,0.9970199292233191,0.9964611659526914,0.9970199292233191,0.9964611659526914,115134.992,2.4334,474978.5583,,12.968520833769949,0.15400,5,5,0.14000
20250423,20250424,SHSE.688538,688538.SH,和辉光电,1,1.0081489852913796,1.0008119530813628,1.0099832433438838,1.0008119530813628,1.0099832433438838,63707.832,0.5228999853134155,2918552.8193,0.05000000074505806,2.109999895095825,0.26400,5,5,0.24000
20250423,20250424,SHSE.600228,600228.SH,返利科技,2,0.9972444609942283,0.9973934090485943,0.9972072239806368,0.9973934090485943,0.9972072239806368,194731.853,11.9622,162677.6823,,3.8799998396384985,0.24200,5,5,0.22000
20250423,20250424,SZSE.002693,002693.SZ,双成药业,3,0.9962762986408491,0.9970210389126792,0.9960901135728915,0.9970210389126792,0.9960901135728915,113445.651,2.8816,396858.0908,,9.570000057318467,0.20900,5,5,0.19000
20250423,20250424,SZSE.300846,300846.SZ,首都在线,4,0.9955687953826103,0.9964624837088065,0.9953453733010612,0.9964624837088065,0.9953453733010612,914828.47,12.3324,950878.085,,18.999999511741592,0.17600,5,5,0.16000
20250423,20250424,SHSE.603338,603338.SH,浙江鼎力,5,0.9935952336622603,0.9955315583690189,0.9931111524855707,0.9955315583690189,0.9931111524855707,968100.394,4.570899963378906,2099824.6542,2.373199939727783,40.54239271299016,0.15400,5,5,0.14000
20250424,20250425,SHSE.600228,600228.SH,返利科技,1,1.0057587490692481,0.9985107967237528,1.0075707371556217,0.9985107967237528,1.0075707371556217,145609.03,9.5805,151776.6005,,3.6199998503843727,0.26400,5,5,0.24000
20250424,20250425,SZSE.300846,300846.SZ,首都在线,2,0.9957930007446016,0.9968354430379747,0.9955323901712584,0.9968354430379747,0.9955323901712584,797259.912,11.2296,895326.7864,,17.889999540266164,0.24200,5,5,0.22000
20250424,20250425,SHSE.688678,688678.SH,福立旺,3,0.9954579300074461,0.9966492926284438,0.9951600893521966,0.9966492926284438,0.9951600893521966,205790.903,4.3064,468237.5962,,12.784469773902034,0.20900,5,5,0.19000
20250424,20250425,SZSE.002848,002848.SZ,高斯贝尔,4,0.9943782576321669,0.9949739389426657,0.9942293373045421,0.9949739389426657,0.9942293373045421,34606.269,3.9877,87419.45,,5.229999865600449,0.17600,5,5,0.16000
20250424,20250425,SHSE.603516,603516.SH,淳中科技,5,0.9935591958302309,0.9953462397617274,0.9931124348473567,0.9953462397617274,0.9931124348473567,79676.913,1.0736,742172.2214,,36.51294153903529,0.15400,5,5,0.14000
20250425,20250428,SHSE.601868,601868.SH,中国能建,1,1.007523454951601,0.9979523454951601,1.0099162323157111,0.9979523454951601,1.0099162323157111,300031.491,0.4117000102996826,9338820.6545,0.042490001767873764,2.213199231151661,0.26400,5,5,0.24000
20250425,20250428,SZSE.300846,300846.SZ,首都在线,2,0.9963886820551006,0.9975800446760983,0.996090841399851,0.9975800446760983,0.996090841399851,839219.305,11.6296,910841.113,,18.19999953229984,0.24200,5,5,0.22000
20250425,20250428,SHSE.603516,603516.SH,淳中科技,3,0.9961653015636635,0.9972077438570365,0.9959046909903202,0.9972077438570365,0.9959046909903202,128471.925,1.9235,667894.4467,,32.85866835808207,0.20900,5,5,0.19000
20250425,20250428,SZSE.301288,301288.SZ,清研环境,4,0.995234549516009,0.9940431868950111,0.9955323901712584,0.9940431868950111,0.9955323901712584,29105.363,6.0215,108550.05,,10.050000113537141,0.17600,5,5,0.16000
20250425,20250428,SZSE.300449,300449.SZ,汉邦高科,5,0.9943410275502608,0.996276991809382,0.9938570364854803,0.996276991809382,0.9938570364854803,49378.958,2.2874,280535.7437,,7.240000041869141,0.15400,5,5,0.14000
20250428,20250429,SZSE.301288,301288.SZ,清研环境,1,0.9936277249860257,0.9934786659213714,0.9936649897521893,0.9934786659213714,0.9936649897521893,29319.34,6.3438,107145.92,,9.920000112068502,0.26400,5,5,0.24000
20250428,20250429,SZSE.300449,300449.SZ,汉邦高科,2,0.9924725172349544,0.995155580398733,0.9918017514440097,0.995155580398733,0.9918017514440097,50122.514,2.3764,275885.98,,7.120000041175178,0.24200,5,5,0.22000
20250428,20250429,SZSE.300846,300846.SZ,首都在线,3,0.9921371343394821,0.994969256567915,0.9914291037823738,0.994969256567915,0.9914291037823738,876468.493,12.0622,917847.5831,,18.339999528702148,0.20900,5,5,0.19000
20250428,20250429,SHSE.603338,603338.SH,浙江鼎力,4,0.9918390162101733,0.9942239612446432,0.9912427799515559,0.9942239612446432,0.9912427799515559,425001.292,1.9865000247955322,2135269.0057,2.4069299697875977,41.2267320025526,0.17600,5,5,0.16000
20250428,20250429,SHSE.688678,688678.SH,福立旺,5,0.9915036333147009,0.9947829327370971,0.9906838084591019,0.9947829327370971,0.9906838084591019,156457.511,3.1811,492610.7884,,13.449885144193724,0.15400,5,5,0.14000
20250429,20250430,SHSE.601880,601880.SH,辽港股份,1,1.007425149700599,0.9975673652694611,1.0098895958083833,0.9975673652694611,1.0098895958083833,58805.747,0.21359999477863312,3490199.3017,0.044920001178979874,1.4413940168644925,0.26400,5,5,0.24000
20250429,20250430,SHSE.603322,603322.SH,超讯通信,2,0.9964820359281439,0.9981287425149701,0.9960703592814372,0.9981287425149701,0.9960703592814372,797757.072,16.8207,461729.3123,,29.30000073645118,0.24200,5,5,0.22000
20250429,20250430,SHSE.603721,603721.SH,中广天择,3,0.9958832335329342,0.9973802395209581,0.9955089820359282,0.9973802395209581,0.9955089820359282,224259.27,9.2321,236340.0,,18.122234230320565,0.20900,5,5,0.19000
20250429,20250430,SHSE.603800,603800.SH,洪田股份,4,0.9953967065868266,0.9971931137724551,0.9949476047904192,0.9971931137724551,0.9949476047904192,19191.64,0.4175,459680.0,,22.022274706036658,0.17600,5,5,0.16000
20250429,20250430,SZSE.301383,301383.SZ,天键股份,5,0.9937874251497006,0.9958832335329342,0.9932634730538922,0.9958832335329342,0.9932634730538922,82205.242,3.2754,576234.06,,35.01597341266599,0.15400,5,5,0.14000
20250430,20250506,SHSE.601005,601005.SH,重庆钢铁,1,1.0073709478407178,1.0006236679753224,1.0090577678070667,1.0006236679753224,1.0090577678070667,38302.547,0.3611,1133025.7622,,1.279999998838532,0.26400,5,5,0.24000
20250430,20250506,SHSE.601857,601857.SH,中国石油,2,0.9936810618807255,0.9863525892690223,0.9955131800336512,0.9863525892690223,0.9955131800336512,714431.984,0.0551999993622303,146233761.2766,0.17003999650478363,7.568982025389946,0.24200,5,5,0.22000
20250430,20250506,SHSE.603322,603322.SH,超讯通信,3,0.9920732847261171,0.9962609833613759,0.9910263600673023,0.9962609833613759,0.9910263600673023,359183.162,7.2412,507902.2435,,32.2300008100963,0.20900,5,5,0.19000
20250430,20250506,SHSE.688565,688565.SH,力源科技,4,0.9896803140773978,0.9947653767059264,0.9884090484202654,0.9947653767059264,0.9884090484202654,36563.737,3.3102,112737.3282,,7.3986527459862845,0.17600,5,5,0.16000
20250430,20250506,SHSE.603516,603516.SH,淳中科技,5,0.9889699009160592,0.9949523275378576,0.9874742942606095,0.9949523275378576,0.9874742942606095,288715.005,4.1689,692922.8273,,34.089999538620646,0.15400,5,5,0.14000
20250506,20250507,SHSE.600022,600022.SH,山东钢铁,1,1.0078034989763633,0.999069607295738,1.0099869718965195,0.999069607295738,1.0099869718965195,31667.597,0.2234,1422946.9907,,1.329999961161062,0.26400,5,5,0.24000
20250506,20250507,SHSE.688701,688701.SH,卓锦股份,2,0.9903592034245301,0.9949748743718593,0.9892052856876977,0.9949748743718593,0.9892052856876977,22022.559,2.2733,96545.4305,,7.189999599050366,0.24200,5,5,0.22000
20250506,20250507,SHSE.688565,688565.SH,力源科技,3,0.9894286246045041,0.9947887586078541,0.9880885911036665,0.9947887586078541,0.9880885911036665,51367.069,4.4804,116991.567,,7.67784718923105,0.20900,5,5,0.19000
20250506,20250507,SHSE.688021,688021.SH,奥福科技,5,0.9865252186860227,0.9914386748557603,0.9852968546435883,0.9914386748557603,0.9852968546435883,26309.863,2.7659,96892.5932,,12.680000343472205,0.15400,5,5,0.14000
20250507,20250508,SHSE.600022,600022.SH,山东钢铁,1,1.008198511627907,1.001,1.0099981395348838,1.001,1.0099981395348838,43802.147,0.3067,1422946.9907,,1.329999961161062,0.26400,5,5,0.24000
20250507,20250508,SHSE.600221,600221.SH,海航控股,2,1.0074701395348837,0.9983255813953489,1.0097562790697674,0.9983255813953489,1.0097562790697674,323273.792,0.7167,5877326.0248,,1.3600000161619574,0.24200,5,5,0.22000
20250507,20250508,SHSE.688007,688007.SH,光峰科技,3,1.002885953488372,0.9800930232558139,1.0085841860465117,0.9800930232558139,1.0085841860465117,108254.825,1.6122,671024.3628,,14.588435155813723,0.20900,5,5,0.19000
20250507,20250508,SHSE.600196,600196.SH,复星医药,4,1.0009689302325582,0.9713488372093023,1.008373953488372,0.9713488372093023,1.008373953488372,300712.605,0.5957000255584717,6360428.3132,0.487280011177063,23.533611593971763,0.17600,5,5,0.16000
20250507,20250508,SHSE.688701,688701.SH,卓锦股份,5,0.9890976744186046,0.9916279069767442,0.9884651162790697,0.9916279069767442,0.9884651162790697,14003.112,1.4392,97485.3721,,7.259999595146822,0.15400,5,5,0.14000
20250508,20250509,SZSE.002593,002593.SZ,日上集团,1,1.0066755952380952,0.9968377976190477,1.009135044642857,0.9968377976190477,1.009135044642857,72189.324,2.3698,429260.1875,,5.234935787419563,0.26400,5,5,0.24000
20250508,20250509,SHSE.600157,600157.SH,永泰能源,2,1.005715773809524,0.9964657738095238,1.0080282738095239,0.9964657738095238,1.0080282738095239,334856.078,1.0989999771118164,3043833.6879,0.03700000047683716,1.3699999586069374,0.24200,5,5,0.22000
20250508,20250509,SHSE.601005,601005.SH,重庆钢铁,3,1.003482142857143,0.9819568452380952,1.0088634672619048,0.9819568452380952,1.0088634672619048,65879.24,0.6092,1150729.2897,,1.2999999988203839,0.20900,5,5,0.19000
20250508,20250509,SHSE.600022,600022.SH,山东钢铁,4,1.0030505952380953,0.9787946428571429,1.0091145833333333,0.9787946428571429,1.0091145833333333,43707.237,0.3066,1422946.9907,,1.329999961161062,0.17600,5,5,0.16000
20250508,20250509,SHSE.600221,600221.SH,海航控股,5,0.9965029761904763,0.9951636904761905,0.9968377976190477,0.9951636904761905,0.9968377976190477,257736.903,0.5734,5920541.6573,,1.3700000162807953,0.15400,5,5,0.14000
20250509,20250512,SHSE.600157,600157.SH,永泰能源,1,1.0066071428571428,0.9959077380952381,1.009281994047619,0.9959077380952381,1.009281994047619,253591.596,0.836899995803833,3021615.9237,0.03550000116229057,1.359999968480625,0.26400,5,5,0.24000
20250509,20250512,SHSE.600221,600221.SH,海航控股,2,1.0044702380952382,0.9854910714285714,1.009215029761905,0.9854910714285714,1.009215029761905,315857.763,0.7118,5790894.7597,,1.3400000159242815,0.24200,5,5,0.22000
20250509,20250512,SHSE.600022,600022.SH,山东钢铁,3,1.0035625000000001,0.9812127976190477,1.009149925595238,0.9812127976190477,1.009149925595238,74127.11,0.5162,1433645.8402,,1.33999996086904,0.20900,5,5,0.19000
20250509,20250512,SHSE.601857,601857.SH,中国石油,4,0.9964285714285714,0.9970238095238095,0.9962797619047619,0.9970238095238095,0.9962797619047619,599432.206,0.04560000076889992,148246992.0326,0.12031000107526779,7.67318636411127,0.17600,5,5,0.16000
20250509,20250512,SHSE.688701,688701.SH,卓锦股份,5,0.9926339285714286,0.9929315476190477,0.9925595238095238,0.9929315476190477,0.9925595238095238,18062.57,1.8209,98156.7589,,7.309999592358578,0.15400,5,5,0.14000
20250512,20250513,SHSE.600022,600022.SH,山东钢铁,1,1.0039925595238095,0.9830729166666666,1.0092224702380952,0.9830729166666666,1.0092224702380952,61538.307,0.4327,1422946.9907,,1.329999961161062,0.26400,5,5,0.24000
20250512,20250513,SHSE.600221,600221.SH,海航控股,2,1.0008333333333335,0.9706101190476191,1.008389136904762,0.9706101190476191,1.008389136904762,250072.819,0.5625,5877326.0248,,1.3600000161619574,0.24200,5,5,0.22000
20250512,20250513,SHSE.600157,600157.SH,永泰能源,3,1.0001190476190476,0.9681919642857143,1.008100818452381,0.9681919642857143,1.008100818452381,270198.294,0.892799973487854,3043833.6879,0.03099999949336052,1.3699999586069374,0.20900,5,5,0.19000
20250512,20250513,SHSE.688701,688701.SH,卓锦股份,5,0.9945312500000001,0.9964657738095238,0.9940476190476191,0.9964657738095238,0.9940476190476191,11864.162,1.1993,98962.4232,,7.369999589012684,0.15400,5,5,0.14000
20250513,20250514,SHSE.600022,600022.SH,山东钢铁,1,1.0075983637039791,0.9983265154332466,1.0099163257716623,0.9983265154332466,1.0099163257716623,29969.697,0.2096,1422946.9907,,1.329999961161062,0.26400,5,5,0.24000
20250513,20250514,SHSE.600157,600157.SH,永泰能源,2,1.006631461509855,0.9960952026775753,1.0092655262179249,0.9960952026775753,1.0092655262179249,349422.896,1.1433000564575195,3043833.6879,0.029999999329447746,1.3699999586069374,0.24200,5,5,0.22000
20250513,20250514,SHSE.600221,600221.SH,海航控股,3,1.0062580885087393,0.9957233172182968,1.0088917813313498,0.9957233172182968,1.0088917813313498,339045.929,0.7528,5877326.0248,,1.3600000161619574,0.20900,5,5,0.19000
20250513,20250514,SHSE.601005,601005.SH,重庆钢铁,4,1.0033157307549276,0.9806619561175158,1.0089791744142804,0.9806619561175158,1.0089791744142804,54754.658,0.5058,1150729.2897,,1.2999999988203839,0.17600,5,5,0.16000
20250514,20250515,SHSE.601005,601005.SH,重庆钢铁,1,1.0059085161770176,0.9916325771662328,1.0094775009297137,0.9916325771662328,1.0094775009297137,99067.341,0.9125,1159581.0535,,1.30999999881131,0.26400,5,5,0.24000
20250514,20250515,SHSE.600022,600022.SH,山东钢铁,2,1.0055455559687616,0.9897731498698401,1.009488657493492,0.9897731498698401,1.009488657493492,66628.811,0.4661,1433645.8402,,1.33999996086904,0.24200,5,5,0.22000
20250514,20250515,SHSE.600157,600157.SH,永泰能源,3,1.0002543696541466,0.9678319077724061,1.0083599851245817,0.9678319077724061,1.0083599851245817,565495.843,1.861899971961975,3043833.6879,0.029500000178813934,1.3699999586069374,0.20900,5,5,0.19000
20250514,20250515,SHSE.600221,600221.SH,海航控股,4,0.9995656377835628,0.9667162513945705,1.0077779843808108,0.9667162513945705,1.0077779843808108,428288.951,0.9523,5920541.6573,,1.3700000162807953,0.17600,5,5,0.16000
20250515,20250516,SHSE.600022,600022.SH,山东钢铁,1,1.0080065835968013,1.0002560907569276,1.0099442068067697,1.0002560907569276,1.0099442068067697,50677.019,0.3535,1422946.9907,,1.329999961161062,0.26400,5,5,0.24000
20250515,20250516,SHSE.601005,601005.SH,重庆钢铁,2,1.0079038869257952,1.000441882090385,1.0097693881346477,1.000441882090385,1.0097693881346477,64567.092,0.5933,1150729.2897,,1.2999999988203839,0.24200,5,5,0.22000
20250515,20250516,SHSE.601022,601022.SH,宁波远洋,3,0.9981699832620421,0.9624325832248466,1.007104333271341,0.9624325832248466,1.007104333271341,77024.904,2.7859,1455200.2674,,10.869969754684261,0.20900,5,5,0.19000
20250515,20250516,SHSE.600157,600157.SH,永泰能源,4,0.9952761763064907,0.993490794123117,0.995722521852334,0.993490794123117,0.995722521852334,426801.136,1.4035999774932861,3021615.9237,0.028999999165534973,1.359999968480625,0.17600,5,5,0.16000
20250515,20250516,SHSE.688701,688701.SH,卓锦股份,5,0.9926352984935839,0.989213315975451,0.993490794123117,0.989213315975451,0.993490794123117,12125.038,1.226,99365.2553,,7.399999587339736,0.15400,5,5,0.14000
20250516,20250519,SHSE.601005,601005.SH,重庆钢铁,1,1.007568612867237,0.9981405727036073,1.0099256229081444,0.9981405727036073,1.0099256229081444,47389.547,0.4394,1141877.5259,,1.289999998829458,0.26400,5,5,0.24000
20250516,20250519,SHSE.600022,600022.SH,山东钢铁,2,1.0071729267385647,0.9970249163257716,1.0097099293417628,0.9970249163257716,1.0097099293417628,30809.96,0.2168,1412248.1411,,1.3199999614530842,0.24200,5,5,0.22000
20250516,20250519,SHSE.600157,600157.SH,永泰能源,3,1.005731498698401,0.9946076608404611,1.008512458162886,0.9946076608404611,1.008512458162886,306596.591,1.0104999542236328,3021615.9237,0.02850000001490116,1.359999968480625,0.20900,5,5,0.19000
20250516,20250519,SHSE.600221,600221.SH,海航控股,4,1.0007467460022315,0.9704351059873559,1.0083246560059502,0.9704351059873559,1.0083246560059502,315845.692,0.7116,5834110.3922,,1.3500000160431194,0.17600,5,5,0.16000
20250516,20250519,SHSE.688701,688701.SH,卓锦股份,5,0.9932688731870585,0.9901450353291187,0.9940498326515433,0.9901450353291187,0.9940498326515433,19664.632,1.9709,100842.3064,,7.509999581205597,0.15400,5,5,0.14000
20250519,20250520,SHSE.601005,601005.SH,重庆钢铁,1,1.0062288372093022,0.9923720930232558,1.009693023255814,0.9923720930232558,1.009693023255814,97907.922,0.899,1159581.0535,,1.30999999881131,0.26400,5,5,0.24000
20250519,20250520,SHSE.600022,600022.SH,山东钢铁,2,1.005953488372093,0.9918139534883721,1.0094883720930232,0.9918139534883721,1.0094883720930232,64820.524,0.4517,1444344.6898,,1.3499999605770179,0.24200,5,5,0.22000
20250519,20250520,SHSE.600221,600221.SH,海航控股,3,1.0009108837209302,0.9707906976744186,1.008440930232558,0.9707906976744186,1.008440930232558,274938.205,0.617,5877326.0248,,1.3600000161619574,0.20900,5,5,0.19000
20250519,20250520,SHSE.600157,600157.SH,永泰能源,4,1.0002053953488372,0.9683720930232558,1.0081637209302325,0.9683720930232558,1.0081637209302325,269899.723,0.8921999931335449,3021615.9237,0.027499999850988388,1.359999968480625,0.17600,5,5,0.16000
20250520,20250521,SHSE.601005,601005.SH,重庆钢铁,1,1.0081940531499722,1.001,1.0099925664374652,1.001,1.0099925664374652,35871.374,0.328,1168432.8172,,1.319999998802236,0.26400,5,5,0.24000
20250520,20250521,SHSE.600022,600022.SH,山东钢铁,2,1.0059141423527227,0.9916372421482996,1.0094833674038284,0.9916372421482996,1.0094833674038284,56344.785,0.3903,1444344.6898,,1.3499999605770179,0.24200,5,5,0.22000
20250520,20250521,SHSE.600221,600221.SH,海航控股,3,1.0022479093105372,0.9780709905222078,1.0082921390076194,0.9780709905222078,1.0082921390076194,204505.25,0.4575,5877326.0248,,1.3600000161619574,0.20900,5,5,0.19000
20250520,20250521,SZSE.002813,002813.SZ,路畅科技,4,0.99613008734436,0.9563278201077866,1.0060806541535032,0.9563278201077866,1.0060806541535032,150703.034,4.2958,351240.0,,29.269999723623293,0.17600,5,5,0.16000
20250520,20250521,SHSE.688021,688021.SH,奥福科技,5,0.9908938858948152,0.9849470358669392,0.992380598401784,0.9849470358669392,0.992380598401784,20720.685,1.9756,105680.1706,,13.830000374623074,0.15400,5,5,0.14000
20250521,20250522,SHSE.600022,600022.SH,山东钢铁,1,1.0079991073089083,1.0008138367119213,1.009795424958155,1.0008138367119213,1.009795424958155,20190.257,0.1405,1433645.8402,,1.33999996086904,0.26400,5,5,0.24000
20250521,20250522,SHSE.600221,600221.SH,海航控股,2,1.0071534312813837,0.9975822949600148,1.0095462153617258,0.9975822949600148,1.0095462153617258,326390.905,0.7255,5920541.6573,,1.3700000162807953,0.24200,5,5,0.22000
20250521,20250522,SHSE.601005,601005.SH,重庆钢铁,3,1.0061357634368608,0.9918169983262042,1.0097154547145248,0.9918169983262042,1.0097154547145248,56240.535,0.5161,1159581.0535,,1.30999999881131,0.20900,5,5,0.19000
20250521,20250522,SHSE.601992,601992.SH,金隅集团,5,0.9962060628603311,0.9921889529477403,0.9972103403384787,0.9921889529477403,0.9972103403384787,38658.182,0.2962,1676410.068,,1.5212493753490175,0.15400,5,5,0.14000
20250522,20250523,SHSE.601005,601005.SH,重庆钢铁,1,1.007467063639747,0.9983252698176405,1.0097525120952735,0.9983252698176405,1.0097525120952735,46669.118,0.4292,1150729.2897,,1.2999999988203839,0.26400,5,5,0.24000
20250522,20250523,SHSE.600022,600022.SH,山东钢铁,2,1.004286564942315,0.983997022701898,1.009358950502419,0.983997022701898,1.009358950502419,32512.946,0.2264,1433645.8402,,1.33999996086904,0.24200,5,5,0.22000
20250522,20250523,SHSE.688021,688021.SH,奥福科技,4,0.9946036471901749,0.9968366207666542,0.9940454037960551,0.9968366207666542,0.9940454037960551,45567.529,4.296,102165.1396,,13.370000362162726,0.17600,5,5,0.16000
20250522,20250523,SHSE.688701,688701.SH,卓锦股份,5,0.9935243766282099,0.9892072943803498,0.9946036471901749,0.9892072943803498,0.9946036471901749,37364.263,3.6599,102453.6348,,7.62999957451381,0.15400,5,5,0.14000
20250523,20250526,SHSE.600022,600022.SH,山东钢铁,1,1.007074404761905,0.9966517857142857,1.0096800595238096,0.9966517857142857,1.0096800595238096,48328.263,0.3388,1412248.1411,,1.3199999614530842,0.26400,5,5,0.24000
20250523,20250526,SHSE.601005,601005.SH,重庆钢铁,2,1.0070208333333335,0.9970238095238095,1.0095200892857144,0.9970238095238095,1.0095200892857144,106892.638,0.9865,1141877.5259,,1.289999998829458,0.24200,5,5,0.22000
20250523,20250526,SHSE.600221,600221.SH,海航控股,3,0.999608630952381,0.9642857142857143,1.0084393601190476,0.9642857142857143,1.0084393601190476,333067.995,0.7533,5790894.7597,,1.3400000159242815,0.20900,5,5,0.19000
20250523,20250526,SZSE.002317,002317.SZ,众生药业,4,0.9970238095238096,0.9977678571428571,0.9968377976190477,0.9977678571428571,0.9968377976190477,412757.143,3.9158,1178554.1642,,13.500331454880373,0.17600,5,5,0.16000
20250523,20250526,SHSE.688021,688021.SH,奥福科技,5,0.9941592261904763,0.99609375,0.9936755952380952,0.99609375,0.9936755952380952,30246.374,2.903,103158.518,,13.50000036568413,0.15400,5,5,0.14000
20250526,20250527,SHSE.600022,600022.SH,山东钢铁,1,1.0079707053787457,1.0000694211799739,1.0099460264284386,1.0000694211799739,1.0099460264284386,20726.161,0.1463,1422946.9907,,1.329999961161062,0.26400,5,5,0.24000
20250526,20250527,SHSE.600221,600221.SH,海航控股,2,1.0070262423227248,0.996463800483901,1.0096668527824306,0.996463800483901,1.0096668527824306,276752.795,0.6257,5834110.3922,,1.3500000160431194,0.24200,5,5,0.22000
20250526,20250527,SHSE.601858,601858.SH,中国科传,3,1.0066316769030337,0.9985110738879583,1.0086618276568025,0.9985110738879583,1.0086618276568025,167419.703,1.0433,1604715.0,,20.03076354276787,0.20900,5,5,0.19000
20250526,20250527,SHSE.601005,601005.SH,重庆钢铁,4,1.0031155778894472,0.9803647868974502,1.0088032756374465,0.9803647868974502,1.0088032756374465,79871.166,0.7503,1133025.7622,,1.279999998838532,0.17600,5,5,0.16000
20250526,20250527,SHSE.600157,600157.SH,永泰能源,5,0.9985185185185186,0.9609156895589056,1.0079192257584217,0.9609156895589056,1.0079192257584217,303172.182,1.0118000507354736,2999398.1596,0.027000000700354576,1.3499999783543126,0.15400,5,5,0.14000
20250527,20250528,SHSE.600221,600221.SH,海航控股,1,1.007356783919598,0.9985110738879583,1.009568211427508,0.9985110738879583,1.009568211427508,107648.74,0.244,5790894.7597,,1.3400000159242815,0.26400,5,5,0.24000
20250527,20250528,SHSE.600157,600157.SH,永泰能源,2,1.0055849618462684,0.9914386748557603,1.0091215335938954,0.9914386748557603,1.0091215335938954,190800.177,0.6395000219345093,2977180.3954,0.026000000536441803,1.3399999882280003,0.24200,5,5,0.22000
20250527,20250528,SHSE.600022,600022.SH,山东钢铁,3,1.0053437558161176,0.9884608226316769,1.0095644891122277,0.9884608226316769,1.0095644891122277,32048.505,0.2266,1422946.9907,,1.329999961161062,0.20900,5,5,0.19000
20250527,20250528,SHSE.601005,601005.SH,重庆钢铁,4,1.0033873069048949,0.9808300763074632,1.0090266145542528,0.9808300763074632,1.0090266145542528,52778.987,0.4965,1133025.7622,,1.279999998838532,0.17600,5,5,0.16000
20250527,20250528,SHSE.688565,688565.SH,力源科技,5,0.9934115019542156,0.9916247906197655,0.993858179787828,0.9916247906197655,0.993858179787828,20507.276,1.775,117447.3783,,7.707760879578704,0.15400,5,5,0.14000
20250528,20250529,SHSE.600022,600022.SH,山东钢铁,1,1.0076559299944146,0.9985105194563396,1.0099422826289333,0.9985105194563396,1.0099422826289333,28036.727,0.1991,1401549.2916,,1.3099999617451061,0.26400,5,5,0.24000
20250528,20250529,SHSE.600221,600221.SH,海航控股,2,1.0068441630981195,0.9968348538447217,1.009346490411469,0.9968348538447217,1.009346490411469,242840.724,0.548,5790894.7597,,1.3400000159242815,0.24200,5,5,0.22000
20250528,20250529,SHSE.601005,601005.SH,重庆钢铁,3,1.0063913610128468,0.9936697076894433,1.0095717743436976,0.9936697076894433,1.0095717743436976,28504.301,0.2685,1124173.9984,,1.2699999988476058,0.20900,5,5,0.19000
20250528,20250529,SHSE.600157,600157.SH,永泰能源,4,1.0054246881400113,0.9901321913982498,1.0092478123254516,0.9901321913982498,1.0092478123254516,157277.284,0.5271000266075134,2977180.3954,0.02250000089406967,1.3399999882280003,0.17600,5,5,0.16000
20250528,20250529,SHSE.688021,688021.SH,奥福科技,5,0.9946006330292311,0.9931111524855707,0.9949730031651461,0.9931111524855707,0.9949730031651461,18059.536,1.7363,103999.0688,,13.610000368663776,0.15400,5,5,0.14000
20250529,20250530,SHSE.600022,600022.SH,山东钢铁,1,1.0074417566058802,0.9975809452921474,1.0099069594343133,0.9975809452921474,1.0099069594343133,39933.941,0.2826,1412248.1411,,1.3199999614530842,0.26400,5,5,0.24000
20250529,20250530,SHSE.600834,600834.SH,申通地铁,2,1.0074150725716413,1.0008118719761816,1.0090658727205062,1.0008118719761816,1.0090658727205062,80664.556,1.8922,426302.0412,,8.909081502666808,0.24200,5,5,0.22000
20250529,20250530,SHSE.601005,601005.SH,重庆钢铁,3,1.0032556754745068,0.9810197245999256,1.008814663193152,0.9810197245999256,1.008814663193152,44102.054,0.414,1133025.7622,,1.279999998838532,0.20900,5,5,0.19000
20250529,20250530,SHSE.600157,600157.SH,永泰能源,4,1.000863416449572,0.9711574246371418,1.0082899144026796,0.9711574246371418,1.0082899144026796,475660.781,1.5787999629974365,2999398.1596,0.02250000089406967,1.3499999783543126,0.17600,5,5,0.16000
20250529,20250530,SHSE.600221,600221.SH,海航控股,5,1.000757722366952,0.9694826944547823,1.0085764793449943,0.9694826944547823,1.0085764793449943,300354.014,0.6781,5834110.3922,,1.3500000160431194,0.15400,5,5,0.14000
20250530,20250603,SHSE.600022,600022.SH,山东钢铁,1,1.0039173646007817,0.9825051181835102,1.0092704262050995,0.9825051181835102,1.0092704262050995,33533.449,0.2383,1412248.1411,,1.3199999614530842,0.26400,5,5,0.24000
20250530,20250603,SHSE.601005,601005.SH,重庆钢铁,2,1.0036046901172528,0.9817606551274893,1.0090656988646938,0.9817606551274893,1.0090656988646938,35962.561,0.3388,1133025.7622,,1.279999998838532,0.24200,5,5,0.22000
20250530,20250603,SHSE.600221,600221.SH,海航控股,3,1.002029406290713,0.9756188349153173,1.0086320491345617,0.9756188349153173,1.0086320491345617,302202.042,0.6811,5834110.3922,,1.3500000160431194,0.20900,5,5,0.19000
20250530,20250603,SZSE.301024,301024.SZ,霍普股份,4,0.9976296296296298,0.9599851107388796,1.0070407593523172,0.9599851107388796,1.0070407593523172,155744.719,5.6776,289693.26,,45.55999942829735,0.17600,5,5,0.16000
20250530,20250603,SHSE.603056,603056.SH,德邦股份,5,0.9974033128605995,0.9596128792108691,1.0068509212730319,0.9596128792108691,1.0068509212730319,86186.88,0.4063,2121216.007,,20.634200758717704,0.15400,5,5,0.14000
20250603,20250604,SHSE.600221,600221.SH,海航控股,1,1.0071238591916558,0.9968336747997765,1.0096964052896256,0.9968336747997765,1.0096964052896256,150973.304,0.3422,5790894.7597,,1.3400000159242815,0.26400,5,5,0.24000
20250603,20250604,SHSE.600157,600157.SH,永泰能源,2,1.0017776122182902,0.974669398398212,1.0085546656733098,0.974669398398212,1.0085546656733098,312511.263,1.0430999994277954,2999398.1596,0.0215000007301569,1.3499999783543126,0.24200,5,5,0.22000
20250603,20250604,SHSE.600022,600022.SH,山东钢铁,3,1.001545166697709,0.9724343453157013,1.008822872043211,0.9724343453157013,1.008822872043211,74488.606,0.5345,1390850.442,,1.2999999620371283,0.20900,5,5,0.19000
20250603,20250604,SHSE.601005,601005.SH,重庆钢铁,4,1.0009074315514994,0.9715030731979885,1.0082585211398771,0.9715030731979885,1.0082585211398771,71326.754,0.6782,1124173.9984,,1.2699999988476058,0.17600,5,5,0.16000
20250603,20250604,SHSE.605099,605099.SH,共创草坪,5,0.9982551685602534,0.9610728254796052,1.0075507543304154,0.9610728254796052,1.0075507543304154,72274.48,0.6459,1123392.674,,26.811713375097643,0.15400,5,5,0.14000
20250604,20250605,SHSE.600221,600221.SH,海航控股,1,1.00448,0.9849302325581395,1.009367441860465,0.9849302325581395,1.009367441860465,193965.828,0.44,5790894.7597,,1.3400000159242815,0.26400,5,5,0.24000
20250604,20250605,SHSE.600022,600022.SH,山东钢铁,2,1.0002842790697675,0.9666976744186047,1.0086809302325581,0.9666976744186047,1.0086809302325581,48701.117,0.3475,1401549.2916,,1.3099999617451061,0.24200,5,5,0.22000
20250604,20250605,SZSE.002826,002826.SZ,易明医药,4,0.9963162790697675,0.9934883720930232,0.9970232558139535,0.9934883720930232,0.9970232558139535,23057.166,0.9963,255508.185,,13.215190247644351,0.17600,5,5,0.16000
20250604,20250605,SZSE.003011,003011.SZ,海象新材,5,0.9912186046511628,0.9910697674418605,0.9912558139534884,0.9910697674418605,0.9912558139534884,33305.112,2.3831,184919.476,,17.7393964870492,0.15400,5,5,0.14000
20250605,20250606,SHSE.600022,600022.SH,山东钢铁,1,1.000151757485587,0.9661521294402083,1.0086516644969314,0.9661521294402083,1.0086516644969314,40175.262,0.2868,1390850.442,,1.2999999620371283,0.26400,5,5,0.24000
20250605,20250606,SHSE.600221,600221.SH,海航控股,2,0.9997902175934537,0.9641063790217593,1.0087111772363773,0.9641063790217593,1.0087111772363773,158180.237,0.3594,5790894.7597,,1.3400000159242815,0.24200,5,5,0.22000
20250605,20250606,SZSE.002826,002826.SZ,易明医药,4,0.9951750046494328,0.9514599218895294,1.0061037753394086,0.9514599218895294,1.0061037753394086,7749.776,0.3044,281059.0035,,14.536709272408789,0.17600,5,5,0.16000
20250605,20250606,SHSE.603616,603616.SH,韩建河山,5,0.9909243072345174,0.9895852705969872,0.9912590663938999,0.9895852705969872,0.9912590663938999,36975.43,2.3566,160049.062,,4.09000002325203,0.15400,5,5,0.14000
20250606,20250609,SHSE.600022,600022.SH,山东钢铁,1,1.006120096672244,0.992749581706637,1.0094627254136457,0.992749581706637,1.0094627254136457,37492.406,0.2668,1412248.1411,,1.3199999614530842,0.26400,5,5,0.24000
20250606,20250609,SHSE.600221,600221.SH,海航控股,2,1.004262502323852,0.9840118981223276,1.0093251533742331,0.9840118981223276,1.0093251533742331,468050.642,1.0538,5834110.3922,,1.3500000160431194,0.24200,5,5,0.22000
20250606,20250609,SHSE.603679,603679.SH,华体科技,3,0.9970210076222346,0.9538947759806655,1.0078025655326268,0.9538947759806655,1.0078025655326268,97454.822,3.7957,256747.3927,,15.599999606858042,0.20900,5,5,0.19000
20250606,20250609,SZSE.000889,000889.SZ,中嘉博创,4,0.9882877858337982,0.9525934188510876,0.9972113775794758,0.9525934188510876,0.9972113775794758,43271.129,1.3818,337064.8018,,3.600000135969408,0.17600,5,5,0.16000
20250606,20250609,SZSE.002826,002826.SZ,易明医药,5,0.9879531511433354,0.9524075106897193,0.9968395612567392,0.9524075106897193,0.9968395612567392,25285.979,0.9032,309088.6328,,15.986435366739922,0.15400,5,5,0.14000
20250609,20250610,SZSE.002034,002034.SZ,旺能环境,1,1.0060442790697675,0.9931162790697674,1.0092762790697674,0.9931162790697674,1.0092762790697674,71265.599,0.9405,763811.9597,,17.101805914777078,0.26400,5,5,0.24000
20250609,20250610,SHSE.600022,600022.SH,山东钢铁,2,1.0057838139534885,0.990139534883721,1.0096948837209303,0.990139534883721,1.0096948837209303,28064.092,0.1992,1412248.1411,,1.3199999614530842,0.24200,5,5,0.22000
20250609,20250610,SHSE.688565,688565.SH,力源科技,3,0.989246511627907,0.9826976744186047,0.9908837209302326,0.9826976744186047,0.9908837209302326,37532.208,3.0085,128386.8495,,8.425689447922386,0.20900,5,5,0.19000
20250609,20250610,SHSE.600232,600232.SH,金鹰股份,4,0.9889488372093023,0.958139534883721,0.9966511627906977,0.958139534883721,0.9966511627906977,22292.41,0.8732,255302.9808,,6.921678440075264,0.17600,5,5,0.16000
20250609,20250610,SZSE.002826,002826.SZ,易明医药,5,0.9886883720930233,0.9583255813953488,0.9962790697674418,0.9583255813953488,0.9962790697674418,17821.798,0.5787,339978.4283,,17.584092695186474,0.15400,5,5,0.14000
20250610,20250611,SHSE.600022,600022.SH,山东钢铁,1,1.0037019141423529,0.981416093662888,1.009273369262219,0.981416093662888,1.009273369262219,58614.001,0.4171,1401549.2916,,1.3099999617451061,0.26400,5,5,0.24000
20250610,20250611,SHSE.603995,603995.SH,甬金股份,2,0.9974740754506598,0.9570711763612711,1.007574800223007,0.9570711763612711,1.007574800223007,116786.343,1.6339,714781.6182,,18.705777341746018,0.24200,5,5,0.22000
20250610,20250611,SZSE.002826,002826.SZ,易明医药,3,0.9959323545809331,0.9553986247909311,1.0060657870284335,0.9553986247909311,1.0060657870284335,129169.109,3.8138,373919.0678,,19.339543340022814,0.20900,5,5,0.19000
20250610,20250611,SHSE.688565,688565.SH,力源科技,4,0.989890354952611,0.9866195874372793,0.990708046831444,0.9866195874372793,0.990708046831444,36673.146,2.8803,128386.8495,,8.425689447922386,0.17600,5,5,0.16000
20250610,20250611,SHSE.603616,603616.SH,韩建河山,5,0.9893700055751719,0.987734621817506,0.9897788515145883,0.987734621817506,0.9897788515145883,56296.233,3.4861,165136.196,,4.2200000239910915,0.15400,5,5,0.14000
20250611,20250612,SHSE.600022,600022.SH,山东钢铁,1,1.0062169390787519,0.9925705794947994,1.00962852897474,0.9925705794947994,1.00962852897474,31610.32,0.2245,1412248.1411,,1.3199999614530842,0.26400,5,5,0.24000
20250611,20250612,SHSE.603787,603787.SH,新日股份,2,0.9976983655274889,0.9565378900445766,1.007988484398217,0.9565378900445766,1.007988484398217,131589.785,4.0696,323352.025,,13.803726748138583,0.24200,5,5,0.22000
20250611,20250612,SZSE.002826,002826.SZ,易明医药,3,0.9973670133729569,0.9563521545319466,1.0076207280832095,0.9563521545319466,1.0076207280832095,189448.749,5.0382,411291.9068,,21.272511465797663,0.20900,5,5,0.19000
20250611,20250612,SHSE.600706,600706.SH,曲江文旅,4,0.9964650817236256,0.9556092124814265,1.0066790490341753,0.9556092124814265,1.0066790490341753,86400.451,2.8533,304031.2637,,11.920000363922762,0.17600,5,5,0.16000
20250611,20250612,SZSE.300929,300929.SZ,华骐环保,5,0.9913447251114413,0.9923848439821694,0.9910846953937593,0.9923848439821694,0.9910846953937593,27001.509,2.072,134907.7481,,10.210000274147218,0.15400,5,5,0.14000
20250612,20250613,SHSE.600022,600022.SH,山东钢铁,1,1.005475482912333,0.9894130757800892,1.0094910846953937,0.9894130757800892,1.0094910846953937,36715.938,0.2615,1401549.2916,,1.3099999617451061,0.26400,5,5,0.24000
20250612,20250613,SHSE.600809,600809.SH,山西汾酒,2,1.0037622585438337,0.9882986627043091,1.0076281575037147,0.9882986627043091,1.0076281575037147,1463856.378,0.6879000067710876,21209077.9995,3.8239998817443848,170.287549649862,0.24200,5,5,0.22000
20250612,20250613,SZSE.301590,301590.SZ,优优绿能,3,0.9979286775631502,0.9570950965824666,1.008137072808321,0.9570950965824666,1.008137072808321,429670.998,33.1045,663390.0,,156.7275253026394,0.20900,5,5,0.19000
20250612,20250613,SZSE.300929,300929.SZ,华骐环保,5,0.9894502228826152,0.9895988112927192,0.9894130757800892,0.9895988112927192,0.9894130757800892,28880.059,2.2279,135436.2799,,10.25000027522125,0.15400,5,5,0.14000
20250613,20250616,SHSE.600022,600022.SH,山东钢铁,1,1.0025829463124651,0.9771502879435259,1.0089411109047,0.9771502879435259,1.0089411109047,38749.35,0.2775,1390850.442,,1.2999999620371283,0.26400,5,5,0.24000
20250613,20250616,SZSE.002015,002015.SZ,协鑫能科,2,1.0012468883522199,0.9788222180939996,1.006853055916775,0.9788222180939996,1.006853055916775,195300.996,1.2352,1581118.174,,9.66502251225926,0.24200,5,5,0.22000
20250613,20250616,SHSE.600221,600221.SH,海航控股,3,0.9990845253576073,0.9609882964889467,1.0086085825747724,0.9609882964889467,1.0086085825747724,565299.195,1.2909,5704463.4946,,1.3200000156866056,0.20900,5,5,0.19000
20250613,20250616,SHSE.601279,601279.SH,英利汽车,4,0.9962504179825377,0.9539290358536132,1.0068307635147686,0.9539290358536132,1.0068307635147686,78345.922,1.0293,761177.2728,,4.7890510774729895,0.17600,5,5,0.16000
20250613,20250616,SHSE.603369,603369.SH,今世缘,5,0.9937581274382314,0.996284599665614,0.9931265093813858,0.996284599665614,0.9931265093813858,547835.609,1.1044000387191772,4897430.5453,0.7979199886322021,37.682114810381165,0.15400,5,5,0.14000
20250616,20250617,SHSE.600022,600022.SH,山东钢铁,1,1.0001025069637883,0.9658310120705664,1.0086703806870938,0.9658310120705664,1.0086703806870938,38075.259,0.2733,1390850.442,,1.2999999620371283,0.26400,5,5,0.24000
20250616,20250617,SHSE.600221,600221.SH,海航控股,2,0.999474094707521,0.9628597957288765,1.008627669452182,0.9628597957288765,1.008627669452182,148309.555,0.3406,5704463.4946,,1.3200000156866056,0.24200,5,5,0.22000
20250616,20250617,SZSE.002828,002828.SZ,贝肯能源,4,0.9968,0.9550603528319406,1.0072349117920147,0.9550603528319406,1.0072349117920147,72398.085,3.3637,223096.236,,11.045920059102416,0.17600,5,5,0.16000
20250617,20250618,SHSE.600221,600221.SH,海航控股,1,1.0027710575139148,0.9771799628942486,1.0091688311688312,0.9771799628942486,1.0091688311688312,141724.898,0.3253,5747679.1272,,1.3300000158054437,0.26400,5,5,0.24000
20250617,20250618,SHSE.600157,600157.SH,永泰能源,2,0.9994968460111319,0.963265306122449,1.0085547309833025,0.963265306122449,1.0085547309833025,286488.206,0.9606000185012817,2999398.1596,0.01899999938905239,1.3499999783543126,0.24200,5,5,0.22000
20250617,20250618,SHSE.600022,600022.SH,山东钢铁,3,0.9989610389610389,0.9617810760667903,1.008256029684601,0.9617810760667903,1.008256029684601,19476.878,0.1396,1401549.2916,,1.3099999617451061,0.20900,5,5,0.19000
20250617,20250618,SHSE.600576,600576.SH,祥源文旅,4,0.9974768089053804,0.997773654916512,0.9974025974025974,0.997773654916512,0.9974025974025974,289064.841,5.2821,859456.9786,,8.150000246744307,0.17600,5,5,0.16000
20250618,20250619,SHSE.600157,600157.SH,永泰能源,1,0.9998352504638219,0.9647495361781077,1.0086066790352504,0.9647495361781077,1.0086066790352504,310226.652,1.0429999828338623,2977180.3954,0.019500000402331352,1.3399999882280003,0.26400,5,5,0.24000
20250618,20250619,SHSE.600022,600022.SH,山东钢铁,2,0.9991539888682746,0.9625231910946197,1.0083116883116883,0.9625231910946197,1.0083116883116883,28809.181,0.2072,1390850.442,,1.2999999620371283,0.24200,5,5,0.22000
20250618,20250619,SHSE.600221,600221.SH,海航控股,3,0.998561781076067,0.9588126159554731,1.0084990723562153,0.9588126159554731,1.0084990723562153,149366.11,0.3435,5704463.4946,,1.3200000156866056,0.20900,5,5,0.19000
20250618,20250619,SHSE.600722,600722.SH,金牛化工,4,0.9974938775510205,0.9562152133580705,1.007813543599258,0.9562152133580705,1.007813543599258,340397.53,6.5235,521805.1915,,7.670000258223669,0.17600,5,5,0.16000
20250618,20250619,SHSE.600576,600576.SH,祥源文旅,5,0.9974768089053804,0.997773654916512,0.9974025974025974,0.997773654916512,0.9974025974025974,204410.057,3.7667,870002.463,,8.250000249771846,0.15400,5,5,0.14000
20250619,20250620,SHSE.600463,600463.SH,空港股份,1,1.005718315086287,0.9972165522360363,1.0078437557988495,0.9972165522360363,1.0078437557988495,79053.525,2.4065,328500.0,,10.950000056947422,0.26400,5,5,0.24000
20250619,20250620,SHSE.600576,600576.SH,祥源文旅,2,1.0056708109111152,0.9981443681573576,1.0075524215995546,0.9981443681573576,1.0075524215995546,235176.805,4.2306,877384.3021,,8.320000251891122,0.24200,5,5,0.22000
20250619,20250620,SHSE.601005,601005.SH,重庆钢铁,3,1.0007600668027465,0.9704954537019855,1.0083262200779366,0.9704954537019855,1.0083262200779366,74074.861,0.7044,1115322.2346,,1.2599999988566797,0.20900,5,5,0.19000
20250619,20250620,SHSE.600022,600022.SH,山东钢铁,4,0.999373538689924,0.964000742252737,1.0082167377992206,0.964000742252737,1.0082167377992206,32202.207,0.2336,1380151.5925,,1.2899999623291503,0.17600,5,5,0.16000
20250619,20250620,SZSE.002146,002146.SZ,荣盛发展,5,0.9992926331415848,0.9630729263314158,1.008347559844127,0.9630729263314158,1.008347559844127,103715.601,1.9836,578305.7922,,1.3299999831373581,0.15400,5,5,0.14000
20250620,20250623,SHSE.600576,600576.SH,祥源文旅,1,1.005974025974026,0.997773654916512,1.0080241187384045,0.997773654916512,1.0080241187384045,272057.199,5.1607,826765.977,,7.840000237358941,0.26400,5,5,0.24000
20250620,20250623,SHSE.600022,600022.SH,山东钢铁,2,1.0011873840445271,0.9716141001855287,1.0085807050092765,0.9716141001855287,1.0085807050092765,29290.648,0.2121,1380151.5925,,1.2899999623291503,0.24200,5,5,0.22000
20250620,20250623,SZSE.002146,002146.SZ,荣盛发展,3,1.0011666048237478,0.9710575139146568,1.0086938775510204,0.9710575139146568,1.0086938775510204,73999.225,1.4251,573957.6283,,1.3199999832641451,0.20900,5,5,0.19000
20250620,20250623,SHSE.601005,601005.SH,重庆钢铁,4,1.0009217068645642,0.9712430426716141,1.0083413729128015,0.9712430426716141,1.0083413729128015,39773.722,0.3801,1106470.4709,,1.2499999988657537,0.17600,5,5,0.16000
20250620,20250623,SHSE.600157,600157.SH,永泰能源,5,0.9996385899814472,0.963821892393321,1.0085927643784787,0.963821892393321,1.0085927643784787,467063.268,1.579699993133545,2954962.6313,0.019500000402331352,1.329999998101688,0.15400,5,5,0.14000
20250623,20250624,SHSE.600022,600022.SH,山东钢铁,2,1.0029325905292479,0.9790157845868153,1.008911792014856,0.9790157845868153,1.008911792014856,27298.399,0.1979,1380151.5925,,1.2899999623291503,0.24200,5,5,0.22000
20250623,20250624,SZSE.301278,301278.SZ,快可电子,3,1.002452739090065,0.9793871866295265,1.0082191272051997,0.9793871866295265,1.0082191272051997,29757.519,2.7057,284243.9327,,31.660000904669033,0.20900,5,5,0.19000
20250623,20250624,SHSE.601005,601005.SH,重庆钢铁,4,1.001071123491179,0.9719591457753017,1.0083491179201485,0.9719591457753017,1.0083491179201485,45746.918,0.4378,1115322.2346,,1.2599999988566797,0.17600,5,5,0.16000
20250623,20250624,SZSE.002146,002146.SZ,荣盛发展,5,1.0000148560817086,0.9652739090064996,1.0087000928505108,0.9652739090064996,1.0087000928505108,69580.668,1.3491,578305.7922,,1.3299999831373581,0.15400,5,5,0.14000
20250624,20250625,SZSE.002217,002217.SZ,合力泰,2,1.0054521158129177,0.9966592427616926,1.007650334075724,0.9966592427616926,1.007650334075724,140527.443,1.0527,1757658.7481,,2.3500000203632716,0.24200,5,5,0.22000
20250624,20250625,SHSE.600022,600022.SH,山东钢铁,3,1.001244246473645,0.9710467706013363,1.0087936154417223,0.9710467706013363,1.0087936154417223,41661.088,0.2996,1390850.442,,1.2999999620371283,0.20900,5,5,0.19000
20250624,20250625,SZSE.002146,002146.SZ,荣盛发展,4,1.0007943578322198,0.9682628062360802,1.0089272457312546,0.9682628062360802,1.0089272457312546,85753.816,1.6321,587002.1199,,1.3499999828837848,0.17600,5,5,0.16000
20250624,20250625,SHSE.600221,600221.SH,海航控股,5,0.9980786933927247,0.9578693392724573,1.0081310319227914,0.9578693392724573,1.0081310319227914,300452.15,0.6932,5704463.4946,,1.3200000156866056,0.15400,5,5,0.14000
20250625,20250626,SHSE.601005,601005.SH,重庆钢铁,1,1.0064023756495917,0.9944320712694877,1.0093949517446177,0.9944320712694877,1.0093949517446177,82501.906,0.7757,1133025.7622,,1.279999998838532,0.26400,5,5,0.24000
20250625,20250626,SHSE.600022,600022.SH,山东钢铁,2,1.0062746844840387,0.9927616926503341,1.0096529324424648,0.9927616926503341,1.0096529324424648,33846.461,0.242,1401549.2916,,1.3099999617451061,0.24200,5,5,0.22000
20250625,20250626,SHSE.600221,600221.SH,海航控股,3,1.0016822568671122,0.9730883444691908,1.0088307349665924,0.9730883444691908,1.0088307349665924,204265.697,0.4703,5747679.1272,,1.3300000158054437,0.20900,5,5,0.19000
20250625,20250626,SZSE.002146,002146.SZ,荣盛发展,4,1.001493689680772,0.9740163325909429,1.0083630289532293,0.9740163325909429,1.0083630289532293,100365.817,1.897,595698.4476,,1.3699999826302112,0.17600,5,5,0.16000
20250625,20250626,SHSE.600157,600157.SH,永泰能源,5,1.0013155159613958,0.97271714922049,1.0084651076466222,0.97271714922049,1.0084651076466222,524674.143,1.7519999742507935,2999398.1596,0.019999999552965164,1.3499999783543126,0.15400,5,5,0.14000
20250626,20250627,SHSE.600022,600022.SH,山东钢铁,1,1.0061732517158228,0.9927657206455203,1.0095251344833982,0.9927657206455203,1.0095251344833982,43783.346,0.3132,1390850.442,,1.2999999620371283,0.26400,5,5,0.24000
20250626,20250627,SHSE.601005,601005.SH,重庆钢铁,2,1.0060174364681878,0.9946206640697459,1.0088666295677982,0.9946206640697459,1.0088666295677982,55705.658,0.5242,1124173.9984,,1.2699999988476058,0.24200,5,5,0.22000
20250626,20250627,SHSE.600157,600157.SH,永泰能源,3,1.0046150992394733,0.988313856427379,1.0086904099424967,0.988313856427379,1.0086904099424967,258773.202,0.8672000169754028,2977180.3954,0.019999999552965164,1.3399999882280003,0.20900,5,5,0.19000
20250626,20250627,SZSE.002146,002146.SZ,荣盛发展,4,1.0027824151363385,0.9788536449638287,1.0087646076794659,0.9788536449638287,1.0087646076794659,75911.681,1.4327,587002.1199,,1.3499999828837848,0.17600,5,5,0.16000
20250626,20250627,SHSE.600221,600221.SH,海航控股,5,1.0024411055462807,0.976998701539603,1.0088017065479502,0.976998701539603,1.0088017065479502,161900.314,0.3718,5704463.4946,,1.3200000156866056,0.15400,5,5,0.14000
20250627,20250630,SHSE.600022,600022.SH,山东钢铁,1,1.0065345211581291,0.9948032665181886,1.0094673348181142,0.9948032665181886,1.0094673348181142,87428.279,0.6249,1401549.2916,,1.3099999617451061,0.26400,5,5,0.24000
20250627,20250630,SHSE.600221,600221.SH,海航控股,2,1.0046399406087603,0.9875649591685226,1.0089086859688197,0.9875649591685226,1.0089086859688197,330631.769,0.7541,5747679.1272,,1.3300000158054437,0.24200,5,5,0.22000
20250627,20250630,SZSE.002146,002146.SZ,荣盛发展,3,1.0038901262063846,0.984966592427617,1.0086210096510764,0.984966592427617,1.0086210096510764,114913.502,2.152,591350.2837,,1.3599999827569977,0.20900,5,5,0.19000
20250627,20250630,SHSE.600157,600157.SH,永泰能源,4,1.0037401633259095,0.9825538233110617,1.0090367483296214,0.9825538233110617,1.0090367483296214,406586.204,1.364400029182434,2977180.3954,0.019500000402331352,1.3399999882280003,0.17600,5,5,0.16000
20250627,20250630,SZSE.300929,300929.SZ,华骐环保,5,0.9936525612472161,0.9935040831477358,0.9936896807720861,0.9935040831477358,0.9936896807720861,37875.662,2.8674,138343.2049,,10.470000281128439,0.15400,5,5,0.14000
20250630,20250701,SHSE.600022,600022.SH,山东钢铁,1,1.0051466765688823,0.9890456739695507,1.0091719272187152,0.9890456739695507,1.0091719272187152,30710.434,0.2203,1390850.442,,1.2999999620371283,0.26400,5,5,0.24000
20250630,20250701,SHSE.600221,600221.SH,海航控股,2,1.0043356851095433,0.9847753434831044,1.009225770516153,0.9847753434831044,1.009225770516153,191067.208,0.4343,5790894.7597,,1.3400000159242815,0.24200,5,5,0.22000
20250630,20250701,SHSE.688599,688599.SH,天合光能,3,1.004054957296695,0.9853323431117713,1.008735610842926,0.9853323431117713,1.008735610842926,444384.459,1.4141000509262085,3166617.9436,0.4544999897480011,14.530000513640914,0.20900,5,5,0.19000
20250630,20250701,SHSE.600157,600157.SH,永泰能源,4,1.0032617898254734,0.9792053471964351,1.009275900482733,0.9792053471964351,1.009275900482733,310921.155,1.0470999479293823,2977180.3954,0.019500000402331352,1.3399999882280003,0.17600,5,5,0.16000
20250630,20250701,SZSE.002146,002146.SZ,荣盛发展,5,1.0025042703304865,0.9777200148533234,1.0087003341997771,0.9777200148533234,1.0087003341997771,82122.013,1.5388,595698.4476,,1.3699999826302112,0.15400,5,5,0.14000
20250701,20250702,SHSE.600022,600022.SH,山东钢铁,1,1.0070005568962317,0.9981436792277706,1.009214776313347,0.9981436792277706,1.009214776313347,37382.001,0.2682,1401549.2916,,1.3099999617451061,0.26400,5,5,0.24000
20250701,20250702,SHSE.600157,600157.SH,永泰能源,2,1.005818451828476,0.9905327640616298,1.0096398737701875,0.9905327640616298,1.0096398737701875,217815.612,0.7354999780654907,2954962.6313,0.01899999938905239,1.329999998101688,0.24200,5,5,0.22000
20250701,20250702,SZSE.000633,000633.SZ,合金投资,3,1.0048947466122147,0.9903471319844069,1.0085316502691666,0.9903471319844069,1.0085316502691666,13992.236,0.5367,260717.0145,,6.770000082873648,0.20900,5,5,0.19000
20250701,20250702,SHSE.600221,600221.SH,海航控股,4,1.0043883423055506,0.9845925375904956,1.0093372934843141,0.9845925375904956,1.0093372934843141,150380.586,0.3431,5747679.1272,,1.3300000158054437,0.17600,5,5,0.16000
20250701,20250702,SZSE.002146,002146.SZ,荣盛发展,5,1.0023701503619826,0.9762390941154632,1.0089029144236124,0.9762390941154632,1.0089029144236124,69864.7,1.3195,591350.2837,,1.3599999827569977,0.15400,5,5,0.14000
20250702,20250703,SHSE.600022,600022.SH,山东钢铁,1,1.007189008540661,0.9987003341997772,1.0093111771258818,0.9987003341997772,1.0093111771258818,311617.305,2.1467,1476441.2385,,1.3799999597009514,0.26400,5,5,0.24000
20250702,20250703,SHSE.600221,600221.SH,海航控股,3,1.0055462309691794,0.9894170070553286,1.009578536947642,0.9894170070553286,1.009578536947642,438996.373,0.9951,5834110.3922,,1.3500000160431194,0.20900,5,5,0.19000
20250702,20250703,SHSE.600157,600157.SH,永泰能源,4,1.0054571110285928,0.9896026735982176,1.0094207203861865,0.9896026735982176,1.0094207203861865,1384803.663,4.652599811553955,2989033.6879,0.02199999988079071,1.3699999586069374,0.17600,5,5,0.16000
20250702,20250703,SHSE.601005,601005.SH,重庆钢铁,5,1.0053516524322317,0.9897883401411066,1.0092424805050129,0.9897883401411066,1.0092424805050129,651487.921,5.7124,1248098.6911,,1.40999999872057,0.15400,5,5,0.14000
20250703,20250704,SZSE.300849,300849.SZ,锦盛新材,1,1.0068225399183068,1.0008115484589677,1.0083252877831415,1.0008115484589677,1.0083252877831415,114068.642,7.0172,199200.0,,13.279999975134563,0.26400,5,5,0.24000
20250703,20250704,SHSE.605198,605198.SH,安德利,2,1.0061917564054956,1.0000638692907537,1.007723728184181,1.0000638692907537,1.007723728184181,61928.577,0.6171,1366847.2,,39.84870301906334,0.24200,5,5,0.22000
20250703,20250704,SHSE.600221,600221.SH,海航控股,3,1.0051511325659117,0.9890456739695507,1.0091774972150018,0.9890456739695507,1.0091774972150018,122847.2,0.278,5790894.7597,,1.3400000159242815,0.20900,5,5,0.19000
20250703,20250704,SHSE.600022,600022.SH,山东钢铁,4,1.0040638692907538,0.9829186780542146,1.0093501670998886,0.9829186780542146,1.0093501670998886,221199.808,1.5131,1465742.3889,,1.3699999599929735,0.17600,5,5,0.16000
20250703,20250704,SHSE.688025,688025.SH,杰普特,5,1.0029691793538804,0.9831043445971036,1.0079353880430746,0.9831043445971036,1.0079353880430746,195147.655,2.7921,717908.2919,,75.53000429370127,0.15400,5,5,0.14000
20250704,20250707,SZSE.300849,300849.SZ,锦盛新材,1,1.0069445805493689,1.0008105048255382,1.0084780994803266,1.0008105048255382,1.0084780994803266,133327.476,8.4458,193500.0,,12.899999975846077,0.26400,5,5,0.24000
20250704,20250707,SZSE.002687,002687.SZ,乔治白,2,1.0057624350408316,0.9983296213808464,1.0076206384558277,0.9983296213808464,1.0076206384558277,29258.633,1.5139,235227.2428,,4.5722681415504605,0.24200,5,5,0.22000
20250704,20250707,SHSE.688425,688425.SH,铁建重工,3,1.0055085374907202,0.9910913140311804,1.0091128433556051,0.9910913140311804,1.0091128433556051,69447.027,0.3188999891281128,2170733.279,0.0626399964094162,4.014893711281926,0.20900,5,5,0.19000
20250704,20250707,SHSE.600221,600221.SH,海航控股,4,1.0044959168522642,0.9845953971789161,1.0094710467706014,0.9845953971789161,1.0094710467706014,363121.959,0.8144,5834110.3922,,1.3500000160431194,0.17600,5,5,0.16000
20250704,20250707,SHSE.688025,688025.SH,杰普特,5,0.9995233853006682,0.9688195991091314,1.0071993318485524,0.9688195991091314,1.0071993318485524,206540.732,2.8883,718668.6873,,75.61000429824908,0.15400,5,5,0.14000
20250707,20250708,SHSE.688296,688296.SH,和达科技,2,1.0063204380917021,1.0000595878967886,1.0078856506404306,1.0000595878967886,1.0078856506404306,22842.383,1.6225,142318.3325,,13.189999753353643,0.24200,5,5,0.22000
20250707,20250708,SHSE.600221,600221.SH,海航控股,3,1.0050848338592908,0.9875626508260628,1.0094653796175979,0.9875626508260628,1.0094653796175979,211794.961,0.4755,5834110.3922,,1.3500000160431194,0.20900,5,5,0.19000
20250707,20250708,SZSE.300849,300849.SZ,锦盛新材,4,1.0003207722294412,0.9715982921848896,1.007501392240579,0.9715982921848896,1.007501392240579,61153.875,3.9137,192900.0,,12.85999997592097,0.17600,5,5,0.16000
20250707,20250708,SHSE.688701,688701.SH,卓锦股份,5,0.9982476331910154,0.9656580657137553,1.0063950250603304,0.9656580657137553,1.0063950250603304,20381.469,1.8392,111181.664,,8.279999538266622,0.15400,5,5,0.14000
20250708,20250709,SHSE.603803,603803.SH,瑞斯康达,1,1.0029662086891942,0.9842183438544374,1.0076531748978834,0.9842183438544374,1.0076531748978834,76398.96,2.0908,365399.859,,8.599999669785802,0.26400,5,5,0.24000
20250708,20250709,SZSE.300849,300849.SZ,锦盛新材,2,1.000103973264018,0.9710360193093205,1.0073709617526923,0.9710360193093205,1.0073709617526923,79784.585,5.0849,194250.0,,12.949999975752455,0.24200,5,5,0.22000
20250708,20250709,SHSE.688500,688500.SH,慧辰股份,3,0.999095432603045,0.9660230226513182,1.0073635350909766,0.9660230226513182,1.0073635350909766,85624.757,2.2984,371001.1775,,49.95000104485814,0.20900,5,5,0.19000
20250708,20250709,SZSE.003003,003003.SZ,天元股份,4,0.9986854808763462,0.9606386929075381,1.0081971778685481,0.9606386929075381,1.0081971778685481,52888.133,3.2654,246633.6285,,13.950000566171084,0.17600,5,5,0.16000
20250709,20250710,SHSE.688425,688425.SH,铁建重工,1,1.0075897197995918,1.0004425681944702,1.009376507700872,1.0004425681944702,1.009376507700872,77440.025,0.3531000018119812,2186733.77,0.05720999836921692,4.0444872577600846,0.26400,5,5,0.24000
20250709,20250710,SHSE.600221,600221.SH,海航控股,2,1.007519020226387,0.9985154945258861,1.0097699016515123,0.9985154945258861,1.0097699016515123,812421.321,1.7781,6006972.9224,,1.390000016518471,0.24200,5,5,0.22000
20250709,20250710,SHSE.603382,603382.SH,海阳科技,3,0.9983967340879569,0.9614028576730377,1.0076452031916867,0.9614028576730377,1.0076452031916867,116901.595,10.3905,571485.5633,,31.19928755194934,0.20900,5,5,0.19000
20250709,20250710,SZSE.002218,002218.SZ,拓日新能,4,0.99791426980887,0.9576915939877528,1.0079699387641492,0.9576915939877528,1.0079699387641492,204762.348,3.6043,576512.384,,4.07999991069276,0.17600,5,5,0.16000
20250710,20250711,SHSE.688500,688500.SH,慧辰股份,1,1.0040304323622193,0.9920207830766375,1.0070328446836148,0.9920207830766375,1.0070328446836148,146379.777,3.9597,357111.8441,,48.08000100574132,0.26400,5,5,0.24000
20250710,20250711,SZSE.002633,002633.SZ,申科股份,2,1.0007912414177027,0.9738355910187418,1.0075301540174428,0.9738355910187418,1.0075301540174428,27856.075,1.1501,243150.0,,16.210000020300804,0.24200,5,5,0.22000
20250710,20250711,SZSE.002121,002121.SZ,科陆电子,4,0.9963540545555762,0.9545370198552607,1.0068083132306551,0.9545370198552607,1.0068083132306551,199047.355,2.2713,1039671.2467,,6.259999916890934,0.17600,5,5,0.16000
20250711,20250714,SZSE.002209,002209.SZ,达意隆,1,1.0074452067494901,0.9985165955868719,1.0096773595401447,0.9985165955868719,1.0096773595401447,132260.711,6.1136,277247.4667,,13.930000170945725,0.26400,5,5,0.24000
20250711,20250714,SZSE.300849,300849.SZ,锦盛新材,2,1.0056517708140182,0.9942518078991285,1.0085017615427407,0.9942518078991285,1.0085017615427407,62225.536,4.0225,192000.0,,12.799999976033316,0.24200,5,5,0.22000
20250711,20250714,SHSE.600853,600853.SH,龙建股份,3,0.9979368811422215,1.000068236603004,0.9974040422770257,1.000068236603004,0.9974040422770257,43375.566,1.1821,368093.5238,,3.6299999717082145,0.20900,5,5,0.19000
20250711,20250714,SHSE.600778,600778.SH,友好集团,4,0.9975288707583906,1.0002532913035416,0.9968477656221028,1.0002532913035416,0.9968477656221028,87369.084,4.2683,206207.275,,6.620000056997614,0.17600,5,5,0.16000
20250714,20250715,SZSE.300849,300849.SZ,锦盛新材,1,1.0054386941198294,0.9953626414394361,1.0079577072899277,0.9953626414394361,1.0079577072899277,59133.977,3.842,189750.0,,12.649999976314175,0.26400,5,5,0.24000
20250714,20250715,SHSE.600768,600768.SH,宁波富邦,2,1.0032083101465405,0.9875718790576887,1.0071174179187534,0.9875718790576887,1.0071174179187534,65018.561,4.0784,160229.1456,,11.933723542282026,0.24200,5,5,0.22000
20250714,20250715,SHSE.600826,600826.SH,兰生股份,4,0.9979773696902245,0.9606751994064181,1.007302912261176,0.9606751994064181,1.007302912261176,79816.731,1.0972,727442.68,,9.831941357040362,0.17600,5,5,0.16000
20250715,20250716,SZSE.002355,002355.SZ,兴民智通,1,1.0056097922848666,0.9972181008902077,1.0077077151335312,0.9972181008902077,1.0077077151335312,104847.57,2.4581,428193.576,,6.8999998864368655,0.26400,5,5,0.24000
20250715,20250716,SZSE.300849,300849.SZ,锦盛新材,2,1.004719584569733,0.9899851632047477,1.0084031899109793,0.9899851632047477,1.0084031899109793,59093.443,3.9021,186750.0,,12.449999976688654,0.24200,5,5,0.22000
20250715,20250716,SZSE.000545,000545.SZ,金浦钛业,3,0.9980437685459941,0.9588278931750742,1.007847737388724,0.9588278931750742,1.007847737388724,52241.108,1.7382,300984.0943,,3.049999961727544,0.20900,5,5,0.19000
20250716,20250717,SZSE.300849,300849.SZ,锦盛新材,1,1.0067929896142433,1.00025574925816,1.0084272997032642,1.00025574925816,1.0084272997032642,40552.683,2.6604,188400.0,,12.559999976482692,0.26400,5,5,0.24000
20250716,20250717,SZSE.002780,002780.SZ,三夫户外,2,1.0059747774480712,0.9985163204747775,1.0078393916913946,0.9985163204747775,1.0078393916913946,53286.734,3.0352,211797.5812,,13.39139096462795,0.24200,5,5,0.22000
20250716,20250717,SHSE.603386,603386.SH,骏亚科技,3,1.003246290801187,0.9885014836795252,1.0069324925816023,0.9885014836795252,1.0069324925816023,66483.259,1.541,431398.4243,,13.219999834110864,0.20900,5,5,0.19000
20250716,20250717,SHSE.600826,600826.SH,兰生股份,5,0.9977893175074185,0.9603115727002968,1.0071587537091988,0.9603115727002968,1.0071587537091988,109603.293,1.2449,880433.6582,,11.899730843657547,0.15400,5,5,0.14000
20250717,20250718,SHSE.600493,600493.SH,凤竹纺织,1,1.0054277767476358,0.9970331911737438,1.0075264231411087,0.9970331911737438,1.0075264231411087,90400.686,5.005,179248.0,,6.59000004290686,0.26400,5,5,0.24000
20250717,20250718,SZSE.300849,300849.SZ,锦盛新材,2,1.0053387724828482,0.9948080845540516,1.0079714444650474,0.9948080845540516,1.0079714444650474,36485.328,2.3759,190050.0,,12.669999976276728,0.24200,5,5,0.22000
20250717,20250718,SZSE.002780,002780.SZ,三夫户外,3,1.0039992582977935,0.9892453180048211,1.0076877433710365,0.9892453180048211,1.0076877433710365,58466.254,3.3481,209906.5314,,13.271824973872345,0.20900,5,5,0.19000
20250717,20250718,SHSE.603400,603400.SH,华之杰,4,0.9996321157055443,0.9638420174300019,1.0085796402744298,0.9638420174300019,1.0085796402744298,100536.483,9.8527,519000.0,,51.11789618831872,0.17600,5,5,0.16000
20250718,20250721,SZSE.300849,300849.SZ,锦盛新材,1,1.0067373887240358,0.9987017804154302,1.008746290801187,0.9987017804154302,1.008746290801187,34307.143,2.2394,188850.0,,12.589999976426519,0.26400,5,5,0.24000
20250718,20250721,SZSE.002780,002780.SZ,三夫户外,2,1.0041172106824927,0.987759643916914,1.0082066023738872,0.987759643916914,1.0082066023738872,54783.899,3.1501,210379.2938,,13.301716471561246,0.24200,5,5,0.22000
20250718,20250721,SHSE.603386,603386.SH,骏亚科技,3,1.0034302670623145,0.9879451038575667,1.0073015578635014,0.9879451038575667,1.0073015578635014,80844.97,1.8426,436619.5853,,13.379999832103127,0.20900,5,5,0.19000
20250718,20250721,SHSE.603400,603400.SH,华之杰,4,0.9995281899109792,0.9632789317507419,1.0085905044510386,0.9632789317507419,1.0085905044510386,76968.509,7.5755,519000.0,,51.11789618831872,0.17600,5,5,0.16000
20250721,20250722,SHSE.603966,603966.SH,法兰泰克,2,1.00534915631374,0.9966623400704617,1.0075208603745596,0.9966623400704617,1.0075208603745596,47934.114,1.1338,423818.8824,,7.999731626027067,0.24200,5,5,0.22000
20250721,20250722,SHSE.603916,603916.SH,苏博特,3,1.0022265900241054,0.9829408492490265,1.007048025217875,0.9829408492490265,1.007048025217875,19604.387,0.4438,454677.4391,,10.417363868205696,0.20900,5,5,0.19000
20250721,20250722,SHSE.603400,603400.SH,华之杰,4,1.0000385685147415,0.965510847394771,1.008670498794734,0.965510847394771,1.008670498794734,107264.47,10.4493,525300.0,,51.738402442627795,0.17600,5,5,0.16000
20250722,20250723,SZSE.300059,300059.SZ,东方财富,1,1.0031637915043592,0.9794101279910963,1.0091022073826748,0.9794101279910963,1.0091022073826748,10742489.97,3.4172000885009766,37202704.687,0.6870700120925903,23.423182046583992,0.26400,5,5,0.24000
20250722,20250723,SHSE.603400,603400.SH,华之杰,2,1.0009348914858098,0.9697644221851234,1.0087275088109813,0.9697644221851234,1.0087275088109813,92594.723,9.0664,522200.0,,51.43307396828523,0.24200,5,5,0.22000
20250722,20250723,SHSE.600815,600815.SH,厦工股份,3,0.9990146540530515,0.9634576145427565,1.0079039139306252,0.9634576145427565,1.0079039139306252,104263.995,1.7596,592547.5563,,3.33999987989547,0.20900,5,5,0.19000
20250722,20250723,SZSE.002057,002057.SZ,中钢天源,5,0.9948061584121685,0.9918382489334076,0.9955481357818586,0.9918382489334076,0.9955481357818586,200887.19,2.5442,790070.1239,,10.422687834799648,0.15400,5,5,0.14000
20250723,20250724,SZSE.002700,002700.SZ,万憬能源,1,1.0062997961075069,1.000440593141798,1.0077645968489342,1.000440593141798,1.0077645968489342,49326.159,1.8805,322629.9843,,7.799999925542088,0.26400,5,5,0.24000
20250723,20250724,SHSE.601107,601107.SH,四川成渝,2,1.0012396663577385,0.9727525486561631,1.0083614457831325,0.9727525486561631,1.0083614457831325,389248.814,2.9675,1788965.1,,5.554596878200812,0.24200,5,5,0.22000
20250723,20250724,SHSE.603916,603916.SH,苏博特,3,0.9985779425393884,0.959221501390176,1.0084170528266914,0.959221501390176,1.0084170528266914,15541.818,0.2907,550285.1594,,12.60788471965523,0.20900,5,5,0.19000
20250723,20250724,SZSE.300849,300849.SZ,锦盛新材,4,0.9979747173308621,1.0002535681186284,0.9974050046339203,1.0002535681186284,0.9974050046339203,46207.38,2.9948,190350.0,,12.689999976239278,0.17600,5,5,0.16000
20250723,20250724,SHSE.600117,600117.SH,西宁特钢,5,0.9972685820203894,0.9579240037071363,1.0071047265987025,0.9579240037071363,1.0071047265987025,192083.98,1.8793,1022106.0651,,3.14,0.15400,5,5,0.14000
20250724,20250725,SZSE.300849,300849.SZ,锦盛新材,1,1.0064263997033742,0.9988876529477196,1.0083110863922877,0.9988876529477196,1.0083110863922877,37688.563,2.442,190950.0,,12.729999976164384,0.26400,5,5,0.24000
20250724,20250725,SHSE.605567,605567.SH,春雪食品,2,1.0047104189840563,0.9916573971078977,1.007973674453096,0.9916573971078977,1.007973674453096,25469.304,1.2041,211600.0,,10.579999939188081,0.24200,5,5,0.22000
20250724,20250725,SZSE.002700,002700.SZ,万憬能源,3,1.0027801260659994,0.9813681868743048,1.0081331108639229,0.9813681868743048,1.0081331108639229,34013.973,1.3042,323870.8689,,7.829999925255712,0.20900,5,5,0.19000
20250724,20250725,SHSE.601107,601107.SH,四川成渝,4,1.0012013348164628,0.9707081942899518,1.0088246199480904,0.9707081942899518,1.0088246199480904,189636.724,1.5143,1764500.62,,5.478636579011741,0.17600,5,5,0.16000
20250724,20250725,SHSE.600232,600232.SH,金鹰股份,5,1.0010433815350388,0.9771968854282537,1.0070050055617352,0.9771968854282537,1.0070050055617352,73951.753,3.181,233055.1496,,6.390000184968262,0.15400,5,5,0.14000
20250725,20250728,SZSE.000726,000726.SZ,鲁泰A,1,1.006165530022239,1.0006275018532247,1.0075500370644923,1.0006275018532247,1.0075500370644923,58702.943,1.4275,570479.8826,,6.885546387843024,0.26400,5,5,0.24000
20250725,20250728,SHSE.601886,601886.SH,江河集团,2,1.00482876204596,0.991475166790215,1.008167160859896,0.991475166790215,1.008167160859896,221788.283,2.5525,861081.5656,,7.179746137508855,0.24200,5,5,0.22000
20250725,20250728,SHSE.688701,688701.SH,卓锦股份,3,1.0017613046701261,0.979058561897702,1.007436990363232,0.979058561897702,1.007436990363232,22862.175,1.8606,122863.7954,,9.149999489751162,0.20900,5,5,0.19000
20250725,20250728,SZSE.300163,300163.SZ,先锋新材,4,1.0016856931060045,0.9749814677538917,1.0083617494440327,0.9749814677538917,1.0083617494440327,325655.724,22.7762,157842.0,,3.3300001239896724,0.17600,5,5,0.16000
20250725,20250728,SHSE.600749,600749.SH,西藏旅游,5,0.9984091919940697,0.9584877687175686,1.008389547813195,0.9584877687175686,1.008389547813195,345347.651,7.9002,437135.5857,,19.260000575644774,0.15400,5,5,0.14000
20250728,20250729,SZSE.301015,301015.SZ,百洋医药,1,1.0023627941448954,0.9760978321289605,1.008929034648879,0.9760978321289605,1.008929034648879,136522.974,1.2112,1124300.0592,,20.84582895693679,0.26400,5,5,0.24000
20250728,20250729,SZSE.300515,300515.SZ,三德科技,2,0.9991921437835835,0.9634982397628312,1.0081156197887715,0.9634982397628312,1.0081156197887715,149281.588,3.3041,523027.939,,24.788329611459197,0.24200,5,5,0.22000
20250728,20250729,SZSE.300030,300030.SZ,阳普医疗,3,0.9988482490272373,0.968686307207708,1.0063887344821196,0.968686307207708,1.0063887344821196,178299.323,8.4141,251678.4744,,8.140000143060398,0.20900,5,5,0.19000
20250728,20250729,SHSE.605567,605567.SH,春雪食品,4,0.9947378173059107,0.9870298313878081,0.9966648137854364,0.9870298313878081,0.9966648137854364,43251.418,2.0259,214800.0,,10.739999938268431,0.17600,5,5,0.16000
20250728,20250729,SZSE.301081,301081.SZ,严牌股份,5,0.9945525291828794,0.9920326107096535,0.9951825088011859,0.9920326107096535,0.9951825088011859,36766.66,1.6272,236157.6471,,10.46146898541651,0.15400,5,5,0.14000
20250729,20250730,SHSE.688701,688701.SH,卓锦股份,2,1.006306980188854,0.9988890946121088,1.0081614515830402,0.9988890946121088,1.0081614515830402,18546.918,1.5221,122058.1311,,9.089999493097055,0.24200,5,5,0.22000
20250729,20250730,SZSE.300163,300163.SZ,先锋新材,3,1.0003614145528608,0.9746343269764859,1.0067931864469544,0.9746343269764859,1.0067931864469544,117240.77,8.227,160686.0,,3.39000012622372,0.20900,5,5,0.19000
20250729,20250730,SZSE.300126,300126.SZ,锐奇股份,5,0.9973749305684133,1.00020551749676,0.9966672838363266,1.00020551749676,0.9966672838363266,33977.206,2.1168,232223.6064,,7.640000068782371,0.15400,5,5,0.14000
20250730,20250731,SHSE.605138,605138.SH,盛泰集团,1,1.0069289020551748,1.0004434364006667,1.008550268468802,1.0004434364006667,1.008550268468802,35752.203,0.8208,435561.9682,,7.778135587236849,0.26400,5,5,0.24000
20250730,20250731,SHSE.688701,688701.SH,卓锦股份,2,1.0058211442325495,0.9981484910201814,1.0077393075356416,0.9981484910201814,1.0077393075356416,24896.696,2.0454,122192.4085,,9.099999492539405,0.24200,5,5,0.22000
20250730,20250731,SZSE.300433,300433.SZ,蓝思科技,3,1.0051864469542677,0.9880577670801703,1.009468616922792,0.9880577670801703,1.009468616922792,1345655.426,1.18340003490448,11948175.9959,0.8067899942398071,22.703795311008342,0.20900,5,5,0.19000
20250730,20250731,SZSE.002700,002700.SZ,万憬能源,4,1.0013834475097205,0.9772264395482319,1.0074226995000926,0.9772264395482319,1.0074226995000926,63894.148,2.5605,307325.7415,,7.429999929074066,0.17600,5,5,0.16000
20250730,20250731,SZSE.001216,001216.SZ,华瓷股份,5,0.9983706720977596,0.95908165154601,1.008192927235697,0.95908165154601,1.008192927235697,73993.889,1.5769,469227.6621,,18.630000107737857,0.15400,5,5,0.14000
20250731,20250801,SHSE.688701,688701.SH,卓锦股份,1,1.0064658143413008,0.9987029831387808,1.0084065221419307,0.9987029831387808,1.0084065221419307,20230.258,1.6635,120446.8027,,8.969999499788845,0.26400,5,5,0.24000
20250731,20250801,SZSE.002700,002700.SZ,万憬能源,2,1.0032166018158237,0.9823976283120252,1.0084213451917732,0.9823976283120252,1.0084213451917732,59936.101,2.4243,304016.716,,7.349999929837737,0.24200,5,5,0.22000
20250731,20250801,SZSE.301081,301081.SZ,严牌股份,3,0.9974800815267741,0.9985176950157495,0.9972206781545303,0.9985176950157495,0.9972206781545303,32719.45,1.4686,230979.7387,,10.232094546270103,0.20900,5,5,0.19000
20250731,20250801,SHSE.603316,603316.SH,诚邦股份,4,0.9973318510283491,0.997035390031499,0.9974059662775616,0.997035390031499,0.9974059662775616,91320.155,4.0849,221188.968,,8.370000208491708,0.17600,5,5,0.16000
20250731,20250801,SHSE.600774,600774.SH,汉商集团,5,0.9972577357791366,0.9988882712618121,0.9968501019084677,0.9988882712618121,0.9968501019084677,267548.739,8.0091,334271.7115,,11.330000106618613,0.15400,5,5,0.14000
20250801,20250804,SZSE.002811,002811.SZ,郑中设计,1,1.0069621711745091,1.000442571322712,1.0085920711374583,1.000442571322712,1.0085920711374583,155785.89,4.7192,359093.0258,,11.331346141960323,0.26400,5,5,0.24000
20250801,20250804,SHSE.688701,688701.SH,卓锦股份,2,1.0065672841793256,0.9994166357910338,1.0083549462763985,0.9994166357910338,1.0083549462763985,30438.746,2.4777,124877.956,,9.299999481386426,0.24200,5,5,0.22000
20250801,20250804,SZSE.002365,002365.SZ,永安药业,3,0.9993367914042238,0.9692478695813265,1.006859021859948,0.9692478695813265,1.006859021859948,319752.955,6.6527,577577.7,,19.422799504506013,0.20900,5,5,0.19000
20250801,20250804,SZSE.002700,002700.SZ,万憬能源,5,0.9944053353093739,0.9831419044090404,0.9972211930344572,0.9831419044090404,0.9972211930344572,39760.52,1.6181,301948.5751,,7.299999930315031,0.15400,5,5,0.14000
20250804,20250805,SZSE.000679,000679.SZ,大连友谊,1,1.0078544578313253,1.0004437442075997,1.0097071362372567,1.0004437442075997,1.0097071362372567,48167.28,1.4819,325036.8,,9.12000001811038,0.26400,5,5,0.24000
20250804,20250805,SHSE.688701,688701.SH,卓锦股份,3,1.005686746987952,0.9987025023169601,1.0074328081556998,0.9987025023169601,1.0074328081556998,27068.163,2.1393,127966.3355,,9.529999468560497,0.20900,5,5,0.19000
20250804,20250805,SZSE.300274,300274.SZ,阳光电源,4,1.0050179796107508,0.9870250231696015,1.009516218721038,0.9870250231696015,1.009516218721038,2497398.311,2.1447999477386475,15296153.8863,2.7210800647735596,72.95105068734631,0.17600,5,5,0.16000
20250804,20250805,SZSE.002700,002700.SZ,万憬能源,5,1.0040570898980539,0.9907321594068582,1.0073883225208526,0.9907321594068582,1.0073883225208526,60498.244,2.4424,308152.9978,,7.449999928883149,0.15400,5,5,0.14000
20250805,20250806,SHSE.688701,688701.SH,卓锦股份,1,1.006053372868792,0.9953669384729429,1.008724981467754,0.9953669384729429,1.008724981467754,38582.63,2.9921,130517.6056,,9.71999945796517,0.26400,5,5,0.24000
20250805,20250806,SHSE.600252,600252.SH,中恒集团,2,1.006017790956264,0.992772424017791,1.0093291326908822,0.992772424017791,1.0093291326908822,145162.605,1.4604,997317.0157,,3.0100000023333138,0.24200,5,5,0.22000
20250805,20250806,SZSE.002266,002266.SZ,浙富控股,3,1.0027146034099335,0.9829503335804299,1.0076556708673092,0.9829503335804299,1.0076556708673092,352997.885,2.00819993019104,1878937.7047,0.1899999976158142,3.55374440000559,0.20900,5,5,0.19000
20250805,20250806,SZSE.000008,000008.SZ,神州高铁,4,0.9950518902891031,0.9974981467753892,0.9944403261675315,0.9974981467753892,0.9944403261675315,85675.466,1.1305,760585.7512,,2.800000118213396,0.17600,5,5,0.16000
20250805,20250806,SZSE.000012,000012.SZ,南玻A,5,0.9950518902891031,0.9974981467753892,0.9944403261675315,0.9974981467753892,0.9944403261675315,47499.561,0.5088,1464720.135,,4.770000020627718,0.15400,5,5,0.14000
20250806,20250807,SHSE.600662,600662.SH,外服控股,1,1.007378177102631,1.000981289366432,1.0089773990366804,1.000981289366432,1.0089773990366804,48668.055,0.3701,1324427.9613,,5.561647100485273,0.26400,5,5,0.24000
20250806,20250807,SZSE.002266,002266.SZ,浙富控股,2,1.0042074842534272,0.9877732493516117,1.008316042978881,0.9877732493516117,1.008316042978881,408344.155,2.3052000999450684,1894595.5189,0.19050000607967377,3.583359144569395,0.24200,5,5,0.22000
20250806,20250807,SZSE.301491,301491.SZ,汉桑科技,3,0.9993716191181921,0.9644312708410523,1.0081067061874769,0.9644312708410523,1.0081067061874769,2047967.44,81.6975,1069281.0,,82.89,0.20900,5,5,0.19000
20250806,20250807,SHSE.605169,605169.SH,洪通燃气,4,0.9990559466469064,0.9620229714709152,1.008314190440904,0.9620229714709152,1.008314190440904,81264.706,2.0579,394900.48,,13.959999367930612,0.17600,5,5,0.16000
20250807,20250808,SHSE.600662,600662.SH,外服控股,1,1.0059814746202298,0.9942571322712116,1.0089125602074842,0.9942571322712116,1.0089125602074842,52946.432,0.4024,1326711.4578,,5.571236147210247,0.26400,5,5,0.24000
20250807,20250808,SHSE.600930,600930.SH,华电新能,2,0.9998606891441275,0.9646165246387551,1.0086717302704706,0.9646165246387551,1.0086717302704706,1052743.251,6.567399978637695,26138186.4085,,6.347627215641148,0.24200,5,5,0.22000
20250807,20250808,SZSE.002148,002148.SZ,北纬科技,3,0.9984112634309004,0.9610967024824009,1.0077399036680252,0.9610967024824009,1.0077399036680252,101964.321,2.1883,579669.8612,,10.370000454780069,0.20900,5,5,0.19000
20250807,20250808,SZSE.000008,000008.SZ,神州高铁,4,0.996350500185254,0.9984253427195258,0.9958317895516858,0.9984253427195258,0.9958317895516858,69671.236,0.9189,757869.3736,,2.7900001177912053,0.17600,5,5,0.16000
20250807,20250808,SZSE.000031,000031.SZ,大悦城,5,0.996350500185254,0.9984253427195258,0.9958317895516858,0.9984253427195258,0.9958317895516858,50601.73,0.3874,1307325.5684,,3.050000004764791,0.15400,5,5,0.14000
20250808,20250811,SHSE.603406,603406.SH,天富龙,1,0.9994222222222222,0.9640740740740741,1.0082592592592592,0.9640740740740741,1.0082592592592592,1970531.035,81.5408,2272056.8,,56.126482213438734,0.26400,5,5,0.24000
20250808,20250811,SHSE.605169,605169.SH,洪通燃气,2,0.9989792592592595,0.9611111111111111,1.0084462962962963,0.9611111111111111,1.0084462962962963,178959.609,3.7434,478067.2,,16.899999234815713,0.24200,5,5,0.22000
20250808,20250811,SZSE.002551,002551.SZ,尚荣医疗,3,0.9988459259259261,0.9629629629629629,1.0078166666666668,0.9629629629629629,1.0078166666666668,162985.656,5.7488,392309.4842,,4.640000031445106,0.20900,5,5,0.19000
20250808,20250811,SZSE.000031,000031.SZ,大悦城,4,0.9964074074074074,0.9983333333333333,0.9959259259259259,0.9983333333333333,0.9959259259259259,45484.958,0.349,1307325.5684,,3.050000004764791,0.17600,5,5,0.16000
20250808,20250811,SZSE.000035,000035.SZ,中国天楹,5,0.9964074074074074,0.9983333333333333,0.9959259259259259,0.9983333333333333,0.9959259259259259,54173.008,0.5176,1080338.3346,,4.320000077081608,0.15400,5,5,0.14000
20250811,20250812,SZSE.002176,002176.SZ,江特电机,1,1.0065987780040733,0.9964821329383448,1.0091279392705055,0.9964821329383448,1.0091279392705055,340793.995,2.3014,1481090.6043,,8.679999851781183,0.26400,5,5,0.24000
20250811,20250812,SHSE.603819,603819.SH,神力股份,2,1.0032497685613777,0.9807443066098871,1.0088761340492503,0.9807443066098871,1.0088761340492503,58850.709,2.152,273904.5752,,12.536746088400127,0.24200,5,5,0.22000
20250811,20250812,SZSE.000031,000031.SZ,大悦城,4,0.9964451027587485,0.9985187928161452,0.9959266802443992,0.9985187928161452,0.9959266802443992,73487.816,0.5524,1333043.4484,,3.110000004858525,0.17600,5,5,0.16000
20250811,20250812,SZSE.000035,000035.SZ,中国天楹,5,0.9964451027587485,0.9985187928161452,0.9959266802443992,0.9985187928161452,0.9959266802443992,65919.14,0.6262,1087840.6842,,4.3500000776168966,0.15400,5,5,0.14000
20250812,20250813,SZSE.301632,301632.SZ,广东建科,1,0.9981539600296077,0.9579940784603997,1.0081939304219096,0.9579940784603997,1.0081939304219096,1948170.151,84.5926,1423522.56,,33.77693912007151,0.26400,5,5,0.24000
20250812,20250813,SZSE.000031,000031.SZ,大悦城,2,0.9970947446336048,0.9984270910436713,0.9967616580310881,0.9984270910436713,0.9967616580310881,71079.026,0.5272,1345902.3884,,3.1400000049053918,0.24200,5,5,0.22000
20250812,20250813,SZSE.000035,000035.SZ,中国天楹,3,0.9970947446336048,0.9984270910436713,0.9967616580310881,0.9984270910436713,0.9967616580310881,44751.575,0.4253,1085339.901,,4.340000077438467,0.20900,5,5,0.19000
20250812,20250813,SZSE.000055,000055.SZ,方大集团,4,0.9970947446336048,0.9984270910436713,0.9967616580310881,0.9984270910436713,0.9967616580310881,32294.226,1.1219,458544.2949,,4.270000090873488,0.17600,5,5,0.16000
20250812,20250813,SZSE.000552,000552.SZ,甘肃能化,5,0.9970947446336048,0.9984270910436713,0.9967616580310881,0.9984270910436713,0.9967616580310881,105986.221,1.1087,1380766.3611,,2.5799999922529357,0.15400,5,5,0.14000
20250813,20250814,SZSE.000031,000031.SZ,大悦城,1,0.9970375856322904,0.9985187928161452,0.9966672838363266,0.9985187928161452,0.9966672838363266,57736.359,0.4263,1345902.3884,,3.1400000049053918,0.26400,5,5,0.24000
20250813,20250814,SZSE.000035,000035.SZ,中国天楹,2,0.9970375856322904,0.9985187928161452,0.9966672838363266,0.9985187928161452,0.9966672838363266,73760.796,0.6998,1087840.6842,,4.3500000776168966,0.24200,5,5,0.22000
20250813,20250814,SZSE.000055,000055.SZ,方大集团,3,0.9970375856322904,0.9985187928161452,0.9966672838363266,0.9985187928161452,0.9966672838363266,47613.793,1.6558,456396.5465,,4.250000090447852,0.20900,5,5,0.19000
20250813,20250814,SZSE.000552,000552.SZ,甘肃能化,4,0.9970375856322904,0.9985187928161452,0.9966672838363266,0.9985187928161452,0.9966672838363266,88713.257,0.9288,1370062.7459,,2.559999992312991,0.17600,5,5,0.16000
20250813,20250814,SZSE.000571,000571.SZ,新大洲A,5,0.9970375856322904,0.9985187928161452,0.9966672838363266,0.9985187928161452,0.9966672838363266,65661.194,1.7487,387677.598,,4.619999949070559,0.15400,5,5,0.14000
20250814,20250815,SZSE.000031,000031.SZ,大悦城,1,0.9969091245604293,0.998611882287618,0.9964834351286322,0.998611882287618,0.9964834351286322,76882.769,0.5738,1315898.1951,,3.070000004796036,0.26400,5,5,0.24000
20250814,20250815,SZSE.000035,000035.SZ,中国天楹,2,0.9969091245604293,0.998611882287618,0.9964834351286322,0.998611882287618,0.9964834351286322,89745.69,0.8567,1072835.9851,,4.290000076546319,0.24200,5,5,0.22000
20250814,20250815,SZSE.000055,000055.SZ,方大集团,3,0.9969091245604293,0.998611882287618,0.9964834351286322,0.998611882287618,0.9964834351286322,55064.74,1.9443,445657.8042,,4.1500000883196675,0.20900,5,5,0.19000
20250814,20250815,SZSE.000552,000552.SZ,甘肃能化,4,0.9969091245604293,0.998611882287618,0.9964834351286322,0.998611882287618,0.9964834351286322,99299.332,1.0533,1343303.7079,,2.5099999924631273,0.17600,5,5,0.16000
20250814,20250815,SZSE.000571,000571.SZ,新大洲A,5,0.9969091245604293,0.998611882287618,0.9964834351286322,0.998611882287618,0.9964834351286322,74783.727,2.0173,380964.566,,4.539999949952454,0.15400,5,5,0.14000
20250815,20250818,SZSE.000031,000031.SZ,大悦城,1,0.9969270640503518,0.9987041836356905,0.996482784154017,0.9987041836356905,0.996482784154017,86288.9,0.6374,1367333.9551,,3.1900000049835033,0.26400,5,5,0.24000
20250815,20250818,SZSE.000035,000035.SZ,中国天楹,2,0.9969270640503518,0.9987041836356905,0.996482784154017,0.9987041836356905,0.996482784154017,75134.499,0.7165,1085339.901,,4.340000077438467,0.24200,5,5,0.22000
20250815,20250818,SZSE.000055,000055.SZ,方大集团,3,0.9969270640503518,0.9987041836356905,0.996482784154017,0.9987041836356905,0.996482784154017,47347.951,1.6841,444583.93,,4.140000088106848,0.20900,5,5,0.19000
20250815,20250818,SZSE.000552,000552.SZ,甘肃能化,4,0.9969270640503518,0.9987041836356905,0.996482784154017,0.9987041836356905,0.996482784154017,76716.374,0.8138,1354007.3231,,2.5299999924030727,0.17600,5,5,0.16000
20250815,20250818,SZSE.000571,000571.SZ,新大洲A,5,0.9969270640503518,0.9987041836356905,0.996482784154017,0.9987041836356905,0.996482784154017,63814.446,1.7381,377608.05,,4.499999950393402,0.15400,5,5,0.14000
20250818,20250819,SHSE.601985,601985.SH,中国核电,1,1.0079036296296298,1.0009996296296297,1.0096296296296297,1.0009996296296297,1.0096296296296297,1131027.805,0.6601999998092651,18634609.879,0.08431000262498856,9.04010252679364,0.26400,5,5,0.24000
20250818,20250819,SHSE.601816,601816.SH,京沪高铁,2,1.0076661111111112,1.000626851851852,1.009425925925926,1.000626851851852,1.009425925925926,1364886.139,0.5178999900817871,26126312.7836,0.06599000096321106,5.299433234880785,0.24200,5,5,0.22000
20250818,20250819,SHSE.601077,601077.SH,渝农商行,3,1.007328777777778,1.000443888888889,1.00905,1.000443888888889,1.00905,531803.006,0.9266999959945679,7393407.0,0.15151000022888184,6.302310418453152,0.20900,5,5,0.19000
20250818,20250819,SZSE.000429,000429.SZ,粤高速A,4,1.0066216296296298,1.0000711111111111,1.0082592592592592,1.0000711111111111,1.0082592592592592,88656.62,0.5612000226974487,2542420.2492,0.1525000035762787,12.160000300459213,0.17600,5,5,0.16000
20250818,20250819,SZSE.000725,000725.SZ,京东方A,5,1.0065703703703703,0.9948148148148148,1.0095092592592592,0.9948148148148148,1.0095092592592592,2520368.579,1.7318999767303467,14778482.7833,0.051500000059604645,3.949999931630378,0.15400,5,5,0.14000
20250819,20250820,SHSE.601816,601816.SH,京沪高铁,1,1.0082,1.001,1.01,1.001,1.01,1575743.012,0.6061000227928162,25783833.028,0.06747999787330627,5.229964840583102,0.26400,5,5,0.24000
20250819,20250820,SZSE.002081,002081.SZ,金螳螂,2,1.0072300203590598,1.0006290949472516,1.008880251712012,1.0006290949472516,1.008880251712012,125484.566,1.3248,947950.557,,3.4949000857345625,0.24200,5,5,0.22000
20250819,20250820,SZSE.002404,002404.SZ,嘉欣丝绸,3,1.0071234499352213,1.0008143623912642,1.0087007218212105,1.0008143623912642,1.0087007218212105,62622.038,2.0986,367393.8109,,6.287415239914354,0.20900,5,5,0.19000
20250819,20250820,SZSE.002228,002228.SZ,合兴包装,4,1.0064912085878217,0.9968535998519341,1.0089006107717935,0.9968535998519341,1.0089006107717935,69099.261,1.6905,408910.957,,3.2993509552875997,0.17600,5,5,0.16000
20250819,20250820,SHSE.603172,603172.SH,万丰股份,5,1.006115121228947,0.9977790116601888,1.0081991486211364,0.9977790116601888,1.0081991486211364,54868.698,6.3899,230347.26,,17.20708810732662,0.15400,5,5,0.14000
20250820,20250821,SHSE.601816,601816.SH,京沪高铁,1,1.0075644139974078,1.0008141084984261,1.0092519903721533,1.0008141084984261,1.0092519903721533,1592834.135,0.6230000257492065,25734907.3486,0.06747999787330627,5.220041054663273,0.26400,5,5,0.24000
20250820,20250821,SZSE.002999,002999.SZ,天禾股份,2,1.007174708387336,1.0004430660988706,1.008857618959452,1.0004430660988706,1.008857618959452,49850.079,2.023,250961.424,,7.141193190431283,0.24200,5,5,0.22000
20250820,20250821,SHSE.601838,601838.SH,成都银行,3,1.006936419181633,1.0000736900573968,1.0086521014626921,1.0000736900573968,1.0086521014626921,737378.669,0.949999988079071,7735144.5247,0.3703800141811371,18.250000633160674,0.20900,5,5,0.19000
20250820,20250821,SZSE.002081,002081.SZ,金螳螂,4,1.0064045547120903,1.0002582855026847,1.0079411220144416,1.0002582855026847,1.0079411220144416,104251.619,1.1052,953261.2044,,3.514479357923552,0.17600,5,5,0.16000
20250820,20250821,SZSE.002337,002337.SZ,赛象科技,5,1.0063468246620995,1.0006287724495464,1.0077763377152378,1.0006287724495464,1.0077763377152378,76498.046,2.2104,348460.524,,5.885080759667811,0.15400,5,5,0.14000
20250821,20250822,SHSE.688696,688696.SH,极米科技,1,1.007755440414508,1.00099777942265,1.0094448556624722,1.00099777942265,1.0094448556624722,437556.653,5.2517,842660.0,,118.7976749507914,0.26400,5,5,0.24000
20250821,20250822,SHSE.605499,605499.SH,东鹏饮料,2,1.0075378608438195,1.000812916358253,1.009219096965211,1.000812916358253,1.009219096965211,753755.997,0.4788999855518341,15743393.575,6.420209884643555,227.8550384796987,0.24200,5,5,0.22000
20250821,20250822,SZSE.300760,300760.SZ,迈瑞医疗,3,1.0069218726868987,1.000627128053294,1.0084955588452997,1.000627128053294,1.0084955588452997,4081338.907,1.3731000423431396,29790897.492,6.112709999084473,240.29347857721828,0.20900,5,5,0.19000
20250821,20250822,SHSE.688692,688692.SH,达梦数据,4,1.002518134715026,0.9820503330866025,1.0076350851221318,0.9820503330866025,1.0076350851221318,849536.595,4.93209981918335,2682202.64,8.499329566955566,235.42876893338357,0.17600,5,5,0.16000
20250821,20250822,SHSE.688506,688506.SH,百利天恒,5,1.0008734270910438,0.9761287934863064,1.007059585492228,0.9761287934863064,1.007059585492228,522749.497,1.5752999782562256,13030896.0,15.942000389099121,324.9599914550781,0.15400,5,5,0.14000
20250822,20250825,SHSE.601816,601816.SH,京沪高铁,1,1.007570841813136,1.000814431082331,1.0092599444958372,1.000814431082331,1.0092599444958372,880167.899,0.337799996137619,26175238.463,0.06599000096321106,5.309357020800612,0.26400,5,5,0.24000
20250822,20250825,SZSE.002081,002081.SZ,金螳螂,2,1.0070172432932472,1.0004442183163738,1.0086604995374653,1.0004442183163738,1.0086604995374653,92333.951,0.9719,961227.1754,,3.543848266207036,0.24200,5,5,0.22000
20250822,20250825,SHSE.688776,688776.SH,国光电气,3,1.0068099907493062,0.9970397779833488,1.0092525439407956,0.9970397779833488,1.0092525439407956,309343.848,3.4241,908903.3517,,83.859998722749,0.20900,5,5,0.19000
20250822,20250825,SHSE.600854,600854.SH,春兰股份,4,1.006633783533765,1.0006286771507864,1.0081350601295096,1.0006286771507864,1.0081350601295096,53970.651,1.8992,285182.7374,,5.348029955746547,0.17600,5,5,0.16000
20250822,20250825,SZSE.300749,300749.SZ,顶固集创,5,1.0053890841813138,0.9972247918593895,1.0074301572617947,0.9972247918593895,1.0074301572617947,48452.858,3.3627,188550.6786,,9.19,0.15400,5,5,0.14000
20250825,20250826,SHSE.688315,688315.SH,诺禾致源,1,1.0079272525439409,1.00007289546716,1.009890841813136,1.00007289546716,1.009890841813136,125498.428,1.8229,686730.0,,16.44953556105953,0.26400,5,5,0.24000
20250825,20250826,SHSE.601816,601816.SH,京沪高铁,2,1.0077558926919519,1.000999629972248,1.0094449583718779,1.000999629972248,1.0094449583718779,910777.395,0.34619998931884766,26370941.1804,0.06499999761581421,5.349053110909368,0.24200,5,5,0.22000
20250825,20250826,SHSE.603073,603073.SH,彩蝶实业,3,1.0066797039777984,1.000813876040703,1.008146160962072,1.000813876040703,1.008146160962072,62181.003,6.736,207756.0,,17.910000465738346,0.20900,5,5,0.19000
20250825,20250826,SHSE.605069,605069.SH,正和生态,4,1.0065169287696578,0.9988899167437558,1.0084236817761332,0.9988899167437558,1.0084236817761332,65926.712,6.938,239218.4891,,11.299999648414,0.17600,5,5,0.16000
20250825,20250826,SZSE.300417,300417.SZ,南华仪器,5,1.0059322849213692,0.9970397779833488,1.0081554116558742,0.9970397779833488,1.0081554116558742,47474.55,3.9606,184217.0208,,13.617784841695379,0.15400,5,5,0.14000
20250826,20250827,SHSE.601816,601816.SH,京沪高铁,1,1.0079038475767665,1.0009990751017388,1.0096300406955234,1.0009990751017388,1.0096300406955234,741167.321,0.2809999883174896,26468792.5392,0.06499999761581421,5.368901155963746,0.26400,5,5,0.24000
20250826,20250827,SHSE.603073,603073.SH,彩蝶实业,2,1.006969737328894,1.0008124306326305,1.0085090640029597,1.0008124306326305,1.0085090640029597,47126.66,5.117,210656.0,,18.160000472239442,0.24200,5,5,0.22000
20250826,20250827,SZSE.002968,002968.SZ,新大正,3,1.0064937846836848,1.0002528671846096,1.0080540140584535,1.0002528671846096,1.0080540140584535,44570.459,1.8698,253657.3947,,11.068872288637468,0.20900,5,5,0.19000
20250826,20250827,SZSE.301353,301353.SZ,普莱得,4,1.0061117277099518,0.9964853866074732,1.0085183129855715,0.9964853866074732,1.0085183129855715,44539.631,5.2315,261849.3911,,20.240502035034343,0.17600,5,5,0.16000
20250826,20250827,SHSE.605069,605069.SH,正和生态,5,1.0043285238623754,0.9918608953015169,1.0074454310025898,0.9918608953015169,1.0074454310025898,97551.65,10.142,242393.9558,,11.449999643746926,0.15400,5,5,0.14000
20250827,20250828,SHSE.601816,601816.SH,京沪高铁,1,1.0072717218420566,1.0008120954318476,1.0088866284446087,1.0008120954318476,1.0088866284446087,872094.919,0.3337000012397766,25881684.3867,0.06797999888658524,5.249812885637479,0.26400,5,5,0.24000
20250827,20250828,SZSE.000790,000790.SZ,华神科技,2,1.0065818383576846,1.0005955243203255,1.0080784168670243,1.0005955243203255,1.0080784168670243,94515.682,3.6449,255724.9392,,4.100000062241226,0.24200,5,5,0.22000
20250827,20250828,SZSE.301166,301166.SZ,优宁维,3,1.0063446273349363,1.0002528204179768,1.007867579064176,1.0002528204179768,1.007867579064176,91431.416,4.8606,280366.671,,31.6756641523101,0.20900,5,5,0.19000
20250827,20250828,SZSE.002968,002968.SZ,新大正,4,1.0062481967819494,0.9940817458849639,1.0092898095061957,0.9940817458849639,1.0092898095061957,86225.843,3.6838,243474.8945,,10.624537540208665,0.17600,5,5,0.16000
20250827,20250828,SHSE.600847,600847.SH,万里股份,5,1.0052938783059,0.9963010911781025,1.0075420750878492,0.9963010911781025,1.0075420750878492,69019.347,3.972,168156.2778,,10.969999932576968,0.15400,5,5,0.14000
20250828,20250829,SZSE.300126,300126.SZ,锐奇股份,1,1.006766272189349,0.9987056213017751,1.0087814349112425,0.9987056213017751,1.0087814349112425,131469.682,8.8305,216721.7688,,7.130000064190877,0.26400,5,5,0.24000
20250828,20250829,SZSE.300517,300517.SZ,海波重科,2,1.0066656804733727,0.9988905325443787,1.0086094674556212,0.9988905325443787,1.0086094674556212,122694.007,8.802,226262.3526,,11.19949152070678,0.24200,5,5,0.22000
20250828,20250829,SZSE.300670,300670.SZ,大烨智能,3,1.0048254437869821,0.9916789940828402,1.0081120562130177,0.9916789940828402,1.0081120562130177,178513.695,11.2578,225330.4606,,7.110000024746804,0.20900,5,5,0.19000
20250828,20250829,SZSE.301246,301246.SZ,宏源药业,4,1.004637573964497,0.9927884615384616,1.0075998520710059,0.9927884615384616,1.0075998520710059,179366.774,7.6224,585209.9484,,14.630000672097935,0.17600,5,5,0.16000
20250828,20250829,SHSE.688382,688382.SH,益方生物,5,1.0000281065088759,0.9735576923076923,1.0066457100591717,0.9735576923076923,1.0066457100591717,723309.331,4.6653,2183187.6111,,37.75,0.15400,5,5,0.14000
20250829,20250901,SZSE.001965,001965.SZ,招商公路,1,1.0076270490286774,1.0004442183163738,1.009422756706753,1.0004442183163738,1.009422756706753,427105.584,0.5965999960899353,7099971.2272,0.17149999737739563,10.409999981570886,0.26400,5,5,0.24000
20250829,20250901,SHSE.601006,601006.SH,大秦铁路,2,1.007563182238668,1.0008131359851988,1.0092506938020351,1.0008131359851988,1.0092506938020351,1262980.465,0.9894000291824341,12712869.1388,0.048340000212192535,6.224784525858831,0.24200,5,5,0.22000
20250829,20250901,SZSE.000651,000651.SZ,格力电器,3,1.0068573543015726,1.0002590194264571,1.0085069380203515,1.0002590194264571,1.0085069380203515,10860336.787,4.609099864959717,23861988.4567,0.8054100275039673,41.55715432454377,0.20900,5,5,0.19000
20250829,20250901,SHSE.603596,603596.SH,伯特利,4,1.0066451803885292,1.0006264569842738,1.008149861239593,1.0006264569842738,1.008149861239593,2168902.238,7.431000232696533,2892450.1006,1.1901600360870361,31.967753004846205,0.17600,5,5,0.16000
20250829,20250901,SHSE.603759,603759.SH,海天股份,5,1.00642664199815,0.9988899167437558,1.0083108233117484,0.9988899167437558,1.0083108233117484,165355.357,4.4363,368022.72,,7.970000135382926,0.15400,5,5,0.14000
20250901,20250902,SHSE.601006,601006.SH,大秦铁路,1,1.007089768732655,1.0006292321924144,1.008704902867715,1.0006292321924144,1.008704902867715,1340500.503,1.0715999603271484,12430808.6508,0.055240001529455185,6.086675332447657,0.26400,5,5,0.24000
20250901,20250902,SHSE.600674,600674.SH,川投能源,2,1.0068038112858464,1.000072710453284,1.008486586493987,1.000072710453284,1.008486586493987,837267.185,1.1648000478744507,7141299.003,0.164000004529953,14.64999912756233,0.24200,5,5,0.22000
20250901,20250902,SHSE.603855,603855.SH,华荣股份,3,1.00660710453284,1.0004434782608695,1.0081480111008325,1.0004434782608695,1.0081480111008325,256671.268,3.6793,695647.269,,20.609999435515732,0.20900,5,5,0.19000
20250901,20250902,SHSE.601019,601019.SH,山东出版,4,1.0063792784458834,0.9987049028677151,1.0082978723404254,0.9987049028677151,1.0082978723404254,280756.685,1.5392999649047852,1811429.2,0.15182000398635864,8.613226470715732,0.17600,5,5,0.16000
20250901,20250902,SZSE.002976,002976.SZ,瑞玛精密,5,1.0057191489361703,0.9983348751156337,1.0075652173913043,0.9983348751156337,1.0075652173913043,98493.023,5.8654,308866.1535,,25.490000395270865,0.15400,5,5,0.14000
20250902,20250903,SHSE.600519,600519.SH,贵州茅台,1,1.0065863854975954,1.0002571217166112,1.0081687014428413,1.0002571217166112,1.0081687014428413,8470012.816,0.4526999890804291,186751057.163,20.508329391479492,1466.3344573577187,0.26400,5,5,0.24000
20250902,20250903,SHSE.688279,688279.SH,峰岹科技,2,1.0046748057713653,0.9929707732149463,1.00760081391047,0.9929707732149463,1.00760081391047,355794.506,3.1607,2291716.1675,,200.42311590592567,0.24200,5,5,0.22000
20250902,20250903,SZSE.301489,301489.SZ,思泉新材,3,0.9994798372179061,0.9664261931187569,1.0077432482426933,0.9664261931187569,1.0077432482426933,858268.225,8.8801,1610393.6157,,142.34190206724682,0.20900,5,5,0.19000
20250902,20250903,SZSE.301345,301345.SZ,涛涛车业,4,0.9993059563448021,0.9674435812060673,1.0072715501294858,0.9674435812060673,1.0072715501294858,347624.399,6.5501,2011968.4751,,182.90118945089657,0.17600,5,5,0.16000
20250902,20250903,SZSE.300972,300972.SZ,万辰集团,5,0.9990129485756567,0.9650388457269701,1.0075064742878284,0.9650388457269701,1.0075064742878284,794355.841,2.4351000785827637,3743483.3321,10.999859809875488,198.6156181368069,0.15400,5,5,0.14000
20250903,20250904,SHSE.688081,688081.SH,兴图新科,1,1.007547596153846,1.0008149038461538,1.0092307692307692,1.0008149038461538,1.0092307692307692,116405.569,4.7716,233385.6,,22.649999315470037,0.26400,5,5,0.24000
20250903,20250904,SZSE.301502,301502.SZ,华阳智能,2,1.0061020710059174,0.9975961538461539,1.0082285502958581,0.9975961538461539,1.0082285502958581,55271.655,4.358,299517.1245,,52.30130355686112,0.24200,5,5,0.22000
20250903,20250904,SHSE.600012,600012.SH,皖通高速,3,1.0057588757396452,0.9966715976331361,1.0080306952662723,0.9966715976331361,1.0080306952662723,91886.601,0.5556,2426200.4824,,14.20000032865632,0.20900,5,5,0.19000
20250903,20250904,SHSE.605567,605567.SH,春雪食品,4,1.0032795857988166,0.9839127218934911,1.0081213017751478,0.9839127218934911,1.0081213017751478,65264.424,3.1941,200000.0,,9.999999942521816,0.17600,5,5,0.16000
20250903,20250904,SZSE.301489,301489.SZ,思泉新材,5,1.0004600591715977,0.96875,1.008387573964497,0.96875,1.008387573964497,726524.421,7.2941,1744122.0195,,154.16209010372063,0.15400,5,5,0.14000
20250904,20250905,SHSE.601606,601606.SH,长城军工,1,1.0079009062326614,1.0009988903273535,1.0096264102089882,1.0009988903273535,1.0096264102089882,1187132.801,2.7815,4248323.7944,,58.659998646950775,0.26400,5,5,0.24000
20250904,20250905,SZSE.301357,301357.SZ,北方长龙,2,1.0072752727945256,1.000815054558905,1.0088903273534306,1.000815054558905,1.0088903273534306,1310890.348,44.12,1130309.6,,118.65468881659348,0.24200,5,5,0.22000
20250904,20250905,SHSE.688084,688084.SH,晶品特装,3,1.0067778805252452,0.9998150545589051,1.00851858701683,0.9998150545589051,1.00851858701683,151779.924,5.7616,553067.7725,,73.10000117572527,0.20900,5,5,0.19000
20250904,20250905,SHSE.688531,688531.SH,日联科技,4,1.0067512483817276,0.9966709820602923,1.0092713149620862,0.9966709820602923,1.0092713149620862,254493.653,4.0948,940573.5735,,56.609875010867725,0.17600,5,5,0.16000
20250904,20250905,SZSE.301027,301027.SZ,华蓝集团,5,1.0061061586831885,0.9987053819123358,1.0079563528759017,0.9987053819123358,1.0079563528759017,80698.605,4.8251,207711.0,,14.12999986658002,0.15400,5,5,0.14000
20250905,20250908,SZSE.301040,301040.SZ,中环海陆,1,1.007647522189349,1.0004713387573965,1.0094415680473372,1.0004713387573965,1.0094415680473372,18935.136,0.6343,316802.8734,,31.679998233367954,0.26400,5,5,0.24000
20250905,20250908,SZSE.301357,301357.SZ,北方长龙,2,1.0069410872781066,1.0006299926035502,1.0085188609467457,1.0006299926035502,1.0085188609467457,1051889.23,37.4322,1141733.6,,119.85392764906977,0.24200,5,5,0.22000
20250905,20250908,SZSE.301027,301027.SZ,华蓝集团,3,1.0061005917159764,0.9987056213017751,1.0079493343195267,0.9987056213017751,1.0079493343195267,58306.825,3.4841,209475.0,,14.24999986544694,0.20900,5,5,0.19000
20250905,20250908,SZSE.300620,300620.SZ,光库科技,4,1.0028971893491125,0.9822485207100592,1.0080593565088758,0.9822485207100592,1.0080593565088758,2771009.755,11.5435,2498284.1442,,100.18275797543133,0.17600,5,5,0.16000
20250905,20250908,SHSE.603370,603370.SH,华新精科,5,0.9998431952662723,0.9646819526627219,1.0086335059171598,0.9646819526627219,1.0086335059171598,1988888.494,81.7061,1212403.5,,68.83878017284196,0.15400,5,5,0.14000
20250908,20250909,SZSE.300347,300347.SZ,泰格医药,1,1.0064621072088726,0.9972273567467652,1.0087707948243994,0.9972273567467652,1.0087707948243994,794687.115,2.085599899291992,5785234.03,2.944999933242798,67.19000252923885,0.26400,5,5,0.24000
20250908,20250909,SZSE.301040,301040.SZ,中环海陆,2,1.0051268022181148,0.9922365988909427,1.0083493530499077,0.9922365988909427,1.0083493530499077,876315.644,35.3132,266602.4181,,26.659998513307755,0.24200,5,5,0.22000
20250908,20250909,SHSE.603190,603190.SH,亚通精工,3,1.0046743068391866,0.9927911275415896,1.007645101663586,0.9927911275415896,1.007645101663586,37051.012,3.8693,285480.0,,23.73514635691852,0.20900,5,5,0.19000
20250908,20250909,SHSE.600012,600012.SH,皖通高速,4,0.9986927911275416,0.9606284658040666,1.0082088724584104,0.9606284658040666,1.0082088724584104,101054.413,0.6173,2388611.4608,,13.980000323564463,0.17600,5,5,0.16000
20250909,20250910,SZSE.300620,300620.SZ,光库科技,1,1.0075607466272407,1.0008124191461836,1.009247828497505,1.0008124191461836,1.009247828497505,1448481.128,6.6353,2175346.1579,,87.23274258183875,0.26400,5,5,0.24000
20250909,20250910,SZSE.002265,002265.SZ,建设工业,2,1.0064542968028092,0.9996638329329144,1.0081519127702827,0.9996638329329144,1.0081519127702827,621984.725,5.182199954986572,3037138.7966,2.3889999389648438,29.40000023352184,0.24200,5,5,0.22000
20250909,20250910,SHSE.600012,600012.SH,皖通高速,4,0.9982391424875254,0.9621142117907965,1.0072703751617076,0.9621142117907965,1.0072703751617076,135437.839,0.8384,2374942.7257,,13.900000321712877,0.17600,5,5,0.16000
20250909,20250910,SHSE.688221,688221.SH,前沿生物,5,0.9974866013675847,0.9985215302162262,0.9972278691554242,0.9985215302162262,0.9972278691554242,327031.238,5.8357,550630.6199,,14.7,0.15400,5,5,0.14000
20250910,20250911,SHSE.603367,603367.SH,辰欣药业,1,1.0072991686680215,0.9994516903750231,1.009261038241271,0.9994516903750231,1.009261038241271,447531.45,4.6149,958933.2452,,20.73966292273304,0.26400,5,5,0.24000
20250910,20250911,SZSE.300204,300204.SZ,舒泰神,2,1.0072747459818954,1.0008148900794385,1.0088897099575096,1.0008148900794385,1.0088897099575096,1134297.201,6.6584,1768713.9986,,37.02000003601635,0.24200,5,5,0.22000
20250910,20250911,SHSE.603158,603158.SH,腾龙股份,3,1.0069131719933493,1.0005071125069278,1.0085146868649546,1.0005071125069278,1.0085146868649546,417882.015,8.0512,519265.6657,,10.579999721253929,0.20900,5,5,0.19000
20250910,20250911,SZSE.002940,002940.SZ,昂利康,4,1.0067905412894884,0.9991402179937189,1.0087031221134306,0.9991402179937189,1.0087031221134306,314881.551,4.1575,815183.5996,,40.30479923962005,0.17600,5,5,0.16000
20250910,20250911,SHSE.603059,603059.SH,倍加洁,5,1.0067201182338814,0.9951967485682616,1.0096009606502865,0.9951967485682616,1.0096009606502865,99051.328,3.1067,319426.866,,31.724976513483753,0.15400,5,5,0.14000
20250911,20250912,SZSE.002918,002918.SZ,蒙娜丽莎,1,1.0080518573276658,1.0009985215302162,1.0098151912770281,1.0009985215302162,1.0098151912770281,142568.423,4.707,574616.5009,,13.839999605189742,0.26400,5,5,0.24000
20250911,20250912,SHSE.688506,688506.SH,百利天恒,2,1.007609831824062,1.0003112178894844,1.0094344853077064,1.0003112178894844,1.0094344853077064,838746.754,2.3919999599456787,13954800.0,27.135499954223633,348.0,0.24200,5,5,0.22000
20250911,20250912,SHSE.601212,601212.SH,白银有色,3,1.0065321751986693,1.0000754019589724,1.0081463685085936,1.0000754019589724,1.0081463685085936,349020.412,1.2338999509811401,2828623.8632,0.2434999942779541,3.819999737302624,0.20900,5,5,0.19000
20250911,20250912,SHSE.600548,600548.SH,深高速,4,1.0062334134171134,1.0008140824246905,1.007588246165219,1.0008140824246905,1.007588246165219,117137.757,0.8065,2578461.825,,10.15999990804158,0.17600,5,5,0.16000
20250911,20250912,SHSE.600475,600475.SH,华光环能,5,1.0059863241545002,0.9981519127702828,1.0079449270005545,0.9981519127702828,1.0079449270005545,127256.178,0.7473,1726474.1066,,17.9516846570478,0.15400,5,5,0.14000
20250912,20250915,SZSE.301519,301519.SZ,舜禹股份,1,1.007308865903214,1.0009994458810492,1.008886220908755,1.0009994458810492,1.008886220908755,21891.666,1.9419,236390.4,,14.400000008082936,0.26400,5,5,0.24000
20250912,20250915,SHSE.688638,688638.SH,誉辰智能,2,1.0069258958256373,0.9999896564462505,1.0086599556704838,0.9999896564462505,1.0086599556704838,61969.866,5.0379,258048.0,,46.07999906166592,0.24200,5,5,0.22000
20250912,20250915,SZSE.001336,001336.SZ,楚环科技,3,1.0053801256002957,0.9970446989287034,1.0074639822681937,0.9970446989287034,1.0074639822681937,18690.682,1.7294,185743.1585,,23.080465361634154,0.20900,5,5,0.19000
20250912,20250915,SHSE.603879,603879.SH,永悦科技,4,1.0019889176209829,0.9752493535278907,1.0086738086442557,0.9752493535278907,1.0086738086442557,91828.084,3.9461,232136.5082,,6.460000038519648,0.17600,5,5,0.16000
20250912,20250915,SZSE.300347,300347.SZ,泰格医药,5,1.0003420760990027,0.9698928703361654,1.007954377539712,0.9698928703361654,1.007954377539712,1203935.485,3.4976999759674072,5253119.9311,3.2644999027252197,61.00999840128714,0.15400,5,5,0.14000
20250915,20250916,SZSE.301519,301519.SZ,舜禹股份,1,1.0077032520325202,1.0008148558758314,1.0094253510716924,1.0008148558758314,1.0094253510716924,25877.118,2.3308,232614.72,,14.170000007953833,0.26400,5,5,0.24000
20250915,20250916,SHSE.688638,688638.SH,誉辰智能,2,1.0074542128603106,1.000360495195861,1.0092276422764228,1.000360495195861,1.0092276422764228,62376.654,5.0626,258048.0,,46.07999906166592,0.24200,5,5,0.22000
20250915,20250916,SHSE.600057,600057.SH,厦门象屿,3,1.0066844050258683,0.9987065779748706,1.0086788617886178,0.9987065779748706,1.0086788617886178,125342.027,0.7855,2054262.5919,,7.230953386958307,0.20900,5,5,0.19000
20250915,20250916,SZSE.301052,301052.SZ,果麦文化,4,1.0065332963784184,1.0000722468588321,1.0081485587583148,1.0000722468588321,1.0081485587583148,989620.985,17.3246,672032.8711,,67.86998410529414,0.17600,5,5,0.16000
20250915,20250916,SZSE.002330,002330.SZ,得利斯,5,1.0064984848484848,1.000629896526238,1.0079656319290464,1.000629896526238,1.0079656319290464,205556.015,5.938,346246.8331,,5.4500000323000055,0.15400,5,5,0.14000
20250916,20250917,SZSE.002775,002775.SZ,文科股份,1,1.0074524390243902,1.0009724685883223,1.0090724316334072,1.0009724685883223,1.0090724316334072,64256.279,3.2972,268011.3432,,4.409999860584406,0.26400,5,5,0.24000
20250916,20250917,SZSE.301469,301469.SZ,恒达新材,2,1.0065369918699187,1.0008150406504064,1.0079674796747966,1.0008150406504064,1.0079674796747966,27561.084,2.0738,259223.56,,28.969998727485287,0.24200,5,5,0.22000
20250916,20250917,SZSE.001324,001324.SZ,长青科技,3,1.006350702143385,1.000630081300813,1.0077808573540281,1.000630081300813,1.0077808573540281,44052.205,2.6791,279588.0,,20.12360243462786,0.20900,5,5,0.19000
20250916,20250917,SHSE.600027,600027.SH,华电国际,4,1.0063126385809313,0.9973207686622321,1.008560606060606,0.9973207686622321,1.008560606060606,575753.59,1.270900011062622,6177463.8659,0.09539999812841415,5.232521043277406,0.17600,5,5,0.16000
20250916,20250917,SZSE.002316,002316.SZ,亚联发展,5,1.0059408721359941,0.99150036954915,1.009550997782705,0.99150036954915,1.009550997782705,156127.768,8.4845,212677.92,,5.40999994432326,0.15400,5,5,0.14000
20250917,20250918,SZSE.001336,001336.SZ,楚环科技,1,1.006869340232859,1.0009998151912771,1.0083367214932544,1.0009998151912771,1.0083367214932544,22824.046,2.0827,187511.3755,,23.300184201078526,0.26400,5,5,0.24000
20250917,20250918,SZSE.301299,301299.SZ,卓创资讯,2,1.0065566808353354,1.0002053224912215,1.008144520421364,1.0002053224912215,1.008144520421364,58889.084,2.6354,378706.8723,,61.49030793702237,0.24200,5,5,0.22000
20250917,20250918,SHSE.688755,688755.SH,汉邦科技,3,1.0064860469414156,0.9985215302162262,1.008477176122713,0.9985215302162262,1.008477176122713,29537.051,3.817,411752.0,,35.783114102171915,0.20900,5,5,0.19000
20250917,20250918,SZSE.301469,301469.SZ,恒达新材,4,1.0063872851598594,1.0008146368508593,1.0077804472371095,1.0008146368508593,1.0077804472371095,24253.606,1.8114,259939.4,,29.049998723971264,0.17600,5,5,0.16000
20250917,20250918,SHSE.688638,688638.SH,誉辰智能,5,1.0051258547403439,0.9909443725743855,1.0086712252818333,0.9909443725743855,1.0086712252818333,59374.68,4.9236,252672.0,,45.11999908121455,0.15400,5,5,0.14000
20250918,20250919,SHSE.601128,601128.SH,常熟银行,1,1.0082,1.001,1.01,1.001,1.01,664361.808,2.826200008392334,2328193.0997,0.1489199995994568,6.272022776736461,0.26400,5,5,0.24000
20250918,20250919,SHSE.600999,600999.SH,招商证券,2,1.0067785582255084,0.9987060998151571,1.0087966728280962,0.9987060998151571,1.0087966728280962,2117130.544,1.6546000242233276,14827578.2042,0.45159998536109924,17.0499988113597,0.24200,5,5,0.22000
20250918,20250919,SHSE.600012,600012.SH,皖通高速,3,1.0061035120147876,0.9956561922365988,1.0087153419593347,0.9956561922365988,1.0087153419593347,165745.174,1.0881,2221169.4557,,13.000000300882547,0.20900,5,5,0.19000
20250918,20250919,SZSE.002591,002591.SZ,恒大高新,4,1.0059874306839187,0.9979667282809612,1.007992606284658,0.9979667282809612,1.007992606284658,84533.756,6.4445,174115.7007,,5.799999856329583,0.17600,5,5,0.16000
20250918,20250919,SHSE.605300,605300.SH,佳禾食品,5,1.0051741219963033,0.9929759704251386,1.0082236598890943,0.9929759704251386,1.0082236598890943,255820.59,4.321,591626.9733,,13.019999768244478,0.15400,5,5,0.14000
20250919,20250922,SZSE.002092,002092.SZ,中泰化学,1,1.0062586844050259,0.9964892830746489,1.0087010347376202,0.9964892830746489,1.0087010347376202,225246.521,1.8488,1238029.3291,,4.78000007041259,0.26400,5,5,0.24000
20250919,20250922,SZSE.000933,000933.SZ,神火股份,2,1.0054530672579454,0.9948263118994827,1.008109756097561,0.9948263118994827,1.008109756097561,1069922.909,2.476900100708008,4361490.7533,0.6775000095367432,18.874718065973823,0.24200,5,5,0.22000
20250919,20250922,SZSE.001203,001203.SZ,大中矿业,3,1.0054501108647451,0.99150036954915,1.0089375461936438,0.99150036954915,1.0089375461936438,189388.691,1.227,1799071.5273,,11.930000419440907,0.20900,5,5,0.19000
20250919,20250922,SHSE.600283,600283.SH,钱江水利,4,1.005226903178123,0.9931633407243163,1.0082427937915743,0.9931633407243163,1.0082427937915743,30355.035,0.5841,540074.3768,,9.630000269563647,0.17600,5,5,0.16000
20250919,20250922,SZSE.002612,002612.SZ,朗姿股份,5,1.004739098300074,0.9902069475240207,1.0083721359940871,0.9902069475240207,1.0083721359940871,156256.932,3.4441,793304.5574,,16.641463931800235,0.15400,5,5,0.14000
20250922,20250923,SZSE.301512,301512.SZ,智信精密,1,1.0067973372781065,0.996301775147929,1.009421227810651,0.996301775147929,1.009421227810651,302700.727,23.6458,277067.013,,51.94999733891737,0.26400,5,5,0.24000
20250922,20250923,SHSE.603778,603778.SH,国晟科技,2,1.0066094674556214,0.9948224852071006,1.0095562130177516,0.9948224852071006,1.0095562130177516,169748.687,7.7891,219975.1102,,3.3500001072864727,0.24200,5,5,0.22000
20250922,20250923,SZSE.000429,000429.SZ,粤高速A,3,1.0060473372781065,0.9942677514792899,1.0089922337278106,0.9942677514792899,1.0089922337278106,171900.16,1.2218999862670898,2253889.0038,0.18850000202655792,10.780000266361045,0.20900,5,5,0.19000
20250922,20250923,SHSE.600905,600905.SH,三峡能源,4,1.0056834319526629,0.9983357988165681,1.0075203402366864,0.9983357988165681,1.0075203402366864,389913.712,0.32100000977516174,12149751.3104,0.04500000178813934,4.249999994641267,0.17600,5,5,0.16000
20250922,20250923,SZSE.001336,001336.SZ,楚环科技,5,1.0053002958579882,0.9961168639053254,1.0075961538461538,0.9961168639053254,1.0075961538461538,23275.419,2.2266,180358.134,,22.411321623326284,0.15400,5,5,0.14000
20250923,20250924,SZSE.000593,000593.SZ,德龙汇能,1,1.0075217584041374,1.000630587366088,1.0092445511636496,1.000630587366088,1.0092445511636496,65171.744,2.9222,226654.7977,,6.319999892371042,0.26400,5,5,0.24000
20250923,20250924,SHSE.603778,603778.SH,国晟科技,2,1.0068725526413003,0.9964905799778352,1.0094680458071665,0.9964905799778352,1.0094680458071665,133755.179,6.321,218661.826,,3.330000106645956,0.24200,5,5,0.22000
20250923,20250924,SZSE.002286,002286.SZ,保龄宝,3,1.0065120059106023,0.9968599926117473,1.008925009235316,0.9968599926117473,1.008925009235316,127952.365,3.6741,363392.2153,,9.559999942099465,0.20900,5,5,0.19000
20250923,20250924,SHSE.603096,603096.SH,新经典,4,1.0059194680458072,0.9985223494643517,1.007768747691171,0.9985223494643517,1.007768747691171,33880.357,1.2715,269910.592,,16.83110211494129,0.17600,5,5,0.16000
20250923,20250924,SZSE.000429,000429.SZ,粤高速A,5,1.0058396749168823,0.9975988178795715,1.0078998891762099,0.9975988178795715,1.0078998891762099,189050.642,1.3416999578475952,2274797.0651,0.1965000033378601,10.880000268831928,0.15400,5,5,0.14000
20250924,20250925,SZSE.000545,000545.SZ,金浦钛业,1,1.0068957871396895,0.9983370288248337,1.0090354767184035,0.9983370288248337,1.0090354767184035,40867.316,1.4603,280260.5993,,2.8399999643626965,0.26400,5,5,0.24000
20250924,20250925,SHSE.603848,603848.SH,好太太,2,1.0068869179600886,0.9988913525498891,1.0088858093126385,0.9988913525498891,1.0088858093126385,34058.274,0.3845,885696.7307,,21.695599561368496,0.24200,5,5,0.22000
20250924,20250925,SZSE.001208,001208.SZ,华菱线缆,3,1.0065498891352551,0.9987065779748706,1.008510716925351,0.9987065779748706,1.008510716925351,261616.243,6.7798,782931.16,,14.594539233351929,0.20900,5,5,0.19000
20250924,20250925,SZSE.003012,003012.SZ,东鹏控股,4,1.0065070214338507,0.9979674796747967,1.008641906873614,0.9979674796747967,1.008641906873614,75394.947,0.9325,820299.641,,6.767808081356624,0.17600,5,5,0.16000
20250924,20250925,SHSE.603073,603073.SH,彩蝶实业,5,1.006150554323725,1.0004275683665926,1.0075813008130081,1.0004275683665926,1.0075813008130081,34250.653,3.9253,200332.0,,17.270000449095548,0.15400,5,5,0.14000
20250925,20250926,SHSE.601233,601233.SH,桐昆股份,1,1.0062703101920238,0.9964918759231906,1.008714918759232,0.9964918759231906,1.008714918759232,283167.261,0.8373000025749207,3390739.4799,0.512499988079071,14.100000005042748,0.26400,5,5,0.24000
20250925,20250926,SZSE.003022,003022.SZ,联泓新科,2,1.0058197932053177,0.9975997045790251,1.0078748153618906,0.9975997045790251,1.0078748153618906,324440.868,1.1505000591278076,2820719.616,1.043619990348816,21.061957121719207,0.24200,5,5,0.22000
20250925,20250926,SZSE.300886,300886.SZ,华业香料,3,1.0053855243722305,0.9920605612998523,1.008716765140325,0.9920605612998523,1.008716765140325,51603.684,4.1469,211005.158,,28.160756417455712,0.20900,5,5,0.19000
20250925,20250926,SZSE.002881,002881.SZ,美格智能,4,1.0049615952732645,0.9951994091580503,1.007402141802068,0.9951994091580503,1.007402141802068,337645.563,3.6926,1311556.2416,,49.94000174605055,0.17600,5,5,0.16000
20250925,20250926,SHSE.600057,600057.SH,厦门象屿,5,1.0043353028064994,0.9894756277695717,1.0080502215657312,0.9894756277695717,1.0080502215657312,115648.09,0.7523,1938274.3373,,6.9148461350694195,0.15400,5,5,0.14000
20250926,20250929,SZSE.002989,002989.SZ,中天精装,1,1.0076634047267357,1.0006286927621861,1.009422082717873,1.0006286927621861,1.009422082717873,520257.186,8.9091,634384.3894,,31.50999963464708,0.26400,5,5,0.24000
20250926,20250929,SZSE.301551,301551.SZ,无线传媒,2,1.0072670974889217,0.9992970827178729,1.009259601181684,0.9992970827178729,1.009259601181684,409446.87,6.3748,1648041.2,,40.78302198816543,0.24200,5,5,0.22000
20250926,20250929,SHSE.603091,603091.SH,众鑫股份,3,1.0070579025110784,1.0004889217134416,1.0087001477104875,1.0004889217134416,1.0087001477104875,61238.222,2.6226,777934.9759,,76.09000436535484,0.20900,5,5,0.19000
20250926,20250929,SZSE.000545,000545.SZ,金浦钛业,4,1.0063136632200886,1.000445716395864,1.0077806499261448,1.000445716395864,1.0077806499261448,257451.972,9.9329,255589.7719,,2.589999967499783,0.17600,5,5,0.16000
20250926,20250929,SZSE.300389,300389.SZ,艾比森,5,1.0057991137370754,0.9987075332348597,1.0075720088626292,0.9987075332348597,1.0075720088626292,120419.319,3.1404,602371.7173,,16.126879927465232,0.15400,5,5,0.14000
20250929,20250930,SZSE.002622,002622.SZ,皓宸医疗,1,1.007754980595084,1.001,1.009443725743855,1.001,1.009443725743855,295278.999,10.9239,269640.0,,3.2099998883354357,0.26400,5,5,0.24000
20250929,20250930,SZSE.000545,000545.SZ,金浦钛业,2,1.00771070042506,1.0000319719090742,1.0096303825540565,1.0000319719090742,1.0096303825540565,226147.754,8.6604,264471.2697,,2.679999966370432,0.24200,5,5,0.22000
20250929,20250930,SHSE.688166,688166.SH,博瑞医药,3,1.0074207355387175,1.0008146368508593,1.0090722602106819,1.0008146368508593,1.0090722602106819,973070.035,3.845599889755249,2514921.0995,6.964000225067139,59.41083105399873,0.20900,5,5,0.19000
20250929,20250930,SZSE.300204,300204.SZ,舒泰神,4,1.0062212530031418,0.9992748105710589,1.0079578636111624,0.9992748105710589,1.0079578636111624,478928.944,3.1555,1607704.6476,,33.65000003273771,0.17600,5,5,0.16000
20250929,20250930,SHSE.600613,600613.SH,神奇制药,5,1.003928294215487,0.9868785806690076,1.0081907226021067,0.9868785806690076,1.0081907226021067,94449.26,3.2738,324181.4782,,6.069999942958486,0.15400,5,5,0.14000
20250930,20251009,SZSE.002743,002743.SZ,富煌钢构,1,1.0074589582563724,1.0009889176209827,1.0090764684152198,1.0009889176209827,1.0090764684152198,309635.791,14.1933,218069.5075,,5.009999779056262,0.26400,5,5,0.24000
20250930,20251009,SZSE.300405,300405.SZ,科隆股份,2,1.0066642039157738,0.9987070557813077,1.0086534909493905,0.9987070557813077,1.0086534909493905,32162.05,2.4008,174320.4473,,6.12999994513638,0.24200,5,5,0.22000
20250930,20251009,SZSE.002062,002062.SZ,宏润建设,3,1.0062139268562986,1.0000020317694864,1.0077669006280014,1.0000020317694864,1.0077669006280014,1067733.191,9.3688,1237270.889,,9.885198644308113,0.20900,5,5,0.19000
20250930,20251009,SHSE.688668,688668.SH,鼎通科技,4,1.0056712227558182,0.9981529368304396,1.0075507942371629,0.9981529368304396,1.0075507942371629,745424.14,5.5347,1321163.5815,,94.77621534715995,0.17600,5,5,0.16000
20250930,20251009,SZSE.301448,301448.SZ,开创电气,5,1.0056313261913559,0.9968599926117473,1.0078241595862578,0.9968599926117473,1.0078241595862578,96314.732,3.5509,594048.0,,57.12000181593161,0.15400,5,5,0.14000
20251009,20251010,SZSE.002743,002743.SZ,富煌钢构,1,1.0078226247689466,1.0006214417744916,1.0096229205175602,1.0006214417744916,1.0096229205175602,203904.664,9.1483,223727.9977,,5.139999773323191,0.26400,5,5,0.24000
20251009,20251010,SHSE.688189,688189.SH,南新制药,2,1.0064595194085026,1.000445471349353,1.0079630314232901,1.000445471349353,1.0079630314232901,29425.978,1.1784,249704.0,,9.09999977601202,0.24200,5,5,0.22000
20251009,20251010,SHSE.603300,603300.SH,海南华铁,3,1.0045974121996304,0.9892791127541589,1.0084269870609983,0.9892791127541589,1.0084269870609983,174299.294,1.0023,1738930.4793,,8.709999682512514,0.20900,5,5,0.19000
20251009,20251010,SZSE.301551,301551.SZ,无线传媒,4,1.0017404805914971,0.9744916820702403,1.0085526802218114,0.9744916820702403,1.0085526802218114,299442.411,5.2588,1492037.3,,36.92249320773229,0.17600,5,5,0.16000
20251009,20251010,SZSE.300955,300955.SZ,嘉亨家化,5,1.0011682070240298,0.9756007393715342,1.0075600739371535,0.9756007393715342,1.0075600739371535,130313.107,3.8526,352598.4,,34.97999947344785,0.15400,5,5,0.14000
20251010,20251013,SZSE.300264,300264.SZ,佳创视讯,1,1.0079029373729909,1.001,1.0096286717162386,1.001,1.0096286717162386,198828.461,10.0157,230939.6296,,5.359999733367308,0.26400,5,5,0.24000
20251010,20251013,SHSE.688189,688189.SH,南新制药,2,1.007719231479771,1.0008130426750417,1.0094457786809532,1.0008130426750417,1.0094457786809532,297006.056,13.5831,219794.4,,8.00999980284135,0.24200,5,5,0.22000
20251010,20251013,SHSE.603179,603179.SH,新泉股份,3,1.0074880842416405,1.0004406059486421,1.00924995381489,1.0004406059486421,1.00924995381489,1341298.233,3.251199960708618,4048989.4445,4.47799015045166,58.59881582184307,0.20900,5,5,0.19000
20251010,20251013,SHSE.603786,603786.SH,科博达,4,1.0070885276186958,1.000630149639756,1.0087031221134306,1.000630149639756,1.0087031221134306,709722.575,1.7869999408721924,3899236.4385,5.602049827575684,95.31729367288749,0.17600,5,5,0.16000
20251010,20251013,SZSE.002743,002743.SZ,富煌钢构,5,1.0052333271753189,0.9894697949381119,1.0091742102346204,0.9894697949381119,1.0091742102346204,165686.182,7.1479,233303.9042,,5.3599997636210714,0.15400,5,5,0.14000
20251013,20251014,SHSE.688189,688189.SH,南新制药,1,1.0079044506001846,1.0009996306555864,1.0096306555863341,1.0009996306555864,1.0096306555863341,167921.281,7.7186,218696.8,,7.969999803825911,0.26400,5,5,0.24000
20251013,20251014,SZSE.300264,300264.SZ,佳创视讯,2,1.007517377654663,0.9998177285318559,1.0094422899353648,0.9998177285318559,1.0094422899353648,117085.153,5.9294,232232.2022,,5.389999731874961,0.24200,5,5,0.22000
20251013,20251014,SHSE.688166,688166.SH,博瑞医药,3,1.0066346075715606,0.9990899353647276,1.0085207756232688,0.9990899353647276,1.0085207756232688,454218.572,1.9479000568389893,2355834.5697,6.078000068664551,55.65267778675502,0.20900,5,5,0.19000
20251013,20251014,SHSE.688617,688617.SH,惠泰医疗,4,1.006426592797784,0.9937211449676824,1.0096029547553094,0.9937211449676824,1.0096029547553094,424713.711,0.9714999794960022,4371568.6898,9.52534008026123,308.74089536180276,0.17600,5,5,0.16000
20251013,20251014,SZSE.301448,301448.SZ,开创电气,5,1.0060572483841181,0.992797783933518,1.0093721144967682,0.992797783933518,1.0093721144967682,120459.824,4.7415,556192.0,,53.48000170021048,0.15400,5,5,0.14000
20251014,20251015,SHSE.688189,688189.SH,南新制药,1,1.0078658050221567,1.0008135155096012,1.0096288774002955,1.0008135155096012,1.0096288774002955,127306.331,5.8455,214032.0,,7.799999808010303,0.26400,5,5,0.24000
20251014,20251015,SZSE.002488,002488.SZ,金固股份,2,1.0076785819793206,1.0006233382570162,1.0094423929098966,1.0006233382570162,1.0094423929098966,416002.627,4.1875,1042224.7011,,10.47000006205157,0.24200,5,5,0.22000
20251014,20251015,SHSE.603179,603179.SH,新泉股份,3,1.007492540620384,1.0004390694239291,1.0092559084194976,1.0004390694239291,1.0092559084194976,2217036.847,6.182300090789795,3417179.9198,4.60821008682251,49.454982089622426,0.20900,5,5,0.19000
20251014,20251015,SZSE.300264,300264.SZ,佳创视讯,4,1.0071982644017725,0.9997505539143279,1.0090601920236337,0.9997505539143279,1.0090601920236337,89824.434,4.4852,231370.4872,,5.369999732869859,0.17600,5,5,0.16000
20251014,20251015,SZSE.300305,300305.SZ,裕兴股份,5,1.0066622968980798,1.0000766248153619,1.0083087149187593,1.0000766248153619,1.0083087149187593,35150.222,1.7687,231621.9802,,6.169999697446427,0.15400,5,5,0.14000
20251015,20251016,SHSE.688189,688189.SH,南新制药,1,1.0078914327917283,0.999457163958641,1.01,0.999457163958641,1.01,138733.318,6.2749,226105.6,,8.239999797180115,0.26400,5,5,0.24000
20251015,20251016,SHSE.600099,600099.SH,林海股份,2,1.006840989660266,1.0002389217134418,1.008491506646972,1.0002389217134418,1.008491506646972,33092.192,1.4278,232924.56,,10.62999997223688,0.24200,5,5,0.22000
20251015,20251016,SZSE.301052,301052.SZ,果麦文化,3,1.0065737075332348,1.001,1.0079671344165435,1.001,1.0079671344165435,455618.776,12.4454,457192.1462,,46.17277669952274,0.20900,5,5,0.19000
20251015,20251016,SZSE.002743,002743.SZ,富煌钢构,4,1.006245199409158,0.9964918759231906,1.0086835302806498,0.9964918759231906,1.0086835302806498,62531.991,2.6067,240703.4683,,5.529999756123978,0.17600,5,5,0.16000
20251015,20251016,SHSE.600429,600429.SH,三元股份,5,1.0059483013293944,0.9970457902511078,1.008173929098966,0.9970457902511078,1.008173929098966,48133.315,0.6715,722895.3246,,4.7899999827804525,0.15400,5,5,0.14000
20251016,20251017,SZSE.002616,002616.SZ,长青集团,1,1.0072215498154982,0.9998125461254612,1.0090738007380073,0.9998125461254612,1.0090738007380073,213723.662,7.132,454594.195,,5.630187109429383,0.26400,5,5,0.24000
20251016,20251017,SHSE.600429,600429.SH,三元股份,2,1.0067843911439116,1.0000326568265683,1.0084723247232472,1.0000326568265683,1.0084723247232472,40329.341,0.5628,724404.5006,,4.799999982744503,0.24200,5,5,0.22000
20251016,20251017,SZSE.002151,002151.SZ,北斗星通,3,1.0067084870848708,0.9953874538745388,1.0095387453874538,0.9953874538745388,1.0095387453874538,231994.459,1.7693,1600501.3715,,29.47999900174491,0.20900,5,5,0.19000
20251016,20251017,SHSE.688189,688189.SH,南新制药,4,1.0060029520295204,0.9988929889298893,1.0077804428044281,0.9988929889298893,1.0077804428044281,85191.449,3.7953,223910.4,,8.15999979914924,0.17600,5,5,0.16000
20251016,20251017,SHSE.600099,600099.SH,林海股份,5,1.0056929889298893,0.9948339483394834,1.0084077490774908,0.9948339483394834,1.0084077490774908,38370.522,1.6593,230295.12,,10.50999997255029,0.15400,5,5,0.14000
20251017,20251020,SHSE.688189,688189.SH,南新制药,1,1.0077187903374516,1.00081412502305,1.009444956666052,1.00081412502305,1.009444956666052,94945.854,4.2855,218148.0,,7.9499998043181925,0.26400,5,5,0.24000
20251017,20251020,SZSE.301052,301052.SZ,果麦文化,2,1.0073855799373042,1.0006306472432234,1.0090743131108242,1.0006306472432234,1.0090743131108242,387690.057,10.6114,443832.6354,,44.82357218557564,0.24200,5,5,0.22000
20251017,20251020,SHSE.601929,601929.SH,吉视传媒,3,1.006718753457496,1.0002616632860042,1.008333026000369,1.0002616632860042,1.008333026000369,828313.412,6.6587,1221425.8588,,3.499999908342514,0.20900,5,5,0.19000
20251017,20251020,SHSE.605050,605050.SH,福然德,4,1.0065049972340032,0.9999378572745713,1.0081467822238612,0.9999378572745713,1.0081467822238612,218944.821,3.1677,679118.6114,,13.577318746932935,0.17600,5,5,0.16000
20251017,20251020,SHSE.688051,688051.SH,佳华科技,5,1.006132399041121,0.9963120044255946,1.0085874976950027,0.9963120044255946,1.0085874976950027,47953.852,1.4418,330912.186,,42.79000048340838,0.15400,5,5,0.14000
20251020,20251021,SZSE.301052,301052.SZ,果麦文化,1,1.0077185540391,1.0008133530062706,1.0094448542973073,1.0008133530062706,1.0094448542973073,345380.207,9.5769,446999.3343,,45.14338362591866,0.26400,5,5,0.24000
20251020,20251021,SHSE.601929,601929.SH,吉视传媒,2,1.0073852084101806,1.0006294725193656,1.0090741423828844,1.0006294725193656,1.0090741423828844,630827.054,5.1037,1238874.7996,,3.549999907033121,0.24200,5,5,0.22000
20251020,20251021,SHSE.603300,603300.SH,海南华铁,3,1.0069607893766137,0.9992524898561416,1.0088878642567318,0.9992524898561416,1.0088878642567318,1601237.169,11.3946,1419713.3927,,7.109999740833981,0.20900,5,5,0.19000
20251020,20251021,SHSE.605050,605050.SH,福然德,4,1.0068721873847288,1.0003033935817043,1.008514385835485,1.0003033935817043,1.008514385835485,194839.186,2.8521,678132.9531,,13.557612914208795,0.17600,5,5,0.16000
20251020,20251021,SHSE.603177,603177.SH,德创环保,5,1.006081888601992,0.9974179269642198,1.0082478790114349,0.9974179269642198,1.0082478790114349,138311.228,5.7321,245323.26,,11.899999761055982,0.15400,5,5,0.14000
20251021,20251022,SHSE.688189,688189.SH,南新制药,1,1.0074234643054787,1.00081405644715,1.0090758162700608,1.00081405644715,1.0090758162700608,83475.074,3.6986,227203.2,,8.27999979619555,0.26400,5,5,0.24000
20251021,20251022,SZSE.301052,301052.SZ,果麦文化,2,1.0070713521490502,0.9998061243313042,1.0088876591034865,0.9998061243313042,1.0088876591034865,345502.883,9.5792,445811.8222,,45.02345433579003,0.24200,5,5,0.22000
20251021,20251022,SZSE.300610,300610.SZ,晨化股份,3,1.0049887474635677,0.9953883047408227,1.0073888581442538,0.9953883047408227,1.0073888581442538,75348.605,4.1858,242313.9935,,11.270000473417168,0.20900,5,5,0.19000
20251021,20251022,SZSE.000683,000683.SZ,博源化工,4,1.0037277255118982,0.9896698026194429,1.007242206235012,0.9896698026194429,1.007242206235012,165940.276,0.8119999766349792,2290743.261,0.210999995470047,6.159999715717354,0.17600,5,5,0.16000
20251021,20251022,SHSE.603876,603876.SH,鼎胜新材,5,1.0036495111603028,0.9887474635676075,1.0073750230584764,0.9887474635676075,1.0073750230584764,286091.553,2.7791,1024052.4687,,11.019999672453837,0.15400,5,5,0.14000
20251022,20251023,SHSE.688192,688192.SH,迪哲医药,1,1.007456188895038,0.9996421324478879,1.0094097030068254,0.9996421324478879,1.0094097030068254,501597.107,1.8030999898910522,2761530.9058,3.32450008392334,60.11000061035156,0.26400,5,5,0.24000
20251022,20251023,SZSE.002451,002451.SZ,摩恩电气,2,1.0068826046854824,0.9997699686404722,1.0086607636967349,0.9997699686404722,1.0086607636967349,49002.886,1.6194,303621.63,,6.8817108871490715,0.24200,5,5,0.22000
20251022,20251023,SHSE.600436,600436.SH,片仔癀,3,1.0060593986349382,0.9942814978786202,1.0090038738240177,0.9942814978786202,1.0090038738240177,897742.108,0.8177000284194946,10944174.1894,2.7140300273895264,181.39999911603172,0.20900,5,5,0.19000
20251022,20251023,SHSE.688166,688166.SH,博瑞医药,4,1.0060430547869397,0.9998223574986165,1.0075982291090204,0.9998223574986165,1.0075982291090204,445215.234,1.9901000261306763,2225095.9055,5.171000003814697,52.56419391623657,0.17600,5,5,0.16000
20251022,20251023,SHSE.600973,600973.SH,宝胜股份,5,1.0058513189448441,0.9970485150341265,1.0080520199225236,0.9970485150341265,1.0080520199225236,209769.991,2.8147,746023.2389,,5.439999774486361,0.15400,5,5,0.14000
20251023,20251024,SHSE.688166,688166.SH,博瑞医药,1,1.0081526461368249,1.0007927346487184,1.0099926240088513,1.0007927346487184,1.0099926240088513,307221.1,1.412500023841858,2195901.8349,5.0304999351501465,51.87453387609521,0.26400,5,5,0.24000
20251023,20251024,SHSE.688189,688189.SH,南新制药,2,1.0080522220173336,1.0009987092015489,1.0098156002212797,1.0009987092015489,1.0098156002212797,89877.14,3.8689,232142.4,,8.459999791765021,0.24200,5,5,0.22000
20251023,20251024,SZSE.301052,301052.SZ,果麦文化,3,1.007691351650378,0.9999467084639498,1.0096275124469851,0.9999467084639498,1.0096275124469851,786338.864,20.9968,469067.2669,,47.37206960080904,0.20900,5,5,0.19000
20251023,20251024,SHSE.601929,601929.SH,吉视传媒,4,1.0073829614604464,0.9998725797529042,1.0092605568873319,0.9998725797529042,1.0092605568873319,590966.913,4.7488,1256323.7405,,3.599999905723729,0.17600,5,5,0.16000
20251023,20251024,SHSE.603848,603848.SH,好太太,5,1.0062961460446247,0.9988936013276785,1.0081467822238612,0.9988936013276785,1.0081467822238612,96568.194,1.1254,856723.4619,,20.9858843553628,0.15400,5,5,0.14000
20251024,20251027,SZSE.300765,300765.SZ,新诺威,1,1.0077484144542774,1.000998709439528,1.0094358407079647,1.000998709439528,1.0094358407079647,967060.83,2.1231,5088840.2361,,36.23000088267465,0.26400,5,5,0.24000
20251024,20251027,SHSE.600857,600857.SH,宁波中百,2,1.0068053097345133,1.0006784660766963,1.0083370206489675,1.0006784660766963,1.0083370206489675,304853.777,9.3342,328628.6813,,14.612249340148464,0.24200,5,5,0.22000
20251024,20251027,SZSE.300371,300371.SZ,汇中股份,3,1.0067109144542774,0.9983407079646017,1.0088034660766962,0.9983407079646017,1.0088034660766962,41586.574,2.3013,271240.915,,13.356089768783331,0.20900,5,5,0.19000
20251024,20251027,SHSE.603819,603819.SH,神力股份,4,1.0066076696165192,0.9972345132743363,1.0089509587020649,0.9972345132743363,1.0089509587020649,34312.145,1.3506,254091.1282,,11.629874948460213,0.17600,5,5,0.16000
20251024,20251027,SHSE.600022,600022.SH,山东钢铁,5,1.0062581120943954,0.9976032448377581,1.0084218289085547,0.9976032448377581,1.0084218289085547,209201.477,1.1927,1743912.4773,,1.6299999524003992,0.15400,5,5,0.14000
20251027,20251028,SZSE.300765,300765.SZ,新诺威,1,1.0063926240088512,1.0008143094228286,1.0077872026553567,1.0008143094228286,1.0077872026553567,594818.768,1.309,5104290.7585,,36.340000885354605,0.26400,5,5,0.24000
20251027,20251028,SZSE.003006,003006.SZ,百亚股份,2,1.0059937304075235,0.9940992070809515,1.0089673612391665,0.9940992070809515,1.0089673612391665,190815.261,1.9063,1005375.8286,,22.823189144267175,0.24200,5,5,0.22000
20251027,20251028,SHSE.688617,688617.SH,惠泰医疗,3,1.005804905034114,0.990964410842707,1.0095150285819656,0.990964410842707,1.0095150285819656,1587879.355,4.037499904632568,3954731.9088,12.293959617614746,279.3019100850605,0.20900,5,5,0.19000
20251027,20251028,SHSE.605259,605259.SH,绿田机械,4,1.0052487553014937,0.9922552092937489,1.0084971418034299,0.9922552092937489,1.0084971418034299,125733.445,3.1161,403603.2,,23.02645127311672,0.17600,5,5,0.16000
20251027,20251028,SZSE.002461,002461.SZ,珠江啤酒,5,1.001706804351835,0.9754748294302047,1.0082647980822423,0.9754748294302047,1.0082647980822423,182217.236,0.8646000027656555,2102662.056,0.2004999965429306,9.30226429839108,0.15400,5,5,0.14000
20251028,20251029,SZSE.300765,300765.SZ,新诺威,1,1.007128982300885,1.000814528023599,1.0087075958702065,1.000814528023599,1.0087075958702065,848476.191,1.958,4838822.6921,,34.450000839308366,0.26400,5,5,0.24000
20251028,20251029,SZSE.002737,002737.SZ,葵花药业,2,1.0063082595870207,0.993547197640118,1.0094985250737463,0.993547197640118,1.0094985250737463,230218.553,2.6943,861984.0,,14.75999953609957,0.24200,5,5,0.22000
20251028,20251029,SZSE.002818,002818.SZ,富森美,3,1.003797197640118,0.9895833333333334,1.0073506637168141,0.9895833333333334,1.0073506637168141,138551.813,4.0495,853243.1916,,11.097323570397311,0.20900,5,5,0.19000
20251028,20251029,SHSE.603551,603551.SH,奥普科技,4,1.0032330383480828,0.9867256637168141,1.0073598820058998,0.9867256637168141,1.0073598820058998,77737.761,1.7728,440098.9572,,10.684164390202952,0.17600,5,5,0.16000
20251028,20251029,SHSE.603356,603356.SH,华菱精工,5,1.0030825958702065,0.980457227138643,1.0087389380530973,0.980457227138643,1.0087389380530973,138482.842,6.4885,214010.7,,16.04999988146004,0.15400,5,5,0.14000
20251029,20251030,SHSE.601838,601838.SH,成都银行,1,1.0065731194690266,1.0009998156342184,1.0079664454277286,1.0009998156342184,1.0079664454277286,2226817.728,3.0678999423980713,7235009.1527,0.41749998927116394,17.070000287046277,0.26400,5,5,0.24000
20251029,20251030,SHSE.603356,603356.SH,华菱精工,2,1.0044056047197643,0.9859882005899705,1.0090099557522125,0.9859882005899705,1.0090099557522125,138346.665,6.514,212010.6,,15.89999988256789,0.24200,5,5,0.22000
20251029,20251030,SZSE.002877,002877.SZ,智能自控,3,1.0041666666666669,0.9918879056047197,1.0072363569321534,0.9918879056047197,1.0072363569321534,66497.333,3.2347,306381.4214,,8.609999943022634,0.20900,5,5,0.19000
20251029,20251030,SHSE.688765,688765.SH,禾元生物,4,1.0032005899705014,0.9802728613569321,1.0089325221238938,0.9802728613569321,1.0089325221238938,2171458.296,50.9635,4047615.0,,113.22,0.17600,5,5,0.16000
20251029,20251030,SHSE.600161,600161.SH,天坛生物,5,1.0028178466076696,0.9846976401179941,1.0073478982300885,0.9846976401179941,1.0073478982300885,369133.007,1.0197999477386475,3622544.4891,0.23639999330043793,18.319999481172964,0.15400,5,5,0.14000
20251030,20251031,SHSE.603676,603676.SH,卫信康,1,1.0079048497141803,1.0009994468006638,1.0096312004425594,1.0009994468006638,1.0096312004425594,90659.797,1.8823,476066.681,,10.796493076579665,0.26400,5,5,0.24000
20251030,20251031,SHSE.688050,688050.SH,爱博医疗,2,1.0075138115434261,1.0002612944864466,1.009326940807671,1.0002612944864466,1.009326940807671,555803.751,4.4406,1262149.1201,,65.2599989553806,0.24200,5,5,0.22000
20251030,20251031,SZSE.301206,301206.SZ,三元生物,3,1.0073043702747557,1.0004458786649455,1.0090189931772082,1.0004458786649455,1.0090189931772082,53891.165,1.5141,550123.5783,,26.702497598810766,0.20900,5,5,0.19000
20251030,20251031,SHSE.601009,601009.SH,南京银行,4,1.0072762677484788,1.0008143094228286,1.0088917573298912,1.0008143094228286,1.0088917573298912,782768.806,0.5684999823570251,13674105.373,0.2525100111961365,10.561917770345636,0.17600,5,5,0.16000
20251030,20251031,SZSE.002688,002688.SZ,金河生物,5,1.007077374147151,1.0006312004425595,1.008688917573299,1.0006312004425595,1.008688917573299,367021.359,7.7322,482271.4988,,6.136809092729378,0.15400,5,5,0.14000
20251031,20251103,SHSE.688169,688169.SH,石头科技,1,1.0077574852507374,1.0009998156342184,1.0094469026548671,1.0009998156342184,1.0094469026548671,1937467.556,4.594600200653076,4233798.0531,8.08899974822998,163.39999539560415,0.26400,5,5,0.24000
20251031,20251103,SHSE.601333,601333.SH,广深铁路,2,1.0068643067846608,0.9985250737463127,1.0089491150442478,0.9985250737463127,1.0089491150442478,654797.23,3.75219988822937,2167562.322,0.07999999821186066,3.0599998575298244,0.24200,5,5,0.22000
20251031,20251103,SHSE.603089,603089.SH,正裕工业,3,1.0068337020648968,1.0008130530973451,1.0083388643067845,1.0008130530973451,1.0083388643067845,258102.727,7.5969,333406.2093,,13.757242452818291,0.20900,5,5,0.19000
20251031,20251103,SHSE.688011,688011.SH,新光光电,4,1.0066961651917405,0.9972345132743363,1.0090615781710914,0.9972345132743363,1.0090615781710914,57041.316,1.4359,398500.0,,39.85000166219935,0.17600,5,5,0.16000
20251031,20251103,SHSE.603589,603589.SH,口子窖,5,1.0064429203539822,1.0004446902654867,1.0079424778761061,1.0004446902654867,1.0079424778761061,148582.07,0.7649000287055969,1939103.3282,0.4065000116825104,32.41999749098055,0.15400,5,5,0.14000
20251103,20251104,SZSE.300056,300056.SZ,中创环保,1,1.007020088462956,1.0009979727239218,1.0085256173977146,1.0009979727239218,1.0085256173977146,435700.813,12.8115,339231.5898,,8.800000286725195,0.26400,5,5,0.24000
20251103,20251104,SHSE.601339,601339.SH,百隆东方,2,1.0067917434574272,1.0006302985624769,1.0083321046811646,1.0006302985624769,1.0083321046811646,184970.329,2.353,785774.156,,5.240000066258596,0.24200,5,5,0.22000
20251103,20251104,SHSE.688596,688596.SH,正帆科技,3,1.0066865462587542,1.0008120162182086,1.0081551787688905,1.0008120162182086,1.0081551787688905,688910.709,7.4035,929447.8012,,31.6562023859683,0.20900,5,5,0.19000
20251103,20251104,SHSE.605168,605168.SH,三人行,4,1.0064614448949503,1.0004458164393661,1.0079653520088463,1.0004458164393661,1.0079653520088463,131722.908,2.1647,612634.1613,,28.69478012849667,0.17600,5,5,0.16000
20251103,20251104,SZSE.002743,002743.SZ,富煌钢构,5,1.0062571323258387,1.0002572797640987,1.0077570954662736,1.0002572797640987,1.0077570954662736,59545.853,2.473,242444.5422,,5.569999754359956,0.15400,5,5,0.14000
20251104,20251105,SHSE.603508,603508.SH,思维列控,1,1.0079049391817176,1.0009990785108736,1.0096314043494286,1.0009990785108736,1.0096314043494286,478125.625,4.7493,1004657.9834,,25.814198533616494,0.26400,5,5,0.24000
20251104,20251105,SZSE.301577,301577.SZ,美信科技,2,1.0072303722816072,0.9985256173977147,1.0094065610025802,0.9985256173977147,1.0094065610025802,323563.731,26.0835,305750.305,,67.899999025106,0.24200,5,5,0.22000
20251104,20251105,SZSE.300056,300056.SZ,中创环保,3,1.0071294507924806,1.0008149649834133,1.0087080722447475,1.0008149649834133,1.0087080722447475,395385.245,11.3294,354651.2076,,9.200000299758155,0.20900,5,5,0.19000
20251104,20251105,SZSE.300176,300176.SZ,鸿特科技,4,1.006421820862514,1.0002624401032068,1.0079616660523407,1.0002624401032068,1.0079616660523407,101220.667,3.8206,266061.9096,,6.8699998223838925,0.17600,5,5,0.16000
20251104,20251105,SHSE.600857,600857.SH,宁波中百,5,1.0063169922594914,1.0004460007371914,1.0077847401400664,1.0004460007371914,1.0077847401400664,165275.691,4.3903,380222.2627,,16.906322615393616,0.15400,5,5,0.14000
20251105,20251106,SZSE.301276,301276.SZ,嘉曼服饰,1,1.0064826760044232,1.0005519719867306,1.0079653520088463,1.0005519719867306,1.0079653520088463,24240.173,2.4719,277084.8,,20.947625226496644,0.26400,5,5,0.24000
20251105,20251106,SZSE.002421,002421.SZ,达实智能,2,1.0049878363435312,0.9929966826391449,1.0079856247696277,0.9929966826391449,1.0079856247696277,562363.723,9.1702,651018.5632,,3.0699998916337017,0.24200,5,5,0.22000
20251105,20251106,SHSE.605008,605008.SH,长鸿高科,3,1.0049583486914857,0.9952082565425728,1.0073958717287137,0.9952082565425728,1.0073958717287137,71891.068,0.6209,1164024.27,,18.020000654108383,0.20900,5,5,0.19000
20251105,20251106,SHSE.688765,688765.SH,禾元生物,4,1.0026229266494655,0.9799115370438629,1.008300774050866,0.9799115370438629,1.008300774050866,2205837.449,45.3371,4004000.0,,112.0,0.17600,5,5,0.16000
20251105,20251106,SZSE.300897,300897.SZ,山科智能,5,1.0006266126059713,0.9762255805381497,1.0067268706229267,0.9762255805381497,1.0067268706229267,164067.644,7.4276,360364.8963,,18.369836608506375,0.15400,5,5,0.14000
20251106,20251107,SZSE.002069,002069.SZ,獐子岛,1,1.0075687799483968,1.000814780685588,1.0092572797640988,1.000814780685588,1.0092572797640988,42265.657,1.5152,280889.3166,,3.9500000633206542,0.26400,5,5,0.24000
20251106,20251107,SZSE.301276,301276.SZ,嘉曼服饰,2,1.0072385551050498,1.0006306671581275,1.0088905270917803,1.0006306671581275,1.0088905270917803,22399.448,2.2761,277473.6,,20.97701852662737,0.24200,5,5,0.22000
20251106,20251107,SZSE.301273,301273.SZ,瑞晨环保,3,1.006555473645411,1.0002524880206414,1.0081312200516035,1.0002524880206414,1.0081312200516035,24624.431,1.5408,208907.4655,,20.830033116738473,0.20900,5,5,0.19000
20251106,20251107,SHSE.603508,603508.SH,思维列控,4,1.0064653888684114,1.0004434205676374,1.007970880943605,1.0004434205676374,1.007970880943605,420105.606,4.1029,1036685.0311,,26.637117955561003,0.17600,5,5,0.16000
20251106,20251107,SZSE.002421,002421.SZ,达实智能,5,1.0064622189458166,0.9952082565425728,1.0092757095466274,0.9952082565425728,1.0092757095466274,469514.204,7.8329,625571.5835,,2.949999895869518,0.15400,5,5,0.14000
20251107,20251110,SZSE.002069,002069.SZ,獐子岛,1,1.0073346720707443,1.0004463890935889,1.0090567428150332,1.0004463890935889,1.0090567428150332,32475.495,1.162,280178.2044,,3.9400000631603485,0.26400,5,5,0.24000
20251107,20251110,SZSE.301273,301273.SZ,瑞晨环保,2,1.0070208548268238,1.0009996315401621,1.0085261606484892,1.0009996315401621,1.0085261606484892,24682.261,1.5378,209695.5252,,20.90861005922274,0.24200,5,5,0.22000
20251107,20251110,SZSE.000875,000875.SZ,电投绿能,3,1.0059955784819454,0.9957627118644068,1.0085537951363301,0.9957627118644068,1.0085537951363301,399203.416,1.9677,2205380.5406,,6.039366403110747,0.20900,5,5,0.19000
20251107,20251110,SHSE.601816,601816.SH,京沪高铁,4,1.0055740604274135,0.9972365512159175,1.0076584377302875,0.9972365512159175,1.0076584377302875,343810.376,0.13490000367164612,25490278.9518,0.061250001192092896,5.209999764719692,0.17600,5,5,0.16000
20251107,20251110,SZSE.002591,002591.SZ,恒大高新,5,1.0040677966101696,0.9861827560795873,1.0085390567428152,0.9861827560795873,1.0085390567428152,783258.097,46.4985,221847.4187,,7.389999816944073,0.15400,5,5,0.14000
20251110,20251111,SZSE.300950,300950.SZ,德固特,1,1.007463450561591,1.0009998158718467,1.0090793592340268,1.0009998158718467,1.0090793592340268,75003.552,3.1761,398430.24,,25.864864970440305,0.26400,5,5,0.24000
20251110,20251111,SZSE.002069,002069.SZ,獐子岛,2,1.006983097035537,1.0008149512060394,1.008525133492911,1.0008149512060394,1.008525133492911,35651.59,1.2609,283733.7654,,3.990000063961876,0.24200,5,5,0.22000
20251110,20251111,SZSE.000719,000719.SZ,中原传媒,3,1.006961038482784,1.0000786227214142,1.0086816424231264,1.0000786227214142,1.0086816424231264,57596.531,0.6976,1271842.26,,12.4299997961851,0.20900,5,5,0.19000
20251110,20251111,SZSE.301273,301273.SZ,瑞晨环保,4,1.0064940158350213,1.0006306389246915,1.0079598600626036,1.0006306389246915,1.0079598600626036,29157.955,1.8063,208907.4655,,20.830033116738473,0.17600,5,5,0.16000
20251110,20251111,SZSE.301397,301397.SZ,溯联股份,5,1.0054914380408764,0.9974222058552753,1.0075087460872767,0.9974222058552753,1.0075087460872767,124424.722,5.4029,502168.5089,,32.25999983183127,0.15400,5,5,0.14000
20251111,20251112,SZSE.300377,300377.SZ,赢时胜,1,1.007463144329897,1.0009976067746686,1.009079528718704,1.0009976067746686,1.009079528718704,876554.455,7.6511,1275954.2329,,16.98999974489392,0.26400,5,5,0.24000
20251111,20251112,SHSE.603151,603151.SH,邦基科技,2,1.0072775036818853,1.0008131443298969,1.0088935935198822,1.0008131443298969,1.0088935935198822,226965.636,6.0956,366369.0395,,21.391117197011102,0.24200,5,5,0.22000
20251111,20251112,SZSE.002069,002069.SZ,獐子岛,3,1.0066506259204713,1.0006316273932254,1.0081553755522827,1.0006316273932254,1.0081553755522827,34459.65,1.2053,288000.4386,,4.050000064923708,0.20900,5,5,0.19000
20251111,20251112,SHSE.688448,688448.SH,磁谷科技,4,1.0064948453608247,0.9977908689248896,1.0086708394698085,0.9977908689248896,1.0086708394698085,505389.469,25.0709,321575.5224,,33.25879241623508,0.17600,5,5,0.16000
20251111,20251112,SZSE.301273,301273.SZ,瑞晨环保,5,1.0061703976435936,1.0004469808541974,1.0076012518409425,1.0004469808541974,1.0076012518409425,24486.827,1.5126,211486.57,,21.08719401941426,0.15400,5,5,0.14000
20251112,20251113,SZSE.301001,301001.SZ,凯淳股份,1,1.0080864188443137,1.0006308428413693,1.0099503128450498,1.0006308428413693,1.0099503128450498,34106.425,2.2324,241760.0,,30.22000040366554,0.26400,5,5,0.24000
20251112,20251113,SZSE.002069,002069.SZ,獐子岛,2,1.0074638203901363,1.0009996319470005,1.00907986750092,1.0009996319470005,1.00907986750092,33597.654,1.1712,287289.3264,,4.040000064763403,0.24200,5,5,0.22000
20251112,20251113,SZSE.301273,301273.SZ,瑞晨环保,3,1.0068866396761134,1.0004471843945528,1.0084965034965034,1.0004471843945528,1.0084965034965034,27543.212,1.7206,208262.6893,,20.76574289106953,0.20900,5,5,0.19000
20251112,20251113,SHSE.601519,601519.SH,大智慧,4,1.005662127346338,0.9976076555023924,1.0076757453073244,0.9976076555023924,1.0076757453073244,1213286.674,4.8333,2506341.6,,12.600000057790501,0.17600,5,5,0.16000
20251112,20251113,SHSE.603678,603678.SH,火炬电子,5,1.0002856091277144,0.9753404490246596,1.0065218991534781,0.9753404490246596,1.0065218991534781,577513.549,3.8291,1502790.554,,31.56111115371478,0.15400,5,5,0.14000
20251113,20251114,SZSE.002069,002069.SZ,獐子岛,1,1.0071692251058346,1.0009998159396283,1.0087115773973863,1.0009998159396283,1.0087115773973863,40913.737,1.4216,289422.663,,4.07000006524432,0.26400,5,5,0.24000
20251113,20251114,SZSE.000719,000719.SZ,中原传媒,2,1.0071415424259158,0.9988956377691883,1.0092030185900975,0.9988956377691883,1.0092030185900975,109744.855,1.3345,1260587.0188,,12.319999797988775,0.24200,5,5,0.22000
20251113,20251114,SZSE.300176,300176.SZ,鸿特科技,3,1.00665208908522,1.00063022271305,1.0081575556782625,1.00063022271305,1.0081575556782625,54585.409,2.0087,272645.6832,,7.039999817988734,0.20900,5,5,0.19000
20251113,20251114,SZSE.301273,301273.SZ,瑞晨环保,4,1.0061122768267992,0.9972390944229708,1.0083305724277563,0.9972390944229708,1.0083305724277563,26290.743,1.6323,210626.8685,,21.00147371852233,0.17600,5,5,0.16000
20251113,20251114,SZSE.002887,002887.SZ,绿茵生态,5,1.0055365359838027,0.9977912755383765,1.0074728510951592,0.9977912755383765,1.0074728510951592,50941.367,2.7182,295583.3184,,9.447085244647386,0.15400,5,5,0.14000
20251114,20251117,SZSE.301397,301397.SZ,溯联股份,1,1.0066473577610018,1.0006313754373044,1.008151353341926,1.0006313754373044,1.008151353341926,159385.65,6.9333,500611.88,,32.15999983235256,0.26400,5,5,0.24000
20251114,20251117,SHSE.688229,688229.SH,博睿数据,2,1.0065564352789542,0.9979745903148591,1.0087018965199779,0.9979745903148591,1.0087018965199779,48223.266,1.8424,260450.4,,58.65999795467014,0.24200,5,5,0.22000
20251114,20251117,SZSE.000719,000719.SZ,中原传媒,3,1.006095378383355,0.992634873872215,1.0094605045111398,0.992634873872215,1.0094605045111398,75345.017,0.9123,1260587.0188,,12.319999797988775,0.20900,5,5,0.19000
20251114,20251117,SHSE.601868,601868.SH,中国能建,4,1.0060158350211748,0.9987111029276377,1.007842018044559,0.9987111029276377,1.007842018044559,481803.808,0.6090999841690063,10130952.7635,0.0364999994635582,2.430000043431076,0.17600,5,5,0.16000
20251114,20251117,SHSE.601006,601006.SH,大秦铁路,5,1.0027044743141227,0.9852697477444301,1.0070631559565457,0.9852697477444301,1.0070631559565457,459803.855,0.39910000562667847,11504038.4758,0.046300001442432404,5.710000231782364,0.15400,5,5,0.14000
20251117,20251118,SZSE.301199,301199.SZ,迈赫股份,1,1.0082,1.001,1.01,1.001,1.01,201969.623,12.1902,435701.784,,23.339999790085603,0.26400,5,5,0.24000
20251117,20251118,SHSE.601083,601083.SH,锦江航运,2,1.0069834254143648,0.9983425414364641,1.00914364640884,0.9983425414364641,1.00914364640884,181209.508,7.691,1558120.48,,11.84012949889979,0.24200,5,5,0.22000
20251117,20251118,SHSE.601186,601186.SH,中国铁建,3,1.0069510128913444,0.9987108655616943,1.0090110497237568,0.9987108655616943,1.0090110497237568,351648.477,0.3862999975681305,10741417.3265,0.08349999785423279,7.909999619253327,0.20900,5,5,0.19000
20251117,20251118,SHSE.688399,688399.SH,硕世生物,4,1.0063062983425415,1.000444935543278,1.0077716390423572,1.000444935543278,1.0077716390423572,403109.146,7.0123,537366.1164,,64.07000141911428,0.17600,5,5,0.16000
20251117,20251118,SHSE.603013,603013.SH,亚普股份,5,1.006012523020258,0.9957642725598527,1.0085745856353592,0.9957642725598527,1.0085745856353592,88244.823,0.7914,1110802.6051,,21.314505558699032,0.15400,5,5,0.14000
20251118,20251119,SZSE.300746,300746.SZ,汉嘉数智,1,1.0079054297809682,1.0009996318792564,1.009631879256396,1.0009996318792564,1.009631879256396,207882.729,7.3793,278335.3584,,12.329999925644417,0.26400,5,5,0.24000
20251118,20251119,SZSE.301199,301199.SZ,迈赫股份,2,1.007719933738266,1.0008157555678263,1.009445978280876,1.0008157555678263,1.009445978280876,100086.236,5.936,439061.952,,23.519999788466723,0.24200,5,5,0.22000
20251118,20251119,SZSE.301151,301151.SZ,冠龙节能,3,1.007329909810418,1.0004264678814652,1.0090557702926561,1.0004264678814652,1.0090557702926561,42596.212,1.2198,348148.446,,20.34528622443876,0.20900,5,5,0.19000
20251118,20251119,SZSE.002137,002137.SZ,实益达,4,1.006501012332045,0.9942941284741396,1.0095527332965213,0.9942941284741396,1.0095527332965213,125293.05,3.4406,531304.4657,,9.14790080364831,0.17600,5,5,0.16000
20251118,20251119,SHSE.603153,603153.SH,上海建科,5,1.0060857721332597,0.9987115773973864,1.007929320817228,0.9987115773973864,1.007929320817228,42388.512,1.6902,759472.6294,,18.52999932032365,0.15400,5,5,0.14000
20251119,20251120,SZSE.002137,002137.SZ,实益达,1,1.0079053173873045,1.0009985280588776,1.009632014719411,1.0009985280588776,1.009632014719411,135040.335,3.7626,519754.3686,,8.949033394873346,0.26400,5,5,0.24000
20251119,20251120,SZSE.301300,301300.SZ,远翔新材,2,1.0066546458141674,0.996688132474701,1.009146274149034,0.996688132474701,1.009146274149034,352733.234,24.7173,313863.256,,47.86282018975971,0.24200,5,5,0.22000
20251119,20251120,SHSE.688638,688638.SH,誉辰智能,3,1.0049251149954004,0.9937442502299908,1.0077203311867526,0.9937442502299908,1.0077203311867526,36033.695,3.2676,227024.0,,40.53999917447779,0.20900,5,5,0.19000
20251119,20251120,SZSE.301638,301638.SZ,南网数字,4,1.0040022079116835,0.9841766329346826,1.0089586016559338,0.9841766329346826,1.0089586016559338,3768881.602,74.6497,7596184.3995,,23.89,0.17600,5,5,0.16000
20251119,20251120,SHSE.688727,688727.SH,恒坤新材,5,1.0026921803127875,0.9777368905243791,1.0089310027598897,0.9777368905243791,1.0089310027598897,2095840.869,68.4901,2698164.198,,60.05,0.15400,5,5,0.14000
20251120,20251121,SZSE.002137,002137.SZ,实益达,1,1.0073787265366214,0.9974236290025764,1.0098675009201326,0.9974236290025764,1.0098675009201326,187480.465,5.2038,527839.4366,,9.088240581015823,0.26400,5,5,0.24000
20251120,20251121,SZSE.301273,301273.SZ,瑞晨环保,2,1.0073146485093853,1.0009972396025029,1.008894000736106,1.0009972396025029,1.008894000736106,28338.606,1.8145,202817.9132,,20.222847652087317,0.24200,5,5,0.22000
20251120,20251121,SHSE.600533,600533.SH,栖霞建设,3,1.007085204269415,1.0006302907618698,1.0086989326463012,1.0006302907618698,1.0086989326463012,90010.617,3.054,296100.0,,2.8200001191060986,0.20900,5,5,0.19000
20251120,20251121,SZSE.300614,300614.SZ,百川畅银,4,1.0070357011409643,0.9977916820022084,1.0093467059256533,0.9977916820022084,1.0093467059256533,104477.708,4.8679,217230.0434,,13.540000283230814,0.17600,5,5,0.16000
20251120,20251121,SHSE.603275,603275.SH,众辰科技,5,1.0069297018770704,0.9970555760029445,1.0093982333456017,0.9970555760029445,1.0093982333456017,69329.884,3.9667,622312.6527,,41.83000235310266,0.15400,5,5,0.14000
20251121,20251124,SZSE.300950,300950.SZ,德固特,1,1.0075812028692295,1.0001204708478941,1.0094463858745633,1.0001204708478941,1.0094463858745633,104593.329,5.1406,338658.08,,21.98464029825791,0.26400,5,5,0.24000
20251121,20251124,SHSE.688108,688108.SH,赛诺医疗,2,1.007254147507817,0.9999713077064558,1.0090748574581572,0.9999713077064558,1.0090748574581572,232522.035,3.067,746806.16,,17.950000375479547,0.24200,5,5,0.22000
20251121,20251124,SHSE.600629,600629.SH,华建集团,3,1.0069826006989149,1.0008133161670039,1.0085249218318926,1.0008133161670039,1.0085249218318926,708737.991,3.7113,1911567.1582,,19.700001056918946,0.20900,5,5,0.19000
20251121,20251124,SHSE.688141,688141.SH,杰华特,4,1.005823799889645,0.9987125252896818,1.007601618539636,0.9987125252896818,1.007601618539636,452011.109,4.5116,1661686.7372,,36.9,0.17600,5,5,0.16000
20251121,20251124,SHSE.688720,688720.SH,艾森股份,5,1.0051616700386243,0.9922751517380909,1.0083832996137576,0.9922751517380909,1.0083832996137576,264293.745,9.0105,460232.2701,,37.52694748677773,0.15400,5,5,0.14000
20251124,20251125,SHSE.603602,603602.SH,纵横通信,1,1.007864237069759,1.0008083931529541,1.00962819804896,1.0008083931529541,1.00962819804896,70750.378,2.0962,341255.3815,,14.880000002168915,0.26400,5,5,0.24000
20251124,20251125,SHSE.600661,600661.SH,昂立教育,2,1.0076593778759435,1.0006307748941652,1.0094165286213879,1.0006307748941652,1.0094165286213879,56188.102,1.8805,301735.918,,10.530000275128508,0.24200,5,5,0.22000
20251124,20251125,SHSE.688108,688108.SH,赛诺医疗,3,1.007010012884226,1.0002111172464567,1.0087097367936684,1.0002111172464567,1.0087097367936684,201981.06,2.6601,768440.656,,18.470000386356954,0.20900,5,5,0.19000
20251124,20251125,SHSE.688229,688229.SH,博睿数据,4,1.00608577213326,0.9944781888459415,1.0089876679550893,0.9944781888459415,1.0089876679550893,224569.462,7.6465,300943.2,,67.77999763667819,0.17600,5,5,0.16000
20251124,20251125,SHSE.688596,688596.SH,正帆科技,5,1.0040169335542057,0.9898766795508926,1.007551997055034,0.9898766795508926,1.007551997055034,184930.136,2.2204,843035.226,,28.713063494111807,0.15400,5,5,0.14000
20251125,20251126,SHSE.688108,688108.SH,赛诺医疗,1,1.0076691585343398,0.9998188178972566,1.0096317436936106,0.9998188178972566,1.0096317436936106,212280.796,2.7123,781754.192,,18.790000393050736,0.26400,5,5,0.24000
20251125,20251126,SZSE.300950,300950.SZ,德固特,2,1.0076155404161298,0.9988952310808322,1.009795617749954,0.9988952310808322,1.009795617749954,75829.387,3.6112,352533.76,,22.885406740014542,0.24200,5,5,0.22000
20251125,20251126,SHSE.688141,688141.SH,杰华特,3,1.0070066654391456,0.999459767998527,1.0088933897993002,0.999459767998527,1.0088933897993002,253370.368,2.4886,1702215.682,,37.8,0.20900,5,5,0.19000
20251125,20251126,SHSE.600067,600067.SH,冠城新材,4,1.0069512060394035,0.9987111029276377,1.009011231817345,0.9987111029276377,1.009011231817345,196828.553,3.5513,559450.8331,,3.980060591882295,0.17600,5,5,0.16000
20251125,20251126,SHSE.600691,600691.SH,潞化科技,5,1.0061961701344138,0.9998484625299208,1.0077830970355368,0.9998484625299208,1.0077830970355368,195140.498,2.7106,710418.6036,,2.990000057885954,0.15400,5,5,0.14000
20251126,20251127,SZSE.300950,300950.SZ,德固特,1,1.0078766623687603,1.0001200957819119,1.0098158040154723,1.0001200957819119,1.0098158040154723,67821.974,3.2446,349179.2,,22.66763902882063,0.26400,5,5,0.24000
20251126,20251127,SHSE.600516,600516.SH,方大炭素,2,1.0076419230060785,0.9985264321237797,1.0099207957266532,0.9985264321237797,1.0099207957266532,1135337.129,4.370999813079834,2580647.0059,0.44749999046325684,6.409999840168888,0.24200,5,5,0.22000
20251126,20251127,SHSE.688108,688108.SH,赛诺医疗,3,1.0075955424571745,0.9994586480014735,1.0096297660710998,0.9994586480014735,1.0096297660710998,202816.014,2.5705,782170.24,,18.80000039325992,0.20900,5,5,0.19000
20251126,20251127,SHSE.688141,688141.SH,杰华特,4,1.0072622582427704,0.9992731626450543,1.0092595321421993,0.9992731626450543,1.0092595321421993,364019.207,3.5007,1741393.662,,38.67,0.17600,5,5,0.16000
20251126,20251127,SZSE.300844,300844.SZ,山水比德,5,1.0068904033892063,0.9988948240928348,1.008889298213299,0.9988948240928348,1.008889298213299,104331.884,2.9975,356997.6704,,38.30000191768624,0.15400,5,5,0.14000
20251127,20251128,SHSE.603602,603602.SH,纵横通信,1,1.0081907902007736,1.0009981580401548,1.0099889482409283,1.0009981580401548,1.0099889482409283,60780.838,1.7796,340567.3666,,14.85000000216454,0.26400,5,5,0.24000
20251127,20251128,SZSE.002921,002921.SZ,联诚精密,2,1.0056039786332658,0.9961318843249217,1.0079720022103518,0.9961318843249217,1.0079720022103518,44272.054,2.2422,229265.0255,,15.390000060984963,0.24200,5,5,0.22000
20251127,20251128,SZSE.002576,002576.SZ,通达动力,3,1.0040611530668633,0.9889482409283478,1.007839381101492,0.9889482409283478,1.007839381101492,44449.429,1.6331,278028.4,,16.75686012286081,0.20900,5,5,0.19000
20251127,20251128,SHSE.600448,600448.SH,华纺股份,4,1.003959476883404,0.9909743967581507,1.0072057469147173,0.9909743967581507,1.0072057469147173,66616.048,3.161,210989.5868,,3.3499999122706923,0.17600,5,5,0.16000
20251127,20251128,SHSE.600383,600383.SH,金地集团,5,1.0038695892429546,0.9847117332842144,1.0086590532326396,0.9847117332842144,1.0086590532326396,677867.577,4.3004,1580104.2502,,3.4999999099918697,0.15400,5,5,0.14000
20251128,20251201,SHSE.603602,603602.SH,纵横通信,1,1.0081950257921886,1.0009972365512159,1.0099944731024317,1.0009972365512159,1.0099944731024317,61865.259,1.7974,344695.4559,,15.030000002190777,0.26400,5,5,0.24000
20251128,20251201,SHSE.688617,688617.SH,惠泰医疗,2,1.0074801400147382,0.9998325350036846,1.0093920412675017,0.9998325350036846,1.0093920412675017,381725.564,1.1583000421524048,3301654.4771,8.31134033203125,233.15160454411466,0.24200,5,5,0.22000
20251128,20251201,SZSE.001336,001336.SZ,楚环科技,3,1.0074257553426678,1.0008133750921149,1.0090788504053059,1.0008133750921149,1.0090788504053059,33226.689,2.7804,209533.7145,,26.069999824018396,0.20900,5,5,0.19000
20251128,20251201,SZSE.002524,002524.SZ,光正眼科,4,1.007090788504053,1.0006197494473101,1.0087085482682387,1.0006197494473101,1.0087085482682387,41240.727,1.7522,240144.5135,,4.6599999651137365,0.17600,5,5,0.16000
20251128,20251201,SZSE.001209,001209.SZ,洪兴股份,5,1.0067183124539425,1.0002901621223286,1.0083253500368459,1.0002901621223286,1.0083253500368459,64413.583,3.2067,277381.4165,,21.08999947319902,0.15400,5,5,0.14000
20251201,20251202,SZSE.301095,301095.SZ,广立微,1,1.0077543109801033,1.000997052321297,1.0094436256448047,1.000997052321297,1.0094436256448047,243022.358,2.0503,1367318.9878,,68.12950299329171,0.26400,5,5,0.24000
20251201,20251202,SZSE.002488,002488.SZ,金固股份,2,1.0075730655858512,1.0008130066322771,1.0092630803242446,1.0008130066322771,1.0092630803242446,273479.037,3.353,873995.4991,,8.780000052035604,0.24200,5,5,0.22000
20251201,20251202,SHSE.688617,688617.SH,惠泰医疗,3,1.0062011790714813,0.9930913780397936,1.0094786293294031,0.9930913780397936,1.0094786293294031,430669.448,1.276900053024292,3404888.473,8.373080253601074,240.4416301340324,0.20900,5,5,0.19000
20251201,20251202,SHSE.603392,603392.SH,万泰生物,4,1.005593220338983,0.9902358142962417,1.0094325718496684,0.9902358142962417,1.0094325718496684,282192.797,0.45719999074935913,6205427.2065,0.9819999933242798,49.05000101752757,0.17600,5,5,0.16000
20251201,20251202,SZSE.300087,300087.SZ,荃银高科,5,1.005148120854827,0.9959469417833456,1.0074484156226973,0.9959469417833456,1.0074484156226973,442725.12,4.28,1092273.5089,,11.530000484649738,0.15400,5,5,0.14000
20251202,20251203,SZSE.300203,300203.SZ,聚光科技,1,1.007718247099982,1.000815503590499,1.0094439329773524,1.000815503590499,1.0094439329773524,82597.656,1.1872,692850.8544,,15.44000084605887,0.26400,5,5,0.24000
20251202,20251203,SZSE.301155,301155.SZ,海力风电,2,1.007494420916958,1.000447615540416,1.0092561222610936,1.000447615540416,1.0092561222610936,203852.392,2.1456,1676740.4698,,76.87284803479342,0.24200,5,5,0.22000
20251202,20251203,SZSE.002488,002488.SZ,金固股份,3,1.0073883262750876,1.0006315595654576,1.009077517952495,1.0006315595654576,1.009077517952495,244102.321,3.1,845127.7662,,8.490000050316889,0.20900,5,5,0.19000
20251202,20251203,SZSE.001336,001336.SZ,楚环科技,4,1.0070058184496409,1.000258331798932,1.008692690112318,1.000258331798932,1.008692690112318,28590.824,2.3856,206720.642,,25.719999826381017,0.17600,5,5,0.16000
20251202,20251203,SZSE.002696,002696.SZ,百洋股份,5,1.0065173264592158,1.0000769655680353,1.0081274166820107,1.0000769655680353,1.0081274166820107,96004.77,4.0731,245224.4815,,7.016633863767613,0.15400,5,5,0.14000
20251203,20251204,SZSE.002488,002488.SZ,金固股份,1,1.0082,1.001,1.01,1.001,1.01,378408.691,4.9948,817255.4724,,8.21000004865744,0.26400,5,5,0.24000
20251203,20251204,SZSE.003031,003031.SZ,中瓷电子,2,1.0079983814603644,1.0008158911164244,1.0097940040463491,1.0008158911164244,1.0097940040463491,70184.282,0.39340001344680786,2365772.2455,0.8899999856948853,52.289444934378984,0.24200,5,5,0.22000
20251203,20251204,SZSE.300203,300203.SZ,聚光科技,3,1.0059503402611736,0.9926430016553246,1.0092771749126357,0.9926430016553246,1.0092771749126357,72326.668,1.0574,681632.4144,,15.19000083235973,0.20900,5,5,0.19000
20251203,20251204,SZSE.301469,301469.SZ,恒达新材,4,1.0057929004965973,0.9974250505793636,1.0078848629759058,0.9974250505793636,1.0078848629759058,52277.384,3.8943,259402.52,,28.989998726606782,0.17600,5,5,0.16000
20251203,20251204,SHSE.605003,605003.SH,众望布艺,5,1.005486849365459,0.9966893507448961,1.0076862240205997,0.9966893507448961,1.0076862240205997,44976.852,1.6507,270820.0,,24.619998999069196,0.15400,5,5,0.14000
20251204,20251205,SZSE.301203,301203.SZ,国泰环保,1,1.00748739650414,1.0000791168353267,1.009339466421343,1.0000791168353267,1.009339466421343,31074.105,2.1882,257520.0,,31.57961777278355,0.26400,5,5,0.24000
20251204,20251205,SZSE.300730,300730.SZ,科创信息,2,1.005765593376265,0.9965041398344067,1.0080809567617295,0.9965041398344067,1.0080809567617295,125241.534,5.2466,297083.1827,,12.319999791808046,0.24200,5,5,0.22000
20251204,20251205,SZSE.300844,300844.SZ,山水比德,3,1.0042877644894204,0.9937442502299908,1.0069236430542778,0.9937442502299908,1.0069236430542778,39032.548,1.2051,335186.3245,,35.96000180052212,0.20900,5,5,0.19000
20251204,20251205,SZSE.000692,000692.SZ,惠天热电,5,1.0036077276908923,0.9874885004599816,1.00763753449862,0.9874885004599816,1.00763753449862,58034.759,2.3938,242439.0041,,4.549999843375227,0.15400,5,5,0.14000
20251205,20251208,SZSE.300730,300730.SZ,科创信息,1,1.0071204859193816,1.000446898582735,1.0087888827535432,1.000446898582735,1.0087888827535432,98408.284,4.0708,306969.8795,,12.729999784879581,0.26400,5,5,0.24000
20251205,20251208,SZSE.000012,000012.SZ,南玻A,2,0.9948279035523653,0.9914411927112092,0.9956745812626542,0.9914411927112092,0.9956745812626542,60500.519,0.6551,1452437.3666,,4.7300000204547406,0.24200,5,5,0.22000
20251205,20251208,SZSE.000031,000031.SZ,大悦城,3,0.9948279035523653,0.9914411927112092,0.9956745812626542,0.9914411927112092,0.9956745812626542,49129.984,0.3792,1311611.8817,,3.060000004780414,0.20900,5,5,0.19000
20251205,20251208,SZSE.000055,000055.SZ,方大集团,4,0.9948279035523653,0.9914411927112092,0.9956745812626542,0.9914411927112092,0.9956745812626542,41657.824,1.458,457470.4207,,4.26000009066067,0.17600,5,5,0.16000
20251205,20251208,SZSE.000552,000552.SZ,甘肃能化,5,0.9948279035523653,0.9914411927112092,0.9956745812626542,0.9914411927112092,0.9956745812626542,97816.395,1.0648,1327248.7079,,2.4799999925532097,0.15400,5,5,0.14000
20251208,20251209,SZSE.002488,002488.SZ,金固股份,1,1.007903109475621,1.0006268629254829,1.0097221711131554,1.0006268629254829,1.0097221711131554,656480.299,8.2729,854086.7178,,8.580000050850284,0.26400,5,5,0.24000
20251208,20251209,SZSE.300765,300765.SZ,新诺威,2,1.0076694020239192,1.0006947562097517,1.009413063477461,1.0006947562097517,1.009413063477461,241244.197,0.5547,4312100.3381,,30.70000074794679,0.24200,5,5,0.22000
20251208,20251209,SHSE.601880,601880.SH,辽港股份,3,1.003725482980681,0.9845446182152714,1.0085206991720332,0.9845446182152714,1.0085206991720332,105358.935,0.3522000014781952,3818626.2885,0.032999999821186066,1.6199999542343344,0.20900,5,5,0.19000
20251208,20251209,SHSE.688795,688795.SH,摩尔线程,4,0.9985501379944802,0.9589696412143515,1.0084452621895124,0.9589696412143515,1.0084452621895124,6000274.463,34.9677,27931426.7952,,594.25,0.17600,5,5,0.16000
20251208,20251209,SZSE.002936,002936.SZ,郑州银行,5,0.9977552897884084,0.9598896044158234,1.0072217111315547,0.9598896044158234,1.0072217111315547,204353.83,1.456,1809326.1802,,1.9900000242932736,0.15400,5,5,0.14000
20251209,20251210,SZSE.002696,002696.SZ,百洋股份,1,1.0078451885924564,1.0004476540938363,1.0096945722171113,1.0004476540938363,1.0096945722171113,72354.353,3.0411,244878.1192,,7.006723363960031,0.26400,5,5,0.24000
20251209,20251210,SZSE.300765,300765.SZ,新诺威,2,1.0075834038638454,1.0009860165593376,1.0092327506899723,1.0009860165593376,1.0092327506899723,411574.728,0.9184,4418849.4018,,31.46000076646273,0.24200,5,5,0.22000
20251209,20251210,SZSE.002488,002488.SZ,金固股份,3,1.0070220423183074,1.000629990800368,1.0086200551977922,1.000629990800368,1.0086200551977922,446871.877,5.653,850104.9615,,8.540000050613218,0.20900,5,5,0.19000
20251209,20251210,SHSE.688216,688216.SH,气派科技,4,1.0056588776448943,0.9987120515179393,1.0073955841766329,0.9987120515179393,1.0073955841766329,27459.682,1.1466,238876.3642,,22.35000014656419,0.17600,5,5,0.16000
20251209,20251210,SHSE.603815,603815.SH,交建股份,5,1.002358049678013,0.980128794848206,1.0079153633854645,0.980128794848206,1.0079153633854645,62378.796,1.0305,605307.9018,,9.779999569458495,0.15400,5,5,0.14000
20251210,20251211,SZSE.300918,300918.SZ,南山智尚,1,1.0079098306332843,1.0006316273932254,1.009729381443299,1.0006316273932254,1.009729381443299,604537.835,7.6324,789569.7061,,15.55162044790788,0.26400,5,5,0.24000
20251210,20251211,SZSE.300047,300047.SZ,天源迪科,2,1.0078803019145803,1.0009994477172313,1.0096005154639176,1.0009994477172313,1.0096005154639176,1128670.361,16.7033,782512.7125,,12.270000105096713,0.24200,5,5,0.22000
20251210,20251211,SZSE.002696,002696.SZ,百洋股份,3,1.0076686303387334,0.9988954344624448,1.0098619293078055,0.9988954344624448,1.0098619293078055,71749.368,3.0511,241760.8589,,6.917528865691799,0.20900,5,5,0.19000
20251210,20251211,SHSE.600282,600282.SH,南钢股份,4,1.007532768777614,1.0002632547864507,1.009350147275405,1.0002632547864507,1.009350147275405,324302.304,1.0813000202178955,2977738.9583,0.15689000487327576,4.706838907755985,0.17600,5,5,0.16000
20251210,20251211,SZSE.002488,002488.SZ,金固股份,5,1.0072818851251841,1.0004447717231222,1.0089911634756996,1.0004447717231222,1.0089911634756996,401808.646,5.1458,831191.6193,,8.350000049487162,0.15400,5,5,0.14000
20251211,20251212,SZSE.002267,002267.SZ,陕天然气,1,1.0080509291628337,1.0008139834406624,1.0098601655933763,1.0008139834406624,1.0098601655933763,165714.23,1.954,835168.6592,,7.510000041193627,0.26400,5,5,0.24000
20251211,20251212,SHSE.600976,600976.SH,健民集团,2,1.007693026678933,1.000996872125115,1.0093670653173874,1.000996872125115,1.0093670653173874,78578.046,1.4334,546252.4146,,34.64392526763312,0.24200,5,5,0.22000
20251211,20251212,SHSE.688366,688366.SH,昊海生科,3,1.0076269365225392,1.000445630174793,1.0094222631094756,1.000445630174793,1.0094222631094756,71125.497,0.7946,1063360.7663,,45.72000167211371,0.20900,5,5,0.19000
20251211,20251212,SHSE.603717,603717.SH,天域生物,4,1.0072609015639375,1.0005878564857407,1.0089291628334867,1.0005878564857407,1.0089291628334867,67727.304,2.9925,226894.3597,,7.819999789180689,0.17600,5,5,0.16000
20251211,20251212,SZSE.002422,002422.SZ,科伦药业,5,1.0059643054277831,0.9920883164673413,1.0094333026678934,0.9920883164673413,1.0094333026678934,426668.571,1.0190000534057617,5112172.737,0.9263799786567688,31.543246270708792,0.15400,5,5,0.14000
20251212,20251215,SHSE.600886,600886.SH,国投电力,1,1.0079824167739562,1.000257862791981,1.00991355526945,1.000257862791981,1.00991355526945,245576.93,0.23999999463558197,11014184.1045,0.20000000298023224,13.760000529329155,0.26400,5,5,0.24000
20251212,20251215,SHSE.603019,603019.SH,中科曙光,2,1.0076009564097848,1.000999080375207,1.0092514254184293,1.000999080375207,1.0092514254184293,7681227.354,6.011000156402588,13014414.8987,3.7079100608825684,88.49446297117042,0.24200,5,5,0.22000
20251212,20251215,SZSE.002867,002867.SZ,周大生,3,1.0069420636380357,0.9979768254552143,1.009183373183741,0.9979768254552143,1.009183373183741,276933.155,2.1648,1297141.3021,,11.949999991378332,0.20900,5,5,0.19000
20251212,20251215,SHSE.600282,600282.SH,南钢股份,4,1.0065168291337134,0.9988964502482987,1.0084219238550671,0.9988964502482987,1.0084219238550671,694398.137,2.362299919128418,2965408.7763,0.15737999975681305,4.687348909854068,0.17600,5,5,0.16000
20251212,20251215,SHSE.605368,605368.SH,蓝天燃气,5,1.0063592422291707,1.0006319661578076,1.0077910612470113,1.0006319661578076,1.0077910612470113,200637.355,3.5192,569564.8243,,7.96999981271168,0.15400,5,5,0.14000
20251215,20251216,SZSE.301098,301098.SZ,金埔园林,1,1.0080357247976455,1.0009586092715232,1.009805003679176,1.0009586092715232,1.009805003679176,58405.841,4.6301,156344.9396,,8.500000162754652,0.26400,5,5,0.24000
20251215,20251216,SHSE.600886,600886.SH,国投电力,2,1.0074731420161884,0.9987122884473878,1.0096633554083885,0.9987122884473878,1.0096633554083885,237210.201,0.23240000009536743,10958152.6447,0.1979999989271164,13.689999879302167,0.24200,5,5,0.22000
20251215,20251216,SZSE.002999,002999.SZ,天禾股份,3,1.0059955849889626,0.9988962472406181,1.0077704194260486,0.9988962472406181,1.0077704194260486,58323.124,2.5751,231148.68,,6.577414780660392,0.20900,5,5,0.19000
20251215,20251216,SZSE.300730,300730.SZ,科创信息,4,1.005938189845475,0.9985283296541575,1.007790654893304,0.9985283296541575,1.007790654893304,74763.5,3.059,305281.9069,,12.65999978606249,0.17600,5,5,0.16000
20251215,20251216,SHSE.603815,603815.SH,交建股份,5,1.0039190581309787,0.9880426784400295,1.007888153053716,0.9880426784400295,1.007888153053716,229951.039,4.3777,518039.5847,,8.36999963153043,0.15400,5,5,0.14000
20251216,20251217,SZSE.300723,300723.SZ,一品红,1,0.9980664950349394,1.0006303788157411,0.9974255240897388,1.0006303788157411,0.9974255240897388,1439279.878,10.3412,1509557.224,,33.420001267955705,0.26400,5,5,0.24000
20251216,20251217,SHSE.603815,603815.SH,交建股份,2,0.9967517469657963,0.9564178006620081,1.0068352335417432,0.9564178006620081,1.0068352335417432,142770.012,2.7905,508136.7969,,8.209999638574056,0.24200,5,5,0.22000
20251216,20251217,SHSE.688051,688051.SH,佳华科技,3,0.9964692901802134,0.9985288709084222,0.9959543949981611,0.9985288709084222,0.9959543949981611,41692.407,1.5079,276005.046,,35.69000040319806,0.20900,5,5,0.19000
20251216,20251217,SZSE.000008,000008.SZ,神州高铁,5,0.993508642883413,0.9958624494299375,0.9929201912467819,0.9958624494299375,0.9929201912467819,120441.043,1.5417,776884.0173,,2.8600001207465398,0.15400,5,5,0.14000
20251217,20251218,SZSE.300723,300723.SZ,一品红,1,1.0072804559661703,1.0008148556719985,1.0088968560397131,1.0008148556719985,1.0088968560397131,829041.28,6.1248,1505943.6818,,33.3400012649205,0.26400,5,5,0.24000
20251217,20251218,SHSE.603815,603815.SH,交建股份,2,1.0069468652325795,0.9987129987129987,1.0090053318624748,0.9987129987129987,1.0090053318624748,442835.168,9.3431,472858.1155,,7.6399996636669645,0.24200,5,5,0.22000
20251217,20251218,SHSE.688790,688790.SH,昂瑞微,3,1.0036962676962677,0.9854752711895569,1.0082515168229453,0.9854752711895569,1.0082515168229453,920513.446,37.0947,2012630.263,,202.21,0.20900,5,5,0.19000
20251217,20251218,SZSE.002682,002682.SZ,龙洲股份,4,0.9974259974259975,0.9981614267328554,0.9972421400992829,0.9981614267328554,0.9972421400992829,119589.857,2.1991,543810.4304,,9.669999801828965,0.17600,5,5,0.16000
20251217,20251218,SZSE.300730,300730.SZ,科创信息,5,0.9970950542379114,0.9979775694061408,0.996874425445854,0.9979775694061408,0.996874425445854,92755.968,3.8568,304076.2122,,12.609999786907425,0.15400,5,5,0.14000
20251218,20251219,SHSE.603815,603815.SH,交建股份,1,1.007574862183021,1.0008144064682103,1.0092649761117236,1.0008144064682103,1.0092649761117236,253390.291,5.3817,466049.949,,7.529999668509455,0.26400,5,5,0.24000
20251218,20251219,SZSE.300723,300723.SZ,一品红,2,1.0069472987872108,1.0006313855200293,1.008526277104006,1.0006313855200293,1.008526277104006,899062.369,6.2418,1568277.2836,,34.720001317277735,0.24200,5,5,0.22000
20251218,20251219,SHSE.688802,688802.SH,沐曦股份,3,0.9988607129731716,0.9650863653068724,1.0073042998897463,0.9650863653068724,1.0073042998897463,5408191.37,37.7079,31489470.4,,787.04,0.20900,5,5,0.19000
20251218,20251219,SZSE.000008,000008.SZ,神州高铁,4,0.9943035648658582,0.9946710768099963,0.9942116868798236,0.9946710768099963,0.9942116868798236,89154.263,1.143,776884.0173,,2.8600001207465398,0.17600,5,5,0.16000
20251218,20251219,SZSE.000012,000012.SZ,南玻A,5,0.9943035648658582,0.9946710768099963,0.9942116868798236,0.9946710768099963,0.9942116868798236,62270.86,0.7157,1360316.6034,,4.430000019157399,0.15400,5,5,0.14000
20251219,20251222,SZSE.301395,301395.SZ,仁信新材,1,1.007521779084727,1.0006303988237457,1.0092446241499724,1.0006303988237457,1.0092446241499724,20653.833,1.4124,259607.1182,,10.689999791686349,0.26400,5,5,0.24000
20251219,20251222,SHSE.603833,603833.SH,欧派家居,2,1.007193677632788,1.0004455063407462,1.0088807204557986,1.0004455063407462,1.0088807204557986,119011.648,0.36880001425743103,3225464.4308,1.2922099828720093,51.737451876601604,0.24200,5,5,0.22000
20251219,20251222,SZSE.300804,300804.SZ,广康生化,3,1.006680646939901,1.0000784782209153,1.0083311891196471,1.0000784782209153,1.0083311891196471,25158.36,2.6131,261368.0,,35.31999845094177,0.20900,5,5,0.19000
20251219,20251222,SZSE.301296,301296.SZ,新巨丰,4,1.006580738834773,1.0002626355449367,1.008160264657232,1.0002626355449367,1.008160264657232,19641.201,0.8034,357420.0,,8.510000158286262,0.17600,5,5,0.16000
20251219,20251222,SHSE.600779,600779.SH,水井坊,5,1.0063723580224224,0.9948538871530969,1.0092519757397538,0.9948538871530969,1.0092519757397538,187691.64,1.0637,1782311.6919,,36.56000011286751,0.15400,5,5,0.14000
20251222,20251223,SHSE.688121,688121.SH,卓然股份,1,1.008051351848446,1.0009998160750413,1.009814235791797,1.0009998160750413,1.009814235791797,144786.269,6.603,255106.4913,,10.919999391047286,0.26400,5,5,0.24000
20251222,20251223,SZSE.300681,300681.SZ,英搏尔,2,1.0079167923487218,1.0000768806327018,1.0098767702777267,1.0000768806327018,1.0098767702777267,183416.851,3.5355,711213.7647,,24.334767432868983,0.24200,5,5,0.22000
20251222,20251223,SZSE.300723,300723.SZ,一品红,3,1.007721684752621,1.0008155232665072,1.0094482251241492,1.0008155232665072,1.0094482251241492,769883.727,4.949,1655453.9874,,36.65000139050199,0.20900,5,5,0.19000
20251222,20251223,SHSE.600800,600800.SH,渤海化学,4,1.007428581938569,1.0002622769909877,1.0092201581754645,1.0002622769909877,1.0092201581754645,30881.76,0.6116,505070.5733,,4.550000129685841,0.17600,5,5,0.16000
20251222,20251223,SHSE.600282,600282.SH,南钢股份,5,1.0064256023542397,0.9970572006621299,1.008767702777267,0.9970572006621299,1.008767702777267,189466.583,0.6062999963760376,3082545.5055,0.1637199968099594,4.872504122261385,0.15400,5,5,0.14000
20251223,20251224,SHSE.688096,688096.SH,京源环保,1,1.0077742741639104,1.0000768099963249,1.0096986402058066,1.0000768099963249,1.0096986402058066,30205.627,1.7122,177028.203,,7.5000002234210426,0.26400,5,5,0.24000
20251223,20251224,SHSE.688121,688121.SH,卓然股份,2,1.007689783167953,1.0008156927600147,1.0094083057699375,1.0008156927600147,1.0094083057699375,159409.771,6.9942,258143.4733,,11.04999938379785,0.24200,5,5,0.22000
20251223,20251224,SZSE.300723,300723.SZ,一品红,3,1.007460492466005,1.000999632488056,1.0090757074604924,1.000999632488056,1.0090757074604924,725637.008,4.8615,1603509.3193,,35.50000134687096,0.20900,5,5,0.19000
20251223,20251224,SHSE.600800,600800.SH,渤海化学,4,1.0070238882763691,0.9987137081955163,1.0091014332965822,0.9987137081955163,1.0091014332965822,40169.75,0.8829,455118.5386,,4.100000116859769,0.17600,5,5,0.16000
20251223,20251224,SZSE.300681,300681.SZ,英搏尔,5,1.0068378904814408,1.000260749724366,1.0084821756707094,1.000260749724366,1.0084821756707094,148675.612,2.8944,701295.2791,,23.9953982397937,0.15400,5,5,0.14000
20251224,20251225,SHSE.688121,688121.SH,卓然股份,1,1.0078663850110214,1.0008161278471712,1.0096289493019839,1.0008161278471712,1.0096289493019839,87590.26,3.8718,262348.5254,,11.229999373760169,0.26400,5,5,0.24000
20251224,20251225,SZSE.300723,300723.SZ,一品红,2,1.0077586333578252,1.0009974283614989,1.0094489346069067,1.0009974283614989,1.0094489346069067,427059.564,2.9287,1575956.0606,,34.89000132372754,0.24200,5,5,0.22000
20251224,20251225,SHSE.688096,688096.SH,京源环保,3,1.0067994121969142,0.99834680382072,1.0089125642909627,0.99834680382072,1.0089125642909627,23040.928,1.2899,177736.3158,,7.530000224314727,0.20900,5,5,0.19000
20251224,20251225,SHSE.600282,600282.SH,南钢股份,4,1.00548273328435,0.994121969140338,1.0083229243203526,0.994121969140338,1.0083229243203526,163327.629,0.5245000123977661,3150361.5066,0.15737999975681305,4.979699343061033,0.17600,5,5,0.16000
20251224,20251225,SHSE.603216,603216.SH,梦天家居,5,1.0041102130786188,0.9897134459955915,1.0077094048493755,0.9897134459955915,1.0077094048493755,203022.96,2.4626,825734.52,,37.07999918002466,0.15400,5,5,0.14000
20251225,20251226,SHSE.603786,603786.SH,科博达,1,1.0078734349183036,1.000446667890582,1.009730126675234,1.000446667890582,1.009730126675234,351799.148,1.163699984550476,3061637.6427,3.2070200443267822,74.84208774969899,0.26400,5,5,0.24000
20251225,20251226,SHSE.688096,688096.SH,京源环保,2,1.0071917752891502,1.000805581053791,1.0087883238479898,1.000805581053791,1.0087883238479898,31805.452,1.7561,181512.9175,,7.6900002290810425,0.24200,5,5,0.22000
20251225,20251226,SZSE.000517,000517.SZ,荣安地产,3,1.004201946025335,0.9899026987332477,1.007776757848357,0.9899026987332477,1.007776757848357,34578.961,0.7631,579473.8923,,1.8199999078351672,0.20900,5,5,0.19000
20251225,20251226,SHSE.600715,600715.SH,文投控股,4,1.0039272994308797,0.9893519368459702,1.0075711400771068,0.9893519368459702,1.0075711400771068,47365.393,0.7397,905347.3305,,2.2299999132889052,0.17600,5,5,0.16000
20251225,20251226,SZSE.002936,002936.SZ,郑州银行,5,1.003198825041307,0.9832935560859188,1.0081751422801541,0.9832935560859188,1.0081751422801541,44062.119,0.3224,1763865.7235,,1.94000002368289,0.15400,5,5,0.14000
20251226,20251229,SHSE.603786,603786.SH,科博达,1,1.0079448035255236,1.0000471905986046,1.009919206757253,1.0000471905986046,1.009919206757253,286583.388,0.9419000148773193,3075368.7705,3.2321999073028564,75.1777506909243,0.26400,5,5,0.24000
20251226,20251229,SZSE.300576,300576.SZ,容大感光,2,1.0074563716489169,0.9998672420124862,1.0093536540580244,0.9998672420124862,1.0093536540580244,811626.146,8.6486,1469500.3313,,36.41103590177797,0.24200,5,5,0.22000
20251226,20251229,SHSE.688096,688096.SH,京源环保,3,1.00620734484025,0.9995200146896805,1.0078791773778921,0.9995200146896805,1.0078791773778921,23032.81,1.267,180332.7295,,7.640000227591568,0.20900,5,5,0.19000
20251226,20251229,SHSE.601880,601880.SH,辽港股份,4,1.0060580242379729,0.9972456849063532,1.0082611090708777,0.9972456849063532,1.0082611090708777,95833.718,0.32170000672340393,3795054.5213,0.02850000001490116,1.6099999640830158,0.17600,5,5,0.16000
20251226,20251229,SHSE.601005,601005.SH,重庆钢铁,5,1.0058861549761293,0.9976129269188395,1.0079544619904517,0.9976129269188395,1.0079544619904517,132159.624,1.0748,1310061.0375,,1.4799999986570522,0.15400,5,5,0.14000
20251229,20251230,SZSE.300804,300804.SZ,广康生化,1,1.007718061674009,1.0006314243759178,1.0094897209985316,1.0006314243759178,1.0094897209985316,16841.019,1.7553,258260.0,,34.89999846936205,0.26400,5,5,0.24000
20251229,20251230,SHSE.688793,688793.SH,倍轻松,2,1.0065832232011749,1.0009924743024963,1.0079809104258444,1.0009924743024963,1.0079809104258444,75344.181,3.9055,192431.7931,,22.38999932332778,0.24200,5,5,0.22000
20251229,20251230,SHSE.600382,600382.SH,广东明珠,3,1.0061600587371513,0.9959618208516887,1.008709618208517,0.9959618208516887,1.008709618208517,86281.371,1.7033,504834.6807,,6.947175906866414,0.20900,5,5,0.19000
20251229,20251230,SZSE.301162,301162.SZ,国能日新,4,1.0060190895741559,0.9981644640234949,1.007982745961821,0.9981644640234949,1.007982745961821,69733.688,1.5721,689965.6997,,36.925464764486634,0.17600,5,5,0.16000
20251229,20251230,SZSE.002936,002936.SZ,郑州银行,5,1.0050337738619677,0.9961453744493393,1.0072558737151247,0.9961453744493393,1.0072558737151247,66022.451,0.4829,1763865.7235,,1.94000002368289,0.15400,5,5,0.14000
20251230,20251231,SZSE.300804,300804.SZ,广康生化,1,1.0077200733944955,1.0004425688073395,1.0095394495412844,1.0004425688073395,1.0095394495412844,17751.262,1.8516,256188.0,,34.61999848164224,0.26400,5,5,0.24000
20251230,20251231,SZSE.301203,301203.SZ,国泰环保,2,1.0066934311926605,1.0008139449541285,1.0081633027522936,1.0008139449541285,1.0081633027522936,14515.982,1.0248,257440.0,,31.569807391369206,0.24200,5,5,0.22000
20251230,20251231,SHSE.688793,688793.SH,倍轻松,3,1.0063466788990827,1.000254495412844,1.0078697247706423,1.000254495412844,1.0078697247706423,63830.243,3.3697,188048.5768,,21.879999338741033,0.20900,5,5,0.19000
20251230,20251231,SZSE.002358,002358.SZ,森源电气,4,1.0061739449541285,0.996697247706422,1.008543119266055,0.996697247706422,1.008543119266055,178444.458,3.4027,516944.8792,,5.560000116627868,0.17600,5,5,0.16000
20251230,20251231,SZSE.001227,001227.SZ,兰州银行,5,1.0055838532110093,0.9977981651376147,1.0075302752293578,0.9977981651376147,1.0075302752293578,51220.387,0.5229,1321401.743,,2.2711682339794836,0.15400,5,5,0.14000
20251231,20260105,SZSE.300804,300804.SZ,广康生化,1,1.0078130618235186,1.00026141992295,1.0097009722986607,1.00026141992295,1.0097009722986607,19063.365,1.9937,259000.0,,34.99999846497627,0.26400,5,5,0.24000
20251231,20260105,SZSE.301203,301203.SZ,国泰环保,2,1.0070649789029535,1.00063034305632,1.008673637864612,1.00063034305632,1.008673637864612,15692.341,1.1058,261120.0,,32.021084936429176,0.24200,5,5,0.22000
20251231,20260105,SZSE.300670,300670.SZ,大烨智能,3,1.0068143826820768,1.0008156301596036,1.008314070812695,1.0008156301596036,1.008314070812695,179940.309,11.4861,225330.4606,,7.110000024746804,0.20900,5,5,0.19000
20251231,20260105,SHSE.605068,605068.SH,明新旭腾,4,1.0056253898367273,0.9954136855622822,1.0081783159053386,0.9954136855622822,1.0081783159053386,103084.279,2.462,414741.5517,,25.570000844924238,0.17600,5,5,0.16000
20251231,20260105,SHSE.601860,601860.SH,紫金银行,5,1.0055079801871218,0.997431663914878,1.0075270592551826,0.997431663914878,1.0075270592551826,59371.989,0.6031,1010432.4785,,2.659021795367904,0.15400,5,5,0.14000
20260105,20260106,SHSE.603078,603078.SH,江化微,1,1.0065206384149699,0.9957805907172996,1.0092056503393874,0.9957805907172996,1.0092056503393874,275978.247,3.9395,706101.8011,,18.310000212446923,0.26400,5,5,0.24000
20260105,20260106,SHSE.688611,688611.SH,杭州柯林,2,1.0064516602458267,0.9937626123647038,1.0096239222161072,0.9937626123647038,1.0096239222161072,276682.263,3.4503,808363.192,,52.700001396170684,0.24200,5,5,0.22000
20260105,20260106,SZSE.300507,300507.SZ,苏奥传感,3,1.0063900201797837,0.9941295175197211,1.0094551458447991,0.9941295175197211,1.0094551458447991,207878.181,2.8775,751006.7988,,9.380000099127761,0.20900,5,5,0.19000
20260105,20260106,SZSE.300741,300741.SZ,华宝股份,4,1.0062359200146762,0.9952302329847734,1.008987341772152,0.9952302329847734,1.008987341772152,60150.716,0.5268,1141225.64,,18.437153192666862,0.17600,5,5,0.16000
20260105,20260106,SZSE.000925,000925.SZ,众合科技,5,1.0036925334800955,0.9836727206017245,1.008697486699688,0.9836727206017245,1.008697486699688,329866.219,5.5171,601292.8038,,8.890000217137722,0.15400,5,5,0.14000
20260106,20260107,SZSE.002857,002857.SZ,三晖电气,1,1.0068615441041628,0.9977993764900055,1.0091270860077022,0.9977993764900055,1.0091270860077022,205393.231,7.8305,267930.334,,20.510000635743257,0.26400,5,5,0.24000
20260106,20260107,SHSE.688611,688611.SH,杭州柯林,2,1.0066532184118835,0.9952319823950119,1.0095085274161013,0.9952319823950119,1.0095085274161013,133855.388,1.6351,816492.8408,,53.230001410211855,0.24200,5,5,0.22000
20260106,20260107,SZSE.000516,000516.SZ,国际医学,3,1.006366843939116,1.00001320374106,1.00795525398863,1.00001320374106,1.00795525398863,246658.388,2.1555,1161987.4148,,5.1900001430016385,0.20900,5,5,0.19000
20260106,20260107,SZSE.301282,301282.SZ,金禄电子,4,1.0063421969558042,0.9944984412250137,1.0093031358885016,0.9944984412250137,1.0093031358885016,311306.317,13.2473,447676.5852,,21.146672309014434,0.17600,5,5,0.16000
20260106,20260107,SZSE.002397,002397.SZ,梦洁股份,5,1.004792958004768,0.991197505960022,1.0081918210159546,0.991197505960022,1.0081918210159546,100966.192,3.8506,303599.2659,,4.060000033582806,0.15400,5,5,0.14000
20260107,20260108,SZSE.300842,300842.SZ,帝科股份,1,1.0081865786578659,1.000998899889989,1.009983498349835,1.000998899889989,1.009983498349835,500875.952,6.0816,915698.2201,,63.03000261860746,0.26400,5,5,0.24000
20260107,20260108,SZSE.002857,002857.SZ,三晖电气,2,1.0066314631463147,0.9972497249724972,1.008976897689769,0.9972497249724972,1.008976897689769,115126.685,4.4652,263227.51,,20.150000624584425,0.24200,5,5,0.22000
20260107,20260108,SZSE.002715,002715.SZ,登云股份,3,1.006443527686102,1.000446461312798,1.007942794279428,1.000446461312798,1.007942794279428,226937.311,10.6962,211140.0,,15.300000482354283,0.20900,5,5,0.19000
20260107,20260108,SZSE.300670,300670.SZ,大烨智能,4,1.0063938393839384,0.9968830216354969,1.0087715438210487,0.9968830216354969,1.0087715438210487,63918.177,4.0499,223112.0172,,7.040000024503164,0.17600,5,5,0.16000
20260107,20260108,SHSE.600749,600749.SH,西藏旅游,5,1.0062060872753942,0.9966996699669967,1.0085826916024936,0.9966996699669967,1.0085826916024936,109341.389,2.8015,390153.7237,,17.19000051377641,0.15400,5,5,0.14000
20260108,20260109,SZSE.002715,002715.SZ,登云股份,1,1.006584302218962,1.00099779937649,1.00798092792958,1.00099779937649,1.00798092792958,191728.123,8.9036,217764.0,,15.780000497486967,0.26400,5,5,0.24000
20260108,20260109,SHSE.600749,600749.SH,西藏旅游,2,1.0063583348615441,0.9981661470750046,1.008406381808179,0.9981661470750046,1.008406381808179,88401.184,2.2659,391742.4823,,17.260000515868576,0.24200,5,5,0.22000
20260108,20260109,SZSE.301218,301218.SZ,华是科技,3,1.0048487071336878,0.9910141206675225,1.0083073537502292,0.9910141206675225,1.0083073537502292,232383.851,13.6697,280082.24,,24.55999910807808,0.20900,5,5,0.19000
20260108,20260109,SHSE.601038,601038.SH,一拖股份,4,1.004424720337429,0.9856959471850357,1.0091069136255273,0.9856959471850357,1.0091069136255273,112806.276,1.0881,1592205.3547,,14.170000719125413,0.17600,5,5,0.16000
20260108,20260109,SZSE.002397,002397.SZ,梦洁股份,5,1.0031659636897121,0.9833119383825417,1.0081294700165047,0.9833119383825417,1.0081294700165047,71014.251,2.7275,302851.4844,,4.0500000335000905,0.15400,5,5,0.14000
20260109,20260112,SZSE.002698,002698.SZ,博实股份,1,1.0076411149825784,0.9992692096093894,1.0097340913258757,0.9992692096093894,1.0097340913258757,340438.525,2.4203,1707677.72,,16.700000067113052,0.26400,5,5,0.24000
20260109,20260112,SZSE.002857,002857.SZ,三晖电气,2,1.0072401247019989,0.9999710251237851,1.0090573995965524,0.9999710251237851,1.0090573995965524,117928.812,4.2869,281124.368,,21.52000066704997,0.24200,5,5,0.22000
20260109,20260112,SHSE.600561,600561.SH,江西长运,3,1.0041870529983496,0.9906473500825234,1.007571978727306,0.9906473500825234,1.007571978727306,36795.047,1.9811,186616.7808,,6.560000129962035,0.20900,5,5,0.19000
20260109,20260112,SHSE.601038,601038.SH,一拖股份,4,1.00402420685861,0.9856959471850357,1.0086062717770035,0.9856959471850357,1.0086062717770035,148208.96,1.4219,1600070.8716,,14.240000722677904,0.17600,5,5,0.16000
20260109,20260112,SHSE.603803,603803.SH,瑞斯康达,5,1.002451494590134,0.9768934531450578,1.008841004951403,0.9768934531450578,1.008841004951403,338999.47,6.7307,507310.9671,,11.939999541539823,0.15400,5,5,0.14000
20260112,20260113,SHSE.600561,600561.SH,江西长运,1,1.0067427104346234,0.9987163029525032,1.0087493123051532,0.9987163029525032,1.0087493123051532,29744.626,1.5832,188608.1184,,6.630000131348826,0.26400,5,5,0.24000
20260112,20260113,SZSE.300741,300741.SZ,华宝股份,2,1.0063671373555843,0.9959655235650101,1.0089675408032277,0.9959655235650101,1.0089675408032277,100593.86,0.8495,1188648.4,,19.20329501448842,0.24200,5,5,0.22000
20260112,20260113,SHSE.603818,603818.SH,曲美家居,3,1.0061822849807447,0.9981661470750046,1.0081863194571796,0.9981661470750046,1.0081863194571796,47626.873,1.8724,254707.7702,,3.7100000670899775,0.20900,5,5,0.19000
20260112,20260113,SHSE.600548,600548.SH,深高速,4,1.0061103979460848,0.9966990647350082,1.008463231248854,0.9966990647350082,1.008463231248854,64401.386,0.4249,2253616.2408,,8.879999919626894,0.17600,5,5,0.16000
20260112,20260113,SHSE.600749,600749.SH,西藏旅游,5,1.0060600403447644,0.9996675224646983,1.0076581698147808,0.9996675224646983,1.0076581698147808,111156.91,2.8124,398324.4823,,17.550000524536127,0.15400,5,5,0.14000
20260113,20260114,SZSE.001328,001328.SZ,登康口腔,1,1.0065090341535075,1.0006318398824825,1.0079783327212635,1.0006318398824825,1.0079783327212635,159549.049,9.3019,699025.628,,39.426802976471976,0.26400,5,5,0.24000
20260113,20260114,SHSE.603717,603717.SH,天域生物,2,1.0064972456849064,0.9955930958501653,1.0092232831435917,0.9955930958501653,1.0092232831435917,72217.169,3.1375,228925.3834,,7.889999787293559,0.24200,5,5,0.22000
20260113,20260114,SHSE.600561,600561.SH,江西长运,3,1.0064142489900845,0.9964193903782592,1.0089129636430407,0.9964193903782592,1.0089129636430407,36988.523,1.9556,189461.5488,,6.660000131943164,0.20900,5,5,0.19000
20260113,20260114,SZSE.300500,300500.SZ,启迪设计,4,1.0063882115313993,1.0007769004774145,1.0077910392948954,1.0007769004774145,1.0077910392948954,91642.279,4.41,215728.8376,,12.399999616813489,0.17600,5,5,0.16000
20260113,20260114,SHSE.603958,603958.SH,哈森股份,5,1.0061777451340435,0.9972456849063532,1.0084107601909658,0.9972456849063532,1.0084107601909658,58661.136,1.9895,292187.52,,13.319999298384024,0.15400,5,5,0.14000
20260114,20260115,SZSE.300500,300500.SZ,启迪设计,1,1.0069814243759179,1.0008102055800294,1.00852422907489,1.0008102055800294,1.00852422907489,104887.471,4.9695,221470.0082,,12.729999606615785,0.26400,5,5,0.24000
20260114,20260115,SHSE.603717,603717.SH,天域生物,2,1.0067444933920706,0.9966960352422908,1.0092566079295155,0.9966960352422908,1.0092566079295155,67197.486,2.9449,228054.9446,,7.8599997881023285,0.24200,5,5,0.22000
20260114,20260115,SZSE.002879,002879.SZ,长缆科技,3,1.0062131791483115,1.0006327092511014,1.0076082966226139,1.0006327092511014,1.0076082966226139,300786.137,10.5079,400891.4606,,20.31476951994986,0.20900,5,5,0.19000
20260114,20260115,SZSE.002584,002584.SZ,西陇科学,4,1.00403671071953,0.9843979441997063,1.008946402349486,0.9843979441997063,1.008946402349486,418814.961,9.6234,543666.056,,9.289999717647374,0.17600,5,5,0.16000
20260114,20260115,SHSE.600548,600548.SH,深高速,5,1.0040352422907488,0.987151248164464,1.0082562408223201,0.987151248164464,1.0082562408223201,68801.1,0.4543,2233313.3918,,8.799999920350977,0.15400,5,5,0.14000
20260115,20260116,SZSE.300500,300500.SZ,启迪设计,1,1.006820106402495,1.000778205833792,1.0083305815446708,1.000778205833792,1.0083305815446708,81930.113,3.8582,218686.4103,,12.569999611560124,0.26400,5,5,0.24000
20260115,20260116,SZSE.300266,300266.SZ,兴源环境,2,1.0066556595120162,0.9981654742249129,1.008778205833792,0.9981654742249129,1.008778205833792,67618.952,1.6555,407097.5163,,2.620000098128645,0.24200,5,5,0.22000
20260115,20260116,SZSE.301560,301560.SZ,众捷汽车,3,1.0066409833058154,0.998715831957439,1.0086222711429096,0.998715831957439,1.0086222711429096,40094.942,4.7328,423168.0,,34.70650829485993,0.20900,5,5,0.19000
20260115,20260116,SHSE.603717,603717.SH,天域生物,4,1.0064560631076866,0.9948633278297561,1.0093542469271692,0.9948633278297561,1.0093542469271692,51001.677,2.263,224573.1898,,7.739999791337407,0.17600,5,5,0.16000
20260115,20260116,SZSE.002584,002584.SZ,西陇科学,5,1.0036352962759127,0.9825720051366722,1.0089011190607229,0.9825720051366722,1.0089011190607229,460995.16,10.4735,550688.6531,,9.409999714000193,0.15400,5,5,0.14000
20260116,20260119,SZSE.000990,000990.SZ,诚志股份,1,1.006096076274294,0.9935826916024936,1.0092244224422442,0.9935826916024936,1.0092244224422442,192944.094,1.9711,981911.9283,,8.080000241418936,0.26400,5,5,0.24000
20260116,20260119,SHSE.603839,603839.SH,安正时尚,2,1.0058613861386139,0.9921158782544921,1.0092977631096443,0.9921158782544921,1.0092977631096443,36198.261,1.1525,313172.7725,,8.049999927952342,0.24200,5,5,0.22000
20260116,20260119,SZSE.002745,002745.SZ,木林森,3,1.0047700770077008,0.993949394939494,1.0074752475247526,0.993949394939494,1.0074752475247526,434672.523,4.1979,1457451.4038,,9.819999763159153,0.20900,5,5,0.19000
20260116,20260119,SHSE.603677,603677.SH,奇精机械,4,1.0045823248991566,0.9937660432709937,1.0072863953061972,0.9937660432709937,1.0072863953061972,48619.963,1.3831,352844.7847,,18.0886884195673,0.17600,5,5,0.16000
20260116,20260119,SHSE.600448,600448.SH,华纺股份,5,1.0036186285295199,0.9877154382104877,1.0075944261092777,0.9877154382104877,1.0075944261092777,43106.252,2.1477,200282.6525,,3.1799999167226276,0.15400,5,5,0.14000
20260119,20260120,SZSE.002133,002133.SZ,广宇集团,1,1.0064149560117301,0.998900293255132,1.0082936217008798,0.998900293255132,1.0082936217008798,59082.167,2.2334,267853.8846,,3.4600000255443635,0.26400,5,5,0.24000
20260119,20260120,SZSE.002745,002745.SZ,木林森,2,1.0063152492668623,0.9945014662756598,1.0092686950146628,0.9945014662756598,1.0092686950146628,531123.535,4.9954,1473777.2342,,9.929999760506151,0.24200,5,5,0.22000
20260119,20260120,SZSE.300947,300947.SZ,德必集团,3,1.006299120234604,0.9934017595307918,1.0095234604105572,0.9934017595307918,1.0095234604105572,124692.295,3.96,316935.7485,,20.970000840448897,0.20900,5,5,0.19000
20260119,20260120,SHSE.603717,603717.SH,天域生物,4,1.0062859237536657,0.9959677419354839,1.008865469208211,0.9959677419354839,1.008865469208211,56525.724,2.5301,226023.921,,7.789999789989458,0.17600,5,5,0.16000
20260119,20260120,SHSE.600153,600153.SH,建发股份,5,1.0043826979472141,0.9915689149560117,1.0075861436950146,0.9915689149560117,1.0075861436950146,533842.305,2.0806000232696533,2589287.926,0.15424999594688416,8.745493584067138,0.15400,5,5,0.14000
20260120,20260121,SHSE.600448,600448.SH,华纺股份,1,1.006170298480132,0.9972532503204541,1.0083995605200513,0.9972532503204541,1.0083995605200513,48207.585,2.3508,205321.2098,,3.2599999146275986,0.26400,5,5,0.24000
20260120,20260121,SHSE.603717,603717.SH,天域生物,2,1.0060860648232923,0.9946896172862113,1.0089351767075627,0.9946896172862113,1.0089351767075627,55014.244,2.4542,223412.6048,,7.699999792415767,0.24200,5,5,0.22000
20260120,20260121,SZSE.002890,002890.SZ,弘宇股份,3,1.005683940670207,0.9957883171580296,1.0081578465482512,0.9957883171580296,1.0081578465482512,26042.465,1.0849,251415.2368,,14.800000295923498,0.20900,5,5,0.19000
20260120,20260121,SZSE.002715,002715.SZ,登云股份,4,1.0056795458707197,0.9983519501922725,1.0075114447903315,0.9983519501922725,1.0075114447903315,61913.838,2.7103,227976.0,,16.52000052081652,0.17600,5,5,0.16000
20260120,20260121,SZSE.002745,002745.SZ,木林森,5,1.005587255081487,0.9915766343160594,1.009089910272844,0.9915766343160594,1.009089910272844,364221.684,3.4721,1469324.735,,9.899999761229697,0.15400,5,5,0.14000
20260121,20260122,SZSE.301399,301399.SZ,英特科技,1,1.0068473346766809,1.0002670818831287,1.0084923978750688,1.0002670818831287,1.0084923978750688,70581.69,6.3184,380031.08,,20.43840492107628,0.26400,5,5,0.24000
20260121,20260122,SZSE.002876,002876.SZ,三利谱,2,1.0065512731269464,1.000816449899249,1.0079849789338706,1.000816449899249,1.0079849789338706,153922.378,3.7321,481487.3767,,27.586914742619964,0.24200,5,5,0.22000
20260121,20260122,SHSE.600448,600448.SH,华纺股份,3,1.0060626488367834,0.9961531416010259,1.0085400256457226,0.9961531416010259,1.0085400256457226,45340.515,2.2061,206580.8491,,3.2799999141038416,0.20900,5,5,0.19000
20260121,20260122,SHSE.600881,600881.SH,亚泰集团,4,1.0023535446052392,0.9849789338706723,1.0066971972888807,0.9849789338706723,1.0066971972888807,75813.354,1.2775,591483.6308,,1.8299999598034695,0.17600,5,5,0.16000
20260121,20260122,SHSE.600221,600221.SH,海航控股,5,1.002198204799414,0.9836966477376808,1.0068235940648471,0.9836966477376808,1.0068235940648471,459252.596,0.6291,7346657.531,,1.7000000202024466,0.15400,5,5,0.14000
20260122,20260123,SHSE.603409,603409.SH,汇通控股,1,1.0075268265885369,0.9981688335469694,1.0098663248489288,0.9981688335469694,1.0098663248489288,51122.27,4.2834,477653.7,,37.90000143921542,0.26400,5,5,0.24000
20260122,20260123,SZSE.301268,301268.SZ,铭利达,2,1.0070287676249772,0.9997364035890862,1.0088518586339499,0.9997364035890862,1.0088518586339499,69169.398,1.0051,806399.3163,,20.13999953153657,0.24200,5,5,0.22000
20260122,20260123,SHSE.600518,600518.SH,康美药业,3,1.004683391320271,0.9934078007690899,1.0075022889580663,0.9934078007690899,1.0075022889580663,293371.915,1.1001,2668977.0612,,1.9300000514497384,0.20900,5,5,0.19000
20260122,20260123,SZSE.300812,300812.SZ,易天股份,4,1.0045119941402674,0.9904779344442409,1.008020509064274,0.9904779344442409,1.008020509064274,262699.411,9.5748,414067.6977,,21.08235005054544,0.17600,5,5,0.16000
20260122,20260123,SHSE.601916,601916.SH,浙商银行,5,1.0020054934993592,0.980955868888482,1.0072678996520785,0.980955868888482,1.0072678996520785,302419.428,0.47290000319480896,8129532.245,0.02250000089406967,2.959999988794567,0.15400,5,5,0.14000
20260123,20260126,SZSE.002626,002626.SZ,金达威,1,1.0068663493225924,0.9970706700842182,1.009315269132186,0.9970706700842182,1.009315269132186,253818.522,2.0379,1246096.7372,,19.866302338763788,0.26400,5,5,0.24000
20260123,20260126,SZSE.300647,300647.SZ,超频三,2,1.0067692054192603,1.0005102526547052,1.008333943610399,1.0005102526547052,1.008333943610399,214038.921,6.2557,343905.41,,7.51999985294349,0.24200,5,5,0.22000
20260123,20260126,SZSE.301456,301456.SZ,盘古智能,3,1.0064232515562068,1.0002671182716953,1.0079622848773344,1.0002671182716953,1.0079622848773344,80983.949,4.1583,484893.2755,,31.98066364230598,0.20900,5,5,0.19000
20260123,20260126,SZSE.300607,300607.SZ,拓斯达,4,1.0063149395825706,1.0004505675576711,1.0077810325887953,1.0004505675576711,1.0077810325887953,582318.618,5.2637,1595472.7181,,33.41712308425639,0.17600,5,5,0.16000
20260123,20260126,SHSE.600448,600448.SH,华纺股份,5,1.005665324057122,0.9952398388868546,1.0082716953496889,0.9952398388868546,1.0082716953496889,52143.397,2.4698,212249.2261,,3.3699999117469353,0.15400,5,5,0.14000
20260126,20260127,SZSE.300991,300991.SZ,创益通,1,1.0071676131159555,0.9976186114673017,1.0095548635281189,0.9976186114673017,1.0095548635281189,141838.811,3.8183,576288.0,,40.01999902839023,0.26400,5,5,0.24000
20260126,20260127,SHSE.603717,603717.SH,天域生物,2,1.007016669719729,0.9989008976002931,1.009045612749588,0.9989008976002931,1.009045612749588,64705.106,2.8705,225153.4822,,7.759999790798227,0.24200,5,5,0.22000
20260126,20260127,SZSE.002537,002537.SZ,海联金汇,3,1.0056581791536912,0.9968858765341637,1.007851254808573,0.9968858765341637,1.007851254808573,470781.939,4.5995,1016698.5012,,8.660000014388187,0.20900,5,5,0.19000
20260126,20260127,SHSE.601916,601916.SH,浙商银行,4,1.0056479208646272,0.9963363253343103,1.0079758197472064,0.9963363253343103,1.0079758197472064,355461.373,0.5593000054359436,8074602.9731,0.023000000044703484,2.9400000082015154,0.17600,5,5,0.16000
20260126,20260127,SZSE.301260,301260.SZ,格力博,5,1.0049210478109545,0.9923062832020516,1.0080747389631801,0.9923062832020516,1.0080747389631801,86610.85,2.4476,834168.2809,,17.290000361673616,0.15400,5,5,0.14000
20260127,20260128,SHSE.600178,600178.SH,东安动力,1,1.0072496794284669,0.9987177138670086,1.0093826708188314,0.9987177138670086,1.0093826708188314,88675.613,1.5156,591491.7721,,12.680000562446063,0.26400,5,5,0.24000
20260127,20260128,SHSE.603717,603717.SH,天域生物,2,1.006714782927276,0.9981681626671551,1.0088514379923064,0.9981681626671551,1.0088514379923064,59419.908,2.7059,221961.8736,,7.649999793763716,0.24200,5,5,0.22000
20260127,20260128,SHSE.601026,601026.SH,道生天合,3,1.006608463088478,1.0004502656164134,1.0081480124564939,1.0004502656164134,1.0081480124564939,159329.47,7.2812,1359023.4,,20.610000733607862,0.20900,5,5,0.19000
20260127,20260128,SZSE.001336,001336.SZ,楚环科技,4,1.0064788422788058,0.9985345301337242,1.0084649203150762,0.9985345301337242,1.0084649203150762,66426.209,5.3687,216204.715,,26.899999818415605,0.17600,5,5,0.16000
20260127,20260128,SZSE.002035,002035.SZ,华帝股份,5,1.0062135922330098,0.9939549368016121,1.009278256090859,0.9939549368016121,1.009278256090859,56876.018,1.1636,528935.8576,,6.13934928392475,0.15400,5,5,0.14000
20260128,20260129,SHSE.605007,605007.SH,五洲特纸,1,1.0076443223443223,0.9998186813186813,1.0096007326007326,0.9998186813186813,1.0096007326007326,174283.418,3.122,660788.9742,,13.731496856881686,0.26400,5,5,0.24000
20260128,20260129,SZSE.301265,301265.SZ,华新科技,2,1.0072600732600734,0.9974358974358974,1.0097161172161173,0.9974358974358974,1.0097161172161173,357195.87,13.9696,465063.8344,,15.350000461994124,0.24200,5,5,0.22000
20260128,20260129,SHSE.603418,603418.SH,友升股份,3,1.0069567765567764,0.9987179487179487,1.0090164835164834,0.9987179487179487,1.0090164835164834,76787.317,3.2586,1123079.1387,,57.27084769124741,0.20900,5,5,0.19000
20260128,20260129,SHSE.603085,603085.SH,天成自控,4,1.0069391941391943,0.997985347985348,1.0091776556776557,0.997985347985348,1.0091776556776557,131821.174,2.7857,469372.2,,11.819999537629135,0.17600,5,5,0.16000
20260128,20260129,SHSE.603116,603116.SH,红蜻蜓,5,1.0063575091575092,0.9972527472527473,1.0086336996336995,0.9972527472527473,1.0086336996336995,48076.086,1.2907,368192.3112,,6.187402591095799,0.15400,5,5,0.14000
20260129,20260130,SHSE.603418,603418.SH,友升股份,1,1.0074702801684674,0.9998198132210219,1.0093828969053287,0.9998198132210219,1.0093828969053287,77623.29,3.3191,1110143.553,,56.611204095697545,0.26400,5,5,0.24000
20260129,20260130,SZSE.000919,000919.SZ,金陵药业,2,1.0063929683208204,0.9957883171580296,1.009044131111518,0.9957883171580296,1.009044131111518,78931.387,1.6654,473284.5658,,7.609999911205758,0.24200,5,5,0.22000
20260129,20260130,SZSE.301265,301265.SZ,华新科技,3,1.0060355246291888,0.9921259842519685,1.0095129097234938,0.9921259842519685,1.0095129097234938,377718.882,14.4587,467790.593,,15.440000464702884,0.20900,5,5,0.19000
20260129,20260130,SHSE.688678,688678.SH,福立旺,4,1.0049031312946348,0.9879143014099981,1.0091503387657939,0.9879143014099981,1.0091503387657939,638477.401,9.3158,677079.5356,,17.709458737475114,0.17600,5,5,0.16000
20260129,20260130,SZSE.002012,002012.SZ,凯恩股份,5,1.0044548617469327,0.9866324848928768,1.0089104559604467,0.9866324848928768,1.0089104559604467,270114.265,9.1089,293201.1697,,6.255457791634188,0.15400,5,5,0.14000
20260130,20260202,SZSE.002012,002012.SZ,凯恩股份,1,1.007785934065934,0.9997794871794872,1.0097875457875458,0.9997794871794872,1.0097875457875458,288316.712,9.6434,301150.8027,,6.425063505282963,0.26400,5,5,0.24000
20260130,20260202,SHSE.600648,600648.SH,外高桥,2,1.0066564102564102,0.9957875457875458,1.0093736263736264,0.9957875457875458,1.0093736263736264,48359.908,0.3996,1440147.0389,,10.590000365426897,0.24200,5,5,0.22000
20260130,20260202,SZSE.002761,002761.SZ,浙江建投,3,1.0054080586080587,0.9915750915750916,1.0088663003663003,0.9915750915750916,1.0088663003663003,100660.086,1.0781,1143363.8542,,8.630000230876131,0.20900,5,5,0.19000
20260130,20260202,SZSE.002311,002311.SZ,海大集团,4,1.0044923076923078,0.9924908424908425,1.007492673992674,0.9924908424908425,1.007492673992674,517921.074,0.5971999764442444,8569976.0955,1.2630000114440918,51.50999976257966,0.17600,5,5,0.16000
20260130,20260202,SZSE.002632,002632.SZ,道明光学,5,1.0009655677655678,0.9703296703296703,1.0086245421245421,0.9703296703296703,1.0086245421245421,377530.286,5.2563,768256.8807,,12.120610662674958,0.15400,5,5,0.14000
20260202,20260203,SZSE.002333,002333.SZ,罗普斯金,1,1.0074094837056025,1.0003355913584768,1.0091779567923838,1.0003355913584768,1.0091779567923838,62403.775,1.5716,404954.88,,5.987854704969271,0.26400,5,5,0.24000
20260202,20260203,SHSE.688137,688137.SH,近岸蛋白,2,1.0064603808128891,0.9996728304650311,1.0081572683998534,0.9996728304650311,1.0081572683998534,55332.622,3.9257,295859.6508,,42.159998769975694,0.24200,5,5,0.22000
20260202,20260203,SHSE.688229,688229.SH,博睿数据,3,1.0060300256316368,0.9952398388868546,1.0087275723178324,0.9952398388868546,1.0087275723178324,149037.09,4.8921,294904.8,,66.41999768409805,0.20900,5,5,0.19000
20260202,20260203,SHSE.601398,601398.SH,工商银行,4,1.0041581838154523,0.990845844013182,1.0074862687660198,0.990845844013182,1.0074862687660198,3969793.2,0.20069999992847443,260889380.1891,0.12020000070333481,7.153519353420091,0.17600,5,5,0.16000
20260202,20260203,SZSE.002012,002012.SZ,凯恩股份,5,1.0032574148663493,0.9851702673013548,1.007779201757598,0.9851702673013548,1.007779201757598,149692.505,5.0327,293668.7952,,6.265434598319412,0.15400,5,5,0.14000
20260203,20260204,SZSE.301387,301387.SZ,光大同创,1,1.0077115138202455,0.9989017023613399,1.0099139666849717,0.9989017023613399,1.0099139666849717,140034.765,5.4393,646994.8034,,60.61000119394578,0.26400,5,5,0.24000
20260203,20260204,SHSE.605577,605577.SH,龙版传媒,2,1.0063451583379097,1.0005487827201172,1.0077942522423577,1.0005487827201172,1.0077942522423577,50561.312,0.8113,623555.5563,,14.029999506500012,0.24200,5,5,0.22000
20260203,20260204,SHSE.603676,603676.SH,卫信康,3,1.0060801757276223,0.9987186527548966,1.0079205564708036,0.9987186527548966,1.0079205564708036,17960.799,0.3691,497389.5945,,11.429999704490232,0.20900,5,5,0.19000
20260203,20260204,SZSE.001324,001324.SZ,长青科技,4,1.0054914881933006,0.994691561413143,1.0081914698883399,0.994691561413143,1.0081914698883399,51417.377,3.2648,266478.0,,19.238405556129308,0.17600,5,5,0.16000
20260203,20260204,SHSE.600771,600771.SH,广誉远,5,1.0052718286655684,0.996339007871133,1.0075050338641771,0.996339007871133,1.0075050338641771,115730.187,1.3284,874231.1778,,17.86000023789858,0.15400,5,5,0.14000
20260204,20260205,SZSE.300048,300048.SZ,合康新能,1,1.008044757548033,1.0009996340347667,1.0098060384263494,1.0009996340347667,1.0098060384263494,336508.836,4.1411,816887.2865,,7.240000212474831,0.26400,5,5,0.24000
20260204,20260205,SHSE.603707,603707.SH,健友股份,2,1.0071446843549863,1.0001516010978957,1.008892955169259,1.0001516010978957,1.008892955169259,130895.19,0.8450999855995178,1551009.8458,0.19449999928474426,9.478357607981183,0.24200,5,5,0.22000
20260204,20260205,SZSE.300161,300161.SZ,华中数控,3,1.0071246111619396,0.9974382433668801,1.0095462031107045,0.9974382433668801,1.0095462031107045,82639.358,1.3249,635234.0085,,31.970001069650362,0.20900,5,5,0.19000
20260204,20260205,SZSE.301199,301199.SZ,迈赫股份,4,1.0064380603842635,0.9954254345837146,1.0091912168344006,0.9954254345837146,1.0091912168344006,33220.102,1.8948,456236.144,,24.439999780192466,0.17600,5,5,0.16000
20260204,20260205,SHSE.600935,600935.SH,华塑股份,5,1.0064292772186643,0.9963403476669717,1.0089515096065873,0.9963403476669717,1.0089515096065873,98943.943,1.0217,1006526.6557,,2.8000000624628787,0.15400,5,5,0.14000
20260205,20260206,SZSE.002032,002032.SZ,苏泊尔,1,1.006651207906296,1.0000203147877014,1.0083089311859443,1.0000203147877014,1.0083089311859443,152675.117,0.420199990272522,3642179.9865,0.674239993095398,43.07015699389539,0.26400,5,5,0.24000
20260205,20260206,SHSE.600935,600935.SH,华塑股份,2,1.0064524158125916,0.9952415812591509,1.0092551244509518,0.9952415812591509,1.0092551244509518,70755.316,0.7258,999337.1796,,2.7800000620167156,0.24200,5,5,0.22000
20260205,20260206,SHSE.603477,603477.SH,巨星农牧,3,1.0057174231332358,0.9908491947291361,1.0094344802342605,0.9908491947291361,1.0094344802342605,156807.068,1.7303,904864.9091,,17.74000007170793,0.20900,5,5,0.19000
20260205,20260206,SHSE.601328,601328.SH,交通银行,4,1.0056632503660323,0.9981698389458272,1.0075366032210835,0.9981698389458272,1.0075366032210835,1166679.85,0.6643999814987183,59733918.1347,0.1185000017285347,6.759999947441192,0.17600,5,5,0.16000
20260205,20260206,SZSE.301387,301387.SZ,光大同创,5,1.0037752562225477,0.9828879941434846,1.0089970717423133,0.9828879941434846,1.0089970717423133,88508.525,3.6235,611661.4789,,57.30000112874266,0.15400,5,5,0.14000
20260206,20260209,SZSE.002382,002382.SZ,蓝帆医疗,1,1.0073601756954613,0.9985358711566618,1.0095662518301611,0.9985358711566618,1.0095662518301611,51477.981,0.8629,601261.4194,,5.969999964181989,0.26400,5,5,0.24000
20260206,20260209,SZSE.301281,301281.SZ,科源制药,2,1.007134699853587,0.9968887262079063,1.0096961932650073,0.9968887262079063,1.0096961932650073,105167.101,4.5539,363854.4,,33.59999946995116,0.24200,5,5,0.22000
20260206,20260209,SZSE.300949,300949.SZ,奥雅股份,3,1.0066939970717423,1.000095168374817,1.0083437042459735,1.000095168374817,1.0083437042459735,44099.903,2.9605,260340.0,,29.928265967719685,0.20900,5,5,0.19000
20260206,20260209,SHSE.603477,603477.SH,巨星农牧,4,1.0066266471449488,0.9959736456808199,1.009289897510981,0.9959736456808199,1.009289897510981,163534.887,1.7945,909965.6132,,17.840000072112144,0.17600,5,5,0.16000
20260206,20260209,SHSE.605178,605178.SH,时空科技,5,1.005610541727672,0.9965226939970717,1.007882503660322,0.9965226939970717,1.007882503660322,179477.615,2.671,666511.16,,67.26999863017072,0.15400,5,5,0.14000
20260209,20260210,SZSE.301281,301281.SZ,科源制药,1,1.00813351638294,1.000693208859601,1.0099935932637745,1.000693208859601,1.0099935932637745,78892.606,3.3988,364720.72,,33.67999946868913,0.26400,5,5,0.24000
20260209,20260210,SZSE.301049,301049.SZ,超越科技,2,1.0073725059491123,1.0000768808347062,1.0091964122277137,1.0000768808347062,1.0091964122277137,45058.082,4.1848,237141.3883,,25.160000925601768,0.24200,5,5,0.22000
20260209,20260210,SZSE.300905,300905.SZ,宝丽迪,3,1.0070950027457442,0.9979864543291231,1.0093721398498994,0.9979864543291231,1.0093721398498994,85854.941,1.6768,659212.3572,,36.68305820506559,0.20900,5,5,0.19000
20260209,20260210,SZSE.301198,301198.SZ,喜悦智行,4,1.0068489840746842,0.9956068094453597,1.0096595277320153,0.9956068094453597,1.0096595277320153,48838.624,2.1481,248092.0,,14.680000040114438,0.17600,5,5,0.16000
20260209,20260210,SZSE.002382,002382.SZ,蓝帆医疗,5,1.0067948013911772,0.9959729086582464,1.0095002745744097,0.9959729086582464,1.0095002745744097,56912.202,0.9459,606297.1097,,6.019999963882005,0.15400,5,5,0.14000
20260210,20260211,SZSE.301198,301198.SZ,喜悦智行,1,1.0080507681053403,1.0004440380395025,1.0099524506217996,1.0004440380395025,1.0099524506217996,33534.177,1.4674,246909.0,,14.610000039923156,0.26400,5,5,0.24000
20260210,20260211,SZSE.301103,301103.SZ,何氏眼科,2,1.0076620885149965,1.0005416057059253,1.0094422092172641,1.0005416057059253,1.0094422092172641,22114.568,0.6427,342601.3891,,21.490930516951067,0.24200,5,5,0.22000
20260210,20260211,SZSE.301049,301049.SZ,超越科技,3,1.007508412582297,0.9985369422092173,1.0097512801755668,0.9985369422092173,1.0097512801755668,47947.887,4.4662,235444.8283,,24.98000091897982,0.20900,5,5,0.19000
20260210,20260211,SZSE.002382,002382.SZ,蓝帆医疗,4,1.007454279444038,0.9989027066569129,1.0095921726408192,0.9989027066569129,1.0095921726408192,36282.474,0.6053,602268.5575,,5.979999964121993,0.17600,5,5,0.16000
20260210,20260211,SHSE.600101,600101.SH,明星电力,5,1.0065340160936356,0.9963423555230432,1.0090819312362838,0.9963423555230432,1.0090819312362838,117174.347,2.1185,552793.2332,,10.050279582813234,0.15400,5,5,0.14000
20260211,20260212,SZSE.301102,301102.SZ,兆讯传媒,1,1.008063032741906,1.000322480336565,1.0099981708432413,1.000322480336565,1.0099981708432413,178292.376,3.4159,516838.0,,12.730000158164312,0.26400,5,5,0.24000
20260211,20260212,SZSE.002382,002382.SZ,蓝帆医疗,2,1.0075406255716115,0.9994005853301627,1.0095756356319736,0.9994005853301627,1.0095756356319736,45469.411,0.7673,596225.7292,,5.919999964481972,0.24200,5,5,0.22000
20260211,20260212,SZSE.301103,301103.SZ,何氏眼科,3,1.0071176513627218,1.0000074995427108,1.0088951893177245,1.0000074995427108,1.0088951893177245,27636.451,0.8089,340389.0185,,21.35215144534714,0.20900,5,5,0.19000
20260211,20260212,SZSE.300387,300387.SZ,富邦科技,4,1.0069668922626671,0.998719590268886,1.0090287177611121,0.998719590268886,1.0090287177611121,57778.78,2.1347,269690.1978,,9.257848195609442,0.17600,5,5,0.16000
20260211,20260212,SZSE.301049,301049.SZ,超越科技,5,1.006498628132431,0.9959758551307847,1.0091293213828425,0.9959758551307847,1.0091293213828425,27052.437,2.5155,236670.1217,,25.11000092376234,0.15400,5,5,0.14000
20260212,20260213,SHSE.688663,688663.SH,新风光,1,1.0081082404531336,1.0005558194774347,1.0099963456970582,1.0005558194774347,1.0099963456970582,217177.978,2.6785,806405.22,,57.000002814728084,0.26400,5,5,0.24000
20260212,20260213,SHSE.688690,688690.SH,纳微科技,2,1.0075238077836655,0.9992780924538643,1.0095852366161155,0.9992780924538643,1.0095852366161155,74139.668,0.6588,1125431.7501,,27.80109707949848,0.24200,5,5,0.22000
20260212,20260213,SHSE.688156,688156.SH,路德科技,3,1.0073568426822583,0.9979901333820573,1.0096985200073085,0.9979901333820573,1.0096985200073085,20238.772,1.0244,198406.8893,,19.70000048732278,0.20900,5,5,0.19000
20260212,20260213,SZSE.301102,301102.SZ,兆讯传媒,4,1.0071565868810526,0.9983555636762288,1.0093568426822583,0.9983555636762288,1.0093568426822583,125204.311,2.4725,507906.0,,12.510000155430914,0.17600,5,5,0.16000
20260212,20260213,SZSE.002382,002382.SZ,蓝帆医疗,5,1.0067458432304037,0.9978074182349717,1.0089804494792618,0.9978074182349717,1.0089804494792618,49824.125,0.8535,585147.2105,,5.809999965141936,0.15400,5,5,0.14000
20260213,20260224,SHSE.688663,688663.SH,新风光,1,1.0079075488941693,1.0004516541765673,1.0097715225735697,1.0004516541765673,1.0097715225735697,129590.197,1.6111,798907.0662,,56.470002788556044,0.26400,5,5,0.24000
20260213,20260224,SZSE.301102,301102.SZ,兆讯传媒,2,1.0075999268872236,1.0009972582708828,1.0092505940413088,1.0009972582708828,1.0092505940413088,96294.259,1.9144,499380.0,,12.300000152821765,0.24200,5,5,0.22000
20260213,20260224,SHSE.688156,688156.SH,路德科技,3,1.0075086821422043,0.9979893986474137,1.009888503015902,0.9979893986474137,1.009888503015902,21362.36,1.0818,196594.0345,,19.52000048287008,0.20900,5,5,0.19000
20260213,20260224,SZSE.301103,301103.SZ,何氏眼科,4,1.0067190641564614,0.9989033083531347,1.008673003107293,0.9989033083531347,1.008673003107293,30174.422,0.8863,338966.7803,,21.262936327887473,0.17600,5,5,0.16000
20260213,20260224,SZSE.300966,300966.SZ,共同药业,5,1.0065224639005665,1.0000844452568087,1.008131968561506,1.0000844452568087,1.008131968561506,22228.294,1.351,246355.7385,,21.37000089137265,0.15400,5,5,0.14000
20260224,20260225,SHSE.605077,605077.SH,华康股份,1,1.007536951754386,1.00081341374269,1.0092178362573099,1.00081341374269,1.0092178362573099,38307.447,0.7928,490940.8915,,16.19999940272185,0.26400,5,5,0.24000
20260224,20260225,SHSE.600780,600780.SH,通宝能源,2,1.0072480263157895,1.0000047514619883,1.0090588450292397,1.0000047514619883,1.0090588450292397,113183.755,1.5973,711978.0668,,6.209999855547181,0.24200,5,5,0.22000
20260224,20260225,SZSE.301103,301103.SZ,何氏眼科,3,1.007067543859649,1.0005935672514619,1.0086860380116958,1.0005935672514619,1.0086860380116958,44055.721,1.2891,341969.2832,,21.45127935363566,0.20900,5,5,0.19000
20260224,20260225,SZSE.300614,300614.SZ,百川畅银,4,1.0063786549707603,0.9968932748538012,1.00875,0.9968932748538012,1.00875,48390.915,1.9913,242586.3066,,15.12000031628138,0.17600,5,5,0.16000
20260224,20260225,SZSE.301102,301102.SZ,兆讯传媒,5,1.0061564327485382,0.9939692982456141,1.009203216374269,0.9939692982456141,1.009203216374269,76954.001,1.5726,491666.0,,12.1100001504611,0.15400,5,5,0.14000
20260225,20260226,SHSE.603176,603176.SH,汇通集团,1,1.007591662095447,1.0008912049734868,1.009266776375937,1.0008912049734868,1.009266776375937,27731.326,1.0201,278488.9136,,5.847906548553293,0.26400,5,5,0.24000
20260225,20260226,SHSE.688737,688737.SH,中自科技,2,1.0074551106235143,0.9977143901993052,1.0098902907295666,0.9977143901993052,1.0098902907295666,80697.965,2.3849,338487.125,,28.31000078562052,0.24200,5,5,0.22000
20260225,20260226,SZSE.301103,301103.SZ,何氏眼科,3,1.0072905467178643,0.9989029072956664,1.0093874565734138,0.9989029072956664,1.0093874565734138,31729.113,0.9199,343075.4685,,21.520668889437626,0.20900,5,5,0.19000
20260225,20260226,SHSE.688576,688576.SH,西山科技,4,1.0072554397513258,0.9974401170232218,1.0097092704333517,0.9974401170232218,1.0097092704333517,28684.471,1.6478,365820.4824,,80.40000433018493,0.17600,5,5,0.16000
20260225,20260226,SHSE.688211,688211.SH,中科微至,5,1.0066359480709455,0.9999963430243188,1.008295849332602,0.9999963430243188,1.008295849332602,14569.038,0.3291,441283.9644,,33.52999848029039,0.15400,5,5,0.14000
20260226,20260227,SZSE.300592,300592.SZ,华凯易佰,1,1.0080399707441945,1.0004485280672883,1.009937831413421,1.0004485280672883,1.009937831413421,107704.123,2.2018,566914.7795,,14.0199999076303,0.26400,5,5,0.24000
20260226,20260227,SZSE.300962,300962.SZ,中金辐照,2,1.0078262936551472,1.000799049186323,1.0095831047723531,1.000799049186323,1.0095831047723531,53070.625,1.1465,462795.3254,,17.529999030167833,0.24200,5,5,0.22000
20260226,20260227,SZSE.300864,300864.SZ,南大环境,3,1.0074852441031268,0.9998178826110806,1.0094020844761382,0.9998178826110806,1.0094020844761382,111706.631,3.0653,370616.373,,22.62307171811531,0.20900,5,5,0.19000
20260226,20260227,SZSE.000722,000722.SZ,湖南发展,4,1.0073602121045895,1.0006335710367527,1.0090418723715486,1.0006335710367527,1.0090418723715486,163965.629,2.6817,612224.774,,13.144238316028755,0.17600,5,5,0.16000
20260226,20260227,SZSE.301103,301103.SZ,何氏眼科,5,1.0065737794843665,0.9983543609434997,1.0086286341195831,0.9983543609434997,1.0086286341195831,27132.676,0.7924,342127.3097,,21.461192144464512,0.15400,5,5,0.14000
20260227,20260302,SHSE.688576,688576.SH,西山科技,1,1.008193198025233,1.0009952459316145,1.0099926860486377,1.0009952459316145,1.0099926860486377,93240.563,5.1932,379561.5005,,83.42000449283616,0.26400,5,5,0.24000
20260227,20260302,SHSE.603176,603176.SH,汇通集团,2,1.0073827025050284,0.9987200585116109,1.0095483635033826,0.9987200585116109,1.0095483635033826,17759.195,0.6636,276112.7284,,5.798009734999083,0.24200,5,5,0.22000
20260227,20260302,SHSE.603276,603276.SH,恒兴新材,3,1.0071881513987935,0.9985372097275553,1.0093508868166028,0.9985372097275553,1.0093508868166028,29708.64,2.1104,388096.9099,,18.513480210159504,0.20900,5,5,0.19000
20260227,20260302,SZSE.300864,300864.SZ,南大环境,4,1.0071118303163284,1.0002620223075516,1.0088242823185225,1.0002620223075516,1.0088242823185225,91243.358,2.4841,367300.2487,,22.420649687403586,0.17600,5,5,0.16000
20260227,20260302,SHSE.688211,688211.SH,中科微至,5,1.00674346315597,0.997805814591333,1.0089778752971292,0.997805814591333,1.0089778752971292,21004.854,0.4775,442731.6601,,33.63999847530476,0.15400,5,5,0.14000
20260302,20260303,SHSE.688211,688211.SH,中科微至,1,1.0079448975859546,0.9999439465983906,1.0099451353328457,0.9999439465983906,1.0099451353328457,32834.935,0.7425,439046.6165,,33.35999848799545,0.26400,5,5,0.24000
20260302,20260303,SHSE.603176,603176.SH,汇通集团,2,1.0070899780541334,0.9967081199707388,1.0096854425749817,0.9967081199707388,1.0096854425749817,33569.812,1.2852,267083.2243,,5.608401843493089,0.24200,5,5,0.22000
20260302,20260303,SHSE.688299,688299.SH,长阳科技,3,1.0070278346744699,1.000998719824433,1.0085351133869789,1.000998719824433,1.0085351133869789,202447.846,3.4392,580246.253,,20.190000958973542,0.20900,5,5,0.19000
20260302,20260303,SHSE.603276,603276.SH,恒兴新材,4,1.0066422823701537,0.9972567666422824,1.0089886613021215,0.9972567666422824,1.0089886613021215,55826.332,4.0508,376676.1876,,17.96867474651115,0.17600,5,5,0.16000
20260302,20260303,SZSE.000068,000068.SZ,华控赛格,5,1.0064386978785662,1.0003573518653985,1.007959034381858,1.0003573518653985,1.007959034381858,72941.826,2.0659,350321.6695,,3.479999956331755,0.15400,5,5,0.14000
20260303,20260304,SZSE.301293,301293.SZ,三博脑科,1,1.0079021937842778,1.0009954296160877,1.0096288848263253,1.0009954296160877,1.0096288848263253,1147827.039,9.7748,1456327.9981,,70.70000238461652,0.26400,5,5,0.24000
20260303,20260304,SHSE.600783,600783.SH,鲁信创投,2,1.0072844606946985,1.0000859232175503,1.0090840950639854,1.0000859232175503,1.0090840950639854,662631.164,3.975,1629402.4946,,21.889999286795483,0.24200,5,5,0.22000
20260303,20260304,SHSE.603421,603421.SH,鼎信通讯,3,1.007067861060329,1.000509323583181,1.008707495429616,1.000509323583181,1.008707495429616,226484.57,4.3577,508056.4081,,7.7899998506957395,0.20900,5,5,0.19000
20260303,20260304,SZSE.300635,300635.SZ,中达安,4,1.0065769652650824,0.9957952468007313,1.0092723948811702,0.9957952468007313,1.0092723948811702,82265.437,5.0655,184398.438,,13.169999928636985,0.17600,5,5,0.16000
20260303,20260304,SZSE.301231,301231.SZ,荣信文化,5,1.006237659963437,0.9985374771480804,1.0081627056672762,0.9985374771480804,1.0081627056672762,247606.298,12.9121,293121.2,,34.72999894749207,0.15400,5,5,0.14000
20260304,20260305,SHSE.688768,688768.SH,容知日新,1,1.0080536549707604,1.000999269005848,1.0098172514619883,1.000999269005848,1.0098172514619883,231389.805,5.4717,422785.766,,47.7591908359973,0.26400,5,5,0.24000
20260304,20260305,SZSE.002031,002031.SZ,巨轮智能,2,1.0074420321637425,1.000265716374269,1.009236111111111,1.000265716374269,1.009236111111111,515254.043,3.7106,1596761.2564,,7.260000029817323,0.24200,5,5,0.22000
20260304,20260305,SHSE.601111,601111.SH,中国国航,3,1.0068450292397662,0.998172514619883,1.0090131578947368,0.998172514619883,1.0090131578947368,1022045.608,1.1151000261306763,13592319.959,0.30799999833106995,7.789999832086688,0.20900,5,5,0.19000
20260304,20260305,SHSE.603387,603387.SH,基蛋生物,4,1.0068304093567253,0.9987207602339181,1.0088578216374269,0.9987207602339181,1.0088578216374269,71337.19,1.7166,414344.4234,,8.169999818562886,0.17600,5,5,0.16000
20260304,20260305,SZSE.300445,300445.SZ,康斯特,5,1.0068218567251463,1.0000815058479533,1.0085069444444443,1.0000815058479533,1.0085069444444443,111512.636,3.7462,439092.8369,,20.58486021283235,0.15400,5,5,0.14000
20260305,20260306,SZSE.002313,002313.SZ,日海智能,1,1.0070671903544026,1.000633723054439,1.0086755571793935,1.000633723054439,1.0086755571793935,112884.441,3.2111,348940.8,,9.320000377237488,0.26400,5,5,0.24000
20260305,20260306,SZSE.002508,002508.SZ,老板电器,2,1.0065999269272927,0.9965290464011691,1.0091176470588237,0.9965290464011691,1.0091176470588237,191739.628,1.0273000001907349,1890822.7709,0.6064800024032593,19.432594214206137,0.24200,5,5,0.22000
20260305,20260306,SHSE.603073,603073.SH,彩蝶实业,3,1.0065467665327001,1.0008156740957252,1.0079795396419438,1.0008156740957252,1.0079795396419438,45840.373,4.4602,232000.0,,20.00000052008749,0.20900,5,5,0.19000
20260305,20260306,SZSE.002653,002653.SZ,海思科,5,1.0057055169894045,0.9963463646328097,1.0080453050785532,0.9963463646328097,1.0080453050785532,201435.398,0.9471,4944437.8376,,43.922648276830444,0.15400,5,5,0.14000
20260306,20260309,SZSE.000533,000533.SZ,顺钠股份,1,1.0081632511415526,1.0008162557077627,1.01,1.0008162557077627,1.01,148069.213,1.4529,1027934.208,,14.87999932126095,0.26400,5,5,0.24000
20260306,20260309,SHSE.688373,688373.SH,盟科药业,2,1.0074380639269407,1.000996712328767,1.009048401826484,1.000996712328767,1.009048401826484,92048.26,2.5835,388487.201,,5.92,0.24200,5,5,0.22000
20260306,20260309,SHSE.603137,603137.SH,恒尚节能,3,1.0070911415525114,0.9981735159817352,1.0093205479452054,0.9981735159817352,1.0093205479452054,39024.263,3.7313,261594.6676,,14.30000009553445,0.20900,5,5,0.19000
20260306,20260309,SHSE.605288,605288.SH,凯迪股份,5,1.0056255707762558,0.9937899543378995,1.0085844748858448,0.9937899543378995,1.0085844748858448,110537.421,1.324,832881.4464,,83.55058759412184,0.15400,5,5,0.14000
20260309,20260310,SHSE.601021,601021.SH,春秋航空,1,1.0075367037780618,1.000778974265377,1.009226136156233,1.000778974265377,1.009226136156233,1259663.676,2.71370005607605,4656867.0935,1.7339999675750732,47.600000565658384,0.26400,5,5,0.24000
20260309,20260310,SHSE.688373,688373.SH,盟科药业,2,1.007318926811462,1.0009968972440226,1.0088994342033217,1.0009968972440226,1.0088994342033217,64887.612,1.8297,387830.9726,,5.91,0.24200,5,5,0.22000
20260309,20260310,SHSE.605288,605288.SH,凯迪股份,3,1.0066332177404638,1.0006346048549006,1.0081328709618544,1.0006346048549006,1.0081328709618544,115117.995,1.4381,808852.6223,,81.14013364571272,0.20900,5,5,0.19000
20260309,20260310,SHSE.688819,688819.SH,天能股份,4,1.0065077568899434,0.9956196386201862,1.0092297864573827,0.9956196386201862,1.0092297864573827,144123.995,0.48730000853538513,2976570.2,0.8450000286102295,29.89785830066829,0.17600,5,5,0.16000
20260309,20260310,SZSE.002566,002566.SZ,益盛药业,5,1.0063997079759082,0.9989049096550465,1.0082734075561235,0.9989049096550465,1.0082734075561235,44328.234,2.2835,277668.3924,,8.295404660442411,0.15400,5,5,0.14000
20260310,20260311,SHSE.688373,688373.SH,盟科药业,1,1.00693573123973,1.0000830746759175,1.008648895380683,1.0000830746759175,1.008648895380683,67702.315,1.828,404892.9105,,6.17,0.26400,5,5,0.24000
20260310,20260311,SZSE.300357,300357.SZ,我武生物,2,1.0067087821800256,0.9983567646521818,1.0087967865619865,0.9983567646521818,1.0087967865619865,170667.591,1.4336,1292728.896,,24.689999735360466,0.24200,5,5,0.22000
20260310,20260311,SZSE.000718,000718.SZ,苏宁环球,3,1.0063739638488223,1.0008163228044549,1.0077633741099141,1.0008163228044549,1.0077633741099141,47782.194,0.9256,685827.8228,,2.259999912428224,0.20900,5,5,0.19000
20260310,20260311,SHSE.688819,688819.SH,天能股份,4,1.006206317327004,0.9930618951981012,1.0094924228592295,0.9930618951981012,1.0094924228592295,119764.485,0.39500001072883606,3038784.6,0.8264999985694885,30.52276393554032,0.17600,5,5,0.16000
20260310,20260311,SHSE.603137,603137.SH,恒尚节能,5,1.0060558700018258,0.9948877122512324,1.0088479094394742,0.9948877122512324,1.0088479094394742,42363.869,4.0257,263424.001,,14.400000096202525,0.15400,5,5,0.14000
20260311,20260312,SZSE.001236,001236.SZ,弘业期货,1,1.0068879562043795,0.9996879562043796,1.0086879562043796,0.9996879562043796,1.0086879562043796,101587.899,1.3332,1012816.6669,,10.049999877661884,0.26400,5,5,0.24000
20260311,20260312,SZSE.300227,300227.SZ,光韵达,2,1.006621897810219,0.9978102189781022,1.0088248175182482,0.9978102189781022,1.0088248175182482,314656.809,5.5425,714689.026,,12.84000001409238,0.24200,5,5,0.22000
20260311,20260312,SHSE.688819,688819.SH,天能股份,3,1.0062794160583943,1.000265693430657,1.0077828467153285,1.000265693430657,1.0077828467153285,150930.689,0.4869999885559082,3094194.3,0.8335000276565552,31.07932074939393,0.20900,5,5,0.19000
20260311,20260312,SHSE.601021,601021.SH,春秋航空,4,1.006131386861314,0.9989051094890511,1.0079379562043795,0.9989051094890511,1.0079379562043795,448367.624,0.9312000274658203,4767418.7703,1.7395000457763672,48.73000168342571,0.17600,5,5,0.16000
20260311,20260312,SZSE.300065,300065.SZ,海兰信,5,1.0060540145985402,0.9965328467153285,1.008434306569343,0.9965328467153285,1.008434306569343,2623050.732,13.9932,2049892.7536,,28.410000642811518,0.15400,5,5,0.14000
20260312,20260313,SHSE.688373,688373.SH,盟科药业,1,1.0073352189781024,1.0004498175182481,1.0090565693430658,1.0004498175182481,1.0090565693430658,48750.557,1.3434,389799.6577,,5.94,0.26400,5,5,0.24000
20260312,20260313,SZSE.000420,000420.SZ,吉林化纤,2,1.0062896715328467,1.0002366788321169,1.0078029197080292,1.0002366788321169,1.0078029197080292,495630.609,4.0167,1234351.9082,,5.020000186915361,0.24200,5,5,0.22000
20260312,20260313,SZSE.002566,002566.SZ,益盛药业,3,1.0058014598540148,0.9948905109489051,1.008529197080292,0.9948905109489051,1.008529197080292,32705.516,1.6766,277006.4892,,8.275630155888315,0.20900,5,5,0.19000
20260312,20260313,SZSE.002931,002931.SZ,锋龙股份,4,1.0054160583941605,0.9956204379562044,1.0078649635036496,0.9956204379562044,1.0078649635036496,1423907.014,9.4174,1620439.4281,,74.15999766390105,0.17600,5,5,0.16000
20260312,20260313,SHSE.603137,603137.SH,恒尚节能,5,1.00334598540146,0.9824817518248176,1.0085620437956204,0.9824817518248176,1.0085620437956204,35135.728,3.3496,259948.2676,,14.210000094933186,0.15400,5,5,0.14000
20260313,20260316,SHSE.688156,688156.SH,路德科技,1,1.0077590436210988,1.001,1.0094488045263734,1.001,1.0094488045263734,70455.593,3.0454,227009.7099,,22.540000557576416,0.26400,5,5,0.24000
20260313,20260316,SHSE.688373,688373.SH,盟科药业,2,1.007436393502464,0.9989049096550465,1.0095692644643184,0.9989049096550465,1.0095692644643184,39774.322,1.1041,387174.7442,,5.9,0.24200,5,5,0.22000
20260313,20260316,SZSE.002445,002445.SZ,中南文化,3,1.0069203504289104,1.0004495345866034,1.008538054389487,1.0004495345866034,1.008538054389487,516189.168,4.8582,1067096.7814,,4.489999933501978,0.20900,5,5,0.19000
20260313,20260316,SHSE.600121,600121.SH,郑州煤电,4,1.0063566344223398,0.9991056762182879,1.0081693739733528,0.9991056762182879,1.0081693739733528,404522.152,5.8762,688402.8015,,5.65000011329944,0.17600,5,5,0.16000
20260313,20260316,SHSE.603137,603137.SH,恒尚节能,5,1.0055922613615624,0.9908742471253879,1.009271764920606,0.9908742471253879,1.009271764920606,30856.238,2.9511,259033.6009,,14.160000094599148,0.15400,5,5,0.14000
20260316,20260317,SZSE.002566,002566.SZ,益盛药业,1,1.0074084702446149,1.000269806498722,1.009193136181088,1.000269806498722,1.009193136181088,37352.384,1.9145,278992.1988,,8.334953669550599,0.26400,5,5,0.24000
20260316,20260317,SZSE.300417,300417.SZ,南华仪器,2,1.0070703541438482,1.0006347207009858,1.0086792625045637,1.0006347207009858,1.0086792625045637,49200.687,3.9629,189868.6752,,14.035569329168867,0.24200,5,5,0.22000
20260316,20260317,SZSE.002737,002737.SZ,葵花药业,3,1.006814165753925,0.9961664841182913,1.0094760861628331,0.9961664841182913,1.0094760861628331,99379.819,1.3602,732920.0,,12.54999960555892,0.20900,5,5,0.19000
20260316,20260317,SHSE.600518,600518.SH,康美药业,4,1.0067207009857613,0.9983570646221248,1.0088116100766702,0.9983570646221248,1.0088116100766702,226261.288,0.872,2586003.681,,1.8700000498502647,0.17600,5,5,0.16000
20260316,20260317,SZSE.002086,002086.SZ,东方海洋,5,1.0064098941219424,1.0000815991237677,1.007991967871486,1.0000815991237677,1.007991967871486,212411.798,5.3731,489736.625,,2.499999912188941,0.15400,5,5,0.14000
20260317,20260318,SZSE.002566,002566.SZ,益盛药业,1,1.0070942293644998,0.9961650840029218,1.009826515704894,0.9961650840029218,1.009826515704894,40369.136,2.0808,273366.0216,,8.1668703808408,0.26400,5,5,0.24000
20260317,20260318,SZSE.002535,002535.SZ,林州重机,2,1.0065157048940834,0.9987216946676406,1.008464207450694,0.9987216946676406,1.008464207450694,42534.547,1.5081,298226.1035,,3.720000046243341,0.24200,5,5,0.22000
20260317,20260318,SZSE.002737,002737.SZ,葵花药业,3,1.0052125639152667,0.9897735573411249,1.009072315558802,0.9897735573411249,1.009072315558802,68808.359,0.9313,738176.0,,12.639999602730258,0.20900,5,5,0.19000
20260317,20260318,SHSE.600817,600817.SH,宇通重工,4,1.0046764061358657,0.9925127830533236,1.007717311906501,0.9925127830533236,1.007717311906501,36419.635,0.5672,640498.5195,,11.511579824971717,0.17600,5,5,0.16000
20260317,20260318,SHSE.603096,603096.SH,新经典,5,1.0043754565376186,0.9905040175310446,1.0078433162892622,0.9905040175310446,1.0078433162892622,26025.021,0.9106,282095.1273,,17.590906153272925,0.15400,5,5,0.14000
20260318,20260319,SHSE.688153,688153.SH,唯捷创芯,1,1.0076689063355853,1.0006341062625526,1.0094276063538434,1.0006341062625526,1.0094276063538434,97711.563,0.6605,1565909.0361,,36.39000038117453,0.26400,5,5,0.24000
20260318,20260319,SZSE.002535,002535.SZ,林州重机,2,1.006731860507577,1.000268760270221,1.008347635566916,1.000268760270221,1.008347635566916,52721.549,1.9166,297424.4205,,3.710000046119031,0.24200,5,5,0.22000
20260318,20260319,SZSE.300394,300394.SZ,天孚通信,3,1.0064429432170896,0.9958006207777981,1.0091035238269126,0.9958006207777981,1.0091035238269126,13768828.78,5.938899993896484,23579023.974,,216.27534402911593,0.20900,5,5,0.19000
20260318,20260319,SHSE.600073,600073.SH,光明肉业,4,1.0058762096037976,0.9989045097681213,1.0076191345627168,0.9989045097681213,1.0076191345627168,245597.155,4.252,576703.6253,,6.150000027074485,0.17600,5,5,0.16000
20260318,20260319,SHSE.600303,600303.SH,曙光股份,5,1.0056264378309294,0.9941573854299799,1.0084937009311667,0.9941573854299799,1.0084937009311667,52064.043,2.2906,232425.4317,,3.399999972512929,0.15400,5,5,0.14000
20260319,20260320,SHSE.601886,601886.SH,江河集团,1,1.0079078327551578,1.0009998174182946,1.0096348365893737,1.0009998174182946,1.0096348365893737,167223.906,1.9102,857682.5594,,7.296001678827173,0.26400,5,5,0.24000
20260319,20260320,SHSE.600480,600480.SH,凌云股份,2,1.007245901040716,1.0006333759357313,1.008899032316962,1.0006333759357313,1.008899032316962,187093.734,1.5389,1225951.2803,,9.756749299642683,0.24200,5,5,0.22000
20260319,20260320,SZSE.002891,002891.SZ,中宠股份,3,1.007126529121782,0.9987219280628081,1.0092276793865254,0.9987219280628081,1.0092276793865254,391135.704,3.2762,1177890.4573,,38.15548192759198,0.20900,5,5,0.19000
20260319,20260320,SHSE.603313,603313.SH,梦百合,4,1.007015154281541,1.0002683951068103,1.0087018440752238,1.0002683951068103,1.0087018440752238,117404.611,2.4047,481575.3309,,8.439999830258646,0.17600,5,5,0.16000
20260319,20260320,SHSE.603880,603880.SH,南卫股份,5,1.006918933722841,1.00045188972065,1.0085356947233888,1.00045188972065,1.0085356947233888,76552.359,3.5932,211000.66,,7.299999915357781,0.15400,5,5,0.14000
20260320,20260323,SHSE.601886,601886.SH,江河集团,1,1.0080539247900693,1.0009998174516246,1.0098174516246805,1.0009998174516246,1.0098174516246805,213213.907,2.3387,906401.648,,7.7104377054976725,0.26400,5,5,0.24000
20260320,20260323,SZSE.002428,002428.SZ,云南锗业,2,1.0068380065717415,1.0008128879152975,1.0083442862358525,1.0008128879152975,1.0083442862358525,840550.467,2.9618,2838459.52,,43.45999846970887,0.24200,5,5,0.22000
20260320,20260323,SHSE.605289,605289.SH,罗曼股份,3,1.0067718145308509,0.9985396129974443,1.0088298649142022,0.9985396129974443,1.0088298649142022,769337.527,6.1101,1231784.75,,80.58064148933738,0.20900,5,5,0.19000
20260320,20260323,SZSE.002687,002687.SZ,乔治白,4,1.0066592186929537,1.0006345381526105,1.0081653888280395,1.0006345381526105,1.0081653888280395,64842.764,3.1875,244313.2736,,4.748879357318504,0.17600,5,5,0.16000
20260320,20260323,SZSE.002566,002566.SZ,益盛药业,5,1.0063234757210662,0.9958013873676524,1.0089539978094195,0.9958013873676524,1.0089539978094195,54172.57,2.932,260789.8608,,7.791154794313015,0.15400,5,5,0.14000
20260323,20260324,SZSE.301098,301098.SZ,金埔园林,1,1.0079025182481751,1.0009943430656933,1.0096295620437956,1.0009943430656933,1.0096295620437956,96277.033,7.9774,142734.0093,,7.760000148585423,0.26400,5,5,0.24000
20260323,20260324,SHSE.600455,600455.SH,博通股份,2,1.0074430291970804,1.0002662408759124,1.0092372262773723,1.0002662408759124,1.0092372262773723,74565.665,4.768,153646.68,,24.599999896192976,0.24200,5,5,0.22000
20260323,20260324,SZSE.300665,300665.SZ,飞鹿股份,3,1.0073473357664233,1.0004447080291972,1.0090729927007298,1.0004447080291972,1.0090729927007298,74608.055,4.8141,152167.2824,,6.949999691989535,0.20900,5,5,0.19000
20260323,20260324,SZSE.300417,300417.SZ,南华仪器,4,1.0071292335766424,1.0007702554744526,1.00871897810219,1.0007702554744526,1.00871897810219,96419.803,9.1423,156766.128,,11.588545902538435,0.17600,5,5,0.16000
20260323,20260324,SZSE.300621,300621.SZ,维业股份,5,1.0070982846715328,0.9999439781021897,1.0088868613138686,0.9999439781021897,1.0088868613138686,73558.877,4.6542,158123.092,,7.599999751950719,0.15400,5,5,0.14000
20260324,20260325,SHSE.601100,601100.SH,恒立液压,1,1.0078992698064988,1.0009640379700622,1.009633077765608,1.0009640379700622,1.009633077765608,2277683.998,1.868299961090088,12469635.2256,4.696499824523926,92.99999810269173,0.26400,5,5,0.24000
20260324,20260325,SHSE.600051,600051.SH,宁波联合,2,1.0077223439211391,1.0008169039795545,1.0094487039065352,1.0008169039795545,1.0094487039065352,74439.931,3.3216,230051.2,,7.399999699313237,0.24200,5,5,0.22000
20260324,20260325,SZSE.301353,301353.SZ,普莱得,3,1.0072487404162103,1.0006248630887185,1.0089047097480832,1.0006248630887185,1.0089047097480832,42522.131,5.1311,259591.2224,,20.06594952404605,0.20900,5,5,0.19000
20260324,20260325,SZSE.300074,300074.SZ,华平股份,4,1.0068229280759402,1.0000803212851406,1.00850857977364,1.0000803212851406,1.00850857977364,106922.577,4.77,231586.8796,,4.209999995220631,0.17600,5,5,0.16000
20260324,20260325,SZSE.300838,300838.SZ,浙江力诺,5,1.0067265425337715,0.997626871120847,1.0090014603870026,0.997626871120847,1.0090014603870026,80952.568,5.5595,203103.616,,14.719999475138529,0.15400,5,5,0.14000
20260325,20260326,SZSE.301098,301098.SZ,金埔园林,1,1.0081953641175398,1.0009987223945975,1.0099945245482753,1.0009987223945975,1.0099945245482753,87075.885,6.766,158184.5979,,8.600000164669412,0.26400,5,5,0.24000
20260325,20260326,SZSE.301275,301275.SZ,汉朔科技,2,1.0075794488045262,1.0008174849425078,1.0092699397700309,1.0008174849425078,1.0092699397700309,303933.149,2.5577,1706496.0,,40.30753126285814,0.24200,5,5,0.22000
20260325,20260326,SHSE.600051,600051.SH,宁波联合,3,1.0073468151122469,1.0004500821317759,1.0090709983573645,1.0004500821317759,1.0090709983573645,72638.098,3.0642,238755.84,,7.679999687935899,0.20900,5,5,0.19000
20260325,20260326,SHSE.603860,603860.SH,中公高科,4,1.007167256798686,1.000267749589341,1.0088921336010221,1.000267749589341,1.0088921336010221,77042.299,3.7653,206041.2,,30.676426546136025,0.17600,5,5,0.16000
20260325,20260326,SZSE.301037,301037.SZ,保立佳,5,1.0071024274502647,1.0006298594634058,1.0087205694469794,1.0006298594634058,1.0087205694469794,54535.98,5.4241,204793.6735,,14.730000282044237,0.15400,5,5,0.14000
20260326,20260327,SZSE.300417,300417.SZ,南华仪器,1,1.007447353048558,1.0002670682730925,1.0092424242424243,1.0002670682730925,1.0092424242424243,57286.478,5.2922,165378.1728,,12.225169883450416,0.26400,5,5,0.24000
20260326,20260327,SZSE.300838,300838.SZ,浙江力诺,2,1.0074435925520264,0.9981745162468054,1.0097608616283316,0.9981745162468054,1.0097608616283316,38781.481,2.5551,204345.418,,14.809999471929457,0.24200,5,5,0.22000
20260326,20260327,SZSE.300823,300823.SZ,建科智能,3,1.0074236217597663,1.0008128879152975,1.0090763052208835,1.0008128879152975,1.0090763052208835,50798.587,3.7398,207476.6396,,15.605882406675226,0.20900,5,5,0.19000
20260326,20260327,SHSE.600051,600051.SH,宁波联合,4,1.0073219788243883,1.0009983570646221,1.00890288426433,1.0009983570646221,1.00890288426433,50159.479,2.1123,235647.04,,7.579999691999235,0.17600,5,5,0.16000
20260326,20260327,SHSE.600287,600287.SH,苏豪时尚,5,1.0071008397225265,1.0006301569916027,1.0087185104052574,1.0006301569916027,1.0087185104052574,38721.025,1.5464,249410.5583,,5.710000103231855,0.15400,5,5,0.14000
20260327,20260330,SZSE.002687,002687.SZ,乔治白,1,1.0076037625570777,1.0002690410958903,1.0094374429223745,1.0002690410958903,1.0094374429223745,46336.162,2.3255,245322.8326,,4.768502825737176,0.26400,5,5,0.24000
20260327,20260330,SZSE.002655,002655.SZ,共达电声,2,1.007563105022831,0.9981735159817352,1.009910502283105,0.9981735159817352,1.009910502283105,424742.971,6.6695,639101.4045,,17.647341837702477,0.24200,5,5,0.22000
20260327,20260330,SHSE.603860,603860.SH,中公高科,3,1.0074671050228312,1.0009994520547945,1.0090840182648402,1.0009994520547945,1.0090840182648402,43070.987,2.0792,207174.76,,30.84519653037043,0.20900,5,5,0.19000
20260327,20260330,SHSE.600732,600732.SH,爱旭股份,4,1.007288401826484,0.9976255707762557,1.009704109589041,0.9976255707762557,1.009704109589041,935528.888,2.9359,3216102.633,,15.189999874667807,0.17600,5,5,0.16000
20260327,20260330,SZSE.301006,301006.SZ,迈拓股份,5,1.007178812785388,0.9989041095890411,1.0092474885844749,0.9989041095890411,1.0092474885844749,48228.569,3.367,233433.28,,16.76000033296059,0.15400,5,5,0.14000
20260330,20260331,SHSE.603860,603860.SH,中公高科,1,1.0079001644436323,1.0009990864242646,1.0096254339484743,1.0009990864242646,1.0096254339484743,47664.064,2.2733,211442.28,,31.48056588278231,0.26400,5,5,0.24000
20260330,20260331,SZSE.000790,000790.SZ,华神科技,2,1.0075684268225835,1.0008167367074732,1.009256349351361,1.0008167367074732,1.009256349351361,75199.081,2.9469,259467.2554,,4.160000063152074,0.24200,5,5,0.22000
20260330,20260331,SZSE.300665,300665.SZ,飞鹿股份,3,1.007284889457336,1.000268773981363,1.0090389183263293,1.000268773981363,1.0090389183263293,74053.305,4.4603,168588.2121,,7.699999658750997,0.20900,5,5,0.19000
20260330,20260331,SHSE.600287,600287.SH,苏豪时尚,4,1.0072453498995069,1.0006338388452403,1.0088982276630734,1.0006338388452403,1.0088982276630734,34919.863,1.3792,255525.7033,,5.850000105762933,0.17600,5,5,0.16000
20260330,20260331,SZSE.002566,002566.SZ,益盛药业,5,1.007064023387539,1.0004507582678606,1.0087173396674585,1.0004507582678606,1.0087173396674585,45625.644,2.4289,270718.4088,,8.087772362624424,0.15400,5,5,0.14000
20260331,20260401,SHSE.600287,600287.SH,苏豪时尚,1,1.0081882438846295,1.0009996349032493,1.0099853961299745,1.0009996349032493,1.0099853961299745,39196.309,1.5231,255525.7033,,5.850000105762933,0.26400,5,5,0.24000
20260331,20260401,SHSE.600561,600561.SH,江西长运,2,1.0075281854691494,1.0006347207009858,1.0092515516611902,1.0006347207009858,1.0092515516611902,36084.596,1.8751,190599.456,,6.7000001327356165,0.24200,5,5,0.22000
20260331,20260401,SZSE.002817,002817.SZ,黄山胶囊,3,1.0074273457466227,1.0008169039795545,1.0090799561883899,1.0008169039795545,1.0090799561883899,68221.41,2.8803,241073.125,,8.005635953538093,0.20900,5,5,0.19000
20260331,20260401,SZSE.300509,300509.SZ,新美星,4,1.0072274552756482,0.9981745162468054,1.0094906900328586,0.9981745162468054,1.0094906900328586,126693.65,4.4779,334339.2,,11.280000055139881,0.17600,5,5,0.16000
20260331,20260401,SZSE.002997,002997.SZ,瑞鹄模具,5,1.0064140197152245,0.995253742241694,1.0092040890836071,0.995253742241694,1.0092040890836071,119775.961,1.9213,617497.9088,,29.202297600022746,0.15400,5,5,0.14000
20260401,20260402,SHSE.600287,600287.SH,苏豪时尚,1,1.0077211457763182,1.0008170041963145,1.009447181171319,1.0008170041963145,1.009447181171319,26512.057,1.0368,255525.7033,,5.850000105762933,0.26400,5,5,0.24000
20260401,20260402,SHSE.600561,600561.SH,江西长运,2,1.0074905674147054,1.0004522897281518,1.0092501368363438,1.0004522897281518,1.0092501368363438,37232.922,1.9645,189746.0256,,6.670000132141277,0.24200,5,5,0.22000
20260401,20260402,SZSE.300509,300509.SZ,新美星,3,1.0073941616493343,1.0006343732895457,1.0090841087392812,1.0006343732895457,1.0090841087392812,107740.119,3.7785,343527.6,,11.590000056655251,0.20900,5,5,0.19000
20260401,20260402,SZSE.301275,301275.SZ,汉朔科技,4,1.0068308702791462,0.9985404123335158,1.0089034847655538,0.9985404123335158,1.0089034847655538,148028.533,1.2525,1695513.6,,40.04812635869123,0.17600,5,5,0.16000
20260401,20260402,SZSE.002802,002802.SZ,洪汇新材,5,1.006061667578909,0.9961685823754789,1.0085349388797664,0.9961685823754789,1.0085349388797664,47827.275,2.4467,236525.8865,,12.951607917191842,0.15400,5,5,0.14000
20260402,20260403,SHSE.600287,600287.SH,苏豪时尚,1,1.0079064769202701,1.0009992702061667,1.0096332785987958,1.0009992702061667,1.0096332785987958,31600.841,1.2496,252468.1308,,5.780000104497394,0.26400,5,5,0.24000
20260402,20260403,SHSE.605089,605089.SH,味知香,2,1.0066833424557564,1.0002548804962599,1.0082904579456304,1.0002548804962599,1.0082904579456304,38243.863,1.1432,337686.0,,24.4700006812863,0.24200,5,5,0.22000
20260402,20260403,SHSE.603200,603200.SH,上海洗霸,3,1.0064601350118592,1.0003503010399561,1.007987593504835,1.0003503010399561,1.007987593504835,219234.741,2.1587,1007431.2713,,57.40999800348391,0.20900,5,5,0.19000
20260402,20260403,SZSE.300562,300562.SZ,乐心医疗,4,1.0061871921182268,0.9967159277504105,1.0085550082101806,0.9967159277504105,1.0085550082101806,57394.157,2.6759,286821.1587,,12.999365479680383,0.17600,5,5,0.16000
20260402,20260403,SHSE.601107,601107.SH,四川成渝,5,1.0061661740558292,1.000413063309615,1.0076044517423828,1.000413063309615,1.0076044517423828,182824.955,1.455,1792023.16,,5.5640919155994455,0.15400,5,5,0.14000
20260403,20260407,SHSE.688217,688217.SH,睿昂基因,1,1.007677380518059,1.0006342575702298,1.0094381612550163,1.0006342575702298,1.0094381612550163,26262.117,1.721,152654.1638,,27.33000100543308,0.26400,5,5,0.24000
20260403,20260407,SHSE.600287,600287.SH,苏豪时尚,2,1.0073212331265962,1.0009987230937614,1.0089018606348048,1.0009987230937614,1.0089018606348048,34888.435,1.4285,242421.8211,,5.550000100339194,0.24200,5,5,0.22000
20260403,20260407,SZSE.002817,002817.SZ,黄山胶囊,3,1.0071417730755199,1.0008164903319956,1.008723093761401,1.0008164903319956,1.008723093761401,68248.412,3.0344,228810.1001,,7.598401370293598,0.20900,5,5,0.19000
20260403,20260407,SHSE.605089,605089.SH,味知香,4,1.006327800072966,1.0004387085005473,1.0078000729660708,1.0004387085005473,1.0078000729660708,39889.122,1.1924,337962.0,,24.490000681843135,0.17600,5,5,0.16000
20260403,20260407,SHSE.603183,603183.SH,建研院,5,1.0061320685881066,0.9983582634075155,1.0080755198832543,0.9983582634075155,1.0080755198832543,74205.266,3.4604,210295.8252,,4.230000063872066,0.15400,5,5,0.14000
20260407,20260408,SZSE.002817,002817.SZ,黄山胶囊,1,1.0077137383689108,1.0008164568509397,1.0094380587484035,1.0008164568509397,1.0094380587484035,83039.773,3.6343,238082.1433,,7.906310445429679,0.26400,5,5,0.24000
20260407,20260408,SZSE.002671,002671.SZ,龙泉股份,2,1.0074699507389162,1.0009987228607917,1.0090877577084474,1.0009987228607917,1.0090877577084474,138209.283,5.3565,266969.288,,4.739999946727233,0.24200,5,5,0.22000
20260407,20260408,SZSE.002381,002381.SZ,双箭股份,3,1.0071867542419268,1.000451195037402,1.008870644043058,1.000451195037402,1.008870644043058,70689.665,3.5189,260528.8234,,6.220250039887109,0.20900,5,5,0.19000
20260407,20260408,SHSE.603358,603358.SH,华达科技,4,1.006844261995986,1.0000669585842,1.0085385878489326,1.0000669585842,1.0085385878489326,495642.384,3.172,1583503.9092,,33.70999906147734,0.17600,5,5,0.16000
20260407,20260408,SHSE.688217,688217.SH,睿昂基因,5,1.0058996533479292,0.9974457215836526,1.0080131362889984,0.9974457215836526,1.0080131362889984,37784.419,2.4279,155335.2468,,27.81000102309162,0.15400,5,5,0.14000
20260408,20260409,SZSE.002671,002671.SZ,龙泉股份,1,1.007905376344086,1.0009994532531439,1.0096318571168215,1.0009994532531439,1.0096318571168215,104491.015,3.9454,273164.7778,,4.849999945490945,0.26400,5,5,0.24000
20260408,20260409,SZSE.002820,002820.SZ,桂发祥,2,1.0076837251685804,1.0006347731000547,1.0094459631857116,1.0006347731000547,1.0094459631857116,106617.702,5.0105,212920.3927,,10.599999784248515,0.24200,5,5,0.22000
20260408,20260409,SHSE.688217,688217.SH,睿昂基因,3,1.0069898305084746,1.000263531984691,1.0086714051394203,1.000263531984691,1.0086714051394203,27092.809,1.6774,162819.9368,,29.150001072388378,0.20900,5,5,0.19000
20260408,20260409,SHSE.688067,688067.SH,爱威科技,4,1.006422453070895,0.9989065062875888,1.0083014397667214,0.9989065062875888,1.0083014397667214,44840.712,2.3934,189244.0,,27.83000105238975,0.17600,5,5,0.16000
20260408,20260409,SHSE.600455,600455.SH,博通股份,5,1.0063223983962093,1.0004401312192455,1.0077929651904503,1.0004401312192455,1.0077929651904503,67908.845,4.1475,164389.456,,26.319999888934923,0.15400,5,5,0.14000
20260409,20260410,SZSE.002381,002381.SZ,双箭股份,1,1.0077582361516035,1.0009996355685131,1.0094478862973761,1.0009996355685131,1.0094478862973761,49138.376,2.3758,262175.135,,6.259556517232367,0.26400,5,5,0.24000
20260409,20260410,SZSE.002820,002820.SZ,桂发祥,2,1.0074243804664722,1.0008172376093294,1.009076166180758,1.0008172376093294,1.009076166180758,80687.772,3.8786,206492.6073,,10.279999790761766,0.24200,5,5,0.22000
20260409,20260410,SZSE.002671,002671.SZ,龙泉股份,3,1.0069533527696795,1.0006268221574344,1.0085349854227406,1.0006268221574344,1.0085349854227406,84370.927,3.2078,267532.5144,,4.749999946614842,0.20900,5,5,0.19000
20260409,20260410,SZSE.300422,300422.SZ,博世科,4,1.0068221574344023,0.9987244897959183,1.0088465743440234,0.9987244897959183,1.0088465743440234,53997.336,2.2571,246118.8593,,4.610000047861695,0.17600,5,5,0.16000
20260409,20260410,SHSE.605089,605089.SH,味知香,5,1.0063849125364432,1.0000805393586005,1.0079610058309039,1.0000805393586005,1.0079610058309039,31543.469,0.9075,349140.0,,25.30000070439491,0.15400,5,5,0.14000
20260410,20260413,SZSE.300965,300965.SZ,恒宇信通,1,1.0072095047341587,1.0006287327021122,1.0088546977421704,1.0006287327021122,1.0088546977421704,31456.195,1.0659,326280.0,,53.853824995656375,0.26400,5,5,0.24000
20260410,20260413,SHSE.603860,603860.SH,中公高科,2,1.006933066278223,1.000084122359796,1.0086453022578294,1.000084122359796,1.0086453022578294,44407.388,2.0897,212375.8,,31.619552928622408,0.24200,5,5,0.22000
20260410,20260413,SHSE.603183,603183.SH,建研院,3,1.0068786234522944,1.0004455571740714,1.00848689002185,1.0004455571740714,1.00848689002185,44022.776,1.929,229187.6487,,4.610000069609982,0.20900,5,5,0.19000
20260410,20260413,SZSE.002687,002687.SZ,乔治白,4,1.0066627822286962,0.9974508375819373,1.0089657683903859,0.9974508375819373,1.0089657683903859,41730.895,2.0609,246837.1711,,4.7979380283651825,0.17600,5,5,0.16000
20260410,20260413,SHSE.600455,600455.SH,博通股份,5,1.005482884195193,0.9967225054624909,1.0076729788783685,0.9967225054624909,1.0076729788783685,45618.405,2.7877,162390.8,,25.99999989028526,0.15400,5,5,0.14000
20260413,20260414,SHSE.600287,600287.SH,苏豪时尚,1,1.0069897669337218,1.0009939912600145,1.0084887108521485,1.0009939912600145,1.0084887108521485,28499.145,1.1185,252904.9268,,5.790000104678185,0.26400,5,5,0.24000
20260413,20260414,SHSE.603860,603860.SH,中公高科,2,1.0067938820101967,0.9981791697013839,1.0089475600873998,0.9981791697013839,1.0089475600873998,39237.552,1.8847,210308.72,,31.3117958985479,0.24200,5,5,0.22000
20260413,20260414,SHSE.600689,600689.SH,上海三毛,3,1.0066642388929352,0.9989075018208303,1.0086034231609613,0.9989075018208303,1.0086034231609613,27745.963,1.3735,266514.5208,,13.260000190123998,0.20900,5,5,0.19000
20260413,20260414,SZSE.002817,002817.SZ,黄山胶囊,4,1.0062549162418064,0.9963583394027676,1.008729060451566,0.9963583394027676,1.008729060451566,56612.152,2.4612,238381.2415,,7.91624299624052,0.17600,5,5,0.16000
20260413,20260414,SZSE.300965,300965.SZ,恒宇信通,5,1.0057334304442827,0.9927166788055353,1.0089876183539694,0.9927166788055353,1.0089876183539694,21955.594,0.7479,325200.0,,53.675566656207714,0.15400,5,5,0.14000
20260414,20260415,SZSE.000408,000408.SZ,藏格矿业,1,1.0074258416742494,1.0008125568698818,1.0090791628753413,1.0008125568698818,1.0090791628753413,1185298.62,0.8907999992370605,13317084.5433,3.1031301021575928,83.36283608943872,0.26400,5,5,0.24000
20260414,20260415,SZSE.300649,300649.SZ,杭州园林,2,1.0065684804367607,1.000270973612375,1.0081428571428572,1.000270973612375,1.0081428571428572,26523.871,1.6704,199551.8298,,15.07000063203526,0.24200,5,5,0.22000
20260414,20260415,SZSE.300492,300492.SZ,华图山鼎,3,1.0065241856232938,1.0006354868061873,1.0079963603275706,1.0006354868061873,1.0079963603275706,252681.012,2.5334,981831.8415,,49.92000092851355,0.20900,5,5,0.19000
20260414,20260415,SHSE.600741,600741.SH,华域汽车,4,1.006186278434941,1.0004527752502275,1.007619654231119,1.0004527752502275,1.007619654231119,290726.762,0.4498000144958496,6475695.0631,0.4970000088214874,20.540001271035358,0.17600,5,5,0.16000
20260414,20260415,SHSE.603860,603860.SH,中公高科,5,1.006069517743403,0.9954504094631483,1.0087242948134667,0.9954504094631483,1.0087242948134667,41805.301,2.0057,208708.4,,31.07353239139345,0.15400,5,5,0.14000
20260415,20260416,SZSE.301696,301696.SZ,三瑞智能,1,1.007695612597852,0.9989077007099946,1.0098925905698162,0.9989077007099946,1.0098925905698162,1709488.926,48.5425,4559713.99,,113.52454934767454,0.26400,5,5,0.24000
20260415,20260416,SZSE.000408,000408.SZ,藏格矿业,2,1.0073336974330969,1.0004478427089023,1.0090551611141454,1.0004478427089023,1.0090551611141454,1258342.939,0.9318000078201294,13265267.0938,3.0947799682617188,83.03847276747948,0.24200,5,5,0.22000
20260415,20260416,SZSE.301395,301395.SZ,仁信新材,3,1.0069462224649555,1.0006295284908064,1.0085253959584926,1.0006295284908064,1.0085253959584926,199576.883,11.42,300891.6927,,12.38999975855883,0.20900,5,5,0.19000
20260415,20260416,SZSE.300492,300492.SZ,华图山鼎,4,1.0067421445476061,1.001,1.0081776806845075,1.001,1.0081776806845075,199181.542,2.0134,990879.1702,,50.38000093706957,0.17600,5,5,0.16000
20260415,20260416,SHSE.600287,600287.SH,苏豪时尚,5,1.005053704715092,0.9916257054432914,1.0084107045330422,0.9916257054432914,1.0084107045330422,23145.758,0.9272,248973.7622,,5.700000103051063,0.15400,5,5,0.14000
20260416,20260417,SHSE.601886,601886.SH,江河集团,1,1.0078139348735675,1.0006305257413135,1.009609787156631,1.0006305257413135,1.009609787156631,43646.125,0.4053,1083149.9694,,9.213973058069719,0.26400,5,5,0.24000
20260416,20260417,SZSE.300492,300492.SZ,华图山鼎,2,1.0075814808077133,1.0008180825905038,1.0092723303620157,1.0008180825905038,1.0092723303620157,305642.188,3.1086,1002089.9905,,50.95000094767158,0.24200,5,5,0.22000
20260416,20260417,SZSE.000709,000709.SZ,河钢股份,3,1.005077678733855,0.9930871384391486,1.0080753138075313,0.9930871384391486,1.0080753138075313,133108.948,0.5529000163078308,2408549.2144,0.06300000101327896,2.3299999385672687,0.20900,5,5,0.19000
20260416,20260417,SZSE.301395,301395.SZ,仁信新材,4,1.0041076951064216,0.9853556485355649,1.0087957067491358,0.9853556485355649,1.0087957067491358,193950.378,11.0155,318619.7747,,13.11999974433348,0.17600,5,5,0.16000
20260416,20260417,SHSE.600881,600881.SH,亚泰集团,5,1.0040793159905403,0.9869019465162816,1.008373658359105,0.9869019465162816,1.008373658359105,35788.083,0.6978,513912.0071,,1.5899999650751457,0.15400,5,5,0.14000
20260417,20260420,SZSE.300492,300492.SZ,华图山鼎,1,1.0077618267831152,1.0009998180494906,1.0094523289665212,1.0009998180494906,1.0094523289665212,205613.523,1.9956,1042802.9695,,53.02000098617365,0.26400,5,5,0.24000
20260417,20260420,SHSE.603307,603307.SH,扬州金泉,2,1.0072980349344978,1.0004494177583698,1.0090101892285297,1.0004494177583698,1.0090101892285297,11961.98,0.4524,268223.38,,26.493313755208504,0.24200,5,5,0.22000
20260417,20260420,SHSE.601798,601798.SH,蓝科高新,3,1.0063770014556042,0.9969068413391557,1.0087445414847163,0.9969068413391557,1.0087445414847163,54735.546,1.703,321557.0756,,9.07000000805384,0.20900,5,5,0.19000
20260417,20260420,SZSE.301395,301395.SZ,仁信新材,4,1.0044177583697234,0.9898107714701602,1.0080695050946142,0.9898107714701602,1.0080695050946142,170590.247,9.2163,333190.8009,,13.719999732641416,0.17600,5,5,0.16000
20260417,20260420,SZSE.301666,301666.SZ,大普微,5,1.0035880640465793,0.9819868995633187,1.0089883551673944,0.9819868995633187,1.0089883551673944,4434999.899,67.0936,10098408.734,,231.5,0.15400,5,5,0.14000
20260420,20260421,SHSE.603768,603768.SH,常青股份,1,1.007551347414421,0.9983612527312454,1.009848871085215,0.9983612527312454,1.009848871085215,22301.079,0.848,264131.0013,,11.099999939853495,0.26400,5,5,0.24000
20260420,20260421,SZSE.300492,300492.SZ,华图山鼎,2,1.0074715950473416,1.0009996358339404,1.0090895848506918,1.0009996358339404,1.0090895848506918,214720.635,2.022,1076435.4304,,54.730001017979696,0.24200,5,5,0.22000
20260420,20260421,SZSE.002696,002696.SZ,百洋股份,3,1.007130371449381,0.9970866715222141,1.0096412964311725,0.9970866715222141,1.0096412964311725,40124.78,1.7427,239336.323,,6.848155367038729,0.20900,5,5,0.19000
20260420,20260421,SHSE.605138,605138.SH,盛泰集团,4,1.007102694828842,0.997632920611799,1.0094701383831026,0.997632920611799,1.0094701383831026,12500.023,0.3321,380010.8998,,6.78602645621174,0.17600,5,5,0.16000
20260420,20260421,SHSE.603307,603307.SH,扬州金泉,5,1.0067753459577569,1.0006283685360524,1.0083120903131828,1.0006283685360524,1.0083120903131828,16151.768,0.6101,271150.691,,26.782453981470933,0.15400,5,5,0.14000
20260421,20260422,SZSE.300492,300492.SZ,华图山鼎,1,1.0075799163179917,1.0008175368382755,1.0092705111879208,1.0008175368382755,1.0092705111879208,157306.811,1.4721,1060897.6269,,53.94000100328567,0.26400,5,5,0.24000
20260421,20260422,SZSE.301353,301353.SZ,普莱得,2,1.0070940513007096,1.0000836820083683,1.0088466436237948,1.0000836820083683,1.0088466436237948,22212.106,2.4585,278736.5659,,21.545851247642485,0.24200,5,5,0.22000
20260421,20260422,SHSE.603668,603668.SH,天马科技,3,1.0068510096416228,1.0002619610696744,1.0084982717846098,1.0002619610696744,1.0084982717846098,155941.667,2.2064,706598.0346,,13.970000008464314,0.20900,5,5,0.19000
20260421,20260422,SHSE.601886,601886.SH,江河集团,4,1.006766891031472,1.0004344187738767,1.0083500090958706,1.0004344187738767,1.0083500090958706,63622.416,0.5657,1133002.06,,9.63804713187209,0.17600,5,5,0.16000
20260421,20260422,SZSE.301296,301296.SZ,新巨丰,5,1.0067178460978714,0.9945424777151174,1.00976168819356,0.9945424777151174,1.00976168819356,12338.447,0.3678,336430.4898,,7.920000147312244,0.15400,5,5,0.14000
20260422,20260423,SHSE.688329,688329.SH,艾隆科技,1,1.0073557940694924,1.0004537020192832,1.0090813170820447,1.0004537020192832,1.0090813170820447,92077.173,5.595,164204.4,,21.26999976806495,0.26400,5,5,0.24000
20260422,20260423,SZSE.300492,300492.SZ,华图山鼎,2,1.0067400036383483,1.00026359832636,1.0083591049663454,1.00026359832636,1.0083591049663454,118485.616,1.1231,1055193.8762,,53.65000099789167,0.24200,5,5,0.22000
20260422,20260423,SHSE.603307,603307.SH,扬州金泉,3,1.0062914316900127,0.9976350736765508,1.0084555211933781,0.9976350736765508,1.0084555211933781,11136.441,0.4212,269244.535,,26.594176624834933,0.20900,5,5,0.19000
20260422,20260423,SZSE.301173,301173.SZ,毓恬冠佳,4,1.00595670365654,0.9979989084955431,1.0079461524467892,0.9979989084955431,1.0079461524467892,24954.262,1.8265,389898.5529,,44.00480129981861,0.17600,5,5,0.16000
20260422,20260423,SHSE.600298,600298.SH,安琪酵母,5,1.005162088411861,0.9881753683827542,1.0094087684191377,0.9881753683827542,1.0094087684191377,261843.872,0.7753999829292297,3406620.0337,1.0154999494552612,38.635646947031255,0.15400,5,5,0.14000
20260423,20260424,SZSE.300492,300492.SZ,华图山鼎,1,1.0061871132144158,1.000444120859119,1.0076228613032399,1.000444120859119,1.0076228613032399,118534.397,1.1099,1067978.1449,,54.300001009981685,0.26400,5,5,0.24000
20260423,20260424,SHSE.603390,603390.SH,通达电气,2,1.0059963596650894,0.9987258827812159,1.0078139788860576,0.9987258827812159,1.0078139788860576,116085.96,2.4958,466642.1828,,13.208776717000813,0.24200,5,5,0.22000
20260423,20260424,SHSE.603307,603307.SH,扬州金泉,3,1.005636694575901,0.9967236985802694,1.0078649435748088,0.9967236985802694,1.0078649435748088,13817.624,0.5293,263866.452,,26.062965511469077,0.20900,5,5,0.19000
20260423,20260424,SHSE.600606,600606.SH,绿地控股,4,1.00397306152166,0.983345467783036,1.009129959956316,0.983345467783036,1.009129959956316,145085.442,0.760699987411499,1897319.4724,0.04399999976158142,1.3500000338540044,0.17600,5,5,0.16000
20260423,20260424,SHSE.600436,600436.SH,片仔癀,5,1.0034728795049146,0.9841645431379686,1.008299963596651,0.9841645431379686,1.008299963596651,443103.381,0.5160999894142151,8593047.022,1.9110000133514404,142.42999677401784,0.15400,5,5,0.14000
20260424,20260427,SZSE.002835,002835.SZ,同为股份,1,1.0075651018922853,1.0008167758369724,1.0092521834061134,1.0008167758369724,1.0092521834061134,85432.559,4.5919,326606.9693,,14.880000391960012,0.26400,5,5,0.24000
20260424,20260427,SZSE.300543,300543.SZ,朗科智能,2,1.0074646288209606,1.0009985443959244,1.0090811499272196,1.0009985443959244,1.0090811499272196,126714.004,5.6073,279104.2853,,9.078241215240478,0.24200,5,5,0.22000
20260424,20260427,SZSE.002666,002666.SZ,德联集团,3,1.0067717248908297,1.0000886098981077,1.0084425036390101,1.0000886098981077,1.0084425036390101,140029.419,5.6562,390847.6533,,4.9599998433308805,0.20900,5,5,0.19000
20260424,20260427,SHSE.688121,688121.SH,卓然股份,4,1.0041251819505095,0.9859898107714702,1.0086590247452694,0.9859898107714702,1.0086590247452694,66697.493,3.3927,231277.863,,9.899999447927485,0.17600,5,5,0.16000
20260424,20260427,SHSE.600606,600606.SH,绿地控股,5,1.0027729257641922,0.979075691411936,1.0086972343522562,0.979075691411936,1.0086972343522562,100301.425,0.5317000150680542,1883265.2541,0.0430000014603138,1.3400000433165835,0.15400,5,5,0.14000
20260427,20260428,SZSE.300492,300492.SZ,华图山鼎,1,1.0069966151046406,1.000806551410373,1.0085441310282075,1.000806551410373,1.0085441310282075,112319.98,1.1116,1004056.8011,,51.05000094953159,0.26400,5,5,0.24000
20260427,20260428,SZSE.300787,300787.SZ,海能实业,2,1.0066576888080072,1.0006333030027297,1.0081637852593266,1.0006333030027297,1.0081637852593266,151214.987,7.3434,335686.7644,,10.512535546591092,0.24200,5,5,0.22000
20260427,20260428,SZSE.300707,300707.SZ,威唐工业,3,1.0063766333030029,1.0000869881710646,1.0079490445859873,1.0000869881710646,1.0079490445859873,155143.265,7.0681,271167.2586,,15.287105828162833,0.20900,5,5,0.19000
20260427,20260428,SHSE.601798,601798.SH,蓝科高新,4,1.0062831301182895,1.0002673339399455,1.0077870791628754,1.0002673339399455,1.0077870791628754,119707.257,3.9468,310212.1733,,8.750000007769692,0.17600,5,5,0.16000
20260427,20260428,SZSE.300150,300150.SZ,世纪瑞尔,5,1.0062500454959054,0.9981801637852593,1.0082675159235668,0.9981801637852593,1.0082675159235668,87396.292,3.7976,296063.6628,,5.060000028020857,0.15400,5,5,0.14000
20260428,20260429,SZSE.300787,300787.SZ,海能实业,1,1.007527113702624,1.000631195335277,1.0092510932944607,1.000631195335277,1.0092510932944607,80039.804,3.8573,329731.537,,10.326038650806563,0.26400,5,5,0.24000
20260428,20260429,SZSE.301296,301296.SZ,新巨丰,2,1.0068367346938776,0.9989067055393586,1.0088192419825073,0.9989067055393586,1.0088192419825073,53123.269,1.6559,318205.5279,,7.45000013857023,0.24200,5,5,0.22000
20260428,20260429,SZSE.301151,301151.SZ,冠龙节能,3,1.0067651239067055,1.0004509839650146,1.0083436588921282,1.0004509839650146,1.0083436588921282,80250.343,2.7796,290687.052,,16.98732636215275,0.20900,5,5,0.19000
20260428,20260429,SHSE.600057,600057.SH,厦门象屿,4,1.0061470116618076,1.000268586005831,1.0076166180758017,1.000268586005831,1.0076166180758017,312744.171,2.1377,2031021.3774,,7.149999760671461,0.17600,5,5,0.16000
20260428,20260429,SZSE.300543,300543.SZ,朗科智能,5,1.0057667638483967,0.9972667638483965,1.0078917638483966,0.9972667638483965,1.0078917638483966,68494.023,2.9337,284925.3406,,9.267578847611029,0.15400,5,5,0.14000
20260429,20260430,SHSE.603201,603201.SH,常润股份,1,1.0073790186744782,1.0006299890150128,1.0090662760893445,1.0006299890150128,1.0090662760893445,54203.334,1.8507,299977.981,,15.790000654173177,0.26400,5,5,0.24000
20260429,20260430,SZSE.301151,301151.SZ,冠龙节能,2,1.0069120834859027,1.0004483705602343,1.0085280117173197,1.0004483705602343,1.0085280117173197,53363.354,1.8113,294236.1381,,17.19472976541159,0.24200,5,5,0.22000
20260429,20260430,SZSE.002036,002036.SZ,联创电子,3,1.0066907726107654,1.0000814719882827,1.0083430977663859,1.0000814719882827,1.0083430977663859,510454.916,6.1667,835502.4642,,7.899999867936195,0.20900,5,5,0.19000
20260429,20260430,SZSE.300543,300543.SZ,朗科智能,4,1.006585573050165,1.0002658366898571,1.0081655071402418,1.0002658366898571,1.0081655071402418,79159.567,3.2928,293810.1093,,9.556567865439758,0.17600,5,5,0.16000
20260429,20260430,SZSE.301296,301296.SZ,新巨丰,5,1.0065192237275724,0.9979860856829,1.0086525082387403,0.9979860856829,1.0086525082387403,47461.711,1.4646,326320.8367,,7.640000142104236,0.15400,5,5,0.14000
20260430,20260506,SHSE.603201,603201.SH,常润股份,1,1.0072808791208792,1.000814652014652,1.0088974358974359,1.000814652014652,1.0088974358974359,41864.292,1.3779,304917.4538,,16.05000066494487,0.26400,5,5,0.24000
20260430,20260506,SZSE.300543,300543.SZ,朗科智能,2,1.006659706959707,1.0006318681318682,1.0081666666666667,1.0006318681318682,1.0081666666666667,46113.151,1.9083,298099.308,,9.696079805081215,0.24200,5,5,0.22000
20260430,20260506,SZSE.301296,301296.SZ,新巨丰,3,1.006443956043956,0.9989010989010989,1.0083296703296702,0.9989010989010989,1.0083296703296702,26894.311,0.8194,326747.9582,,7.650000142290236,0.20900,5,5,0.19000
20260430,20260506,SZSE.002036,002036.SZ,联创电子,4,1.0064308424908426,1.0002641025641026,1.0079725274725275,1.0002641025641026,1.0079725274725275,337866.276,4.1543,812235.307,,7.67999987161392,0.17600,5,5,0.16000
20260430,20260506,SZSE.002835,002835.SZ,同为股份,5,1.0062493406593407,1.0000818681318682,1.0077912087912089,1.0000818681318682,1.0077912087912089,39726.605,2.0195,339996.0991,,15.490000408028262,0.15400,5,5,0.14000
20260506,20260507,SHSE.603201,603201.SH,常润股份,1,1.0073348269581057,1.0004482695810566,1.009056466302368,1.0004482695810566,1.009056466302368,40085.891,1.3221,303967.5552,,16.000000662873394,0.26400,5,5,0.24000
20260506,20260507,SHSE.600741,600741.SH,华域汽车,2,1.0071575956284153,1.0002688524590164,1.008879781420765,1.0002688524590164,1.008879781420765,653186.084,1.125499963760376,5829386.6464,0.3995000123977661,18.49000009114459,0.24200,5,5,0.22000
20260506,20260507,SZSE.002036,002036.SZ,联创电子,3,1.007030382513661,1.0009952641165756,1.0085391621129325,1.0009952641165756,1.0085391621129325,306398.995,3.6714,835502.4642,,7.899999867936195,0.20900,5,5,0.19000
20260506,20260507,SHSE.603917,603917.SH,合力科技,4,1.006367941712204,0.9985428051001821,1.0083242258652094,0.9985428051001821,1.0083242258652094,132935.841,5.1997,253984.64,,12.459999694393746,0.17600,5,5,0.16000
20260506,20260507,SZSE.000733,000733.SZ,振华科技,5,1.0060269581056467,0.9989071038251366,1.0078069216757741,0.9989071038251366,1.0078069216757741,772489.978,3.192199945449829,2410637.0249,1.162500023841858,43.50000187238621,0.15400,5,5,0.14000
20260507,20260508,SZSE.002576,002576.SZ,通达动力,1,1.007168869470235,1.0003227744401966,1.0088803932277444,1.0003227744401966,1.0088803932277444,123890.164,4.0409,313194.7,,18.876344212035008,0.26400,5,5,0.24000
20260507,20260508,SZSE.002146,002146.SZ,荣盛发展,2,1.006186783178591,0.9983615510649918,1.0081430912069906,0.9983615510649918,1.0081430912069906,181068.041,3.4043,582653.956,,1.3399999830105715,0.24200,5,5,0.22000
20260507,20260508,SZSE.300927,300927.SZ,江天化学,3,1.0059858001092299,0.993082104496632,1.0092117240123795,0.993082104496632,1.0092117240123795,233847.282,5.5384,442174.68,,30.62999995621002,0.20900,5,5,0.19000
20260507,20260508,SZSE.002045,002045.SZ,国光电器,4,1.0056930638995085,0.9936282541416348,1.008709266338977,0.9936282541416348,1.008709266338977,232396.098,3.6254,647980.5681,,11.50764964530207,0.17600,5,5,0.16000
20260507,20260508,SHSE.600865,600865.SH,百大集团,5,1.0051847806298926,0.9888949572182778,1.0092572364827963,0.9888949572182778,1.0092572364827963,100019.446,2.2899,435686.2859,,11.580000206451617,0.15400,5,5,0.14000
20260508,20260511,SHSE.601162,601162.SH,天风证券,1,1.0079436896740122,1.0002065197596066,1.0098779821526134,1.0002065197596066,1.0098779821526134,418652.031,1.2901999950408936,3797892.4332,0.1014999970793724,3.7700001043584983,0.26400,5,5,0.24000
20260508,20260511,SHSE.600865,600865.SH,百大集团,2,1.0069990894190495,0.9978146057184484,1.0092952103441997,0.9978146057184484,1.0092952103441997,104478.663,2.3664,442082.3713,,11.750000209482426,0.24200,5,5,0.22000
20260508,20260511,SZSE.002045,002045.SZ,国光电器,3,1.0069743216171918,0.9989073028592241,1.0089910763066836,0.9989073028592241,1.0089910763066836,156803.803,2.4118,653605.3994,,11.607542437361984,0.20900,5,5,0.19000
20260508,20260511,SHSE.601108,601108.SH,财通证券,4,1.0064571116372245,0.9949007466763795,1.0093462028774358,0.9949007466763795,1.0093462028774358,448032.616,1.1434999704360962,3900761.8751,0.19099999964237213,8.399999613204344,0.17600,5,5,0.16000
20260508,20260511,SHSE.600853,600853.SH,龙建股份,5,1.0058597705336005,0.9936259333454744,1.0089182298306318,0.9936259333454744,1.0089182298306318,47407.61,1.161,410546.8986,,4.0499999684347845,0.15400,5,5,0.14000
20260511,20260512,SHSE.601162,601162.SH,天风证券,1,1.0079441995993443,1.0000415224913495,1.009919868876343,1.0000415224913495,1.009919868876343,789175.631,2.4123001098632812,3858336.3446,0.09950000047683716,3.830000049102472,0.26400,5,5,0.24000
20260511,20260512,SZSE.300092,300092.SZ,科新机电,2,1.0072511382261884,0.9974503733381898,1.009701329448188,0.9974503733381898,1.009701329448188,116690.988,3.2573,467313.1003,,16.960872132233725,0.24200,5,5,0.22000
20260511,20260512,SZSE.002045,002045.SZ,国光电器,3,1.0071054452740849,0.9987251866690949,1.0092005099253323,0.9987251866690949,1.0092005099253323,152119.59,2.3385,651917.95,,11.57757459974401,0.20900,5,5,0.19000
20260511,20260512,SHSE.600865,600865.SH,百大集团,4,1.006346384993626,0.9941722819158623,1.0093899107630668,0.9941722819158623,1.0093899107630668,78167.708,1.7799,440577.41,,11.710000208769298,0.17600,5,5,0.16000
20260511,20260512,SHSE.603180,603180.SH,金牌家居,5,1.0043489346202878,0.9901657257330176,1.0078947368421054,0.9901657257330176,1.0078947368421054,23265.889,0.7953,292471.5374,,18.959999673994453,0.15400,5,5,0.14000
20260512,20260513,SHSE.601162,601162.SH,天风证券,1,1.0078266666666666,1.0002043715846995,1.0097322404371585,1.0002043715846995,1.0097322404371585,630584.598,1.9148999452590942,3848262.3594,0.09799999743700027,3.82000005831181,0.26400,5,5,0.24000
20260512,20260513,SZSE.300145,300145.SZ,南方泵业,2,1.0069826229508196,1.0002391621129327,1.0086684881602914,1.0002391621129327,1.0086684881602914,418247.312,4.2846,983163.9224,,5.065772000545258,0.24200,5,5,0.22000
20260512,20260513,SZSE.002045,002045.SZ,国光电器,3,1.0068182149362477,0.9987249544626594,1.0088415300546447,0.9987249544626594,1.0088415300546447,143182.541,2.2061,641230.7705,,11.387778294830175,0.20900,5,5,0.19000
20260512,20260513,SZSE.300092,300092.SZ,科新机电,4,1.0067307832422587,0.9972677595628415,1.009096539162113,0.9972677595628415,1.009096539162113,121626.656,3.4038,459643.2487,,16.68249908434243,0.17600,5,5,0.16000
20260512,20260513,SHSE.600232,600232.SH,金鹰股份,5,1.0060546448087433,0.9938069216757741,1.0091165755919855,0.9938069216757741,1.0091165755919855,89695.445,2.7773,317669.8518,,8.710000252124189,0.15400,5,5,0.14000
20260513,20260514,SZSE.002045,002045.SZ,国光电器,1,1.007076643000182,0.9985436009466594,1.0092099035135627,0.9985436009466594,1.0092099035135627,130480.691,2.0188,647980.5681,,11.50764964530207,0.26400,5,5,0.24000
20260513,20260514,SHSE.603982,603982.SH,泉峰汽车,2,1.0059194611323503,0.9993260513380666,1.0075678135809212,0.9993260513380666,1.0075678135809212,59965.104,2.312,279323.6812,,7.649999892183127,0.24200,5,5,0.22000
20260513,20260514,SHSE.600865,600865.SH,百大集团,3,1.0054614964500272,0.9907154560349536,1.0091480065537957,0.9907154560349536,1.0091480065537957,68700.689,1.587,433428.844,,11.520000205381919,0.20900,5,5,0.19000
20260513,20260514,SHSE.601628,601628.SH,中国人寿,4,1.0035201165119243,0.9825232113599126,1.0087693427999271,0.9825232113599126,1.0087693427999271,2156182.344,0.2838999927043915,103109643.84,0.8370000123977661,36.47999888543019,0.17600,5,5,0.16000
20260513,20260514,SZSE.300092,300092.SZ,科新机电,5,1.002796286182414,0.9787001638448936,1.0088203167667942,0.9787001638448936,1.0088203167667942,118321.608,3.2991,470326.2563,,17.070232972476735,0.15400,5,5,0.14000
20260514,20260515,SZSE.300092,300092.SZ,科新机电,1,1.0069339158929547,0.9956308028399782,1.0097596941561988,0.9956308028399782,1.0097596941561988,113638.959,3.2263,452521.2437,,16.519999292823616,0.26400,5,5,0.24000
20260514,20260515,SZSE.002045,002045.SZ,国光电器,2,1.0069164391043146,0.997815401419989,1.009191698525396,0.997815401419989,1.009191698525396,181738.78,2.8149,643480.703,,11.42773541165414,0.24200,5,5,0.22000
20260514,20260515,SHSE.600865,600865.SH,百大集团,3,1.0061270708174042,0.992718004733297,1.0094793373384308,0.992718004733297,1.0094793373384308,101713.727,2.3723,423270.3555,,11.25000020056828,0.20900,5,5,0.19000
20260514,20260515,SZSE.300443,300443.SZ,金雷股份,4,1.0060192972874566,0.9934462042599672,1.009162570544329,0.9934462042599672,1.009162570544329,543723.949,7.6409,908862.1237,,28.389999340552553,0.17600,5,5,0.16000
20260514,20260515,SHSE.600106,600106.SH,重庆路桥,5,1.005947933733843,0.9925359548516294,1.0093009284543966,0.9925359548516294,1.0093009284543966,201454.567,2.5017,792098.937,,5.960000248766496,0.15400,5,5,0.14000
20260515,20260518,SZSE.300092,300092.SZ,科新机电,1,1.0073637852593267,0.9981801637852593,1.0096596906278434,0.9981801637852593,1.0096596906278434,100075.236,2.8769,453343.0135,,16.5499992915394,0.26400,5,5,0.24000
20260515,20260518,SZSE.300995,300995.SZ,奇德新材,2,1.007235668789809,0.9985441310282075,1.0094085532302093,0.9985441310282075,1.0094085532302093,285547.434,12.5105,318075.1308,,37.8000010704172,0.24200,5,5,0.22000
20260515,20260518,SZSE.002045,002045.SZ,国光电器,3,1.0060535031847135,0.9952684258416743,1.0087497725204733,0.9952684258416743,1.0087497725204733,163531.312,2.5536,634480.9729,,11.267906944358279,0.20900,5,5,0.19000
20260515,20260518,SHSE.603238,603238.SH,诺邦股份,4,1.0053765241128299,0.9898089171974522,1.0092684258416742,0.9898089171974522,1.0092684258416742,152792.488,5.3206,275316.459,,15.163592659771268,0.17600,5,5,0.16000
20260515,20260518,SHSE.600865,600865.SH,百大集团,5,1.004631119199272,0.9876251137397635,1.0088826205641492,0.9876251137397635,1.0088826205641492,90963.145,2.1857,413488.1073,,10.990000195932925,0.15400,5,5,0.14000
20260518,20260519,SHSE.603739,603739.SH,蔚蓝生物,1,1.0070951082014912,0.9981814875431897,1.0093235133660665,0.9981814875431897,1.0093235133660665,149951.735,4.0054,374735.7505,,14.695786309824223,0.26400,5,5,0.24000
20260518,20260519,SZSE.300092,300092.SZ,科新机电,2,1.007032551372977,0.9959992725950173,1.0097908710674668,0.9959992725950173,1.0097908710674668,75553.962,2.2019,449782.011,,16.419999297104347,0.24200,5,5,0.22000
20260518,20260519,SHSE.688631,688631.SH,莱斯信息,3,1.005283869794508,0.9898163302418621,1.0091507546826695,0.9898163302418621,1.0091507546826695,115115.039,3.1519,917066.7,,56.0999989639145,0.20900,5,5,0.19000
20260518,20260519,SZSE.002045,002045.SZ,国光电器,4,1.0052635024549919,0.9923622476813966,1.0084888161483905,0.9923622476813966,1.0084888161483905,127911.692,2.0384,633918.4898,,11.257917665152286,0.17600,5,5,0.16000
20260518,20260519,SHSE.600560,600560.SH,金自天正,5,1.0048867066739409,0.988725222767776,1.008927077650482,0.988725222767776,1.008927077650482,97629.179,3.0245,325404.2025,,14.550000002376173,0.15400,5,5,0.14000
20260519,20260520,SZSE.301090,301090.SZ,华润材料,1,1.0074000728066983,0.9981798325445941,1.0097051328722242,0.9981798325445941,1.0097051328722242,113954.197,0.944,1203000.985,,8.169999678226347,0.26400,5,5,0.24000
20260519,20260520,SZSE.300092,300092.SZ,科新机电,2,1.00677102293411,0.9947215143793229,1.0097834000728068,0.9947215143793229,1.0097834000728068,101105.296,2.9761,445947.0852,,16.27999930309737,0.24200,5,5,0.22000
20260519,20260520,SZSE.000910,000910.SZ,大亚圣象,3,1.0065438660356754,0.99690571532581,1.0089534037131416,0.99690571532581,1.0089534037131416,137558.059,3.7054,386462.635,,7.059999819023791,0.20900,5,5,0.19000
20260519,20260520,SZSE.002045,002045.SZ,国光电器,4,1.0064827084091736,0.9972697488168911,1.0087859483072443,0.9972697488168911,1.0087859483072443,120422.098,1.9121,636168.4223,,11.297874781976251,0.17600,5,5,0.16000
20260519,20260520,SHSE.600560,600560.SH,金自天正,5,1.006344375682563,0.9941754641427011,1.0093866035675283,0.9941754641427011,1.0093866035675283,63066.362,1.9303,328087.9485,,14.67000000239577,0.15400,5,5,0.14000
20260520,20260521,SHSE.603701,603701.SH,德宏股份,1,1.0062917424518005,0.9927246271371408,1.0096835212804656,0.9927246271371408,1.0096835212804656,183523.572,2.7299,675359.1522,,25.800400566808957,0.26400,5,5,0.24000
20260520,20260521,SHSE.600022,600022.SH,山东钢铁,2,1.0053895962168062,0.9925427428155693,1.0086013095671154,0.9925427428155693,1.0086013095671154,85666.277,0.5843,1455043.5393,,1.3599999602849957,0.24200,5,5,0.22000
20260520,20260521,SHSE.600560,600560.SH,金自天正,3,1.0049763550381958,0.9887231720625682,1.0090396507821027,0.9887231720625682,1.0090396507821027,56792.016,1.7428,325627.848,,14.560000002377805,0.20900,5,5,0.19000
20260520,20260521,SHSE.600567,600567.SH,山鹰国际,4,1.0032913786831577,0.9854492542742815,1.0077519097853764,0.9854492542742815,1.0077519097853764,67348.875,0.7858,857813.6496,,1.3599999625744896,0.17600,5,5,0.16000
20260520,20260521,SZSE.300992,300992.SZ,泰福泵业,5,1.0016849763550382,0.9743543106584213,1.0085176427791924,0.9743543106584213,1.0085176427791924,117766.027,4.9349,291289.5697,,30.54999906989269,0.15400,5,5,0.14000
20260521,20260522,SHSE.603701,603701.SH,德宏股份,1,1.0075869841846936,0.9989092892201418,1.0097564079258317,0.9989092892201418,1.0097564079258317,161767.315,2.3799,664120.5904,,25.371059535704937,0.26400,5,5,0.24000
20260521,20260522,SZSE.300992,300992.SZ,泰福泵业,2,1.0059567351390657,0.9927285948009453,1.0092637702235958,0.9927285948009453,1.0092637702235958,94428.764,4.0657,277368.6934,,29.08999911434299,0.24200,5,5,0.22000
20260521,20260522,SZSE.301503,301503.SZ,智迪科技,3,1.0048980185420833,0.987638611161607,1.0092128703872023,0.987638611161607,1.0092128703872023,37944.017,3.2977,272240.0,,34.03000042280688,0.20900,5,5,0.19000
20260521,20260522,SHSE.600560,600560.SH,金自天正,4,1.0028023995637159,0.980730776222505,1.0083203053990184,0.980730776222505,1.0083203053990184,64982.912,1.995,318918.483,,14.260000002328812,0.17600,5,5,0.16000
20260521,20260522,SHSE.688108,688108.SH,赛诺医疗,5,1.0021683330303581,0.9800036357025995,1.0077095073622977,0.9800036357025995,1.0077095073622977,471762.752,5.3453,857637.504,,20.52000042923902,0.15400,5,5,0.14000
20260522,20260525,SHSE.603701,603701.SH,德宏股份,1,1.007921348110465,0.9996866824127908,1.0099800145348836,0.9996866824127908,1.0099800145348836,111207.21,1.6676,667779.6571,,25.510844987692295,0.26400,5,5,0.24000
20260522,20260525,SZSE.300992,300992.SZ,泰福泵业,2,1.0069404069767443,0.9963662790697675,1.0095839389534884,0.9963662790697675,1.0095839389534884,72624.288,3.2358,275938.4664,,28.939999118909803,0.24200,5,5,0.22000
20260522,20260525,SZSE.002679,002679.SZ,福建金森,3,1.004872093023256,0.9894622093023255,1.0087245639534885,0.9894622093023255,1.0087245639534885,198301.117,7.9603,240942.632,,10.219999702157343,0.20900,5,5,0.19000
20260522,20260525,SHSE.600560,600560.SH,金自天正,4,1.0038982558139533,0.9889171511627907,1.007643531976744,0.9889171511627907,1.007643531976744,61784.996,1.9486,320036.7105,,14.310000002336977,0.17600,5,5,0.16000
20260522,20260525,SZSE.001237,001237.SZ,惠康科技,5,1.0007441860465116,0.9734738372093024,1.007561773255814,0.9734738372093024,1.007561773255814,3088321.095,71.0653,1658568.9874,,111.8,0.15400,5,5,0.14000
20260525,20260526,SHSE.603701,603701.SH,德宏股份,1,1.0078663517441862,1.000123909883721,1.0098019622093024,1.000123909883721,1.0098019622093024,125380.048,1.8553,674052.3427,,25.750477191099186,0.26400,5,5,0.24000
20260525,20260526,SZSE.300865,300865.SZ,大宏立,2,1.007375,0.9972747093023255,1.0099000726744185,0.9972747093023255,1.0099000726744185,81267.186,4.6588,289910.4,,30.264325159217346,0.24200,5,5,0.22000
20260525,20260526,SZSE.300522,300522.SZ,世名科技,3,1.006981104651163,0.9974563953488372,1.0093622819767443,0.9974563953488372,1.0093622819767443,127431.244,3.5137,440468.7586,,13.660000617751754,0.20900,5,5,0.19000
20260525,20260526,SHSE.600560,600560.SH,金自天正,4,1.0042928779069766,0.9884629360465116,1.008250363372093,0.9884629360465116,1.008250363372093,64804.378,2.0252,318247.5465,,14.230000002323914,0.17600,5,5,0.16000
20260525,20260526,SZSE.300992,300992.SZ,泰福泵业,5,1.0036119186046513,0.9836482558139535,1.0086028343023254,0.9836482558139535,1.0086028343023254,98468.891,4.2406,282517.5107,,29.629999097902466,0.15400,5,5,0.14000
20260526,20260527,SZSE.300992,300992.SZ,泰福泵业,1,1.0072863372093024,0.9981831395348837,1.009562136627907,0.9981831395348837,1.009562136627907,69324.592,3.1058,272220.0189,,28.54999913078351,0.26400,5,5,0.24000
20260526,20260527,SHSE.603701,603701.SH,德宏股份,2,1.0054622093023258,0.9896438953488372,1.0094167877906977,0.9896438953488372,1.0094167877906977,118895.271,1.7732,678756.8569,,25.930201343654353,0.24200,5,5,0.22000
20260526,20260527,SHSE.600560,600560.SH,金自天正,3,1.0051155523255815,0.9930050872093024,1.0081431686046511,0.9930050872093024,1.0081431686046511,60261.471,1.9413,309972.663,,13.860000002263488,0.20900,5,5,0.19000
20260526,20260527,SZSE.300522,300522.SZ,世名科技,4,1.0050232558139536,0.9909156976744186,1.0085501453488372,0.9909156976744186,1.0085501453488372,123777.445,3.533,432085.0194,,13.40000060599367,0.17600,5,5,0.16000
20260526,20260527,SHSE.688168,688168.SH,安博通,5,1.0025683139534887,0.9783793604651163,1.0086155523255815,0.9783793604651163,1.0086155523255815,209112.456,3.0333,695899.9922,,64.4000005487481,0.15400,5,5,0.14000
20260527,20260528,SHSE.600606,600606.SH,绿地控股,1,1.008120014529604,1.0008180167090446,1.009945513984744,1.0008180167090446,1.009945513984744,121882.466,0.6245999932289124,1953536.3456,0.07999999821186066,1.3899999960036877,0.26400,5,5,0.24000
20260527,20260528,SZSE.300306,300306.SZ,远方信息,2,1.0077422084998184,1.0009994551398473,1.0094278968398112,1.0009994551398473,1.0094278968398112,44979.324,2.535,301233.8314,,11.200000316271494,0.24200,5,5,0.22000
20260527,20260528,SHSE.603273,603273.SH,天元智能,3,1.0055379585906286,0.9949146385760989,1.008193788594261,0.9949146385760989,1.008193788594261,43813.361,5.0487,329185.3824,,15.349375004824914,0.20900,5,5,0.19000
20260527,20260528,SZSE.301511,301511.SZ,德福科技,4,1.0053280058118417,0.9965492190337814,1.0075227025063567,0.9965492190337814,1.0075227025063567,3452331.943,8.6017,6637290.66,,105.30000158639885,0.17600,5,5,0.16000
20260527,20260528,SZSE.300112,300112.SZ,万讯自控,5,1.001840900835452,0.9807482746095169,1.007114057391936,0.9807482746095169,1.007114057391936,78390.518,4.4586,212735.5803,,7.329999734496309,0.15400,5,5,0.14000
20260528,20260529,SZSE.300306,300306.SZ,远方信息,1,1.0075359244460589,1.000636396658191,1.0092608063930257,1.000636396658191,1.0092608063930257,47046.232,2.697,297199.4497,,11.050000312035715,0.26400,5,5,0.24000
20260528,20260529,SZSE.300112,300112.SZ,万讯自控,2,1.0063290955321467,0.998547039593171,1.0082746095168906,0.998547039593171,1.0082746095168906,73042.092,4.2068,213316.0321,,7.349999733771877,0.24200,5,5,0.22000
20260528,20260529,SZSE.300694,300694.SZ,蠡湖股份,3,1.0061045405012714,1.000090446785325,1.0076080639302578,1.000090446785325,1.0076080639302578,63426.124,2.7607,230528.7393,,10.540142756217264,0.20900,5,5,0.19000
20260528,20260529,SHSE.688326,688326.SH,经纬恒润,4,1.0009894660370506,0.9705775517617145,1.0085924446058845,0.9705775517617145,1.0085924446058845,218596.478,2.2636,1049483.4,,87.5,0.17600,5,5,0.16000
20260528,20260529,SZSE.301666,301666.SZ,大普微,5,0.9995343261896114,0.9682164911006175,1.0073637849618597,0.9682164911006175,1.0073637849618597,3665649.475,19.3313,31455561.7196,,721.1,0.15400,5,5,0.14000
20260529,20260601,SHSE.688813,688813.SH,泰金新能,1,1.006955539411551,1.0006331274972757,1.0085361423901198,1.0006331274972757,1.0085361423901198,916281.525,15.9919,2988800.0,,186.8,0.26400,5,5,0.24000
20260529,20260601,SZSE.300306,300306.SZ,远方信息,2,1.0068274609516892,0.9954594987286597,1.0096694515074465,0.9954594987286597,1.0096694515074465,41459.734,2.4296,286710.0573,,10.66000030102269,0.24200,5,5,0.22000
20260529,20260601,SZSE.301439,301439.SZ,泓淋电力,3,1.0067635306937888,0.9989102796948783,1.0087268434435162,0.9989102796948783,1.0087268434435162,237094.581,6.6114,761472.2402,,19.569999831703267,0.20900,5,5,0.19000
20260529,20260601,SHSE.600812,600812.SH,华北制药,4,1.006400835452234,1.000816382128587,1.0077969487831457,1.000816382128587,1.0077969487831457,80596.759,1.0399,778941.588,,4.508997139595529,0.17600,5,5,0.16000
20260529,20260601,SZSE.002660,002660.SZ,茂硕电源,5,1.0057290228841265,0.9970940791863422,1.0078877588085724,0.9970940791863422,1.0078877588085724,60786.553,2.2743,273175.5306,,7.659999722876123,0.15400,5,5,0.14000
20260601,20260602,SZSE.300844,300844.SZ,山水比德,1,1.0069663761801018,1.0008159041394336,1.0085039941902687,1.0008159041394336,1.0085039941902687,69314.146,2.7446,260990.464,,28.000001401963832,0.26400,5,5,0.24000
20260601,20260602,SHSE.603629,603629.SH,利通电子,2,1.0059991648511257,0.9996399782135077,1.0075889615105302,0.9996399782135077,1.0075889615105302,582078.756,1.0412,5683425.12,,216.65999178042628,0.24200,5,5,0.22000
20260601,20260602,SZSE.300306,300306.SZ,远方信息,3,1.0044509803921569,0.9921931735657226,1.0075154320987654,0.9921931735657226,1.0075154320987654,36280.994,2.0997,295854.6558,,11.000000310623788,0.20900,5,5,0.19000
20260601,20260602,SHSE.688635,688635.SH,长进光子,4,1.0018111837327524,0.9751270878721859,1.0084822076978939,0.9751270878721859,1.0084822076978939,4370986.254,37.9396,5580858.6,,595.8,0.17600,5,5,0.16000
20260601,20260602,SZSE.300886,300886.SZ,华业香料,5,0.9997923021060277,0.9645969498910676,1.0085911401597676,0.9645969498910676,1.0085911401597676,50940.493,4.7097,186845.404,,24.980000224197422,0.15400,5,5,0.14000
20260602,20260603,SZSE.300972,300972.SZ,万辰集团,1,1.0060693662611222,0.9985473034319956,1.0079498819684038,0.9985473034319956,1.0079498819684038,562209.465,1.6109000444412231,3782292.4979,10.849499702453613,191.66999004174326,0.26400,5,5,0.24000
20260602,20260603,SZSE.002660,002660.SZ,茂硕电源,2,1.004350826221173,0.9905574723079716,1.0077991646994735,0.9905574723079716,1.0077991646994735,60132.403,2.262,277098.4168,,7.769999718896537,0.24200,5,5,0.22000
20260602,20260603,SZSE.300112,300112.SZ,万讯自控,3,1.0035460323224987,0.9863809696749591,1.0078372979843835,0.9863809696749591,1.0078372979843835,58151.926,3.4587,203448.3517,,7.009999746087192,0.20900,5,5,0.19000
20260602,20260603,SHSE.688285,688285.SH,高铁电气,4,1.0030361358271291,0.9865625567459597,1.0071545305974214,0.9865625567459597,1.0071545305974214,28611.366,0.9453,302537.0901,,8.039999741702914,0.17600,5,5,0.16000
20260602,20260603,SZSE.301666,301666.SZ,大普微,5,0.999651352823679,0.9691301979299074,1.0072816415471217,0.9691301979299074,1.0072816415471217,3976786.157,20.6577,33021578.452,,757.0,0.15400,5,5,0.14000
20260603,20260604,SZSE.300972,300972.SZ,万辰集团,1,1.0054494647069498,0.9970967156595899,1.0075376519687897,0.9970967156595899,1.0075376519687897,468107.186,1.3280999660491943,3806959.1939,10.498499870300293,192.9199899887407,0.26400,5,5,0.24000
20260603,20260604,SZSE.003003,003003.SZ,天元股份,2,1.0046713845037198,0.9918345127925966,1.0078806024315006,0.9918345127925966,1.0078806024315006,71618.632,5.0992,209589.92,,11.860000481346885,0.24200,5,5,0.22000
20260603,20260604,SZSE.002660,002660.SZ,茂硕电源,3,1.0018087461440754,0.9805842859735076,1.0071148611867176,0.9805842859735076,1.0071148611867176,59092.387,2.2201,274245.4086,,7.689999721790783,0.20900,5,5,0.19000
20260603,20260604,SHSE.603506,603506.SH,南都物业,4,1.0016955180547995,0.9782253674469243,1.0075630557067683,0.9782253674469243,1.0075630557067683,35558.343,1.6955,208808.8902,,11.119999984312338,0.17600,5,5,0.16000
20260603,20260604,SHSE.601633,601633.SH,长城汽车,5,1.0004710578842315,0.9740518962075848,1.0070758483033933,0.9740518962075848,1.0070758483033933,493976.568,0.47350001335144043,14532254.924,0.398499995470047,16.989999738471543,0.15400,5,5,0.14000
20260604,20260605,SZSE.300106,300106.SZ,西部牧业,1,1.006363999274179,0.998003992015968,1.0084540010887317,0.998003992015968,1.0084540010887317,249755.527,8.5062,285932.6154,,13.52999978847191,0.26400,5,5,0.24000
20260604,20260605,SZSE.000802,000802.SZ,北京文化,2,1.005861731083288,0.9976410814734168,1.0079168934857556,0.9976410814734168,1.0079168934857556,612157.321,16.8725,345063.9229,,4.820000099448057,0.24200,5,5,0.22000
20260604,20260605,SZSE.003003,003003.SZ,天元股份,3,1.004524768644529,0.9902014153511159,1.0081056069678824,0.9902014153511159,1.0081056069678824,58463.987,4.2867,203758.16,,11.530000467953592,0.20900,5,5,0.19000
20260604,20260605,SZSE.002660,002660.SZ,茂硕电源,4,1.0041357285429142,0.9891126837234622,1.007891489747777,0.9891126837234622,1.007891489747777,45697.516,1.766,267469.5143,,7.499999728664612,0.17600,5,5,0.16000
20260604,20260605,SHSE.688613,688613.SH,奥精医疗,5,1.0010088913082926,0.9771366358192706,1.006976955180548,0.9771366358192706,1.006976955180548,38171.742,1.7164,220720.8288,,16.109999960841485,0.15400,5,5,0.14000
20260605,20260608,SZSE.000802,000802.SZ,北京文化,1,1.007723902792891,1.000258977149075,1.009590134203845,1.000258977149075,1.009590134203845,371874.099,10.8222,348643.4242,,4.870000100479676,0.26400,5,5,0.24000
20260605,20260608,SHSE.688808,688808.SH,联讯仪器,2,1.0068549873050419,1.0000928545520493,1.0085455204932898,1.0000928545520493,1.0085455204932898,3964372.311,9.3777,22022000.0715,,2145.0,0.24200,5,5,0.22000
20260605,20260608,SZSE.003003,003003.SZ,天元股份,3,1.0066449038810301,0.9960101559666305,1.00930359085963,0.9960101559666305,1.00930359085963,54475.153,3.968,206762.4,,11.700000474853168,0.20900,5,5,0.19000
20260605,20260608,SHSE.600697,600697.SH,欧亚集团,4,1.0065883206383752,0.9963728690605731,1.0091421835328256,0.9963728690605731,1.0091421835328256,57212.142,3.2814,179928.6128,,11.30999980071951,0.17600,5,5,0.16000
20260605,20260608,SZSE.300658,300658.SZ,延江股份,5,1.0065226695683713,1.0006147986942329,1.007999637286906,1.0006147986942329,1.007999637286906,258880.246,9.4684,411629.1979,,12.370000199948326,0.15400,5,5,0.14000
20260608,20260609,SZSE.001222,001222.SZ,源飞宠物,1,1.0065058930190391,0.998730734360834,1.0084496826835903,0.998730734360834,1.0084496826835903,43103.729,2.5523,280990.08,0.563,14.72,0.26400,5,5,0.24000
20260608,20260609,SZSE.300106,300106.SZ,西部牧业,2,1.0061838621940165,0.9978241160471442,1.0082737987307344,0.9978241160471442,1.0082737987307344,204013.273,7.5944,261840.7321,1.037,12.389999999999999,0.24200,5,5,0.22000
20260608,20260609,SZSE.002969,002969.SZ,嘉美包装,3,1.0061367180417045,1.000271985494107,1.0076029011786038,1.000271985494107,1.0076029011786038,115260.591,0.6981,1659827.0178,1.4995,15.110000000000001,0.20900,5,5,0.19000
20260608,20260609,SZSE.000802,000802.SZ,北京文化,4,1.0056413417951044,0.9960108794197643,1.0080489573889393,0.9960108794197643,1.0080489573889393,242196.132,7.1808,327882.3168,0.3325,4.58,0.17600,5,5,0.16000
20260608,20260609,SZSE.003003,003003.SZ,天元股份,5,1.0031086128739801,0.986582048957389,1.0072402538531278,0.986582048957389,1.0072402538531278,65928.39,4.9015,199693.6,0.545,11.3,0.15400,5,5,0.14000
20260609,20260610,SZSE.002487,002487.SZ,大金重工,1,1.0072880507706257,1.0008065276518585,1.0089084315503174,1.0008065276518585,1.0089084315503174,1747983.31521,4.5638,4527632.807,3.5165,61.370000000000005,0.26400,5,5,0.24000
20260609,20260610,SZSE.300487,300487.SZ,蓝晓科技,2,1.0061359927470535,0.9969174977334542,1.0084406165004534,0.9969174977334542,1.0084406165004534,526946.14738,3.3544,2675507.1366,2.5745,52.54999999999999,0.24200,5,5,0.22000
20260609,20260610,SHSE.688656,688656.SH,浩欧博,3,1.0060809791477787,0.9999642792384406,1.0076101541251132,0.9999642792384406,1.0076101541251132,58023.864,0.9261,631623.413,5.05055,99.5,0.20900,5,5,0.19000
20260609,20260610,SZSE.001222,001222.SZ,源飞宠物,4,1.0060010879419765,0.9945602901178604,1.0088612873980054,0.9945602901178604,1.0088612873980054,36732.26726,2.1816,285953.22,0.5455,14.980000000000002,0.17600,5,5,0.16000
20260609,20260610,SZSE.002660,002660.SZ,茂硕电源,5,1.0036728921124207,0.9876699909338169,1.0076736174070717,0.9876699909338169,1.0076736174070717,76923.807,2.9631,266399.6362,0.393,7.47,0.15400,5,5,0.14000
20260610,20260611,SHSE.688693,688693.SH,锴威特,1,1.005824383164006,0.9987300435413643,1.007597968069666,0.9987300435413643,1.007597968069666,441518.596,11.6584,697789.4782,10.7085,94.7,0.26400,5,5,0.24000
20260610,20260611,SZSE.301068,301068.SZ,大地海洋,2,1.0055849056603774,0.9963715529753265,1.00788824383164,0.9963715529753265,1.00788824383164,44982.309,1.7139,369540.6653,1.647,26.15,0.24200,5,5,0.22000
20260610,20260611,SZSE.001222,001222.SZ,源飞宠物,3,1.0046603773584906,0.9887518142235123,1.0086375181422351,0.9887518142235123,1.0086375181422351,29231.325,1.744,282517.2,0.5415,14.8,0.20900,5,5,0.19000
20260610,20260611,SHSE.688613,688613.SH,奥精医疗,4,1.004657474600871,0.990021770682148,1.0083164005805516,0.990021770682148,1.0083164005805516,35120.689,1.65,215377.494,0.692,15.72,0.17600,5,5,0.16000
20260610,20260611,SZSE.300642,300642.SZ,透景生命,5,1.004177068214804,0.9891146589259797,1.00794267053701,0.9891146589259797,1.00794267053701,32497.0582,1.8479,208544.0046,0.53163,12.83,0.15400,5,5,0.14000
20260611,20260612,SZSE.000876,000876.SZ,新希望,1,1.0054054446460983,0.9963702359346642,1.0076642468239565,0.9963702359346642,1.0076642468239565,353565.10585,1.1787,2976334.4317,0.191,6.61,0.26400,5,5,0.24000
20260611,20260612,SHSE.688808,688808.SH,联讯仪器,2,1.0053125226860256,0.996551724137931,1.007502722323049,0.996551724137931,1.007502722323049,3739833.162,8.8028,22607200.0734,206.4435,2202.0,0.24200,5,5,0.22000
20260611,20260612,SZSE.000882,000882.SZ,华联股份,3,1.0044079854809436,0.9912885662431942,1.007687840290381,0.9912885662431942,1.007687840290381,75240.11224,1.9675,383229.2726,0.062,1.4,0.20900,5,5,0.19000
20260611,20260612,SHSE.600518,600518.SH,康美药业,4,1.0036137931034483,0.982032667876588,1.0090090744101634,0.982032667876588,1.0090090744101634,287540.044,1.5087,1908387.7432,0.0505,1.3800000000000001,0.17600,5,5,0.16000
20260611,20260612,SHSE.600918,600918.SH,中泰证券,5,0.9967332123411979,0.9945553539019963,0.9972776769509982,0.9945553539019963,0.9972776769509982,202852.826,0.8573,4109618.9769,0.1285,5.19,0.15400,5,5,0.14000
20260612,20260615,SHSE.688808,688808.SH,联讯仪器,1,1.006394592632916,1.0000803846851751,1.0079731446198512,1.0000803846851751,1.0079731446198512,4066089.518,10.0112,21344400.0693,210.143,2079.0,0.26400,5,5,0.24000
20260612,20260615,SHSE.603866,603866.SH,桃李面包,2,1.0063589548176375,1.0008022137543096,1.0077481400834694,1.0008022137543096,1.0077481400834694,129764.028,1.9927,655884.8536,0.11423,4.1,0.24200,5,5,0.22000
20260612,20260615,SZSE.300487,300487.SZ,蓝晓科技,3,1.0056381781890762,0.9981854472872437,1.0075013609145345,0.9981854472872437,1.0075013609145345,358276.00826,2.176,2714710.5713,2.641,53.32,0.20900,5,5,0.19000
20260612,20260615,SZSE.000876,000876.SZ,新希望,4,1.003433133732535,0.9858464888405009,1.0078297949555435,0.9858464888405009,1.0078297949555435,602112.14115,2.0587,2944815.005,0.195,6.54,0.17600,5,5,0.16000
20260612,20260615,SHSE.600918,600918.SH,中泰证券,5,0.9980060606060607,1.0001917982217383,0.9974596262021411,1.0001917982217383,0.9974596262021411,324003.59,1.3444,4228394.0919,0.133,5.34,0.15400,5,5,0.14000
20260615,20260616,SHSE.603409,603409.SH,汇通控股,1,1.0067409008354522,1.0002500908100254,1.0083636033418089,1.0002500908100254,1.0083636033418089,182574.963,15.9513,393591.69,2.1955,31.23,0.26400,5,5,0.24000
20260615,20260616,SZSE.000876,000876.SZ,新希望,2,1.0067015982564476,1.000816382128587,1.0081729022884127,1.000816382128587,1.0081729022884127,456175.19338,1.5568,2962826.1059,0.1985,6.58,0.24200,5,5,0.22000
20260615,20260616,SHSE.600104,600104.SH,上汽集团,3,1.0063775517617146,1.0000897203051218,1.0079495096258626,1.0000897203051218,1.0079495096258626,1166585.13,0.9315,12403404.4268,0.279,10.79,0.20900,5,5,0.19000
20260615,20260616,SHSE.600518,600518.SH,康美药业,4,1.0060239738467127,0.9934616781692699,1.0091645477660733,0.9934616781692699,1.0091645477660733,310967.954,1.6013,1922216.6399,0.0505,1.39,0.17600,5,5,0.16000
20260615,20260616,SZSE.002482,002482.SZ,广田集团,5,1.005503814021068,0.9918270977115874,1.008922993098438,0.9918270977115874,1.008922993098438,110376.599,2.0931,525134.7308,0.058,1.4,0.15400,5,5,0.14000
20260616,20260617,SZSE.002482,002482.SZ,广田集团,1,1.0074340649374207,0.997823326682387,1.009836749501179,0.997823326682387,1.009836749501179,109448.11138,2.1143,525134.736,0.0595,1.4,0.26400,5,5,0.24000
20260616,20260617,SHSE.603409,603409.SH,汇通控股,2,1.006411391257029,1.0007709051333213,1.0078215127879557,1.0007709051333213,1.0078215127879557,133521.566,11.9114,400901.43,2.204,31.81,0.24200,5,5,0.22000
20260616,20260617,SZSE.000876,000876.SZ,新希望,3,1.0055882459640848,0.9965536005804462,1.0078469073099945,0.9965536005804462,1.0078469073099945,227965.28472,0.7786,2935809.4304,0.1985,6.52,0.20900,5,5,0.19000
20260616,20260617,SHSE.600104,600104.SH,上汽集团,4,1.001522220206784,0.980047161255215,1.006890984944676,0.980047161255215,1.006890984944676,732199.876,0.5956,12242470.5375,0.2775,10.65,0.17600,5,5,0.16000
20260616,20260617,SHSE.603866,603866.SH,桃李面包,5,0.9969889352439688,0.9958280428079086,0.9972791583529839,0.9958280428079086,0.9972791583529839,96188.369,1.4502,676681.2216,0.12696,4.23,0.15400,5,5,0.14000
20260617,20260618,SZSE.300255,300255.SZ,常山药业,1,1.0061467416954075,0.9994612452350699,1.007818115810492,0.9994612452350699,1.007818115810492,1897781.10904,7.8348,2290299.7628,2.556,24.92,0.26400,5,5,0.24000
20260617,20260618,SZSE.002482,002482.SZ,广田集团,2,1.002397531312398,0.9780359411871483,1.0084879288437103,0.9780359411871483,1.0084879288437103,76957.9955,1.4793,513881.8488,0.0595,1.37,0.24200,5,5,0.22000
20260617,20260618,SZSE.300965,300965.SZ,恒宇信通,3,0.9963148665819569,0.999726447631149,0.9954619713196587,0.999726447631149,0.9954619713196587,45351.4032,1.7946,279360.4656,2.91405,46.56,0.20900,5,5,0.19000
20260617,20260618,SHSE.603409,603409.SH,汇通控股,4,0.9956393900889453,0.9985273189326557,0.9949174078780177,0.9985273189326557,0.9949174078780177,96179.652,8.4316,399515.1,2.221,31.7,0.17600,5,5,0.16000
20260617,20260618,SHSE.688670,688670.SH,金迪克,5,0.995570884007987,0.9931021964058813,0.9961880559085133,0.9931021964058813,0.9961880559085133,18269.915,1.0313,177038.4,0.9255,14.37,0.15400,5,5,0.14000
