signal_date,buy_date,symbol,stock_code,name,rank,pred_prob,atr_ratio,holding_days,target_pct,source_manifest,source_table,note
20240604,20240605,SZSE.002607,002607.SZ,中公教育,1,0.9897746638894149,0.052617804007668946,6,0.206,D:/work/quant/quant_mcp/quant/main/config/prediction_manifests/executable_10d_open_return_l4_formal_20260617.json,stock_predict_data_model_agent_10d_topgate_fusion_20260622_executable_10d_open_return_research,??formal L4 10D??????????????????/ST/??/???????????????????
20240604,20240605,SHSE.688728,688728.SH,格科微,2,0.9689452755160007,0.040312574725628436,6,0.206,D:/work/quant/quant_mcp/quant/main/config/prediction_manifests/executable_10d_open_return_l4_formal_20260617.json,stock_predict_data_model_agent_10d_topgate_fusion_20260622_executable_10d_open_return_research,??formal L4 10D??????????????????/ST/??/???????????????????
20240604,20240605,SZSE.300142,300142.SZ,沃森生物,3,0.9625071009278545,0.030043414247686143,6,0.2,D:/work/quant/quant_mcp/quant/main/config/prediction_manifests/executable_10d_open_return_l4_formal_20260617.json,stock_predict_data_model_agent_10d_topgate_fusion_20260622_executable_10d_open_return_research,??formal L4 10D??????????????????/ST/??/???????????????????
20240604,20240605,SZSE.300122,300122.SZ,智飞生物,4,0.9613709524711229,0.026490649068695173,6,0.194,D:/work/quant/quant_mcp/quant/main/config/prediction_manifests/executable_10d_open_return_l4_formal_20260617.json,stock_predict_data_model_agent_10d_topgate_fusion_20260622_executable_10d_open_return_research,??formal L4 10D??????????????????/ST/??/???????????????????
20240604,20240605,SZSE.002131,002131.SZ,利欧股份,5,0.961181594395001,0.03173391800479219,6,0.194,D:/work/quant/quant_mcp/quant/main/config/prediction_manifests/executable_10d_open_return_l4_formal_20260617.json,stock_predict_data_model_agent_10d_topgate_fusion_20260622_executable_10d_open_return_research,??formal L4 10D??????????????????/ST/??/???????????????????
20240605,20240606,SZSE.002607,002607.SZ,中公教育,1,0.9742619227857684,0.060169492874264145,6,0.206,D:/work/quant/quant_mcp/quant/main/config/prediction_manifests/executable_10d_open_return_l4_formal_20260617.json,stock_predict_data_model_agent_10d_topgate_fusion_20260622_executable_10d_open_return_research,??formal L4 10D??????????????????/ST/??/???????????????????
20240606,20240607,SZSE.002607,002607.SZ,中公教育,1,0.984670704012112,0.06153846251857855,6,0.206,D:/work/quant/quant_mcp/quant/main/config/prediction_manifests/executable_10d_open_return_l4_formal_20260617.json,stock_predict_data_model_agent_10d_topgate_fusion_20260622_executable_10d_open_return_research,??formal L4 10D??????????????????/ST/??/???????????????????
20240607,20240611,SZSE.002607,002607.SZ,中公教育,1,0.996402196553683,0.06695906439056283,6,0.206,D:/work/quant/quant_mcp/quant/main/config/prediction_manifests/executable_10d_open_return_l4_formal_20260617.json,stock_predict_data_model_agent_10d_topgate_fusion_20260622_executable_10d_open_return_research,??formal L4 10D??????????????????/ST/??/???????????????????
20240611,20240612,SHSE.601162,601162.SH,天风证券,1,0.9793599697027078,0.025941420182193274,6,0.206,D:/work/quant/quant_mcp/quant/main/config/prediction_manifests/executable_10d_open_return_l4_formal_20260617.json,stock_predict_data_model_agent_10d_topgate_fusion_20260622_executable_10d_open_return_research,??formal L4 10D??????????????????/ST/??/???????????????????
20240611,20240612,SHSE.603688,603688.SH,石英股份,2,0.978981253550464,0.035079077776738264,6,0.206,D:/work/quant/quant_mcp/quant/main/config/prediction_manifests/executable_10d_open_return_l4_formal_20260617.json,stock_predict_data_model_agent_10d_topgate_fusion_20260622_executable_10d_open_return_research,??formal L4 10D??????????????????/ST/??/???????????????????
20240612,20240613,SZSE.002607,002607.SZ,中公教育,1,0.9888363292336803,0.06347150643197076,6,0.206,D:/work/quant/quant_mcp/quant/main/config/prediction_manifests/executable_10d_open_return_l4_formal_20260617.json,stock_predict_data_model_agent_10d_topgate_fusion_20260622_executable_10d_open_return_research,??formal L4 10D??????????????????/ST/??/???????????????????
20240612,20240613,SHSE.601162,601162.SH,天风证券,2,0.9810785241248817,0.027848101547871842,6,0.206,D:/work/quant/quant_mcp/quant/main/config/prediction_manifests/executable_10d_open_return_l4_formal_20260617.json,stock_predict_data_model_agent_10d_topgate_fusion_20260622_executable_10d_open_return_research,??formal L4 10D??????????????????/ST/??/???????????????????
20240612,20240613,SZSE.002131,002131.SZ,利欧股份,3,0.9576158940397351,0.0372995574406737,6,0.2,D:/work/quant/quant_mcp/quant/main/config/prediction_manifests/executable_10d_open_return_l4_formal_20260617.json,stock_predict_data_model_agent_10d_topgate_fusion_20260622_executable_10d_open_return_research,??formal L4 10D??????????????????/ST/??/???????????????????
20240613,20240614,SZSE.002607,002607.SZ,中公教育,1,0.9894059780552402,0.065608465943441,6,0.206,D:/work/quant/quant_mcp/quant/main/config/prediction_manifests/executable_10d_open_return_l4_formal_20260617.json,stock_predict_data_model_agent_10d_topgate_fusion_20260622_executable_10d_open_return_research,??formal L4 10D??????????????????/ST/??/???????????????????
20240613,20240614,SHSE.601162,601162.SH,天风证券,2,0.986568293605751,0.030701753896739886,6,0.206,D:/work/quant/quant_mcp/quant/main/config/prediction_manifests/executable_10d_open_return_l4_formal_20260617.json,stock_predict_data_model_agent_10d_topgate_fusion_20260622_executable_10d_open_return_research,??formal L4 10D??????????????????/ST/??/???????????????????
20240613,20240614,SZSE.002131,002131.SZ,利欧股份,3,0.9774877033673856,0.039898842390521716,6,0.2,D:/work/quant/quant_mcp/quant/main/config/prediction_manifests/executable_10d_open_return_l4_formal_20260617.json,stock_predict_data_model_agent_10d_topgate_fusion_20260622_executable_10d_open_return_research,??formal L4 10D??????????????????/ST/??/???????????????????
20240613,20240614,SHSE.603077,603077.SH,和邦生物,4,0.9513810064320848,0.031179315850659372,6,0.194,D:/work/quant/quant_mcp/quant/main/config/prediction_manifests/executable_10d_open_return_l4_formal_20260617.json,stock_predict_data_model_agent_10d_topgate_fusion_20260622_executable_10d_open_return_research,??formal L4 10D??????????????????/ST/??/???????????????????
20240614,20240617,SZSE.002131,002131.SZ,利欧股份,1,1.0082639939485627,0.04660227569418761,6,0.206,D:/work/quant/quant_mcp/quant/main/config/prediction_manifests/executable_10d_open_return_l4_formal_20260617.json,stock_predict_data_model_agent_10d_topgate_fusion_20260622_executable_10d_open_return_research,??formal L4 10D??????????????????/ST/??/???????????????????
20240614,20240617,SZSE.002607,002607.SZ,中公教育,2,0.9909228441754917,0.0683783760620614,6,0.206,D:/work/quant/quant_mcp/quant/main/config/prediction_manifests/executable_10d_open_return_l4_formal_20260617.json,stock_predict_data_model_agent_10d_topgate_fusion_20260622_executable_10d_open_return_research,??formal L4 10D??????????????????/ST/??/???????????????????
20240614,20240617,SZSE.002436,002436.SZ,兴森科技,3,0.9890317700453858,0.042319178130186,6,0.2,D:/work/quant/quant_mcp/quant/main/config/prediction_manifests/executable_10d_open_return_l4_formal_20260617.json,stock_predict_data_model_agent_10d_topgate_fusion_20260622_executable_10d_open_return_research,??formal L4 10D??????????????????/ST/??/???????????????????
20240614,20240617,SHSE.603939,603939.SH,益丰药房,4,0.9869515885022693,0.04568938239433792,6,0.194,D:/work/quant/quant_mcp/quant/main/config/prediction_manifests/executable_10d_open_return_l4_formal_20260617.json,stock_predict_data_model_agent_10d_topgate_fusion_20260622_executable_10d_open_return_research,??formal L4 10D??????????????????/ST/??/???????????????????
20240614,20240617,SHSE.600115,600115.SH,中国东航,5,0.9850605143721634,0.021139240245700148,6,0.194,D:/work/quant/quant_mcp/quant/main/config/prediction_manifests/executable_10d_open_return_l4_formal_20260617.json,stock_predict_data_model_agent_10d_topgate_fusion_20260622_executable_10d_open_return_research,??formal L4 10D??????????????????/ST/??/???????????????????
20240617,20240618,SZSE.002436,002436.SZ,兴森科技,1,0.9897862682050312,0.04354492812205663,6,0.206,D:/work/quant/quant_mcp/quant/main/config/prediction_manifests/executable_10d_open_return_l4_formal_20260617.json,stock_predict_data_model_agent_10d_topgate_fusion_20260622_executable_10d_open_return_research,??formal L4 10D??????????????????/ST/??/???????????????????
20240617,20240618,SZSE.002607,002607.SZ,中公教育,2,0.9886514091167014,0.06793478231925915,6,0.206,D:/work/quant/quant_mcp/quant/main/config/prediction_manifests/executable_10d_open_return_l4_formal_20260617.json,stock_predict_data_model_agent_10d_topgate_fusion_20260622_executable_10d_open_return_research,??formal L4 10D??????????????????/ST/??/???????????????????
20240617,20240618,SHSE.603939,603939.SH,益丰药房,3,0.9867599773028183,0.04697509563691055,6,0.2,D:/work/quant/quant_mcp/quant/main/config/prediction_manifests/executable_10d_open_return_l4_formal_20260617.json,stock_predict_data_model_agent_10d_topgate_fusion_20260622_executable_10d_open_return_research,??formal L4 10D??????????????????/ST/??/???????????????????
20240617,20240618,SHSE.603077,603077.SH,和邦生物,4,0.9856251182144884,0.03529655236438116,6,0.194,D:/work/quant/quant_mcp/quant/main/config/prediction_manifests/executable_10d_open_return_l4_formal_20260617.json,stock_predict_data_model_agent_10d_topgate_fusion_20260622_executable_10d_open_return_research,??formal L4 10D??????????????????/ST/??/???????????????????
20240617,20240618,SHSE.601162,601162.SH,天风证券,5,0.9646302250803859,0.031818181538793844,6,0.194,D:/work/quant/quant_mcp/quant/main/config/prediction_manifests/executable_10d_open_return_l4_formal_20260617.json,stock_predict_data_model_agent_10d_topgate_fusion_20260622_executable_10d_open_return_research,??formal L4 10D??????????????????/ST/??/???????????????????
20240618,20240619,SZSE.002436,002436.SZ,兴森科技,1,0.9905428409305844,0.043908089905630575,6,0.206,D:/work/quant/quant_mcp/quant/main/config/prediction_manifests/executable_10d_open_return_l4_formal_20260617.json,stock_predict_data_model_agent_10d_topgate_fusion_20260622_executable_10d_open_return_research,??formal L4 10D??????????????????/ST/??/???????????????????
20240618,20240619,SZSE.002607,002607.SZ,中公教育,2,0.9886514091167014,0.06648936279364406,6,0.206,D:/work/quant/quant_mcp/quant/main/config/prediction_manifests/executable_10d_open_return_l4_formal_20260617.json,stock_predict_data_model_agent_10d_topgate_fusion_20260622_executable_10d_open_return_research,??formal L4 10D??????????????????/ST/??/???????????????????
20240618,20240619,SZSE.000858,000858.SZ,五粮液,3,0.9799508227728391,0.02127862448200749,6,0.2,D:/work/quant/quant_mcp/quant/main/config/prediction_manifests/executable_10d_open_return_l4_formal_20260617.json,stock_predict_data_model_agent_10d_topgate_fusion_20260622_executable_10d_open_return_research,??formal L4 10D??????????????????/ST/??/???????????????????
20240618,20240619,SHSE.600519,600519.SH,贵州茅台,4,0.9729525250614716,0.015434113942782421,6,0.194,D:/work/quant/quant_mcp/quant/main/config/prediction_manifests/executable_10d_open_return_l4_formal_20260617.json,stock_predict_data_model_agent_10d_topgate_fusion_20260622_executable_10d_open_return_research,??formal L4 10D??????????????????/ST/??/???????????????????
20240618,20240619,SZSE.002131,002131.SZ,利欧股份,5,0.9712502364289768,0.04926171550764333,6,0.194,D:/work/quant/quant_mcp/quant/main/config/prediction_manifests/executable_10d_open_return_l4_formal_20260617.json,stock_predict_data_model_agent_10d_topgate_fusion_20260622_executable_10d_open_return_research,??formal L4 10D??????????????????/ST/??/???????????????????
20240619,20240620,SZSE.002607,002607.SZ,中公教育,1,0.9909228441754917,0.06775956108559669,6,0.206,D:/work/quant/quant_mcp/quant/main/config/prediction_manifests/executable_10d_open_return_l4_formal_20260617.json,stock_predict_data_model_agent_10d_topgate_fusion_20260622_executable_10d_open_return_research,??formal L4 10D??????????????????/ST/??/???????????????????
20240619,20240620,SHSE.603939,603939.SH,益丰药房,2,0.9818456883509834,0.04657492480394059,6,0.206,D:/work/quant/quant_mcp/quant/main/config/prediction_manifests/executable_10d_open_return_l4_formal_20260617.json,stock_predict_data_model_agent_10d_topgate_fusion_20260622_executable_10d_open_return_research,??formal L4 10D??????????????????/ST/??/???????????????????
20240619,20240620,SZSE.002131,002131.SZ,利欧股份,3,0.972768532526475,0.04964605605058675,6,0.2,D:/work/quant/quant_mcp/quant/main/config/prediction_manifests/executable_10d_open_return_l4_formal_20260617.json,stock_predict_data_model_agent_10d_topgate_fusion_20260622_executable_10d_open_return_research,??formal L4 10D??????????????????/ST/??/???????????????????
20240619,20240620,SHSE.603688,603688.SH,石英股份,4,0.970499243570348,0.035010181943542364,6,0.194,D:/work/quant/quant_mcp/quant/main/config/prediction_manifests/executable_10d_open_return_l4_formal_20260617.json,stock_predict_data_model_agent_10d_topgate_fusion_20260622_executable_10d_open_return_research,??formal L4 10D??????????????????/ST/??/???????????????????
20240619,20240620,SHSE.601162,601162.SH,天风证券,5,0.9629349470499243,0.03340425669708384,6,0.194,D:/work/quant/quant_mcp/quant/main/config/prediction_manifests/executable_10d_open_return_l4_formal_20260617.json,stock_predict_data_model_agent_10d_topgate_fusion_20260622_executable_10d_open_return_research,??formal L4 10D??????????????????/ST/??/???????????????????
20240620,20240621,SZSE.002607,002607.SZ,中公教育,1,0.992624810892587,0.06960227542515317,6,0.206,D:/work/quant/quant_mcp/quant/main/config/prediction_manifests/executable_10d_open_return_l4_formal_20260617.json,stock_predict_data_model_agent_10d_topgate_fusion_20260622_executable_10d_open_return_research,??formal L4 10D??????????????????/ST/??/???????????????????
20240620,20240621,SHSE.603233,603233.SH,大参林,2,0.9865733736762481,0.040057485220194526,6,0.206,D:/work/quant/quant_mcp/quant/main/config/prediction_manifests/executable_10d_open_return_l4_formal_20260617.json,stock_predict_data_model_agent_10d_topgate_fusion_20260622_executable_10d_open_return_research,??formal L4 10D??????????????????/ST/??/???????????????????
20240620,20240621,SHSE.603688,603688.SH,石英股份,3,0.9795763993948563,0.035742712213812304,6,0.2,D:/work/quant/quant_mcp/quant/main/config/prediction_manifests/executable_10d_open_return_l4_formal_20260617.json,stock_predict_data_model_agent_10d_topgate_fusion_20260622_executable_10d_open_return_research,??formal L4 10D??????????????????/ST/??/???????????????????
20240620,20240621,SZSE.002131,002131.SZ,利欧股份,4,0.9763615733736762,0.052890739222198675,6,0.194,D:/work/quant/quant_mcp/quant/main/config/prediction_manifests/executable_10d_open_return_l4_formal_20260617.json,stock_predict_data_model_agent_10d_topgate_fusion_20260622_executable_10d_open_return_research,??formal L4 10D??????????????????/ST/??/???????????????????
20240620,20240621,SHSE.600606,600606.SH,绿地控股,5,0.9752269288956127,0.05239725753653207,6,0.194,D:/work/quant/quant_mcp/quant/main/config/prediction_manifests/executable_10d_open_return_l4_formal_20260617.json,stock_predict_data_model_agent_10d_topgate_fusion_20260622_executable_10d_open_return_research,??formal L4 10D??????????????????/ST/??/???????????????????
20240621,20240624,SZSE.002607,002607.SZ,中公教育,1,0.99357034795764,0.07147058743298199,6,0.206,D:/work/quant/quant_mcp/quant/main/config/prediction_manifests/executable_10d_open_return_l4_formal_20260617.json,stock_predict_data_model_agent_10d_topgate_fusion_20260622_executable_10d_open_return_research,??formal L4 10D??????????????????/ST/??/???????????????????
20240621,20240624,SHSE.688017,688017.SH,绿的谐波,2,0.9801437216338881,0.05957283769343437,6,0.206,D:/work/quant/quant_mcp/quant/main/config/prediction_manifests/executable_10d_open_return_l4_formal_20260617.json,stock_predict_data_model_agent_10d_topgate_fusion_20260622_executable_10d_open_return_research,??formal L4 10D??????????????????/ST/??/???????????????????
20240621,20240624,SHSE.603939,603939.SH,益丰药房,3,0.9793872919818457,0.049686022872318776,6,0.2,D:/work/quant/quant_mcp/quant/main/config/prediction_manifests/executable_10d_open_return_l4_formal_20260617.json,stock_predict_data_model_agent_10d_topgate_fusion_20260622_executable_10d_open_return_research,??formal L4 10D??????????????????/ST/??/???????????????????
20240621,20240624,SHSE.603233,603233.SH,大参林,4,0.9786308623298033,0.03962790140582383,6,0.194,D:/work/quant/quant_mcp/quant/main/config/prediction_manifests/executable_10d_open_return_l4_formal_20260617.json,stock_predict_data_model_agent_10d_topgate_fusion_20260622_executable_10d_open_return_research,??formal L4 10D??????????????????/ST/??/???????????????????
20240621,20240624,SHSE.600606,600606.SH,绿地控股,5,0.9725794251134644,0.04930555484495133,6,0.194,D:/work/quant/quant_mcp/quant/main/config/prediction_manifests/executable_10d_open_return_l4_formal_20260617.json,stock_predict_data_model_agent_10d_topgate_fusion_20260622_executable_10d_open_return_research,??formal L4 10D??????????????????/ST/??/???????????????????
20240624,20240625,SZSE.002607,002607.SZ,中公教育,1,0.9914917753828701,0.07393939686492373,6,0.206,D:/work/quant/quant_mcp/quant/main/config/prediction_manifests/executable_10d_open_return_l4_formal_20260617.json,stock_predict_data_model_agent_10d_topgate_fusion_20260622_executable_10d_open_return_research,??formal L4 10D??????????????????/ST/??/???????????????????
20240624,20240625,SHSE.603939,603939.SH,益丰药房,2,0.9820381924749481,0.05190110363703258,6,0.206,D:/work/quant/quant_mcp/quant/main/config/prediction_manifests/executable_10d_open_return_l4_formal_20260617.json,stock_predict_data_model_agent_10d_topgate_fusion_20260622_executable_10d_open_return_research,??formal L4 10D??????????????????/ST/??/???????????????????
20240624,20240625,SHSE.688017,688017.SH,绿的谐波,3,0.9810928341841558,0.061834836749157074,6,0.2,D:/work/quant/quant_mcp/quant/main/config/prediction_manifests/executable_10d_open_return_l4_formal_20260617.json,stock_predict_data_model_agent_10d_topgate_fusion_20260622_executable_10d_open_return_research,??formal L4 10D??????????????????/ST/??/???????????????????
20240624,20240625,SHSE.603233,603233.SH,大参林,4,0.9801474758933636,0.0411777605939344,6,0.194,D:/work/quant/quant_mcp/quant/main/config/prediction_manifests/executable_10d_open_return_l4_formal_20260617.json,stock_predict_data_model_agent_10d_topgate_fusion_20260622_executable_10d_open_return_research,??formal L4 10D??????????????????/ST/??/???????????????????
20240624,20240625,SHSE.603688,603688.SH,石英股份,5,0.9769332577046701,0.03418718978355566,6,0.194,D:/work/quant/quant_mcp/quant/main/config/prediction_manifests/executable_10d_open_return_l4_formal_20260617.json,stock_predict_data_model_agent_10d_topgate_fusion_20260622_executable_10d_open_return_research,??formal L4 10D??????????????????/ST/??/???????????????????
20240625,20240626,SZSE.002607,002607.SZ,中公教育,1,0.9880772142316427,0.07394208239956067,6,0.206,D:/work/quant/quant_mcp/quant/main/config/prediction_manifests/executable_10d_open_return_l4_formal_20260617.json,stock_predict_data_model_agent_10d_topgate_fusion_20260622_executable_10d_open_return_research,??formal L4 10D??????????????????/ST/??/???????????????????
20240625,20240626,SHSE.603688,603688.SH,石英股份,2,0.9823996971990916,0.03522468248009369,6,0.206,D:/work/quant/quant_mcp/quant/main/config/prediction_manifests/executable_10d_open_return_l4_formal_20260617.json,stock_predict_data_model_agent_10d_topgate_fusion_20260622_executable_10d_open_return_research,??formal L4 10D??????????????????/ST/??/???????????????????
20240625,20240626,SHSE.603233,603233.SH,大参林,3,0.9816426949280848,0.04074997149997308,6,0.2,D:/work/quant/quant_mcp/quant/main/config/prediction_manifests/executable_10d_open_return_l4_formal_20260617.json,stock_predict_data_model_agent_10d_topgate_fusion_20260622_executable_10d_open_return_research,??formal L4 10D??????????????????/ST/??/???????????????????
20240625,20240626,SHSE.603939,603939.SH,益丰药房,4,0.9759651778955337,0.05133952526270386,6,0.194,D:/work/quant/quant_mcp/quant/main/config/prediction_manifests/executable_10d_open_return_l4_formal_20260617.json,stock_predict_data_model_agent_10d_topgate_fusion_20260622_executable_10d_open_return_research,??formal L4 10D??????????????????/ST/??/???????????????????
20240625,20240626,SZSE.002466,002466.SZ,天齐锂业,5,0.9746404239212718,0.03124981699142071,6,0.194,D:/work/quant/quant_mcp/quant/main/config/prediction_manifests/executable_10d_open_return_l4_formal_20260617.json,stock_predict_data_model_agent_10d_topgate_fusion_20260622_executable_10d_open_return_research,??formal L4 10D??????????????????/ST/??/???????????????????
20240626,20240627,SZSE.002607,002607.SZ,中公教育,1,0.9952749952749953,0.07974683566650628,6,0.206,D:/work/quant/quant_mcp/quant/main/config/prediction_manifests/executable_10d_open_return_l4_formal_20260617.json,stock_predict_data_model_agent_10d_topgate_fusion_20260622_executable_10d_open_return_research,??formal L4 10D??????????????????/ST/??/???????????????????
20240626,20240627,SHSE.600606,600606.SH,绿地控股,2,0.9846909846909847,0.04821428809365707,6,0.206,D:/work/quant/quant_mcp/quant/main/config/prediction_manifests/executable_10d_open_return_l4_formal_20260617.json,stock_predict_data_model_agent_10d_topgate_fusion_20260622_executable_10d_open_return_research,??formal L4 10D??????????????????/ST/??/???????????????????
20240626,20240627,SHSE.603688,603688.SH,石英股份,3,0.9837459837459838,0.03515150947079171,6,0.2,D:/work/quant/quant_mcp/quant/main/config/prediction_manifests/executable_10d_open_return_l4_formal_20260617.json,stock_predict_data_model_agent_10d_topgate_fusion_20260622_executable_10d_open_return_research,??formal L4 10D??????????????????/ST/??/???????????????????
20240626,20240627,SZSE.300450,300450.SZ,先导智能,4,0.9752409752409752,0.03150495761029011,6,0.194,D:/work/quant/quant_mcp/quant/main/config/prediction_manifests/executable_10d_open_return_l4_formal_20260617.json,stock_predict_data_model_agent_10d_topgate_fusion_20260622_executable_10d_open_return_research,??formal L4 10D??????????????????/ST/??/???????????????????
20240626,20240627,SHSE.688017,688017.SH,绿的谐波,5,0.972972972972973,0.05930918619160675,6,0.194,D:/work/quant/quant_mcp/quant/main/config/prediction_manifests/executable_10d_open_return_l4_formal_20260617.json,stock_predict_data_model_agent_10d_topgate_fusion_20260622_executable_10d_open_return_research,??formal L4 10D??????????????????/ST/??/???????????????????
20240627,20240628,SZSE.002607,002607.SZ,中公教育,1,0.9958404235205143,0.08355263645363216,6,0.206,D:/work/quant/quant_mcp/quant/main/config/prediction_manifests/executable_10d_open_return_l4_formal_20260617.json,stock_predict_data_model_agent_10d_topgate_fusion_20260622_executable_10d_open_return_research,??formal L4 10D??????????????????/ST/??/???????????????????
20240627,20240628,SHSE.603688,603688.SH,石英股份,2,0.9846851956891662,0.035041378812730194,6,0.206,D:/work/quant/quant_mcp/quant/main/config/prediction_manifests/executable_10d_open_return_l4_formal_20260617.json,stock_predict_data_model_agent_10d_topgate_fusion_20260622_executable_10d_open_return_research,??formal L4 10D??????????????????/ST/??/???????????????????
20240627,20240628,SHSE.603939,603939.SH,益丰药房,3,0.9799584042352052,0.0542798522892903,6,0.2,D:/work/quant/quant_mcp/quant/main/config/prediction_manifests/executable_10d_open_return_l4_formal_20260617.json,stock_predict_data_model_agent_10d_topgate_fusion_20260622_executable_10d_open_return_research,??formal L4 10D??????????????????/ST/??/???????????????????
20240627,20240628,SHSE.603233,603233.SH,大参林,4,0.9784458309699376,0.0425600025765017,6,0.194,D:/work/quant/quant_mcp/quant/main/config/prediction_manifests/executable_10d_open_return_l4_formal_20260617.json,stock_predict_data_model_agent_10d_topgate_fusion_20260622_executable_10d_open_return_research,??formal L4 10D??????????????????/ST/??/???????????????????
20240627,20240628,SHSE.688017,688017.SH,绿的谐波,5,0.9763660427301948,0.0609567954750252,6,0.194,D:/work/quant/quant_mcp/quant/main/config/prediction_manifests/executable_10d_open_return_l4_formal_20260617.json,stock_predict_data_model_agent_10d_topgate_fusion_20260622_executable_10d_open_return_research,??formal L4 10D??????????????????/ST/??/???????????????????
20240628,20240701,SZSE.002607,002607.SZ,中公教育,1,0.995085995085995,0.08398693060708656,6,0.206,D:/work/quant/quant_mcp/quant/main/config/prediction_manifests/executable_10d_open_return_l4_formal_20260617.json,stock_predict_data_model_agent_10d_topgate_fusion_20260622_executable_10d_open_return_research,??formal L4 10D??????????????????/ST/??/???????????????????
20240628,20240701,SHSE.603939,603939.SH,益丰药房,2,0.9879039879039879,0.05749507144497753,6,0.206,D:/work/quant/quant_mcp/quant/main/config/prediction_manifests/executable_10d_open_return_l4_formal_20260617.json,stock_predict_data_model_agent_10d_topgate_fusion_20260622_executable_10d_open_return_research,??formal L4 10D??????????????????/ST/??/???????????????????
20240628,20240701,SHSE.603233,603233.SH,大参林,3,0.986958986958987,0.04446424070131809,6,0.2,D:/work/quant/quant_mcp/quant/main/config/prediction_manifests/executable_10d_open_return_l4_formal_20260617.json,stock_predict_data_model_agent_10d_topgate_fusion_20260622_executable_10d_open_return_research,??formal L4 10D??????????????????/ST/??/???????????????????
20240628,20240701,SHSE.603688,603688.SH,石英股份,4,0.9858249858249858,0.03602290959900672,6,0.194,D:/work/quant/quant_mcp/quant/main/config/prediction_manifests/executable_10d_open_return_l4_formal_20260617.json,stock_predict_data_model_agent_10d_topgate_fusion_20260622_executable_10d_open_return_research,??formal L4 10D??????????????????/ST/??/???????????????????
20240628,20240701,SHSE.603806,603806.SH,福斯特,5,0.97996597996598,0.03536055568047599,6,0.194,D:/work/quant/quant_mcp/quant/main/config/prediction_manifests/executable_10d_open_return_l4_formal_20260617.json,stock_predict_data_model_agent_10d_topgate_fusion_20260622_executable_10d_open_return_research,??formal L4 10D??????????????????/ST/??/???????????????????
20240701,20240702,SZSE.002607,002607.SZ,中公教育,1,0.995273208546039,0.08300654130112223,6,0.206,D:/work/quant/quant_mcp/quant/main/config/prediction_manifests/executable_10d_open_return_l4_formal_20260617.json,stock_predict_data_model_agent_10d_topgate_fusion_20260622_executable_10d_open_return_research,??formal L4 10D??????????????????/ST/??/???????????????????
20240701,20240702,SHSE.603806,603806.SH,福斯特,2,0.9869540555870675,0.036922438876107674,6,0.206,D:/work/quant/quant_mcp/quant/main/config/prediction_manifests/executable_10d_open_return_l4_formal_20260617.json,stock_predict_data_model_agent_10d_topgate_fusion_20260622_executable_10d_open_return_research,??formal L4 10D??????????????????/ST/??/???????????????????
20240701,20240702,SHSE.603688,603688.SH,石英股份,3,0.9865759122707506,0.03565419332426158,6,0.2,D:/work/quant/quant_mcp/quant/main/config/prediction_manifests/executable_10d_open_return_l4_formal_20260617.json,stock_predict_data_model_agent_10d_topgate_fusion_20260622_executable_10d_open_return_research,??formal L4 10D??????????????????/ST/??/???????????????????
20240701,20240702,SHSE.688017,688017.SH,绿的谐波,4,0.9843070523728493,0.058688241628534074,6,0.194,D:/work/quant/quant_mcp/quant/main/config/prediction_manifests/executable_10d_open_return_l4_formal_20260617.json,stock_predict_data_model_agent_10d_topgate_fusion_20260622_executable_10d_open_return_research,??formal L4 10D??????????????????/ST/??/???????????????????
20240701,20240702,SHSE.688111,688111.SH,金山办公,5,0.9833616940820571,0.049231936753189404,6,0.194,D:/work/quant/quant_mcp/quant/main/config/prediction_manifests/executable_10d_open_return_l4_formal_20260617.json,stock_predict_data_model_agent_10d_topgate_fusion_20260622_executable_10d_open_return_research,??formal L4 10D??????????????????/ST/??/???????????????????
20240702,20240703,SHSE.603806,603806.SH,福斯特,1,0.9960302457466919,0.03882910094418773,6,0.206,D:/work/quant/quant_mcp/quant/main/config/prediction_manifests/executable_10d_open_return_l4_formal_20260617.json,stock_predict_data_model_agent_10d_topgate_fusion_20260622_executable_10d_open_return_research,??formal L4 10D??????????????????/ST/??/???????????????????
20240702,20240703,SZSE.002607,002607.SZ,中公教育,2,0.9941398865784499,0.07656250141193642,6,0.206,D:/work/quant/quant_mcp/quant/main/config/prediction_manifests/executable_10d_open_return_l4_formal_20260617.json,stock_predict_data_model_agent_10d_topgate_fusion_20260622_executable_10d_open_return_research,??formal L4 10D??????????????????/ST/??/???????????????????
20240702,20240703,SHSE.688017,688017.SH,绿的谐波,3,0.9933837429111532,0.06172931502909985,6,0.2,D:/work/quant/quant_mcp/quant/main/config/prediction_manifests/executable_10d_open_return_l4_formal_20260617.json,stock_predict_data_model_agent_10d_topgate_fusion_20260622_executable_10d_open_return_research,??formal L4 10D??????????????????/ST/??/???????????????????
20240702,20240703,SHSE.603688,603688.SH,石英股份,4,0.991304347826087,0.03734018995081422,6,0.194,D:/work/quant/quant_mcp/quant/main/config/prediction_manifests/executable_10d_open_return_l4_formal_20260617.json,stock_predict_data_model_agent_10d_topgate_fusion_20260622_executable_10d_open_return_research,??formal L4 10D??????????????????/ST/??/???????????????????
20240702,20240703,SHSE.688111,688111.SH,金山办公,5,0.9882797731568999,0.0497830982602677,6,0.194,D:/work/quant/quant_mcp/quant/main/config/prediction_manifests/executable_10d_open_return_l4_formal_20260617.json,stock_predict_data_model_agent_10d_topgate_fusion_20260622_executable_10d_open_return_research,??formal L4 10D??????????????????/ST/??/???????????????????
20240703,20240704,SHSE.603806,603806.SH,福斯特,1,0.9958419958419958,0.04071915275727675,6,0.206,D:/work/quant/quant_mcp/quant/main/config/prediction_manifests/executable_10d_open_return_l4_formal_20260617.json,stock_predict_data_model_agent_10d_topgate_fusion_20260622_executable_10d_open_return_research,??formal L4 10D??????????????????/ST/??/???????????????????
20240703,20240704,SHSE.603688,603688.SH,石英股份,2,0.9941409941409941,0.03887115417173709,6,0.206,D:/work/quant/quant_mcp/quant/main/config/prediction_manifests/executable_10d_open_return_l4_formal_20260617.json,stock_predict_data_model_agent_10d_topgate_fusion_20260622_executable_10d_open_return_research,??formal L4 10D??????????????????/ST/??/???????????????????
20240703,20240704,SHSE.603939,603939.SH,益丰药房,3,0.9937629937629938,0.058665312982321804,6,0.2,D:/work/quant/quant_mcp/quant/main/config/prediction_manifests/executable_10d_open_return_l4_formal_20260617.json,stock_predict_data_model_agent_10d_topgate_fusion_20260622_executable_10d_open_return_research,??formal L4 10D??????????????????/ST/??/???????????????????
20240703,20240704,SHSE.688017,688017.SH,绿的谐波,4,0.993006993006993,0.06247278360343163,6,0.194,D:/work/quant/quant_mcp/quant/main/config/prediction_manifests/executable_10d_open_return_l4_formal_20260617.json,stock_predict_data_model_agent_10d_topgate_fusion_20260622_executable_10d_open_return_research,??formal L4 10D??????????????????/ST/??/???????????????????
20240703,20240704,SHSE.688111,688111.SH,金山办公,5,0.9905499905499906,0.05081918472783865,6,0.194,D:/work/quant/quant_mcp/quant/main/config/prediction_manifests/executable_10d_open_return_l4_formal_20260617.json,stock_predict_data_model_agent_10d_topgate_fusion_20260622_executable_10d_open_return_research,??formal L4 10D??????????????????/ST/??/???????????????????
20240704,20240705,SZSE.002607,002607.SZ,中公教育,1,0.9939531368102796,0.07451613435857563,6,0.206,D:/work/quant/quant_mcp/quant/main/config/prediction_manifests/executable_10d_open_return_l4_formal_20260617.json,stock_predict_data_model_agent_10d_topgate_fusion_20260622_executable_10d_open_return_research,??formal L4 10D??????????????????/ST/??/???????????????????
20240704,20240705,SHSE.603806,603806.SH,福斯特,2,0.9930083144368859,0.0409705852099092,6,0.206,D:/work/quant/quant_mcp/quant/main/config/prediction_manifests/executable_10d_open_return_l4_formal_20260617.json,stock_predict_data_model_agent_10d_topgate_fusion_20260622_executable_10d_open_return_research,??formal L4 10D??????????????????/ST/??/???????????????????
20240704,20240705,SHSE.603688,603688.SH,石英股份,3,0.9928193499622071,0.04069215428557364,6,0.2,D:/work/quant/quant_mcp/quant/main/config/prediction_manifests/executable_10d_open_return_l4_formal_20260617.json,stock_predict_data_model_agent_10d_topgate_fusion_20260622_executable_10d_open_return_research,??formal L4 10D??????????????????/ST/??/???????????????????
20240704,20240705,SHSE.688111,688111.SH,金山办公,4,0.9926303854875284,0.052938852596078945,6,0.194,D:/work/quant/quant_mcp/quant/main/config/prediction_manifests/executable_10d_open_return_l4_formal_20260617.json,stock_predict_data_model_agent_10d_topgate_fusion_20260622_executable_10d_open_return_research,??formal L4 10D??????????????????/ST/??/???????????????????
20240704,20240705,SHSE.603939,603939.SH,益丰药房,5,0.9924414210128496,0.05754029072085473,6,0.194,D:/work/quant/quant_mcp/quant/main/config/prediction_manifests/executable_10d_open_return_l4_formal_20260617.json,stock_predict_data_model_agent_10d_topgate_fusion_20260622_executable_10d_open_return_research,??formal L4 10D??????????????????/ST/??/???????????????????
20240705,20240708,SHSE.603688,603688.SH,石英股份,1,0.9941421012849584,0.03909406554536474,6,0.206,D:/work/quant/quant_mcp/quant/main/config/prediction_manifests/executable_10d_open_return_l4_formal_20260617.json,stock_predict_data_model_agent_10d_topgate_fusion_20260622_executable_10d_open_return_research,??formal L4 10D??????????????????/ST/??/???????????????????
20240705,20240708,SHSE.688017,688017.SH,绿的谐波,2,0.9937641723356009,0.062386899790388785,6,0.206,D:/work/quant/quant_mcp/quant/main/config/prediction_manifests/executable_10d_open_return_l4_formal_20260617.json,stock_predict_data_model_agent_10d_topgate_fusion_20260622_executable_10d_open_return_research,??formal L4 10D??????????????????/ST/??/???????????????????
20240705,20240708,SHSE.603806,603806.SH,福斯特,3,0.9933862433862434,0.03973146388050429,6,0.2,D:/work/quant/quant_mcp/quant/main/config/prediction_manifests/executable_10d_open_return_l4_formal_20260617.json,stock_predict_data_model_agent_10d_topgate_fusion_20260622_executable_10d_open_return_research,??formal L4 10D??????????????????/ST/??/???????????????????
20240705,20240708,SHSE.603939,603939.SH,益丰药房,4,0.9931972789115646,0.05767226072535054,6,0.194,D:/work/quant/quant_mcp/quant/main/config/prediction_manifests/executable_10d_open_return_l4_formal_20260617.json,stock_predict_data_model_agent_10d_topgate_fusion_20260622_executable_10d_open_return_research,??formal L4 10D??????????????????/ST/??/???????????????????
20240705,20240708,SHSE.688111,688111.SH,金山办公,5,0.9884731670445956,0.052378376732914435,6,0.194,D:/work/quant/quant_mcp/quant/main/config/prediction_manifests/executable_10d_open_return_l4_formal_20260617.json,stock_predict_data_model_agent_10d_topgate_fusion_20260622_executable_10d_open_return_research,??formal L4 10D??????????????????/ST/??/???????????????????
20240708,20240709,SHSE.603688,603688.SH,石英股份,1,0.9956513518623559,0.04083414927131698,6,0.206,D:/work/quant/quant_mcp/quant/main/config/prediction_manifests/executable_10d_open_return_l4_formal_20260617.json,stock_predict_data_model_agent_10d_topgate_fusion_20260622_executable_10d_open_return_research,??formal L4 10D??????????????????/ST/??/???????????????????
20240708,20240709,SHSE.688017,688017.SH,绿的谐波,2,0.9950841368878806,0.06268210950879179,6,0.206,D:/work/quant/quant_mcp/quant/main/config/prediction_manifests/executable_10d_open_return_l4_formal_20260617.json,stock_predict_data_model_agent_10d_topgate_fusion_20260622_executable_10d_open_return_research,??formal L4 10D??????????????????/ST/??/???????????????????
20240708,20240709,SZSE.002459,002459.SZ,晶澳科技,3,0.9926262053318208,0.049741151687285434,6,0.2,D:/work/quant/quant_mcp/quant/main/config/prediction_manifests/executable_10d_open_return_l4_formal_20260617.json,stock_predict_data_model_agent_10d_topgate_fusion_20260622_executable_10d_open_return_research,??formal L4 10D??????????????????/ST/??/???????????????????
20240708,20240709,SHSE.603806,603806.SH,福斯特,4,0.9907354887502363,0.04056872735247891,6,0.194,D:/work/quant/quant_mcp/quant/main/config/prediction_manifests/executable_10d_open_return_l4_formal_20260617.json,stock_predict_data_model_agent_10d_topgate_fusion_20260622_executable_10d_open_return_research,??formal L4 10D??????????????????/ST/??/???????????????????
20240708,20240709,SHSE.603939,603939.SH,益丰药房,5,0.9892229154849688,0.05463724400192843,6,0.194,D:/work/quant/quant_mcp/quant/main/config/prediction_manifests/executable_10d_open_return_l4_formal_20260617.json,stock_predict_data_model_agent_10d_topgate_fusion_20260622_executable_10d_open_return_research,??formal L4 10D??????????????????/ST/??/???????????????????
20240709,20240710,SZSE.002459,002459.SZ,晶澳科技,1,0.9973539973539973,0.0486781400564119,6,0.206,D:/work/quant/quant_mcp/quant/main/config/prediction_manifests/executable_10d_open_return_l4_formal_20260617.json,stock_predict_data_model_agent_10d_topgate_fusion_20260622_executable_10d_open_return_research,??formal L4 10D??????????????????/ST/??/???????????????????
20240709,20240710,SHSE.688017,688017.SH,绿的谐波,2,0.9933849933849934,0.060015248763645494,6,0.206,D:/work/quant/quant_mcp/quant/main/config/prediction_manifests/executable_10d_open_return_l4_formal_20260617.json,stock_predict_data_model_agent_10d_topgate_fusion_20260622_executable_10d_open_return_research,??formal L4 10D??????????????????/ST/??/???????????????????
20240709,20240710,SHSE.603688,603688.SH,石英股份,3,0.9928179928179928,0.03957687469870656,6,0.2,D:/work/quant/quant_mcp/quant/main/config/prediction_manifests/executable_10d_open_return_l4_formal_20260617.json,stock_predict_data_model_agent_10d_topgate_fusion_20260622_executable_10d_open_return_research,??formal L4 10D??????????????????/ST/??/???????????????????
20240709,20240710,SHSE.603939,603939.SH,益丰药房,4,0.9924399924399925,0.0575607609624141,6,0.194,D:/work/quant/quant_mcp/quant/main/config/prediction_manifests/executable_10d_open_return_l4_formal_20260617.json,stock_predict_data_model_agent_10d_topgate_fusion_20260622_executable_10d_open_return_research,??formal L4 10D??????????????????/ST/??/???????????????????
20240709,20240710,SZSE.002607,002607.SZ,中公教育,5,0.9897939897939898,0.0706896532123372,6,0.194,D:/work/quant/quant_mcp/quant/main/config/prediction_manifests/executable_10d_open_return_l4_formal_20260617.json,stock_predict_data_model_agent_10d_topgate_fusion_20260622_executable_10d_open_return_research,??formal L4 10D??????????????????/ST/??/???????????????????
20240710,20240711,SZSE.002459,002459.SZ,晶澳科技,1,0.9952767806536935,0.05004391033504238,6,0.206,D:/work/quant/quant_mcp/quant/main/config/prediction_manifests/executable_10d_open_return_l4_formal_20260617.json,stock_predict_data_model_agent_10d_topgate_fusion_20260622_executable_10d_open_return_research,??formal L4 10D??????????????????/ST/??/???????????????????
20240710,20240711,SHSE.603939,603939.SH,益丰药房,2,0.992631777819762,0.057000849557044944,6,0.206,D:/work/quant/quant_mcp/quant/main/config/prediction_manifests/executable_10d_open_return_l4_formal_20260617.json,stock_predict_data_model_agent_10d_topgate_fusion_20260622_executable_10d_open_return_research,??formal L4 10D??????????????????/ST/??/???????????????????
20240710,20240711,SHSE.603233,603233.SH,大参林,3,0.9913092764027961,0.045529766434512856,6,0.2,D:/work/quant/quant_mcp/quant/main/config/prediction_manifests/executable_10d_open_return_l4_formal_20260617.json,stock_predict_data_model_agent_10d_topgate_fusion_20260622_executable_10d_open_return_research,??formal L4 10D??????????????????/ST/??/???????????????????
20240710,20240711,SZSE.002607,002607.SZ,中公教育,4,0.9897978462119781,0.07214286188469847,6,0.194,D:/work/quant/quant_mcp/quant/main/config/prediction_manifests/executable_10d_open_return_l4_formal_20260617.json,stock_predict_data_model_agent_10d_topgate_fusion_20260622_executable_10d_open_return_research,??formal L4 10D??????????????????/ST/??/???????????????????
20240710,20240711,SHSE.688017,688017.SH,绿的谐波,5,0.9894199886642736,0.057400247894875286,6,0.194,D:/work/quant/quant_mcp/quant/main/config/prediction_manifests/executable_10d_open_return_l4_formal_20260617.json,stock_predict_data_model_agent_10d_topgate_fusion_20260622_executable_10d_open_return_research,??formal L4 10D??????????????????/ST/??/???????????????????
20240711,20240712,SHSE.603939,603939.SH,益丰药房,1,0.9947099943321368,0.05089849504375748,6,0.206,D:/work/quant/quant_mcp/quant/main/config/prediction_manifests/executable_10d_open_return_l4_formal_20260617.json,stock_predict_data_model_agent_10d_topgate_fusion_20260622_executable_10d_open_return_research,??formal L4 10D??????????????????/ST/??/???????????????????
20240711,20240712,SHSE.688017,688017.SH,绿的谐波,2,0.9928207065936142,0.054080586451189835,6,0.206,D:/work/quant/quant_mcp/quant/main/config/prediction_manifests/executable_10d_open_return_l4_formal_20260617.json,stock_predict_data_model_agent_10d_topgate_fusion_20260622_executable_10d_open_return_research,??formal L4 10D??????????????????/ST/??/???????????????????
20240711,20240712,SHSE.603233,603233.SH,大参林,3,0.9914982051766484,0.04058627615802831,6,0.2,D:/work/quant/quant_mcp/quant/main/config/prediction_manifests/executable_10d_open_return_l4_formal_20260617.json,stock_predict_data_model_agent_10d_topgate_fusion_20260622_executable_10d_open_return_research,??formal L4 10D??????????????????/ST/??/???????????????????
20240711,20240712,SZSE.002607,002607.SZ,中公教育,4,0.9911203476289439,0.0683673482600908,6,0.194,D:/work/quant/quant_mcp/quant/main/config/prediction_manifests/executable_10d_open_return_l4_formal_20260617.json,stock_predict_data_model_agent_10d_topgate_fusion_20260622_executable_10d_open_return_research,??formal L4 10D??????????????????/ST/??/???????????????????
20240711,20240712,SZSE.002459,002459.SZ,晶澳科技,5,0.9897978462119781,0.049128130314579285,6,0.194,D:/work/quant/quant_mcp/quant/main/config/prediction_manifests/executable_10d_open_return_l4_formal_20260617.json,stock_predict_data_model_agent_10d_topgate_fusion_20260622_executable_10d_open_return_research,??formal L4 10D??????????????????/ST/??/???????????????????
20240712,20240715,SHSE.603939,603939.SH,益丰药房,1,0.9962214245229548,0.04855296885221596,6,0.206,D:/work/quant/quant_mcp/quant/main/config/prediction_manifests/executable_10d_open_return_l4_formal_20260617.json,stock_predict_data_model_agent_10d_topgate_fusion_20260622_executable_10d_open_return_research,??formal L4 10D??????????????????/ST/??/???????????????????
20240712,20240715,SHSE.688017,688017.SH,绿的谐波,2,0.994898923105989,0.04901593813143759,6,0.206,D:/work/quant/quant_mcp/quant/main/config/prediction_manifests/executable_10d_open_return_l4_formal_20260617.json,stock_predict_data_model_agent_10d_topgate_fusion_20260622_executable_10d_open_return_research,??formal L4 10D??????????????????/ST/??/???????????????????
20240712,20240715,SHSE.603233,603233.SH,大参林,3,0.9937653504628755,0.04080393614537827,6,0.2,D:/work/quant/quant_mcp/quant/main/config/prediction_manifests/executable_10d_open_return_l4_formal_20260617.json,stock_predict_data_model_agent_10d_topgate_fusion_20260622_executable_10d_open_return_research,??formal L4 10D??????????????????/ST/??/???????????????????
20240712,20240715,SZSE.002607,002607.SZ,中公教育,4,0.993387492915171,0.06793103212293723,6,0.194,D:/work/quant/quant_mcp/quant/main/config/prediction_manifests/executable_10d_open_return_l4_formal_20260617.json,stock_predict_data_model_agent_10d_topgate_fusion_20260622_executable_10d_open_return_research,??formal L4 10D??????????????????/ST/??/???????????????????
20240712,20240715,SHSE.603688,603688.SH,石英股份,5,0.9922539202720574,0.04256206883042727,6,0.194,D:/work/quant/quant_mcp/quant/main/config/prediction_manifests/executable_10d_open_return_l4_formal_20260617.json,stock_predict_data_model_agent_10d_topgate_fusion_20260622_executable_10d_open_return_research,??formal L4 10D??????????????????/ST/??/???????????????????
20240715,20240716,SHSE.688017,688017.SH,绿的谐波,1,0.9964110313562523,0.04746743696473274,6,0.206,D:/work/quant/quant_mcp/quant/main/config/prediction_manifests/executable_10d_open_return_l4_formal_20260617.json,stock_predict_data_model_agent_10d_topgate_fusion_20260622_executable_10d_open_return_research,??formal L4 10D??????????????????/ST/??/???????????????????
20240715,20240716,SHSE.603233,603233.SH,大参林,2,0.9960332451832263,0.040668900401581484,6,0.206,D:/work/quant/quant_mcp/quant/main/config/prediction_manifests/executable_10d_open_return_l4_formal_20260617.json,stock_predict_data_model_agent_10d_topgate_fusion_20260622_executable_10d_open_return_research,??formal L4 10D??????????????????/ST/??/???????????????????
20240715,20240716,SHSE.603939,603939.SH,益丰药房,3,0.9956554590102002,0.04662252166091813,6,0.2,D:/work/quant/quant_mcp/quant/main/config/prediction_manifests/executable_10d_open_return_l4_formal_20260617.json,stock_predict_data_model_agent_10d_topgate_fusion_20260622_executable_10d_open_return_research,??formal L4 10D??????????????????/ST/??/???????????????????
20240715,20240716,SZSE.002607,002607.SZ,中公教育,4,0.9937665281450699,0.07158273588625917,6,0.194,D:/work/quant/quant_mcp/quant/main/config/prediction_manifests/executable_10d_open_return_l4_formal_20260617.json,stock_predict_data_model_agent_10d_topgate_fusion_20260622_executable_10d_open_return_research,??formal L4 10D??????????????????/ST/??/???????????????????
20240715,20240716,SHSE.603688,603688.SH,石英股份,5,0.9931998488855308,0.043093564366347405,6,0.194,D:/work/quant/quant_mcp/quant/main/config/prediction_manifests/executable_10d_open_return_l4_formal_20260617.json,stock_predict_data_model_agent_10d_topgate_fusion_20260622_executable_10d_open_return_research,??formal L4 10D??????????????????/ST/??/???????????????????
20240716,20240717,SHSE.688017,688017.SH,绿的谐波,1,0.994333207404609,0.04622275855161319,6,0.206,D:/work/quant/quant_mcp/quant/main/config/prediction_manifests/executable_10d_open_return_l4_formal_20260617.json,stock_predict_data_model_agent_10d_topgate_fusion_20260622_executable_10d_open_return_research,??formal L4 10D??????????????????/ST/??/???????????????????
20240716,20240717,SHSE.603233,603233.SH,大参林,2,0.9939554212315829,0.04068536927782216,6,0.206,D:/work/quant/quant_mcp/quant/main/config/prediction_manifests/executable_10d_open_return_l4_formal_20260617.json,stock_predict_data_model_agent_10d_topgate_fusion_20260622_executable_10d_open_return_research,??formal L4 10D??????????????????/ST/??/???????????????????
20240716,20240717,SHSE.603939,603939.SH,益丰药房,3,0.9937665281450699,0.04629410246445163,6,0.2,D:/work/quant/quant_mcp/quant/main/config/prediction_manifests/executable_10d_open_return_l4_formal_20260617.json,stock_predict_data_model_agent_10d_topgate_fusion_20260622_executable_10d_open_return_research,??formal L4 10D??????????????????/ST/??/???????????????????
20240716,20240717,SHSE.603688,603688.SH,石英股份,4,0.9924442765394786,0.04250845986944176,6,0.194,D:/work/quant/quant_mcp/quant/main/config/prediction_manifests/executable_10d_open_return_l4_formal_20260617.json,stock_predict_data_model_agent_10d_topgate_fusion_20260622_executable_10d_open_return_research,??formal L4 10D??????????????????/ST/??/???????????????????
20240716,20240717,SZSE.002607,002607.SZ,中公教育,5,0.9922553834529656,0.06978417640694776,6,0.194,D:/work/quant/quant_mcp/quant/main/config/prediction_manifests/executable_10d_open_return_l4_formal_20260617.json,stock_predict_data_model_agent_10d_topgate_fusion_20260622_executable_10d_open_return_research,??formal L4 10D??????????????????/ST/??/???????????????????
20240717,20240718,SHSE.688017,688017.SH,绿的谐波,1,0.9943310657596371,0.046132998621886925,6,0.206,D:/work/quant/quant_mcp/quant/main/config/prediction_manifests/executable_10d_open_return_l4_formal_20260617.json,stock_predict_data_model_agent_10d_topgate_fusion_20260622_executable_10d_open_return_research,??formal L4 10D??????????????????/ST/??/???????????????????
20240717,20240718,SHSE.603688,603688.SH,石英股份,2,0.9935752078609221,0.040961633870167005,6,0.206,D:/work/quant/quant_mcp/quant/main/config/prediction_manifests/executable_10d_open_return_l4_formal_20260617.json,stock_predict_data_model_agent_10d_topgate_fusion_20260622_executable_10d_open_return_research,??formal L4 10D??????????????????/ST/??/???????????????????
20240717,20240718,SHSE.603233,603233.SH,大参林,3,0.9911186696900982,0.039399460329599637,6,0.2,D:/work/quant/quant_mcp/quant/main/config/prediction_manifests/executable_10d_open_return_l4_formal_20260617.json,stock_predict_data_model_agent_10d_topgate_fusion_20260622_executable_10d_open_return_research,??formal L4 10D??????????????????/ST/??/???????????????????
20240717,20240718,SHSE.603939,603939.SH,益丰药房,4,0.9909297052154195,0.04468973477672895,6,0.194,D:/work/quant/quant_mcp/quant/main/config/prediction_manifests/executable_10d_open_return_l4_formal_20260617.json,stock_predict_data_model_agent_10d_topgate_fusion_20260622_executable_10d_open_return_research,??formal L4 10D??????????????????/ST/??/???????????????????
20240717,20240718,SZSE.002459,002459.SZ,晶澳科技,5,0.9886621315192744,0.044716088772420476,6,0.194,D:/work/quant/quant_mcp/quant/main/config/prediction_manifests/executable_10d_open_return_l4_formal_20260617.json,stock_predict_data_model_agent_10d_topgate_fusion_20260622_executable_10d_open_return_research,??formal L4 10D??????????????????/ST/??/???????????????????
20240718,20240719,SHSE.603688,603688.SH,石英股份,1,0.9924414210128496,0.03891049657451385,6,0.206,D:/work/quant/quant_mcp/quant/main/config/prediction_manifests/executable_10d_open_return_l4_formal_20260617.json,stock_predict_data_model_agent_10d_topgate_fusion_20260622_executable_10d_open_return_research,??formal L4 10D??????????????????/ST/??/???????????????????
20240718,20240719,SHSE.688017,688017.SH,绿的谐波,2,0.9920634920634921,0.045417759975069236,6,0.206,D:/work/quant/quant_mcp/quant/main/config/prediction_manifests/executable_10d_open_return_l4_formal_20260617.json,stock_predict_data_model_agent_10d_topgate_fusion_20260622_executable_10d_open_return_research,??formal L4 10D??????????????????/ST/??/???????????????????
20240718,20240719,SHSE.603939,603939.SH,益丰药房,3,0.9894179894179894,0.04274805833657019,6,0.2,D:/work/quant/quant_mcp/quant/main/config/prediction_manifests/executable_10d_open_return_l4_formal_20260617.json,stock_predict_data_model_agent_10d_topgate_fusion_20260622_executable_10d_open_return_research,??formal L4 10D??????????????????/ST/??/???????????????????
20240718,20240719,SHSE.603233,603233.SH,大参林,4,0.9875283446712018,0.03775908122915908,6,0.194,D:/work/quant/quant_mcp/quant/main/config/prediction_manifests/executable_10d_open_return_l4_formal_20260617.json,stock_predict_data_model_agent_10d_topgate_fusion_20260622_executable_10d_open_return_research,??formal L4 10D??????????????????/ST/??/???????????????????
20240718,20240719,SZSE.002459,002459.SZ,晶澳科技,5,0.9788359788359788,0.04280660926902367,6,0.194,D:/work/quant/quant_mcp/quant/main/config/prediction_manifests/executable_10d_open_return_l4_formal_20260617.json,stock_predict_data_model_agent_10d_topgate_fusion_20260622_executable_10d_open_return_research,??formal L4 10D??????????????????/ST/??/???????????????????
20240719,20240722,SHSE.603688,603688.SH,石英股份,1,0.9922509922509922,0.03832066813188798,6,0.206,D:/work/quant/quant_mcp/quant/main/config/prediction_manifests/executable_10d_open_return_l4_formal_20260617.json,stock_predict_data_model_agent_10d_topgate_fusion_20260622_executable_10d_open_return_research,??formal L4 10D??????????????????/ST/??/???????????????????
20240719,20240722,SHSE.603233,603233.SH,大参林,2,0.9914949914949915,0.037236879886756856,6,0.206,D:/work/quant/quant_mcp/quant/main/config/prediction_manifests/executable_10d_open_return_l4_formal_20260617.json,stock_predict_data_model_agent_10d_topgate_fusion_20260622_executable_10d_open_return_research,??formal L4 10D??????????????????/ST/??/???????????????????
20240719,20240722,SHSE.688017,688017.SH,绿的谐波,3,0.9865809865809866,0.043434951338592646,6,0.2,D:/work/quant/quant_mcp/quant/main/config/prediction_manifests/executable_10d_open_return_l4_formal_20260617.json,stock_predict_data_model_agent_10d_topgate_fusion_20260622_executable_10d_open_return_research,??formal L4 10D??????????????????/ST/??/???????????????????
20240719,20240722,SHSE.603939,603939.SH,益丰药房,4,0.9858249858249858,0.041698682969118425,6,0.194,D:/work/quant/quant_mcp/quant/main/config/prediction_manifests/executable_10d_open_return_l4_formal_20260617.json,stock_predict_data_model_agent_10d_topgate_fusion_20260622_executable_10d_open_return_research,??formal L4 10D??????????????????/ST/??/???????????????????
20240719,20240722,SHSE.600884,600884.SH,杉杉股份,5,0.9769419769419769,0.038181818693876414,6,0.194,D:/work/quant/quant_mcp/quant/main/config/prediction_manifests/executable_10d_open_return_l4_formal_20260617.json,stock_predict_data_model_agent_10d_topgate_fusion_20260622_executable_10d_open_return_research,??formal L4 10D??????????????????/ST/??/???????????????????
20240722,20240723,SHSE.603233,603233.SH,大参林,1,0.9911186696900982,0.035895875971968846,6,0.206,D:/work/quant/quant_mcp/quant/main/config/prediction_manifests/executable_10d_open_return_l4_formal_20260617.json,stock_predict_data_model_agent_10d_topgate_fusion_20260622_executable_10d_open_return_research,??formal L4 10D??????????????????/ST/??/???????????????????
20240722,20240723,SHSE.603688,603688.SH,石英股份,2,0.9909297052154195,0.037403484722381246,6,0.206,D:/work/quant/quant_mcp/quant/main/config/prediction_manifests/executable_10d_open_return_l4_formal_20260617.json,stock_predict_data_model_agent_10d_topgate_fusion_20260622_executable_10d_open_return_research,??formal L4 10D??????????????????/ST/??/???????????????????
20240722,20240723,SHSE.688017,688017.SH,绿的谐波,3,0.987339380196523,0.04086289220336511,6,0.2,D:/work/quant/quant_mcp/quant/main/config/prediction_manifests/executable_10d_open_return_l4_formal_20260617.json,stock_predict_data_model_agent_10d_topgate_fusion_20260622_executable_10d_open_return_research,??formal L4 10D??????????????????/ST/??/???????????????????
20240722,20240723,SHSE.603939,603939.SH,益丰药房,4,0.9863945578231292,0.040142782532177686,6,0.194,D:/work/quant/quant_mcp/quant/main/config/prediction_manifests/executable_10d_open_return_l4_formal_20260617.json,stock_predict_data_model_agent_10d_topgate_fusion_20260622_executable_10d_open_return_research,??formal L4 10D??????????????????/ST/??/???????????????????
20240722,20240723,SHSE.600884,600884.SH,杉杉股份,5,0.9829931972789115,0.039328861348561256,6,0.194,D:/work/quant/quant_mcp/quant/main/config/prediction_manifests/executable_10d_open_return_l4_formal_20260617.json,stock_predict_data_model_agent_10d_topgate_fusion_20260622_executable_10d_open_return_research,??formal L4 10D??????????????????/ST/??/???????????????????
20240723,20240724,SHSE.603688,603688.SH,石英股份,1,0.9926303854875284,0.038552142608971586,6,0.206,D:/work/quant/quant_mcp/quant/main/config/prediction_manifests/executable_10d_open_return_l4_formal_20260617.json,stock_predict_data_model_agent_10d_topgate_fusion_20260622_executable_10d_open_return_research,??formal L4 10D??????????????????/ST/??/???????????????????
20240723,20240724,SHSE.603233,603233.SH,大参林,2,0.9911186696900982,0.03803403912988936,6,0.206,D:/work/quant/quant_mcp/quant/main/config/prediction_manifests/executable_10d_open_return_l4_formal_20260617.json,stock_predict_data_model_agent_10d_topgate_fusion_20260622_executable_10d_open_return_research,??formal L4 10D??????????????????/ST/??/???????????????????
20240723,20240724,SHSE.688017,688017.SH,绿的谐波,3,0.9899848828420257,0.044006337636903224,6,0.2,D:/work/quant/quant_mcp/quant/main/config/prediction_manifests/executable_10d_open_return_l4_formal_20260617.json,stock_predict_data_model_agent_10d_topgate_fusion_20260622_executable_10d_open_return_research,??formal L4 10D??????????????????/ST/??/???????????????????
20240723,20240724,SHSE.603939,603939.SH,益丰药房,4,0.9894179894179894,0.04220524353935688,6,0.194,D:/work/quant/quant_mcp/quant/main/config/prediction_manifests/executable_10d_open_return_l4_formal_20260617.json,stock_predict_data_model_agent_10d_topgate_fusion_20260622_executable_10d_open_return_research,??formal L4 10D??????????????????/ST/??/???????????????????
20240723,20240724,SHSE.688188,688188.SH,柏楚电子,5,0.9888510959939532,0.037688283034806536,6,0.194,D:/work/quant/quant_mcp/quant/main/config/prediction_manifests/executable_10d_open_return_l4_formal_20260617.json,stock_predict_data_model_agent_10d_topgate_fusion_20260622_executable_10d_open_return_research,??formal L4 10D??????????????????/ST/??/???????????????????
20240724,20240725,SHSE.603688,603688.SH,石英股份,1,0.9926303854875284,0.03917180640601213,6,0.206,D:/work/quant/quant_mcp/quant/main/config/prediction_manifests/executable_10d_open_return_l4_formal_20260617.json,stock_predict_data_model_agent_10d_topgate_fusion_20260622_executable_10d_open_return_research,??formal L4 10D??????????????????/ST/??/???????????????????
20240724,20240725,SHSE.603233,603233.SH,大参林,2,0.9922524565381708,0.03764445117215836,6,0.206,D:/work/quant/quant_mcp/quant/main/config/prediction_manifests/executable_10d_open_return_l4_formal_20260617.json,stock_predict_data_model_agent_10d_topgate_fusion_20260622_executable_10d_open_return_research,??formal L4 10D??????????????????/ST/??/???????????????????
20240724,20240725,SHSE.603816,603816.SH,顾家家居,3,0.9918745275888133,0.0494305734863556,6,0.2,D:/work/quant/quant_mcp/quant/main/config/prediction_manifests/executable_10d_open_return_l4_formal_20260617.json,stock_predict_data_model_agent_10d_topgate_fusion_20260622_executable_10d_open_return_research,??formal L4 10D??????????????????/ST/??/???????????????????
20240724,20240725,SHSE.600398,600398.SH,海澜之家,4,0.9897959183673469,0.0447333116293375,6,0.194,D:/work/quant/quant_mcp/quant/main/config/prediction_manifests/executable_10d_open_return_l4_formal_20260617.json,stock_predict_data_model_agent_10d_topgate_fusion_20260622_executable_10d_open_return_research,??formal L4 10D??????????????????/ST/??/???????????????????
20240724,20240725,SHSE.688017,688017.SH,绿的谐波,5,0.9888510959939532,0.044558740764824675,6,0.194,D:/work/quant/quant_mcp/quant/main/config/prediction_manifests/executable_10d_open_return_l4_formal_20260617.json,stock_predict_data_model_agent_10d_topgate_fusion_20260622_executable_10d_open_return_research,??formal L4 10D??????????????????/ST/??/???????????????????
20240725,20240726,SZSE.000921,000921.SZ,海信家电,1,0.9943299943299944,0.03930781824174262,6,0.206,D:/work/quant/quant_mcp/quant/main/config/prediction_manifests/executable_10d_open_return_l4_formal_20260617.json,stock_predict_data_model_agent_10d_topgate_fusion_20260622_executable_10d_open_return_research,??formal L4 10D??????????????????/ST/??/???????????????????
20240725,20240726,SHSE.600398,600398.SH,海澜之家,2,0.9933849933849934,0.04493914119041546,6,0.206,D:/work/quant/quant_mcp/quant/main/config/prediction_manifests/executable_10d_open_return_l4_formal_20260617.json,stock_predict_data_model_agent_10d_topgate_fusion_20260622_executable_10d_open_return_research,??formal L4 10D??????????????????/ST/??/???????????????????
20240725,20240726,SHSE.603816,603816.SH,顾家家居,3,0.9931959931959932,0.048547312864638814,6,0.2,D:/work/quant/quant_mcp/quant/main/config/prediction_manifests/executable_10d_open_return_l4_formal_20260617.json,stock_predict_data_model_agent_10d_topgate_fusion_20260622_executable_10d_open_return_research,??formal L4 10D??????????????????/ST/??/???????????????????
20240725,20240726,SHSE.600060,600060.SH,海信视像,4,0.9918729918729918,0.0404622361599816,6,0.194,D:/work/quant/quant_mcp/quant/main/config/prediction_manifests/executable_10d_open_return_l4_formal_20260617.json,stock_predict_data_model_agent_10d_topgate_fusion_20260622_executable_10d_open_return_research,??formal L4 10D??????????????????/ST/??/???????????????????
20240725,20240726,SHSE.603979,603979.SH,金诚信,5,0.9901719901719902,0.062448765371441506,6,0.194,D:/work/quant/quant_mcp/quant/main/config/prediction_manifests/executable_10d_open_return_l4_formal_20260617.json,stock_predict_data_model_agent_10d_topgate_fusion_20260622_executable_10d_open_return_research,??formal L4 10D??????????????????/ST/??/???????????????????
20240726,20240729,SHSE.603816,603816.SH,顾家家居,1,0.9924442765394786,0.047714461970309485,6,0.206,D:/work/quant/quant_mcp/quant/main/config/prediction_manifests/executable_10d_open_return_l4_formal_20260617.json,stock_predict_data_model_agent_10d_topgate_fusion_20260622_executable_10d_open_return_research,??formal L4 10D??????????????????/ST/??/???????????????????
20240726,20240729,SHSE.603939,603939.SH,益丰药房,2,0.9871552701171137,0.042737883566235195,6,0.206,D:/work/quant/quant_mcp/quant/main/config/prediction_manifests/executable_10d_open_return_l4_formal_20260617.json,stock_predict_data_model_agent_10d_topgate_fusion_20260622_executable_10d_open_return_research,??formal L4 10D??????????????????/ST/??/???????????????????
20240726,20240729,SHSE.688188,688188.SH,柏楚电子,3,0.9867774839440876,0.04015959964692688,6,0.2,D:/work/quant/quant_mcp/quant/main/config/prediction_manifests/executable_10d_open_return_l4_formal_20260617.json,stock_predict_data_model_agent_10d_topgate_fusion_20260622_executable_10d_open_return_research,??formal L4 10D??????????????????/ST/??/???????????????????
20240726,20240729,SZSE.000723,000723.SZ,美锦能源,4,0.9862108046845486,0.03077803187494938,6,0.194,D:/work/quant/quant_mcp/quant/main/config/prediction_manifests/executable_10d_open_return_l4_formal_20260617.json,stock_predict_data_model_agent_10d_topgate_fusion_20260622_executable_10d_open_return_research,??formal L4 10D??????????????????/ST/??/???????????????????
20240726,20240729,SHSE.603786,603786.SH,科博达,5,0.9854552323384964,0.04257200721684243,6,0.194,D:/work/quant/quant_mcp/quant/main/config/prediction_manifests/executable_10d_open_return_l4_formal_20260617.json,stock_predict_data_model_agent_10d_topgate_fusion_20260622_executable_10d_open_return_research,??formal L4 10D??????????????????/ST/??/???????????????????
20240729,20240730,SHSE.600060,600060.SH,海信视像,1,0.9947099943321368,0.04340785516376078,6,0.206,D:/work/quant/quant_mcp/quant/main/config/prediction_manifests/executable_10d_open_return_l4_formal_20260617.json,stock_predict_data_model_agent_10d_topgate_fusion_20260622_executable_10d_open_return_research,??formal L4 10D??????????????????/ST/??/???????????????????
20240729,20240730,SHSE.603939,603939.SH,益丰药房,2,0.992631777819762,0.041914877552067714,6,0.206,D:/work/quant/quant_mcp/quant/main/config/prediction_manifests/executable_10d_open_return_l4_formal_20260617.json,stock_predict_data_model_agent_10d_topgate_fusion_20260622_executable_10d_open_return_research,??formal L4 10D??????????????????/ST/??/???????????????????
20240729,20240730,SHSE.603786,603786.SH,科博达,3,0.9903646325335349,0.0436049038715569,6,0.2,D:/work/quant/quant_mcp/quant/main/config/prediction_manifests/executable_10d_open_return_l4_formal_20260617.json,stock_predict_data_model_agent_10d_topgate_fusion_20260622_executable_10d_open_return_research,??formal L4 10D??????????????????/ST/??/???????????????????
20240729,20240730,SHSE.600398,600398.SH,海澜之家,4,0.9901757037596826,0.04436796815327233,6,0.194,D:/work/quant/quant_mcp/quant/main/config/prediction_manifests/executable_10d_open_return_l4_formal_20260617.json,stock_predict_data_model_agent_10d_topgate_fusion_20260622_executable_10d_open_return_research,??formal L4 10D??????????????????/ST/??/???????????????????
20240729,20240730,SZSE.000723,000723.SZ,美锦能源,5,0.9879085584734555,0.03179668916425269,6,0.194,D:/work/quant/quant_mcp/quant/main/config/prediction_manifests/executable_10d_open_return_l4_formal_20260617.json,stock_predict_data_model_agent_10d_topgate_fusion_20260622_executable_10d_open_return_research,??formal L4 10D??????????????????/ST/??/???????????????????
20240730,20240731,SHSE.600060,600060.SH,海信视像,1,0.9965999244427654,0.04496020621414606,6,0.206,D:/work/quant/quant_mcp/quant/main/config/prediction_manifests/executable_10d_open_return_l4_formal_20260617.json,stock_predict_data_model_agent_10d_topgate_fusion_20260622_executable_10d_open_return_research,??formal L4 10D??????????????????/ST/??/???????????????????
20240730,20240731,SHSE.600398,600398.SH,海澜之家,2,0.9954665659236872,0.045535067311772794,6,0.206,D:/work/quant/quant_mcp/quant/main/config/prediction_manifests/executable_10d_open_return_l4_formal_20260617.json,stock_predict_data_model_agent_10d_topgate_fusion_20260622_executable_10d_open_return_research,??formal L4 10D??????????????????/ST/??/???????????????????
20240730,20240731,SHSE.603939,603939.SH,益丰药房,3,0.9924442765394786,0.040104617228625336,6,0.2,D:/work/quant/quant_mcp/quant/main/config/prediction_manifests/executable_10d_open_return_l4_formal_20260617.json,stock_predict_data_model_agent_10d_topgate_fusion_20260622_executable_10d_open_return_research,??formal L4 10D??????????????????/ST/??/???????????????????
20240730,20240731,SHSE.603786,603786.SH,科博达,4,0.9918775972799395,0.04288327612237389,6,0.194,D:/work/quant/quant_mcp/quant/main/config/prediction_manifests/executable_10d_open_return_l4_formal_20260617.json,stock_predict_data_model_agent_10d_topgate_fusion_20260622_executable_10d_open_return_research,??formal L4 10D??????????????????/ST/??/???????????????????
20240730,20240731,SZSE.000423,000423.SZ,东阿阿胶,5,0.9903664525878353,0.041040494886774144,6,0.194,D:/work/quant/quant_mcp/quant/main/config/prediction_manifests/executable_10d_open_return_l4_formal_20260617.json,stock_predict_data_model_agent_10d_topgate_fusion_20260622_executable_10d_open_return_research,??formal L4 10D??????????????????/ST/??/???????????????????
20240731,20240801,SHSE.600060,600060.SH,海信视像,1,1.007912731394031,0.044723614245255866,6,0.206,D:/work/quant/quant_mcp/quant/main/config/prediction_manifests/executable_10d_open_return_l4_formal_20260617.json,stock_predict_data_model_agent_10d_topgate_fusion_20260622_executable_10d_open_return_research,??formal L4 10D??????????????????/ST/??/???????????????????
20240731,20240801,SHSE.603786,603786.SH,科博达,2,0.9914998111069135,0.04231758152123465,6,0.206,D:/work/quant/quant_mcp/quant/main/config/prediction_manifests/executable_10d_open_return_l4_formal_20260617.json,stock_predict_data_model_agent_10d_topgate_fusion_20260622_executable_10d_open_return_research,??formal L4 10D??????????????????/ST/??/???????????????????
20240731,20240801,SZSE.000423,000423.SZ,东阿阿胶,3,0.9899886664148092,0.04031510506299391,6,0.2,D:/work/quant/quant_mcp/quant/main/config/prediction_manifests/executable_10d_open_return_l4_formal_20260617.json,stock_predict_data_model_agent_10d_topgate_fusion_20260622_executable_10d_open_return_research,??formal L4 10D??????????????????/ST/??/???????????????????
20240731,20240801,SHSE.603939,603939.SH,益丰药房,4,0.9888553078957311,0.039111796264402,6,0.194,D:/work/quant/quant_mcp/quant/main/config/prediction_manifests/executable_10d_open_return_l4_formal_20260617.json,stock_predict_data_model_agent_10d_topgate_fusion_20260622_executable_10d_open_return_research,??formal L4 10D??????????????????/ST/??/???????????????????
20240731,20240801,SHSE.600398,600398.SH,海澜之家,5,0.988666414809218,0.043826895882202996,6,0.194,D:/work/quant/quant_mcp/quant/main/config/prediction_manifests/executable_10d_open_return_l4_formal_20260617.json,stock_predict_data_model_agent_10d_topgate_fusion_20260622_executable_10d_open_return_research,??formal L4 10D??????????????????/ST/??/???????????????????
20240801,20240802,SHSE.600060,600060.SH,海信视像,1,1.008481012658228,0.04690816087615417,6,0.206,D:/work/quant/quant_mcp/quant/main/config/prediction_manifests/executable_10d_open_return_l4_formal_20260617.json,stock_predict_data_model_agent_10d_topgate_fusion_20260622_executable_10d_open_return_research,??formal L4 10D??????????????????/ST/??/???????????????????
20240801,20240802,SHSE.603939,603939.SH,益丰药房,2,0.9965992820706594,0.042378263556787685,6,0.206,D:/work/quant/quant_mcp/quant/main/config/prediction_manifests/executable_10d_open_return_l4_formal_20260617.json,stock_predict_data_model_agent_10d_topgate_fusion_20260622_executable_10d_open_return_research,??formal L4 10D??????????????????/ST/??/???????????????????
20240801,20240802,SHSE.600398,600398.SH,海澜之家,3,0.996410353296807,0.04450632856616867,6,0.2,D:/work/quant/quant_mcp/quant/main/config/prediction_manifests/executable_10d_open_return_l4_formal_20260617.json,stock_predict_data_model_agent_10d_topgate_fusion_20260622_executable_10d_open_return_research,??formal L4 10D??????????????????/ST/??/???????????????????
20240801,20240802,SHSE.603786,603786.SH,科博达,4,0.9945210655582846,0.042808396661717166,6,0.194,D:/work/quant/quant_mcp/quant/main/config/prediction_manifests/executable_10d_open_return_l4_formal_20260617.json,stock_predict_data_model_agent_10d_topgate_fusion_20260622_executable_10d_open_return_research,??formal L4 10D??????????????????/ST/??/???????????????????
20240801,20240802,SZSE.000423,000423.SZ,东阿阿胶,5,0.9931985641413187,0.04099299399749093,6,0.194,D:/work/quant/quant_mcp/quant/main/config/prediction_manifests/executable_10d_open_return_l4_formal_20260617.json,stock_predict_data_model_agent_10d_topgate_fusion_20260622_executable_10d_open_return_research,??formal L4 10D??????????????????/ST/??/???????????????????
20240802,20240805,SHSE.600060,600060.SH,海信视像,1,0.9973559962228518,0.047870643040609895,6,0.206,D:/work/quant/quant_mcp/quant/main/config/prediction_manifests/executable_10d_open_return_l4_formal_20260617.json,stock_predict_data_model_agent_10d_topgate_fusion_20260622_executable_10d_open_return_research,??formal L4 10D??????????????????/ST/??/???????????????????
20240802,20240805,SHSE.603786,603786.SH,科博达,2,0.9967894239848915,0.04369342135449572,6,0.206,D:/work/quant/quant_mcp/quant/main/config/prediction_manifests/executable_10d_open_return_l4_formal_20260617.json,stock_predict_data_model_agent_10d_topgate_fusion_20260622_executable_10d_open_return_research,??formal L4 10D??????????????????/ST/??/???????????????????
20240802,20240805,SHSE.600398,600398.SH,海澜之家,3,0.996222851746931,0.04301170527795605,6,0.2,D:/work/quant/quant_mcp/quant/main/config/prediction_manifests/executable_10d_open_return_l4_formal_20260617.json,stock_predict_data_model_agent_10d_topgate_fusion_20260622_executable_10d_open_return_research,??formal L4 10D??????????????????/ST/??/???????????????????
20240802,20240805,SZSE.000423,000423.SZ,东阿阿胶,4,0.9956562795089707,0.04038295111048057,6,0.194,D:/work/quant/quant_mcp/quant/main/config/prediction_manifests/executable_10d_open_return_l4_formal_20260617.json,stock_predict_data_model_agent_10d_topgate_fusion_20260622_executable_10d_open_return_research,??formal L4 10D??????????????????/ST/??/???????????????????
20240802,20240805,SHSE.688169,688169.SH,石头科技,5,0.9915014164305949,0.05494007048296189,6,0.194,D:/work/quant/quant_mcp/quant/main/config/prediction_manifests/executable_10d_open_return_l4_formal_20260617.json,stock_predict_data_model_agent_10d_topgate_fusion_20260622_executable_10d_open_return_research,??formal L4 10D??????????????????/ST/??/???????????????????
20240805,20240806,SHSE.603786,603786.SH,科博达,1,0.9964117091595845,0.04472641728832105,6,0.206,D:/work/quant/quant_mcp/quant/main/config/prediction_manifests/executable_10d_open_return_l4_formal_20260617.json,stock_predict_data_model_agent_10d_topgate_fusion_20260622_executable_10d_open_return_research,??formal L4 10D??????????????????/ST/??/???????????????????
20240805,20240806,SHSE.600398,600398.SH,海澜之家,2,0.9954674220963173,0.04214567942548898,6,0.206,D:/work/quant/quant_mcp/quant/main/config/prediction_manifests/executable_10d_open_return_l4_formal_20260617.json,stock_predict_data_model_agent_10d_topgate_fusion_20260622_executable_10d_open_return_research,??formal L4 10D??????????????????/ST/??/???????????????????
20240805,20240806,SHSE.600060,600060.SH,海信视像,3,0.9950897072710104,0.048820966206244515,6,0.2,D:/work/quant/quant_mcp/quant/main/config/prediction_manifests/executable_10d_open_return_l4_formal_20260617.json,stock_predict_data_model_agent_10d_topgate_fusion_20260622_executable_10d_open_return_research,??formal L4 10D??????????????????/ST/??/???????????????????
20240805,20240806,SHSE.688169,688169.SH,石头科技,4,0.9943342776203966,0.058318651066476414,6,0.194,D:/work/quant/quant_mcp/quant/main/config/prediction_manifests/executable_10d_open_return_l4_formal_20260617.json,stock_predict_data_model_agent_10d_topgate_fusion_20260622_executable_10d_open_return_research,??formal L4 10D??????????????????/ST/??/???????????????????
20240805,20240806,SHSE.688166,688166.SH,博瑞医药,5,0.9884796978281397,0.07525198570135627,6,0.194,D:/work/quant/quant_mcp/quant/main/config/prediction_manifests/executable_10d_open_return_l4_formal_20260617.json,stock_predict_data_model_agent_10d_topgate_fusion_20260622_executable_10d_open_return_research,??formal L4 10D??????????????????/ST/??/???????????????????
20240806,20240807,SHSE.603786,603786.SH,科博达,1,0.996790636209175,0.04192805520838339,6,0.206,D:/work/quant/quant_mcp/quant/main/config/prediction_manifests/executable_10d_open_return_l4_formal_20260617.json,stock_predict_data_model_agent_10d_topgate_fusion_20260622_executable_10d_open_return_research,??formal L4 10D??????????????????/ST/??/???????????????????
20240806,20240807,SHSE.600060,600060.SH,海信视像,2,0.996224277893147,0.048985711026888985,6,0.206,D:/work/quant/quant_mcp/quant/main/config/prediction_manifests/executable_10d_open_return_l4_formal_20260617.json,stock_predict_data_model_agent_10d_topgate_fusion_20260622_executable_10d_open_return_research,??formal L4 10D??????????????????/ST/??/???????????????????
20240806,20240807,SHSE.600398,600398.SH,海澜之家,3,0.9960354917878044,0.041614094757753024,6,0.2,D:/work/quant/quant_mcp/quant/main/config/prediction_manifests/executable_10d_open_return_l4_formal_20260617.json,stock_predict_data_model_agent_10d_topgate_fusion_20260622_executable_10d_open_return_research,??formal L4 10D??????????????????/ST/??/???????????????????
20240806,20240807,SHSE.688169,688169.SH,石头科技,4,0.9956579195771191,0.05871279248804938,6,0.194,D:/work/quant/quant_mcp/quant/main/config/prediction_manifests/executable_10d_open_return_l4_formal_20260617.json,stock_predict_data_model_agent_10d_topgate_fusion_20260622_executable_10d_open_return_research,??formal L4 10D??????????????????/ST/??/???????????????????
20240806,20240807,SZSE.000933,000933.SZ,神火股份,5,0.9928261279969794,0.05000008503913496,6,0.194,D:/work/quant/quant_mcp/quant/main/config/prediction_manifests/executable_10d_open_return_l4_formal_20260617.json,stock_predict_data_model_agent_10d_topgate_fusion_20260622_executable_10d_open_return_research,??formal L4 10D??????????????????/ST/??/???????????????????
20240807,20240808,SHSE.600398,600398.SH,海澜之家,1,0.9954691334717765,0.04070858196800332,6,0.206,D:/work/quant/quant_mcp/quant/main/config/prediction_manifests/executable_10d_open_return_l4_formal_20260617.json,stock_predict_data_model_agent_10d_topgate_fusion_20260622_executable_10d_open_return_research,??formal L4 10D??????????????????/ST/??/???????????????????
20240807,20240808,SHSE.600060,600060.SH,海信视像,2,0.994147630734378,0.04792201990092989,6,0.206,D:/work/quant/quant_mcp/quant/main/config/prediction_manifests/executable_10d_open_return_l4_formal_20260617.json,stock_predict_data_model_agent_10d_topgate_fusion_20260622_executable_10d_open_return_research,??formal L4 10D??????????????????/ST/??/???????????????????
20240807,20240808,SHSE.688169,688169.SH,石头科技,3,0.9928261279969794,0.05802094543945366,6,0.2,D:/work/quant/quant_mcp/quant/main/config/prediction_manifests/executable_10d_open_return_l4_formal_20260617.json,stock_predict_data_model_agent_10d_topgate_fusion_20260622_executable_10d_open_return_research,??formal L4 10D??????????????????/ST/??/???????????????????
20240807,20240808,SHSE.603786,603786.SH,科博达,4,0.9907494808382104,0.04112052232607323,6,0.194,D:/work/quant/quant_mcp/quant/main/config/prediction_manifests/executable_10d_open_return_l4_formal_20260617.json,stock_predict_data_model_agent_10d_topgate_fusion_20260622_executable_10d_open_return_research,??formal L4 10D??????????????????/ST/??/???????????????????
20240807,20240808,SHSE.688188,688188.SH,柏楚电子,5,0.9892391919954692,0.038687107562395455,6,0.194,D:/work/quant/quant_mcp/quant/main/config/prediction_manifests/executable_10d_open_return_l4_formal_20260617.json,stock_predict_data_model_agent_10d_topgate_fusion_20260622_executable_10d_open_return_research,??formal L4 10D??????????????????/ST/??/???????????????????
20240808,20240809,SHSE.603786,603786.SH,科博达,1,0.992638731596829,0.03901096843397227,6,0.206,D:/work/quant/quant_mcp/quant/main/config/prediction_manifests/executable_10d_open_return_l4_formal_20260617.json,stock_predict_data_model_agent_10d_topgate_fusion_20260622_executable_10d_open_return_research,??formal L4 10D??????????????????/ST/??/???????????????????
20240808,20240809,SHSE.600398,600398.SH,海澜之家,2,0.9920724801812004,0.03990745632887956,6,0.206,D:/work/quant/quant_mcp/quant/main/config/prediction_manifests/executable_10d_open_return_l4_formal_20260617.json,stock_predict_data_model_agent_10d_topgate_fusion_20260622_executable_10d_open_return_research,??formal L4 10D??????????????????/ST/??/???????????????????
20240808,20240809,SHSE.600060,600060.SH,海信视像,3,0.9913174782936958,0.04525728393717965,6,0.2,D:/work/quant/quant_mcp/quant/main/config/prediction_manifests/executable_10d_open_return_l4_formal_20260617.json,stock_predict_data_model_agent_10d_topgate_fusion_20260622_executable_10d_open_return_research,??formal L4 10D??????????????????/ST/??/???????????????????
20240808,20240809,SHSE.603379,603379.SH,三美股份,4,0.9888637221593054,0.049335803826266955,6,0.194,D:/work/quant/quant_mcp/quant/main/config/prediction_manifests/executable_10d_open_return_l4_formal_20260617.json,stock_predict_data_model_agent_10d_topgate_fusion_20260622_executable_10d_open_return_research,??formal L4 10D??????????????????/ST/??/???????????????????
20240808,20240809,SHSE.688169,688169.SH,石头科技,5,0.9886749716874292,0.05734540260604619,6,0.194,D:/work/quant/quant_mcp/quant/main/config/prediction_manifests/executable_10d_open_return_l4_formal_20260617.json,stock_predict_data_model_agent_10d_topgate_fusion_20260622_executable_10d_open_return_research,??formal L4 10D??????????????????/ST/??/???????????????????
20240809,20240812,SHSE.600398,600398.SH,海澜之家,1,0.995847489618724,0.04138744402799486,6,0.206,D:/work/quant/quant_mcp/quant/main/config/prediction_manifests/executable_10d_open_return_l4_formal_20260617.json,stock_predict_data_model_agent_10d_topgate_fusion_20260622_executable_10d_open_return_research,??formal L4 10D??????????????????/ST/??/???????????????????
20240809,20240812,SHSE.603786,603786.SH,科博达,2,0.9916949792374481,0.03470182813912133,6,0.206,D:/work/quant/quant_mcp/quant/main/config/prediction_manifests/executable_10d_open_return_l4_formal_20260617.json,stock_predict_data_model_agent_10d_topgate_fusion_20260622_executable_10d_open_return_research,??formal L4 10D??????????????????/ST/??/???????????????????
20240809,20240812,SHSE.600060,600060.SH,海信视像,3,0.9909399773499433,0.044698188897473644,6,0.2,D:/work/quant/quant_mcp/quant/main/config/prediction_manifests/executable_10d_open_return_l4_formal_20260617.json,stock_predict_data_model_agent_10d_topgate_fusion_20260622_executable_10d_open_return_research,??formal L4 10D??????????????????/ST/??/???????????????????
20240809,20240812,SZSE.300140,300140.SZ,节能环境,4,0.9888637221593054,0.037838902442930894,6,0.194,D:/work/quant/quant_mcp/quant/main/config/prediction_manifests/executable_10d_open_return_l4_formal_20260617.json,stock_predict_data_model_agent_10d_topgate_fusion_20260622_executable_10d_open_return_research,??formal L4 10D??????????????????/ST/??/???????????????????
20240809,20240812,SHSE.688188,688188.SH,柏楚电子,5,0.9879199697999245,0.03783512776322289,6,0.194,D:/work/quant/quant_mcp/quant/main/config/prediction_manifests/executable_10d_open_return_l4_formal_20260617.json,stock_predict_data_model_agent_10d_topgate_fusion_20260622_executable_10d_open_return_research,??formal L4 10D??????????????????/ST/??/???????????????????
20240812,20240813,SHSE.600398,600398.SH,海澜之家,1,0.9898074745186863,0.040916174654343274,6,0.206,D:/work/quant/quant_mcp/quant/main/config/prediction_manifests/executable_10d_open_return_l4_formal_20260617.json,stock_predict_data_model_agent_10d_topgate_fusion_20260622_executable_10d_open_return_research,??formal L4 10D??????????????????/ST/??/???????????????????
20240812,20240813,SHSE.603786,603786.SH,科博达,2,0.9882974707436769,0.03315643189039133,6,0.206,D:/work/quant/quant_mcp/quant/main/config/prediction_manifests/executable_10d_open_return_l4_formal_20260617.json,stock_predict_data_model_agent_10d_topgate_fusion_20260622_executable_10d_open_return_research,??formal L4 10D??????????????????/ST/??/???????????????????
20240812,20240813,SHSE.688166,688166.SH,博瑞医药,3,0.987353718384296,0.055222345644683236,6,0.2,D:/work/quant/quant_mcp/quant/main/config/prediction_manifests/executable_10d_open_return_l4_formal_20260617.json,stock_predict_data_model_agent_10d_topgate_fusion_20260622_executable_10d_open_return_research,??formal L4 10D??????????????????/ST/??/???????????????????
20240812,20240813,SHSE.600060,600060.SH,海信视像,4,0.9865987164967912,0.04467505574624867,6,0.194,D:/work/quant/quant_mcp/quant/main/config/prediction_manifests/executable_10d_open_return_l4_formal_20260617.json,stock_predict_data_model_agent_10d_topgate_fusion_20260622_executable_10d_open_return_research,??formal L4 10D??????????????????/ST/??/???????????????????
20240812,20240813,SZSE.300140,300140.SZ,节能环境,5,0.9828237070592677,0.03898115227859679,6,0.194,D:/work/quant/quant_mcp/quant/main/config/prediction_manifests/executable_10d_open_return_l4_formal_20260617.json,stock_predict_data_model_agent_10d_topgate_fusion_20260622_executable_10d_open_return_research,??formal L4 10D??????????????????/ST/??/???????????????????
20240813,20240814,SHSE.688166,688166.SH,博瑞医药,1,0.9941487353718385,0.05362145971106046,6,0.206,D:/work/quant/quant_mcp/quant/main/config/prediction_manifests/executable_10d_open_return_l4_formal_20260617.json,stock_predict_data_model_agent_10d_topgate_fusion_20260622_executable_10d_open_return_research,??formal L4 10D??????????????????/ST/??/???????????????????
20240813,20240814,SZSE.300124,300124.SZ,汇川技术,2,0.9898074745186863,0.036116846786015795,6,0.206,D:/work/quant/quant_mcp/quant/main/config/prediction_manifests/executable_10d_open_return_l4_formal_20260617.json,stock_predict_data_model_agent_10d_topgate_fusion_20260622_executable_10d_open_return_research,??formal L4 10D??????????????????/ST/??/???????????????????
20240813,20240814,SHSE.600060,600060.SH,海信视像,3,0.9881087202718006,0.04624225260962398,6,0.2,D:/work/quant/quant_mcp/quant/main/config/prediction_manifests/executable_10d_open_return_l4_formal_20260617.json,stock_predict_data_model_agent_10d_topgate_fusion_20260622_executable_10d_open_return_research,??formal L4 10D??????????????????/ST/??/???????????????????
20240813,20240814,SZSE.000933,000933.SZ,神火股份,4,0.9875424688561721,0.040745357882720774,6,0.194,D:/work/quant/quant_mcp/quant/main/config/prediction_manifests/executable_10d_open_return_l4_formal_20260617.json,stock_predict_data_model_agent_10d_topgate_fusion_20260622_executable_10d_open_return_research,??formal L4 10D??????????????????/ST/??/???????????????????
20240813,20240814,SHSE.603737,603737.SH,三棵树,5,0.9839562098905247,0.05820017476449287,6,0.194,D:/work/quant/quant_mcp/quant/main/config/prediction_manifests/executable_10d_open_return_l4_formal_20260617.json,stock_predict_data_model_agent_10d_topgate_fusion_20260622_executable_10d_open_return_research,??formal L4 10D??????????????????/ST/??/???????????????????
20240814,20240815,SHSE.688166,688166.SH,博瑞医药,1,0.9932062653330818,0.054633980352805284,6,0.206,D:/work/quant/quant_mcp/quant/main/config/prediction_manifests/executable_10d_open_return_l4_formal_20260617.json,stock_predict_data_model_agent_10d_topgate_fusion_20260622_executable_10d_open_return_research,??formal L4 10D??????????????????/ST/??/???????????????????
20240814,20240815,SHSE.600398,600398.SH,海澜之家,2,0.9918852613700698,0.039806191207409365,6,0.206,D:/work/quant/quant_mcp/quant/main/config/prediction_manifests/executable_10d_open_return_l4_formal_20260617.json,stock_predict_data_model_agent_10d_topgate_fusion_20260622_executable_10d_open_return_research,??formal L4 10D??????????????????/ST/??/???????????????????
20240814,20240815,SHSE.603939,603939.SH,益丰药房,3,0.9911304019626345,0.046789454848655924,6,0.2,D:/work/quant/quant_mcp/quant/main/config/prediction_manifests/executable_10d_open_return_l4_formal_20260617.json,stock_predict_data_model_agent_10d_topgate_fusion_20260622_executable_10d_open_return_research,??formal L4 10D??????????????????/ST/??/???????????????????
20240814,20240815,SZSE.000933,000933.SZ,神火股份,4,0.9873561049254577,0.03978998125407556,6,0.194,D:/work/quant/quant_mcp/quant/main/config/prediction_manifests/executable_10d_open_return_l4_formal_20260617.json,stock_predict_data_model_agent_10d_topgate_fusion_20260622_executable_10d_open_return_research,??formal L4 10D??????????????????/ST/??/???????????????????
20240814,20240815,SHSE.600060,600060.SH,海信视像,5,0.9864125306661634,0.046116851717726164,6,0.194,D:/work/quant/quant_mcp/quant/main/config/prediction_manifests/executable_10d_open_return_l4_formal_20260617.json,stock_predict_data_model_agent_10d_topgate_fusion_20260622_executable_10d_open_return_research,??formal L4 10D??????????????????/ST/??/???????????????????
20240815,20240816,SHSE.688166,688166.SH,博瑞医药,1,0.9941509433962264,0.051412623027736776,6,0.206,D:/work/quant/quant_mcp/quant/main/config/prediction_manifests/executable_10d_open_return_l4_formal_20260617.json,stock_predict_data_model_agent_10d_topgate_fusion_20260622_executable_10d_open_return_research,??formal L4 10D??????????????????/ST/??/???????????????????
20240815,20240816,SHSE.603939,603939.SH,益丰药房,2,0.9928301886792453,0.04723856929108664,6,0.206,D:/work/quant/quant_mcp/quant/main/config/prediction_manifests/executable_10d_open_return_l4_formal_20260617.json,stock_predict_data_model_agent_10d_topgate_fusion_20260622_executable_10d_open_return_research,??formal L4 10D??????????????????/ST/??/???????????????????
20240815,20240816,SHSE.600398,600398.SH,海澜之家,3,0.9924528301886792,0.038188426978491986,6,0.2,D:/work/quant/quant_mcp/quant/main/config/prediction_manifests/executable_10d_open_return_l4_formal_20260617.json,stock_predict_data_model_agent_10d_topgate_fusion_20260622_executable_10d_open_return_research,??formal L4 10D??????????????????/ST/??/???????????????????
20240815,20240816,SHSE.600060,600060.SH,海信视像,4,0.9894339622641509,0.04711170673990747,6,0.194,D:/work/quant/quant_mcp/quant/main/config/prediction_manifests/executable_10d_open_return_l4_formal_20260617.json,stock_predict_data_model_agent_10d_topgate_fusion_20260622_executable_10d_open_return_research,??formal L4 10D??????????????????/ST/??/???????????????????
20240815,20240816,SHSE.603737,603737.SH,三棵树,5,0.9866037735849057,0.05364298728422155,6,0.194,D:/work/quant/quant_mcp/quant/main/config/prediction_manifests/executable_10d_open_return_l4_formal_20260617.json,stock_predict_data_model_agent_10d_topgate_fusion_20260622_executable_10d_open_return_research,??formal L4 10D??????????????????/ST/??/???????????????????
20240816,20240819,SZSE.002080,002080.SZ,中材科技,1,0.9937747594793436,0.02978346957794255,6,0.206,D:/work/quant/quant_mcp/quant/main/config/prediction_manifests/executable_10d_open_return_l4_formal_20260617.json,stock_predict_data_model_agent_10d_topgate_fusion_20260622_executable_10d_open_return_research,??formal L4 10D??????????????????/ST/??/???????????????????
20240816,20240819,SHSE.603939,603939.SH,益丰药房,2,0.9920769666100736,0.04784716155052316,6,0.206,D:/work/quant/quant_mcp/quant/main/config/prediction_manifests/executable_10d_open_return_l4_formal_20260617.json,stock_predict_data_model_agent_10d_topgate_fusion_20260622_executable_10d_open_return_research,??formal L4 10D??????????????????/ST/??/???????????????????
20240816,20240819,SZSE.300124,300124.SZ,汇川技术,3,0.9877381626108281,0.036226028059265405,6,0.2,D:/work/quant/quant_mcp/quant/main/config/prediction_manifests/executable_10d_open_return_l4_formal_20260617.json,stock_predict_data_model_agent_10d_topgate_fusion_20260622_executable_10d_open_return_research,??formal L4 10D??????????????????/ST/??/???????????????????
20240816,20240819,SHSE.688166,688166.SH,博瑞医药,4,0.987549518958687,0.050117888091810836,6,0.194,D:/work/quant/quant_mcp/quant/main/config/prediction_manifests/executable_10d_open_return_l4_formal_20260617.json,stock_predict_data_model_agent_10d_topgate_fusion_20260622_executable_10d_open_return_research,??formal L4 10D??????????????????/ST/??/???????????????????
20240816,20240819,SHSE.600398,600398.SH,海澜之家,5,0.9862290133936993,0.03838049288040455,6,0.194,D:/work/quant/quant_mcp/quant/main/config/prediction_manifests/executable_10d_open_return_l4_formal_20260617.json,stock_predict_data_model_agent_10d_topgate_fusion_20260622_executable_10d_open_return_research,??formal L4 10D??????????????????/ST/??/???????????????????
20240819,20240820,SZSE.002080,002080.SZ,中材科技,1,0.9913207547169811,0.03037844400892423,6,0.206,D:/work/quant/quant_mcp/quant/main/config/prediction_manifests/executable_10d_open_return_l4_formal_20260617.json,stock_predict_data_model_agent_10d_topgate_fusion_20260622_executable_10d_open_return_research,??formal L4 10D??????????????????/ST/??/???????????????????
20240819,20240820,SHSE.603939,603939.SH,益丰药房,2,0.9881132075471698,0.04930510564141351,6,0.206,D:/work/quant/quant_mcp/quant/main/config/prediction_manifests/executable_10d_open_return_l4_formal_20260617.json,stock_predict_data_model_agent_10d_topgate_fusion_20260622_executable_10d_open_return_research,??formal L4 10D??????????????????/ST/??/???????????????????
20240819,20240820,SZSE.002271,002271.SZ,东方雨虹,3,0.9862264150943396,0.03948306565089802,6,0.2,D:/work/quant/quant_mcp/quant/main/config/prediction_manifests/executable_10d_open_return_l4_formal_20260617.json,stock_predict_data_model_agent_10d_topgate_fusion_20260622_executable_10d_open_return_research,??formal L4 10D??????????????????/ST/??/???????????????????
20240819,20240820,SZSE.300724,300724.SZ,捷佳伟创,4,0.9845283018867924,0.04224847774615171,6,0.194,D:/work/quant/quant_mcp/quant/main/config/prediction_manifests/executable_10d_open_return_l4_formal_20260617.json,stock_predict_data_model_agent_10d_topgate_fusion_20260622_executable_10d_open_return_research,??formal L4 10D??????????????????/ST/??/???????????????????
20240819,20240820,SHSE.603737,603737.SH,三棵树,5,0.9837735849056604,0.05448010877554828,6,0.194,D:/work/quant/quant_mcp/quant/main/config/prediction_manifests/executable_10d_open_return_l4_formal_20260617.json,stock_predict_data_model_agent_10d_topgate_fusion_20260622_executable_10d_open_return_research,??formal L4 10D??????????????????/ST/??/???????????????????
20240820,20240821,SZSE.002271,002271.SZ,东方雨虹,1,1.0086530843237125,0.04178687672956023,6,0.206,D:/work/quant/quant_mcp/quant/main/config/prediction_manifests/executable_10d_open_return_l4_formal_20260617.json,stock_predict_data_model_agent_10d_topgate_fusion_20260622_executable_10d_open_return_research,??formal L4 10D??????????????????/ST/??/???????????????????
20240820,20240821,SHSE.688676,688676.SH,金盘科技,2,0.9937747594793436,0.06303435778429596,6,0.206,D:/work/quant/quant_mcp/quant/main/config/prediction_manifests/executable_10d_open_return_l4_formal_20260617.json,stock_predict_data_model_agent_10d_topgate_fusion_20260622_executable_10d_open_return_research,??formal L4 10D??????????????????/ST/??/???????????????????
20240820,20240821,SHSE.603939,603939.SH,益丰药房,3,0.9918883229579325,0.04963119297264296,6,0.2,D:/work/quant/quant_mcp/quant/main/config/prediction_manifests/executable_10d_open_return_l4_formal_20260617.json,stock_predict_data_model_agent_10d_topgate_fusion_20260622_executable_10d_open_return_research,??formal L4 10D??????????????????/ST/??/???????????????????
20240820,20240821,SHSE.600398,600398.SH,海澜之家,4,0.990945104697227,0.040948989110097915,6,0.194,D:/work/quant/quant_mcp/quant/main/config/prediction_manifests/executable_10d_open_return_l4_formal_20260617.json,stock_predict_data_model_agent_10d_topgate_fusion_20260622_executable_10d_open_return_research,??formal L4 10D??????????????????/ST/??/???????????????????
20240820,20240821,SHSE.603737,603737.SH,三棵树,5,0.985663082437276,0.05460644718647949,6,0.194,D:/work/quant/quant_mcp/quant/main/config/prediction_manifests/executable_10d_open_return_l4_formal_20260617.json,stock_predict_data_model_agent_10d_topgate_fusion_20260622_executable_10d_open_return_research,??formal L4 10D??????????????????/ST/??/???????????????????
20240821,20240822,SZSE.002271,002271.SZ,东方雨虹,1,0.9967936627687665,0.043240530293379396,6,0.206,D:/work/quant/quant_mcp/quant/main/config/prediction_manifests/executable_10d_open_return_l4_formal_20260617.json,stock_predict_data_model_agent_10d_topgate_fusion_20260622_executable_10d_open_return_research,??formal L4 10D??????????????????/ST/??/???????????????????
20240821,20240822,SZSE.300751,300751.SZ,迈为股份,2,0.9964164466239155,0.04811680291808777,6,0.206,D:/work/quant/quant_mcp/quant/main/config/prediction_manifests/executable_10d_open_return_l4_formal_20260617.json,stock_predict_data_model_agent_10d_topgate_fusion_20260622_executable_10d_open_return_research,??formal L4 10D??????????????????/ST/??/???????????????????
20240821,20240822,SHSE.688676,688676.SH,金盘科技,3,0.9937759336099585,0.0648732797305447,6,0.2,D:/work/quant/quant_mcp/quant/main/config/prediction_manifests/executable_10d_open_return_l4_formal_20260617.json,stock_predict_data_model_agent_10d_topgate_fusion_20260622_executable_10d_open_return_research,??formal L4 10D??????????????????/ST/??/???????????????????
20240821,20240822,SHSE.601666,601666.SH,平煤股份,4,0.992078460958129,0.04031572894142297,6,0.194,D:/work/quant/quant_mcp/quant/main/config/prediction_manifests/executable_10d_open_return_l4_formal_20260617.json,stock_predict_data_model_agent_10d_topgate_fusion_20260622_executable_10d_open_return_research,??formal L4 10D??????????????????/ST/??/???????????????????
20240821,20240822,SHSE.603939,603939.SH,益丰药房,5,0.9907582044511505,0.049598091218733355,6,0.194,D:/work/quant/quant_mcp/quant/main/config/prediction_manifests/executable_10d_open_return_l4_formal_20260617.json,stock_predict_data_model_agent_10d_topgate_fusion_20260622_executable_10d_open_return_research,??formal L4 10D??????????????????/ST/??/???????????????????
20240822,20240823,SZSE.300751,300751.SZ,迈为股份,1,0.9964164466239155,0.04634378939208489,6,0.206,D:/work/quant/quant_mcp/quant/main/config/prediction_manifests/executable_10d_open_return_l4_formal_20260617.json,stock_predict_data_model_agent_10d_topgate_fusion_20260622_executable_10d_open_return_research,??formal L4 10D??????????????????/ST/??/???????????????????
20240822,20240823,SHSE.603939,603939.SH,益丰药房,2,0.9930215013202565,0.04918988818130736,6,0.206,D:/work/quant/quant_mcp/quant/main/config/prediction_manifests/executable_10d_open_return_l4_formal_20260617.json,stock_predict_data_model_agent_10d_topgate_fusion_20260622_executable_10d_open_return_research,??formal L4 10D??????????????????/ST/??/???????????????????
20240822,20240823,SHSE.688676,688676.SH,金盘科技,3,0.99245567710298,0.06388620906167596,6,0.2,D:/work/quant/quant_mcp/quant/main/config/prediction_manifests/executable_10d_open_return_l4_formal_20260617.json,stock_predict_data_model_agent_10d_topgate_fusion_20260622_executable_10d_open_return_research,??formal L4 10D??????????????????/ST/??/???????????????????
20240822,20240823,SHSE.688017,688017.SH,绿的谐波,4,0.9894379479441721,0.05491049664111521,6,0.194,D:/work/quant/quant_mcp/quant/main/config/prediction_manifests/executable_10d_open_return_l4_formal_20260617.json,stock_predict_data_model_agent_10d_topgate_fusion_20260622_executable_10d_open_return_research,??formal L4 10D??????????????????/ST/??/???????????????????
20240822,20240823,SZSE.002271,002271.SZ,东方雨虹,5,0.9884949075820445,0.04204746850990916,6,0.194,D:/work/quant/quant_mcp/quant/main/config/prediction_manifests/executable_10d_open_return_l4_formal_20260617.json,stock_predict_data_model_agent_10d_topgate_fusion_20260622_executable_10d_open_return_research,??formal L4 10D??????????????????/ST/??/???????????????????
20240823,20240826,SHSE.688676,688676.SH,金盘科技,1,0.9952839086964723,0.06536256106117844,6,0.206,D:/work/quant/quant_mcp/quant/main/config/prediction_manifests/executable_10d_open_return_l4_formal_20260617.json,stock_predict_data_model_agent_10d_topgate_fusion_20260622_executable_10d_open_return_research,??formal L4 10D??????????????????/ST/??/???????????????????
20240823,20240826,SHSE.688017,688017.SH,绿的谐波,2,0.9915110356536503,0.05477705937016015,6,0.206,D:/work/quant/quant_mcp/quant/main/config/prediction_manifests/executable_10d_open_return_l4_formal_20260617.json,stock_predict_data_model_agent_10d_topgate_fusion_20260622_executable_10d_open_return_research,??formal L4 10D??????????????????/ST/??/???????????????????
20240823,20240826,SHSE.603939,603939.SH,益丰药房,3,0.9896245991322392,0.048664077287437976,6,0.2,D:/work/quant/quant_mcp/quant/main/config/prediction_manifests/executable_10d_open_return_l4_formal_20260617.json,stock_predict_data_model_agent_10d_topgate_fusion_20260622_executable_10d_open_return_research,??formal L4 10D??????????????????/ST/??/???????????????????
20240823,20240826,SZSE.300751,300751.SZ,迈为股份,4,0.987549518958687,0.04597907512829154,6,0.194,D:/work/quant/quant_mcp/quant/main/config/prediction_manifests/executable_10d_open_return_l4_formal_20260617.json,stock_predict_data_model_agent_10d_topgate_fusion_20260622_executable_10d_open_return_research,??formal L4 10D??????????????????/ST/??/???????????????????
20240823,20240826,SZSE.002271,002271.SZ,东方雨虹,5,0.9794378419166195,0.04106965806437841,6,0.194,D:/work/quant/quant_mcp/quant/main/config/prediction_manifests/executable_10d_open_return_l4_formal_20260617.json,stock_predict_data_model_agent_10d_topgate_fusion_20260622_executable_10d_open_return_research,??formal L4 10D??????????????????/ST/??/???????????????????
20240826,20240827,SZSE.300003,300003.SZ,乐普医疗,1,1.0088685649632283,0.04666656419033061,6,0.206,D:/work/quant/quant_mcp/quant/main/config/prediction_manifests/executable_10d_open_return_l4_formal_20260617.json,stock_predict_data_model_agent_10d_topgate_fusion_20260622_executable_10d_open_return_research,??formal L4 10D??????????????????/ST/??/???????????????????
20240826,20240827,SHSE.600060,600060.SH,海信视像,2,1.0086592494814255,0.050261571069738685,6,0.206,D:/work/quant/quant_mcp/quant/main/config/prediction_manifests/executable_10d_open_return_l4_formal_20260617.json,stock_predict_data_model_agent_10d_topgate_fusion_20260622_executable_10d_open_return_research,??formal L4 10D??????????????????/ST/??/???????????????????
20240826,20240827,SHSE.688676,688676.SH,金盘科技,3,0.9950971148406562,0.06444277903532142,6,0.2,D:/work/quant/quant_mcp/quant/main/config/prediction_manifests/executable_10d_open_return_l4_formal_20260617.json,stock_predict_data_model_agent_10d_topgate_fusion_20260622_executable_10d_open_return_research,??formal L4 10D??????????????????/ST/??/???????????????????
20240826,20240827,SHSE.688017,688017.SH,绿的谐波,4,0.9920799547425986,0.0538848141963188,6,0.194,D:/work/quant/quant_mcp/quant/main/config/prediction_manifests/executable_10d_open_return_l4_formal_20260617.json,stock_predict_data_model_agent_10d_topgate_fusion_20260622_executable_10d_open_return_research,??formal L4 10D??????????????????/ST/??/???????????????????
20240826,20240827,SHSE.603939,603939.SH,益丰药房,5,0.9918913822364699,0.04826061891747629,6,0.194,D:/work/quant/quant_mcp/quant/main/config/prediction_manifests/executable_10d_open_return_l4_formal_20260617.json,stock_predict_data_model_agent_10d_topgate_fusion_20260622_executable_10d_open_return_research,??formal L4 10D??????????????????/ST/??/???????????????????
20240827,20240828,SZSE.300496,300496.SZ,中科创达,1,1.007921539041871,0.04863762354181287,6,0.206,D:/work/quant/quant_mcp/quant/main/config/prediction_manifests/executable_10d_open_return_l4_formal_20260617.json,stock_predict_data_model_agent_10d_topgate_fusion_20260622_executable_10d_open_return_research,??formal L4 10D??????????????????/ST/??/???????????????????
20240827,20240828,SHSE.600060,600060.SH,海信视像,2,1.0077310448887213,0.05240572790252681,6,0.206,D:/work/quant/quant_mcp/quant/main/config/prediction_manifests/executable_10d_open_return_l4_formal_20260617.json,stock_predict_data_model_agent_10d_topgate_fusion_20260622_executable_10d_open_return_research,??formal L4 10D??????????????????/ST/??/???????????????????
20240827,20240828,SZSE.300003,300003.SZ,乐普医疗,3,0.9967936627687665,0.047058719799084346,6,0.2,D:/work/quant/quant_mcp/quant/main/config/prediction_manifests/executable_10d_open_return_l4_formal_20260617.json,stock_predict_data_model_agent_10d_topgate_fusion_20260622_executable_10d_open_return_research,??formal L4 10D??????????????????/ST/??/???????????????????
20240827,20240828,SHSE.688676,688676.SH,金盘科技,4,0.995473406261788,0.06743190889741532,6,0.194,D:/work/quant/quant_mcp/quant/main/config/prediction_manifests/executable_10d_open_return_l4_formal_20260617.json,stock_predict_data_model_agent_10d_topgate_fusion_20260622_executable_10d_open_return_research,??formal L4 10D??????????????????/ST/??/???????????????????
20240827,20240828,SZSE.300751,300751.SZ,迈为股份,5,0.9926442851754055,0.048074823706846063,6,0.194,D:/work/quant/quant_mcp/quant/main/config/prediction_manifests/executable_10d_open_return_l4_formal_20260617.json,stock_predict_data_model_agent_10d_topgate_fusion_20260622_executable_10d_open_return_research,??formal L4 10D??????????????????/ST/??/???????????????????
20240828,20240829,SZSE.300496,300496.SZ,中科创达,1,1.0075330064126744,0.04639042549824252,6,0.206,D:/work/quant/quant_mcp/quant/main/config/prediction_manifests/executable_10d_open_return_l4_formal_20260617.json,stock_predict_data_model_agent_10d_topgate_fusion_20260622_executable_10d_open_return_research,??formal L4 10D??????????????????/ST/??/???????????????????
20240828,20240829,SHSE.688676,688676.SH,金盘科技,2,0.9971708789136176,0.06426129657856537,6,0.206,D:/work/quant/quant_mcp/quant/main/config/prediction_manifests/executable_10d_open_return_l4_formal_20260617.json,stock_predict_data_model_agent_10d_topgate_fusion_20260622_executable_10d_open_return_research,??formal L4 10D??????????????????/ST/??/???????????????????
20240828,20240829,SZSE.300003,300003.SZ,乐普医疗,3,0.99622783855149,0.043441349346890076,6,0.2,D:/work/quant/quant_mcp/quant/main/config/prediction_manifests/executable_10d_open_return_l4_formal_20260617.json,stock_predict_data_model_agent_10d_topgate_fusion_20260622_executable_10d_open_return_research,??formal L4 10D??????????????????/ST/??/???????????????????
20240828,20240829,SZSE.300751,300751.SZ,迈为股份,4,0.9918898528857035,0.046495027626462744,6,0.194,D:/work/quant/quant_mcp/quant/main/config/prediction_manifests/executable_10d_open_return_l4_formal_20260617.json,stock_predict_data_model_agent_10d_topgate_fusion_20260622_executable_10d_open_return_research,??formal L4 10D??????????????????/ST/??/???????????????????
20240828,20240829,SZSE.002080,002080.SZ,中材科技,5,0.9900037721614485,0.026962692090594573,6,0.194,D:/work/quant/quant_mcp/quant/main/config/prediction_manifests/executable_10d_open_return_l4_formal_20260617.json,stock_predict_data_model_agent_10d_topgate_fusion_20260622_executable_10d_open_return_research,??formal L4 10D??????????????????/ST/??/???????????????????
20240829,20240830,SHSE.688676,688676.SH,金盘科技,1,0.994718973972086,0.06196956408066535,6,0.206,D:/work/quant/quant_mcp/quant/main/config/prediction_manifests/executable_10d_open_return_l4_formal_20260617.json,stock_predict_data_model_agent_10d_topgate_fusion_20260622_executable_10d_open_return_research,??formal L4 10D??????????????????/ST/??/???????????????????
20240829,20240830,SZSE.300496,300496.SZ,中科创达,2,0.9932101093926821,0.04577560303871885,6,0.206,D:/work/quant/quant_mcp/quant/main/config/prediction_manifests/executable_10d_open_return_l4_formal_20260617.json,stock_predict_data_model_agent_10d_topgate_fusion_20260622_executable_10d_open_return_research,??formal L4 10D??????????????????/ST/??/???????????????????
20240829,20240830,SHSE.601006,601006.SH,大秦铁路,3,0.9926442851754055,0.016585546871670343,6,0.2,D:/work/quant/quant_mcp/quant/main/config/prediction_manifests/executable_10d_open_return_l4_formal_20260617.json,stock_predict_data_model_agent_10d_topgate_fusion_20260622_executable_10d_open_return_research,??formal L4 10D??????????????????/ST/??/???????????????????
20240829,20240830,SZSE.300003,300003.SZ,乐普医疗,4,0.99245567710298,0.04185464554155943,6,0.194,D:/work/quant/quant_mcp/quant/main/config/prediction_manifests/executable_10d_open_return_l4_formal_20260617.json,stock_predict_data_model_agent_10d_topgate_fusion_20260622_executable_10d_open_return_research,??formal L4 10D??????????????????/ST/??/???????????????????
20240829,20240830,SZSE.300751,300751.SZ,迈为股份,5,0.990569596378725,0.04728658771677348,6,0.194,D:/work/quant/quant_mcp/quant/main/config/prediction_manifests/executable_10d_open_return_l4_formal_20260617.json,stock_predict_data_model_agent_10d_topgate_fusion_20260622_executable_10d_open_return_research,??formal L4 10D??????????????????/ST/??/???????????????????
20240830,20240902,SHSE.601618,601618.SH,中国中冶,1,0.997359486986043,0.01915333365931252,6,0.206,D:/work/quant/quant_mcp/quant/main/config/prediction_manifests/executable_10d_open_return_l4_formal_20260617.json,stock_predict_data_model_agent_10d_topgate_fusion_20260622_executable_10d_open_return_research,??formal L4 10D??????????????????/ST/??/???????????????????
20240830,20240902,SHSE.600801,600801.SH,华新建材,2,0.9967936627687665,0.040981180195546904,6,0.206,D:/work/quant/quant_mcp/quant/main/config/prediction_manifests/executable_10d_open_return_l4_formal_20260617.json,stock_predict_data_model_agent_10d_topgate_fusion_20260622_executable_10d_open_return_research,??formal L4 10D??????????????????/ST/??/???????????????????
20240830,20240902,SHSE.688676,688676.SH,金盘科技,3,0.995850622406639,0.06133024074212496,6,0.2,D:/work/quant/quant_mcp/quant/main/config/prediction_manifests/executable_10d_open_return_l4_formal_20260617.json,stock_predict_data_model_agent_10d_topgate_fusion_20260622_executable_10d_open_return_research,??formal L4 10D??????????????????/ST/??/???????????????????
20240830,20240902,SZSE.300496,300496.SZ,中科创达,4,0.9952847981893626,0.04573149052777586,6,0.194,D:/work/quant/quant_mcp/quant/main/config/prediction_manifests/executable_10d_open_return_l4_formal_20260617.json,stock_predict_data_model_agent_10d_topgate_fusion_20260622_executable_10d_open_return_research,??formal L4 10D??????????????????/ST/??/???????????????????
20240830,20240902,SHSE.601669,601669.SH,中国电建,5,0.994718973972086,0.026875347934320358,6,0.194,D:/work/quant/quant_mcp/quant/main/config/prediction_manifests/executable_10d_open_return_l4_formal_20260617.json,stock_predict_data_model_agent_10d_topgate_fusion_20260622_executable_10d_open_return_research,??formal L4 10D??????????????????/ST/??/???????????????????
20240902,20240903,SHSE.688676,688676.SH,金盘科技,1,0.9973589888700245,0.06749085842859882,6,0.206,D:/work/quant/quant_mcp/quant/main/config/prediction_manifests/executable_10d_open_return_l4_formal_20260617.json,stock_predict_data_model_agent_10d_topgate_fusion_20260622_executable_10d_open_return_research,??formal L4 10D??????????????????/ST/??/???????????????????
20240902,20240903,SZSE.300496,300496.SZ,中科创达,2,0.9971703452178834,0.04532316519727789,6,0.206,D:/work/quant/quant_mcp/quant/main/config/prediction_manifests/executable_10d_open_return_l4_formal_20260617.json,stock_predict_data_model_agent_10d_topgate_fusion_20260622_executable_10d_open_return_research,??formal L4 10D??????????????????/ST/??/???????????????????
20240902,20240903,SHSE.600801,600801.SH,华新建材,3,0.9960384833050367,0.04150808490061229,6,0.2,D:/work/quant/quant_mcp/quant/main/config/prediction_manifests/executable_10d_open_return_l4_formal_20260617.json,stock_predict_data_model_agent_10d_topgate_fusion_20260622_executable_10d_open_return_research,??formal L4 10D??????????????????/ST/??/???????????????????
20240902,20240903,SHSE.601618,601618.SH,中国中冶,4,0.9958498396528956,0.02120162106980584,6,0.194,D:/work/quant/quant_mcp/quant/main/config/prediction_manifests/executable_10d_open_return_l4_formal_20260617.json,stock_predict_data_model_agent_10d_topgate_fusion_20260622_executable_10d_open_return_research,??formal L4 10D??????????????????/ST/??/???????????????????
20240902,20240903,SZSE.300628,300628.SZ,亿联网络,5,0.9954725523486134,0.03017997384851312,6,0.194,D:/work/quant/quant_mcp/quant/main/config/prediction_manifests/executable_10d_open_return_l4_formal_20260617.json,stock_predict_data_model_agent_10d_topgate_fusion_20260622_executable_10d_open_return_research,??formal L4 10D??????????????????/ST/??/???????????????????
20240903,20240904,SZSE.300496,300496.SZ,中科创达,1,0.9966056948896851,0.04414491520922676,6,0.206,D:/work/quant/quant_mcp/quant/main/config/prediction_manifests/executable_10d_open_return_l4_formal_20260617.json,stock_predict_data_model_agent_10d_topgate_fusion_20260622_executable_10d_open_return_research,??formal L4 10D??????????????????/ST/??/???????????????????
20240903,20240904,SHSE.600801,600801.SH,华新建材,2,0.9964171223835565,0.04071734906461049,6,0.206,D:/work/quant/quant_mcp/quant/main/config/prediction_manifests/executable_10d_open_return_l4_formal_20260617.json,stock_predict_data_model_agent_10d_topgate_fusion_20260622_executable_10d_open_return_research,??formal L4 10D??????????????????/ST/??/???????????????????
20240903,20240904,SZSE.300070,300070.SZ,碧水源,3,0.9950971148406562,0.031306991331291036,6,0.2,D:/work/quant/quant_mcp/quant/main/config/prediction_manifests/executable_10d_open_return_l4_formal_20260617.json,stock_predict_data_model_agent_10d_topgate_fusion_20260622_executable_10d_open_return_research,??formal L4 10D??????????????????/ST/??/???????????????????
20240903,20240904,SHSE.688676,688676.SH,金盘科技,4,0.9941542523100132,0.06430419657728735,6,0.194,D:/work/quant/quant_mcp/quant/main/config/prediction_manifests/executable_10d_open_return_l4_formal_20260617.json,stock_predict_data_model_agent_10d_topgate_fusion_20260622_executable_10d_open_return_research,??formal L4 10D??????????????????/ST/??/???????????????????
20240903,20240904,SHSE.600820,600820.SH,隧道股份,5,0.9917028097303413,0.02900700155721264,6,0.194,D:/work/quant/quant_mcp/quant/main/config/prediction_manifests/executable_10d_open_return_l4_formal_20260617.json,stock_predict_data_model_agent_10d_topgate_fusion_20260622_executable_10d_open_return_research,??formal L4 10D??????????????????/ST/??/???????????????????
20240904,20240905,SHSE.601880,601880.SH,辽港股份,1,1.006725113122172,0.015575540699945382,6,0.206,D:/work/quant/quant_mcp/quant/main/config/prediction_manifests/executable_10d_open_return_l4_formal_20260617.json,stock_predict_data_model_agent_10d_topgate_fusion_20260622_executable_10d_open_return_research,??formal L4 10D??????????????????/ST/??/???????????????????
20240904,20240905,SHSE.600801,600801.SH,华新建材,2,0.9967948717948718,0.040753400977798254,6,0.206,D:/work/quant/quant_mcp/quant/main/config/prediction_manifests/executable_10d_open_return_l4_formal_20260617.json,stock_predict_data_model_agent_10d_topgate_fusion_20260622_executable_10d_open_return_research,??formal L4 10D??????????????????/ST/??/???????????????????
20240904,20240905,SHSE.600820,600820.SH,隧道股份,3,0.9915158371040724,0.029119979233528947,6,0.2,D:/work/quant/quant_mcp/quant/main/config/prediction_manifests/executable_10d_open_return_l4_formal_20260617.json,stock_predict_data_model_agent_10d_topgate_fusion_20260622_executable_10d_open_return_research,??formal L4 10D??????????????????/ST/??/???????????????????
20240904,20240905,SZSE.300070,300070.SZ,碧水源,4,0.9909502262443439,0.032153847177828244,6,0.194,D:/work/quant/quant_mcp/quant/main/config/prediction_manifests/executable_10d_open_return_l4_formal_20260617.json,stock_predict_data_model_agent_10d_topgate_fusion_20260622_executable_10d_open_return_research,??formal L4 10D??????????????????/ST/??/???????????????????
20240904,20240905,SHSE.601186,601186.SH,中国铁建,5,0.9903846153846154,0.021086137791758833,6,0.194,D:/work/quant/quant_mcp/quant/main/config/prediction_manifests/executable_10d_open_return_l4_formal_20260617.json,stock_predict_data_model_agent_10d_topgate_fusion_20260622_executable_10d_open_return_research,??formal L4 10D??????????????????/ST/??/???????????????????
20240905,20240906,SHSE.601880,601880.SH,辽港股份,1,1.0077356711915535,0.014753590812935032,6,0.206,D:/work/quant/quant_mcp/quant/main/config/prediction_manifests/executable_10d_open_return_l4_formal_20260617.json,stock_predict_data_model_agent_10d_topgate_fusion_20260622_executable_10d_open_return_research,??formal L4 10D??????????????????/ST/??/???????????????????
20240905,20240906,SHSE.600820,600820.SH,隧道股份,2,0.9949095022624435,0.029457102652329935,6,0.206,D:/work/quant/quant_mcp/quant/main/config/prediction_manifests/executable_10d_open_return_l4_formal_20260617.json,stock_predict_data_model_agent_10d_topgate_fusion_20260622_executable_10d_open_return_research,??formal L4 10D??????????????????/ST/??/???????????????????
20240905,20240906,SZSE.300003,300003.SZ,乐普医疗,3,0.9917043740573153,0.03963092235817582,6,0.2,D:/work/quant/quant_mcp/quant/main/config/prediction_manifests/executable_10d_open_return_l4_formal_20260617.json,stock_predict_data_model_agent_10d_topgate_fusion_20260622_executable_10d_open_return_research,??formal L4 10D??????????????????/ST/??/???????????????????
20240905,20240906,SHSE.600160,600160.SH,巨化股份,4,0.9909502262443439,0.04550739267241715,6,0.194,D:/work/quant/quant_mcp/quant/main/config/prediction_manifests/executable_10d_open_return_l4_formal_20260617.json,stock_predict_data_model_agent_10d_topgate_fusion_20260622_executable_10d_open_return_research,??formal L4 10D??????????????????/ST/??/???????????????????
20240905,20240906,SZSE.000709,000709.SZ,河钢股份,5,0.9888763197586727,0.018928398443521705,6,0.194,D:/work/quant/quant_mcp/quant/main/config/prediction_manifests/executable_10d_open_return_l4_formal_20260617.json,stock_predict_data_model_agent_10d_topgate_fusion_20260622_executable_10d_open_return_research,??formal L4 10D??????????????????/ST/??/???????????????????
20240906,20240909,SHSE.601880,601880.SH,辽港股份,1,1.007085768143261,0.014346766584754984,6,0.206,D:/work/quant/quant_mcp/quant/main/config/prediction_manifests/executable_10d_open_return_l4_formal_20260617.json,stock_predict_data_model_agent_10d_topgate_fusion_20260622_executable_10d_open_return_research,??formal L4 10D??????????????????/ST/??/???????????????????
20240906,20240909,SZSE.300003,300003.SZ,乐普医疗,2,0.9937794533459001,0.040231974282578686,6,0.206,D:/work/quant/quant_mcp/quant/main/config/prediction_manifests/executable_10d_open_return_l4_formal_20260617.json,stock_predict_data_model_agent_10d_topgate_fusion_20260622_executable_10d_open_return_research,??formal L4 10D??????????????????/ST/??/???????????????????
20240906,20240909,SHSE.600160,600160.SH,巨化股份,3,0.9901979264844486,0.04315926104866441,6,0.2,D:/work/quant/quant_mcp/quant/main/config/prediction_manifests/executable_10d_open_return_l4_formal_20260617.json,stock_predict_data_model_agent_10d_topgate_fusion_20260622_executable_10d_open_return_research,??formal L4 10D??????????????????/ST/??/???????????????????
20240906,20240909,SZSE.300070,300070.SZ,碧水源,4,0.9896324222431668,0.03245341689423668,6,0.194,D:/work/quant/quant_mcp/quant/main/config/prediction_manifests/executable_10d_open_return_l4_formal_20260617.json,stock_predict_data_model_agent_10d_topgate_fusion_20260622_executable_10d_open_return_research,??formal L4 10D??????????????????/ST/??/???????????????????
20240906,20240909,SHSE.688629,688629.SH,华丰科技,5,0.9819038642789821,0.07830370567825698,6,0.194,D:/work/quant/quant_mcp/quant/main/config/prediction_manifests/executable_10d_open_return_l4_formal_20260617.json,stock_predict_data_model_agent_10d_topgate_fusion_20260622_executable_10d_open_return_research,??formal L4 10D??????????????????/ST/??/???????????????????
20240909,20240910,SZSE.300003,300003.SZ,乐普医疗,1,0.9930215013202565,0.040337966452412624,6,0.206,D:/work/quant/quant_mcp/quant/main/config/prediction_manifests/executable_10d_open_return_l4_formal_20260617.json,stock_predict_data_model_agent_10d_topgate_fusion_20260622_executable_10d_open_return_research,??formal L4 10D??????????????????/ST/??/???????????????????
20240909,20240910,SHSE.688676,688676.SH,金盘科技,2,0.9900037721614485,0.05917138031309834,6,0.206,D:/work/quant/quant_mcp/quant/main/config/prediction_manifests/executable_10d_open_return_l4_formal_20260617.json,stock_predict_data_model_agent_10d_topgate_fusion_20260622_executable_10d_open_return_research,??formal L4 10D??????????????????/ST/??/???????????????????
20240909,20240910,SZSE.300070,300070.SZ,碧水源,3,0.989815164089023,0.032298137077576894,6,0.2,D:/work/quant/quant_mcp/quant/main/config/prediction_manifests/executable_10d_open_return_l4_formal_20260617.json,stock_predict_data_model_agent_10d_topgate_fusion_20260622_executable_10d_open_return_research,??formal L4 10D??????????????????/ST/??/???????????????????
20240909,20240910,SHSE.600160,600160.SH,巨化股份,4,0.987174651075066,0.043259304101431646,6,0.194,D:/work/quant/quant_mcp/quant/main/config/prediction_manifests/executable_10d_open_return_l4_formal_20260617.json,stock_predict_data_model_agent_10d_topgate_fusion_20260622_executable_10d_open_return_research,??formal L4 10D??????????????????/ST/??/???????????????????
20240909,20240910,SHSE.688629,688629.SH,华丰科技,5,0.982648057336854,0.07885939043902389,6,0.194,D:/work/quant/quant_mcp/quant/main/config/prediction_manifests/executable_10d_open_return_l4_formal_20260617.json,stock_predict_data_model_agent_10d_topgate_fusion_20260622_executable_10d_open_return_research,??formal L4 10D??????????????????/ST/??/???????????????????
20240910,20240911,SHSE.688676,688676.SH,金盘科技,1,0.9926442851754055,0.05952215831980955,6,0.206,D:/work/quant/quant_mcp/quant/main/config/prediction_manifests/executable_10d_open_return_l4_formal_20260617.json,stock_predict_data_model_agent_10d_topgate_fusion_20260622_executable_10d_open_return_research,??formal L4 10D??????????????????/ST/??/???????????????????
20240910,20240911,SHSE.601880,601880.SH,辽港股份,2,0.99245567710298,0.013931640925924681,6,0.206,D:/work/quant/quant_mcp/quant/main/config/prediction_manifests/executable_10d_open_return_l4_formal_20260617.json,stock_predict_data_model_agent_10d_topgate_fusion_20260622_executable_10d_open_return_research,??formal L4 10D??????????????????/ST/??/???????????????????
20240910,20240911,SZSE.300003,300003.SZ,乐普医疗,3,0.990192380233874,0.04038060798470917,6,0.2,D:/work/quant/quant_mcp/quant/main/config/prediction_manifests/executable_10d_open_return_l4_formal_20260617.json,stock_predict_data_model_agent_10d_topgate_fusion_20260622_executable_10d_open_return_research,??formal L4 10D??????????????????/ST/??/???????????????????
20240910,20240911,SHSE.688629,688629.SH,华丰科技,4,0.988306299509619,0.0803473960443268,6,0.194,D:/work/quant/quant_mcp/quant/main/config/prediction_manifests/executable_10d_open_return_l4_formal_20260617.json,stock_predict_data_model_agent_10d_topgate_fusion_20260622_executable_10d_open_return_research,??formal L4 10D??????????????????/ST/??/???????????????????
20240910,20240911,SZSE.300070,300070.SZ,碧水源,5,0.986043002640513,0.03152173799427801,6,0.194,D:/work/quant/quant_mcp/quant/main/config/prediction_manifests/executable_10d_open_return_l4_formal_20260617.json,stock_predict_data_model_agent_10d_topgate_fusion_20260622_executable_10d_open_return_research,??formal L4 10D??????????????????/ST/??/???????????????????
20240911,20240912,SHSE.601880,601880.SH,辽港股份,1,1.0063758009800226,0.013636591932232945,6,0.206,D:/work/quant/quant_mcp/quant/main/config/prediction_manifests/executable_10d_open_return_l4_formal_20260617.json,stock_predict_data_model_agent_10d_topgate_fusion_20260622_executable_10d_open_return_research,??formal L4 10D??????????????????/ST/??/???????????????????
20240911,20240912,SZSE.300070,300070.SZ,碧水源,2,0.9888805126272144,0.03134796233792913,6,0.206,D:/work/quant/quant_mcp/quant/main/config/prediction_manifests/executable_10d_open_return_l4_formal_20260617.json,stock_predict_data_model_agent_10d_topgate_fusion_20260622_executable_10d_open_return_research,??formal L4 10D??????????????????/ST/??/???????????????????
20240911,20240912,SHSE.603565,603565.SH,中谷物流,3,0.9873727855258199,0.04232374429703685,6,0.2,D:/work/quant/quant_mcp/quant/main/config/prediction_manifests/executable_10d_open_return_l4_formal_20260617.json,stock_predict_data_model_agent_10d_topgate_fusion_20260622_executable_10d_open_return_research,??formal L4 10D??????????????????/ST/??/???????????????????
20240911,20240912,SHSE.601666,601666.SH,平煤股份,4,0.9856765925367509,0.046279435863854114,6,0.194,D:/work/quant/quant_mcp/quant/main/config/prediction_manifests/executable_10d_open_return_l4_formal_20260617.json,stock_predict_data_model_agent_10d_topgate_fusion_20260622_executable_10d_open_return_research,??formal L4 10D??????????????????/ST/??/???????????????????
20240911,20240912,SHSE.600566,600566.SH,济川药业,5,0.9843573313230305,0.046838136993801543,6,0.194,D:/work/quant/quant_mcp/quant/main/config/prediction_manifests/executable_10d_open_return_l4_formal_20260617.json,stock_predict_data_model_agent_10d_topgate_fusion_20260622_executable_10d_open_return_research,??formal L4 10D??????????????????/ST/??/???????????????????
20240912,20240913,SHSE.601880,601880.SH,辽港股份,1,0.9967960799095363,0.013226405523661356,6,0.206,D:/work/quant/quant_mcp/quant/main/config/prediction_manifests/executable_10d_open_return_l4_formal_20260617.json,stock_predict_data_model_agent_10d_topgate_fusion_20260622_executable_10d_open_return_research,??formal L4 10D??????????????????/ST/??/???????????????????
20240912,20240913,SHSE.600566,600566.SH,济川药业,2,0.9913305691669808,0.04785108359785707,6,0.206,D:/work/quant/quant_mcp/quant/main/config/prediction_manifests/executable_10d_open_return_l4_formal_20260617.json,stock_predict_data_model_agent_10d_topgate_fusion_20260622_executable_10d_open_return_research,??formal L4 10D??????????????????/ST/??/???????????????????
20240912,20240913,SHSE.600871,600871.SH,石化油服,3,0.9851111948737279,0.020689654280481067,6,0.2,D:/work/quant/quant_mcp/quant/main/config/prediction_manifests/executable_10d_open_return_l4_formal_20260617.json,stock_predict_data_model_agent_10d_topgate_fusion_20260622_executable_10d_open_return_research,??formal L4 10D??????????????????/ST/??/???????????????????
20240912,20240913,SZSE.300070,300070.SZ,碧水源,4,0.9809649453448925,0.030937499421359264,6,0.194,D:/work/quant/quant_mcp/quant/main/config/prediction_manifests/executable_10d_open_return_l4_formal_20260617.json,stock_predict_data_model_agent_10d_topgate_fusion_20260622_executable_10d_open_return_research,??formal L4 10D??????????????????/ST/??/???????????????????
20240912,20240913,SZSE.300003,300003.SZ,乐普医疗,5,0.9803995476818695,0.03933164553860756,6,0.194,D:/work/quant/quant_mcp/quant/main/config/prediction_manifests/executable_10d_open_return_l4_formal_20260617.json,stock_predict_data_model_agent_10d_topgate_fusion_20260622_executable_10d_open_return_research,??formal L4 10D??????????????????/ST/??/???????????????????
20240913,20240918,SHSE.601880,601880.SH,辽港股份,1,0.9958545317505182,0.012807849077642226,6,0.206,D:/work/quant/quant_mcp/quant/main/config/prediction_manifests/executable_10d_open_return_l4_formal_20260617.json,stock_predict_data_model_agent_10d_topgate_fusion_20260622_executable_10d_open_return_research,??formal L4 10D??????????????????/ST/??/???????????????????
20240913,20240918,SHSE.688629,688629.SH,华丰科技,2,0.9896363293762954,0.07234651586183544,6,0.206,D:/work/quant/quant_mcp/quant/main/config/prediction_manifests/executable_10d_open_return_l4_formal_20260617.json,stock_predict_data_model_agent_10d_topgate_fusion_20260622_executable_10d_open_return_research,??formal L4 10D??????????????????/ST/??/???????????????????
20240913,20240918,SHSE.601233,601233.SH,桐昆股份,3,0.989447899001319,0.031909844967880324,6,0.2,D:/work/quant/quant_mcp/quant/main/config/prediction_manifests/executable_10d_open_return_l4_formal_20260617.json,stock_predict_data_model_agent_10d_topgate_fusion_20260622_executable_10d_open_return_research,??formal L4 10D??????????????????/ST/??/???????????????????
20240913,20240918,SHSE.601666,601666.SH,平煤股份,4,0.9888826078763897,0.04661926577332457,6,0.194,D:/work/quant/quant_mcp/quant/main/config/prediction_manifests/executable_10d_open_return_l4_formal_20260617.json,stock_predict_data_model_agent_10d_topgate_fusion_20260622_executable_10d_open_return_research,??formal L4 10D??????????????????/ST/??/???????????????????
20240913,20240918,SZSE.000683,000683.SZ,博源化工,5,0.9885057471264368,0.03299903733973824,6,0.194,D:/work/quant/quant_mcp/quant/main/config/prediction_manifests/executable_10d_open_return_l4_formal_20260617.json,stock_predict_data_model_agent_10d_topgate_fusion_20260622_executable_10d_open_return_research,??formal L4 10D??????????????????/ST/??/???????????????????
20240918,20240919,SHSE.688629,688629.SH,华丰科技,1,0.9964171223835565,0.07395542971505374,6,0.206,D:/work/quant/quant_mcp/quant/main/config/prediction_manifests/executable_10d_open_return_l4_formal_20260617.json,stock_predict_data_model_agent_10d_topgate_fusion_20260622_executable_10d_open_return_research,??formal L4 10D??????????????????/ST/??/???????????????????
20240918,20240919,SHSE.601233,601233.SH,桐昆股份,2,0.9909485197058269,0.03248732869202751,6,0.206,D:/work/quant/quant_mcp/quant/main/config/prediction_manifests/executable_10d_open_return_l4_formal_20260617.json,stock_predict_data_model_agent_10d_topgate_fusion_20260622_executable_10d_open_return_research,??formal L4 10D??????????????????/ST/??/???????????????????
20240918,20240919,SHSE.600809,600809.SH,山西汾酒,3,0.9898170846690553,0.04005004330841848,6,0.2,D:/work/quant/quant_mcp/quant/main/config/prediction_manifests/executable_10d_open_return_l4_formal_20260617.json,stock_predict_data_model_agent_10d_topgate_fusion_20260622_executable_10d_open_return_research,??formal L4 10D??????????????????/ST/??/???????????????????
20240918,20240919,SZSE.300003,300003.SZ,乐普医疗,4,0.9867999245709975,0.039433353762419764,6,0.194,D:/work/quant/quant_mcp/quant/main/config/prediction_manifests/executable_10d_open_return_l4_formal_20260617.json,stock_predict_data_model_agent_10d_topgate_fusion_20260622_executable_10d_open_return_research,??formal L4 10D??????????????????/ST/??/???????????????????
20240918,20240919,SZSE.000932,000932.SZ,华菱钢铁,5,0.9856684895342259,0.03249891717382073,6,0.194,D:/work/quant/quant_mcp/quant/main/config/prediction_manifests/executable_10d_open_return_l4_formal_20260617.json,stock_predict_data_model_agent_10d_topgate_fusion_20260622_executable_10d_open_return_research,??formal L4 10D??????????????????/ST/??/???????????????????
20240919,20240920,SHSE.688629,688629.SH,华丰科技,1,1.0080893159977389,0.07498580376937657,6,0.206,D:/work/quant/quant_mcp/quant/main/config/prediction_manifests/executable_10d_open_return_l4_formal_20260617.json,stock_predict_data_model_agent_10d_topgate_fusion_20260622_executable_10d_open_return_research,??formal L4 10D??????????????????/ST/??/???????????????????
20240919,20240920,SZSE.000898,000898.SZ,鞍钢股份,2,0.9913322027510835,0.024999999728044352,6,0.206,D:/work/quant/quant_mcp/quant/main/config/prediction_manifests/executable_10d_open_return_l4_formal_20260617.json,stock_predict_data_model_agent_10d_topgate_fusion_20260622_executable_10d_open_return_research,??formal L4 10D??????????????????/ST/??/???????????????????
20240919,20240920,SZSE.002299,002299.SZ,圣农发展,3,0.9905784812511776,0.025367463129656844,6,0.2,D:/work/quant/quant_mcp/quant/main/config/prediction_manifests/executable_10d_open_return_l4_formal_20260617.json,stock_predict_data_model_agent_10d_topgate_fusion_20260622_executable_10d_open_return_research,??formal L4 10D??????????????????/ST/??/???????????????????
20240919,20240920,SZSE.300677,300677.SZ,英科医疗,4,0.9890710382513661,0.048531940547774655,6,0.194,D:/work/quant/quant_mcp/quant/main/config/prediction_manifests/executable_10d_open_return_l4_formal_20260617.json,stock_predict_data_model_agent_10d_topgate_fusion_20260622_executable_10d_open_return_research,??formal L4 10D??????????????????/ST/??/???????????????????
20240919,20240920,SZSE.300003,300003.SZ,乐普医疗,5,0.9885057471264368,0.03904389055449818,6,0.194,D:/work/quant/quant_mcp/quant/main/config/prediction_manifests/executable_10d_open_return_l4_formal_20260617.json,stock_predict_data_model_agent_10d_topgate_fusion_20260622_executable_10d_open_return_research,??formal L4 10D??????????????????/ST/??/???????????????????
20240920,20240923,SHSE.688629,688629.SH,华丰科技,1,0.994912379875636,0.07232432937899898,6,0.206,D:/work/quant/quant_mcp/quant/main/config/prediction_manifests/executable_10d_open_return_l4_formal_20260617.json,stock_predict_data_model_agent_10d_topgate_fusion_20260622_executable_10d_open_return_research,??formal L4 10D??????????????????/ST/??/???????????????????
20240920,20240923,SZSE.000898,000898.SZ,鞍钢股份,2,0.9892594686263426,0.02594594637745885,6,0.206,D:/work/quant/quant_mcp/quant/main/config/prediction_manifests/executable_10d_open_return_l4_formal_20260617.json,stock_predict_data_model_agent_10d_topgate_fusion_20260622_executable_10d_open_return_research,??formal L4 10D??????????????????/ST/??/???????????????????
20240920,20240923,SZSE.300751,300751.SZ,迈为股份,3,0.987752025626531,0.03908870093410802,6,0.2,D:/work/quant/quant_mcp/quant/main/config/prediction_manifests/executable_10d_open_return_l4_formal_20260617.json,stock_predict_data_model_agent_10d_topgate_fusion_20260622_executable_10d_open_return_research,??formal L4 10D??????????????????/ST/??/???????????????????
20240920,20240923,SZSE.300677,300677.SZ,英科医疗,4,0.9862445826267194,0.051580738620415546,6,0.194,D:/work/quant/quant_mcp/quant/main/config/prediction_manifests/executable_10d_open_return_l4_formal_20260617.json,stock_predict_data_model_agent_10d_topgate_fusion_20260622_executable_10d_open_return_research,??formal L4 10D??????????????????/ST/??/???????????????????
20240920,20240923,SHSE.600150,600150.SH,中国船舶,5,0.9853024307518372,0.035987626170875114,6,0.194,D:/work/quant/quant_mcp/quant/main/config/prediction_manifests/executable_10d_open_return_l4_formal_20260617.json,stock_predict_data_model_agent_10d_topgate_fusion_20260622_executable_10d_open_return_research,??formal L4 10D??????????????????/ST/??/???????????????????
20240923,20240924,SZSE.300751,300751.SZ,迈为股份,1,0.9924642049736248,0.041764274241446075,6,0.206,D:/work/quant/quant_mcp/quant/main/config/prediction_manifests/executable_10d_open_return_l4_formal_20260617.json,stock_predict_data_model_agent_10d_topgate_fusion_20260622_executable_10d_open_return_research,??formal L4 10D??????????????????/ST/??/???????????????????
20240923,20240924,SZSE.000898,000898.SZ,鞍钢股份,2,0.9909570459683497,0.025268816670989663,6,0.206,D:/work/quant/quant_mcp/quant/main/config/prediction_manifests/executable_10d_open_return_l4_formal_20260617.json,stock_predict_data_model_agent_10d_topgate_fusion_20260622_executable_10d_open_return_research,??formal L4 10D??????????????????/ST/??/???????????????????
20240923,20240924,SHSE.688629,688629.SH,华丰科技,3,0.984174830444612,0.06899284316960844,6,0.2,D:/work/quant/quant_mcp/quant/main/config/prediction_manifests/executable_10d_open_return_l4_formal_20260617.json,stock_predict_data_model_agent_10d_topgate_fusion_20260622_executable_10d_open_return_research,??formal L4 10D??????????????????/ST/??/???????????????????
20240923,20240924,SHSE.601880,601880.SH,辽港股份,4,0.982290881688018,0.013597281862572445,6,0.194,D:/work/quant/quant_mcp/quant/main/config/prediction_manifests/executable_10d_open_return_l4_formal_20260617.json,stock_predict_data_model_agent_10d_topgate_fusion_20260622_executable_10d_open_return_research,??formal L4 10D??????????????????/ST/??/???????????????????
20240923,20240924,SHSE.600566,600566.SH,济川药业,5,0.9804069329314242,0.04616831096559394,6,0.194,D:/work/quant/quant_mcp/quant/main/config/prediction_manifests/executable_10d_open_return_l4_formal_20260617.json,stock_predict_data_model_agent_10d_topgate_fusion_20260622_executable_10d_open_return_research,??formal L4 10D??????????????????/ST/??/???????????????????
20240924,20240925,SHSE.688629,688629.SH,华丰科技,1,0.9962328122056885,0.06803653260524725,6,0.206,D:/work/quant/quant_mcp/quant/main/config/prediction_manifests/executable_10d_open_return_l4_formal_20260617.json,stock_predict_data_model_agent_10d_topgate_fusion_20260622_executable_10d_open_return_research,??formal L4 10D??????????????????/ST/??/???????????????????
20240924,20240925,SZSE.300751,300751.SZ,迈为股份,2,0.9943492183085327,0.041352387144449075,6,0.206,D:/work/quant/quant_mcp/quant/main/config/prediction_manifests/executable_10d_open_return_l4_formal_20260617.json,stock_predict_data_model_agent_10d_topgate_fusion_20260622_executable_10d_open_return_research,??formal L4 10D??????????????????/ST/??/???????????????????
20240924,20240925,SZSE.300677,300677.SZ,英科医疗,3,0.9917121868525146,0.051049875691794346,6,0.2,D:/work/quant/quant_mcp/quant/main/config/prediction_manifests/executable_10d_open_return_l4_formal_20260617.json,stock_predict_data_model_agent_10d_topgate_fusion_20260622_executable_10d_open_return_research,??formal L4 10D??????????????????/ST/??/???????????????????
20240924,20240925,SZSE.002422,002422.SZ,科伦药业,4,0.9905820305142211,0.04061537054062097,6,0.194,D:/work/quant/quant_mcp/quant/main/config/prediction_manifests/executable_10d_open_return_l4_formal_20260617.json,stock_predict_data_model_agent_10d_topgate_fusion_20260622_executable_10d_open_return_research,??formal L4 10D??????????????????/ST/??/???????????????????
20240924,20240925,SHSE.688578,688578.SH,艾力斯,5,0.9871915614993407,0.04352669557703217,6,0.194,D:/work/quant/quant_mcp/quant/main/config/prediction_manifests/executable_10d_open_return_l4_formal_20260617.json,stock_predict_data_model_agent_10d_topgate_fusion_20260622_executable_10d_open_return_research,??formal L4 10D??????????????????/ST/??/???????????????????
20240925,20240926,SHSE.688235,688235.SH,百济神州,1,1.0079273343373494,0.04316134109568141,6,0.206,D:/work/quant/quant_mcp/quant/main/config/prediction_manifests/executable_10d_open_return_l4_formal_20260617.json,stock_predict_data_model_agent_10d_topgate_fusion_20260622_executable_10d_open_return_research,??formal L4 10D??????????????????/ST/??/???????????????????
20240925,20240926,SZSE.002422,002422.SZ,科伦药业,2,1.0075188253012048,0.040918991302806455,6,0.206,D:/work/quant/quant_mcp/quant/main/config/prediction_manifests/executable_10d_open_return_l4_formal_20260617.json,stock_predict_data_model_agent_10d_topgate_fusion_20260622_executable_10d_open_return_research,??formal L4 10D??????????????????/ST/??/???????????????????
20240925,20240926,SHSE.688629,688629.SH,华丰科技,3,0.9954819277108434,0.06603491697547234,6,0.2,D:/work/quant/quant_mcp/quant/main/config/prediction_manifests/executable_10d_open_return_l4_formal_20260617.json,stock_predict_data_model_agent_10d_topgate_fusion_20260622_executable_10d_open_return_research,??formal L4 10D??????????????????/ST/??/???????????????????
20240925,20240926,SZSE.002294,002294.SZ,信立泰,4,0.9949171686746988,0.027464405815845857,6,0.194,D:/work/quant/quant_mcp/quant/main/config/prediction_manifests/executable_10d_open_return_l4_formal_20260617.json,stock_predict_data_model_agent_10d_topgate_fusion_20260622_executable_10d_open_return_research,??formal L4 10D??????????????????/ST/??/???????????????????
20240925,20240926,SZSE.300677,300677.SZ,英科医疗,5,0.9937876506024096,0.05228392077522253,6,0.194,D:/work/quant/quant_mcp/quant/main/config/prediction_manifests/executable_10d_open_return_l4_formal_20260617.json,stock_predict_data_model_agent_10d_topgate_fusion_20260622_executable_10d_open_return_research,??formal L4 10D??????????????????/ST/??/???????????????????
20240926,20240927,SHSE.688235,688235.SH,百济神州,1,1.0066892527762092,0.043478830371549246,6,0.206,D:/work/quant/quant_mcp/quant/main/config/prediction_manifests/executable_10d_open_return_l4_formal_20260617.json,stock_predict_data_model_agent_10d_topgate_fusion_20260622_executable_10d_open_return_research,??formal L4 10D??????????????????/ST/??/???????????????????
20240926,20240927,SZSE.002422,002422.SZ,科伦药业,2,0.9964238659890834,0.04114303188262253,6,0.206,D:/work/quant/quant_mcp/quant/main/config/prediction_manifests/executable_10d_open_return_l4_formal_20260617.json,stock_predict_data_model_agent_10d_topgate_fusion_20260622_executable_10d_open_return_research,??formal L4 10D??????????????????/ST/??/???????????????????
20240926,20240927,SHSE.600150,600150.SH,中国船舶,3,0.9949181253529079,0.0359210271412759,6,0.2,D:/work/quant/quant_mcp/quant/main/config/prediction_manifests/executable_10d_open_return_l4_formal_20260617.json,stock_predict_data_model_agent_10d_topgate_fusion_20260622_executable_10d_open_return_research,??formal L4 10D??????????????????/ST/??/???????????????????
20240926,20240927,SHSE.601919,601919.SH,中远海控,4,0.9917184265010351,0.025602339241495943,6,0.194,D:/work/quant/quant_mcp/quant/main/config/prediction_manifests/executable_10d_open_return_l4_formal_20260617.json,stock_predict_data_model_agent_10d_topgate_fusion_20260622_executable_10d_open_return_research,??formal L4 10D??????????????????/ST/??/???????????????????
20240926,20240927,SZSE.003816,003816.SZ,中国广核,5,0.9808018068887634,0.03678615886400827,6,0.194,D:/work/quant/quant_mcp/quant/main/config/prediction_manifests/executable_10d_open_return_l4_formal_20260617.json,stock_predict_data_model_agent_10d_topgate_fusion_20260622_executable_10d_open_return_research,??formal L4 10D??????????????????/ST/??/???????????????????
20240927,20240930,SZSE.002422,002422.SZ,科伦药业,1,0.9958592132505176,0.04134924539400535,6,0.206,D:/work/quant/quant_mcp/quant/main/config/prediction_manifests/executable_10d_open_return_l4_formal_20260617.json,stock_predict_data_model_agent_10d_topgate_fusion_20260622_executable_10d_open_return_research,??formal L4 10D??????????????????/ST/??/???????????????????
20240927,20240930,SHSE.600150,600150.SH,中国船舶,2,0.9952945605119519,0.03575156664462681,6,0.206,D:/work/quant/quant_mcp/quant/main/config/prediction_manifests/executable_10d_open_return_l4_formal_20260617.json,stock_predict_data_model_agent_10d_topgate_fusion_20260622_executable_10d_open_return_research,??formal L4 10D??????????????????/ST/??/???????????????????
20240927,20240930,SHSE.601668,601668.SH,中国建筑,3,0.9945416901938641,0.028276359703498552,6,0.2,D:/work/quant/quant_mcp/quant/main/config/prediction_manifests/executable_10d_open_return_l4_formal_20260617.json,stock_predict_data_model_agent_10d_topgate_fusion_20260622_executable_10d_open_return_research,??formal L4 10D??????????????????/ST/??/???????????????????
20240927,20240930,SHSE.601919,601919.SH,中远海控,4,0.9941652550348202,0.026280127417604347,6,0.194,D:/work/quant/quant_mcp/quant/main/config/prediction_manifests/executable_10d_open_return_l4_formal_20260617.json,stock_predict_data_model_agent_10d_topgate_fusion_20260622_executable_10d_open_return_research,??formal L4 10D??????????????????/ST/??/???????????????????
20240927,20240930,SHSE.601006,601006.SH,大秦铁路,5,0.9804253717297196,0.02165974670573465,6,0.194,D:/work/quant/quant_mcp/quant/main/config/prediction_manifests/executable_10d_open_return_l4_formal_20260617.json,stock_predict_data_model_agent_10d_topgate_fusion_20260622_executable_10d_open_return_research,??formal L4 10D??????????????????/ST/??/???????????????????
20240930,20241008,SHSE.601919,601919.SH,中远海控,1,0.9958568738229755,0.026957682266361593,6,0.206,D:/work/quant/quant_mcp/quant/main/config/prediction_manifests/executable_10d_open_return_l4_formal_20260617.json,stock_predict_data_model_agent_10d_topgate_fusion_20260622_executable_10d_open_return_research,??formal L4 10D??????????????????/ST/??/???????????????????
20240930,20241008,SZSE.002202,002202.SZ,金风科技,2,0.9954802259887006,0.024251473996384602,6,0.206,D:/work/quant/quant_mcp/quant/main/config/prediction_manifests/executable_10d_open_return_l4_formal_20260617.json,stock_predict_data_model_agent_10d_topgate_fusion_20260622_executable_10d_open_return_research,??formal L4 10D??????????????????/ST/??/???????????????????
20240930,20241008,SHSE.601991,601991.SH,大唐发电,3,0.995291902071563,0.028955425115121433,6,0.2,D:/work/quant/quant_mcp/quant/main/config/prediction_manifests/executable_10d_open_return_l4_formal_20260617.json,stock_predict_data_model_agent_10d_topgate_fusion_20260622_executable_10d_open_return_research,??formal L4 10D??????????????????/ST/??/???????????????????
20240930,20241008,SHSE.601669,601669.SH,中国电建,4,0.9949152542372881,0.02437940584551215,6,0.194,D:/work/quant/quant_mcp/quant/main/config/prediction_manifests/executable_10d_open_return_l4_formal_20260617.json,stock_predict_data_model_agent_10d_topgate_fusion_20260622_executable_10d_open_return_research,??formal L4 10D??????????????????/ST/??/???????????????????
20240930,20241008,SHSE.601916,601916.SH,浙商银行,5,0.9947269303201507,0.021428543809130656,6,0.194,D:/work/quant/quant_mcp/quant/main/config/prediction_manifests/executable_10d_open_return_l4_formal_20260617.json,stock_predict_data_model_agent_10d_topgate_fusion_20260622_executable_10d_open_return_research,??formal L4 10D??????????????????/ST/??/???????????????????
20241008,20241009,SZSE.300140,300140.SZ,节能环境,1,0.9973614775725593,0.04118068453327635,6,0.206,D:/work/quant/quant_mcp/quant/main/config/prediction_manifests/executable_10d_open_return_l4_formal_20260617.json,stock_predict_data_model_agent_10d_topgate_fusion_20260622_executable_10d_open_return_research,??formal L4 10D??????????????????/ST/??/???????????????????
20241008,20241009,SZSE.002195,002195.SZ,岩山科技,2,0.9947229551451188,0.029006409980254083,6,0.206,D:/work/quant/quant_mcp/quant/main/config/prediction_manifests/executable_10d_open_return_l4_formal_20260617.json,stock_predict_data_model_agent_10d_topgate_fusion_20260622_executable_10d_open_return_research,??formal L4 10D??????????????????/ST/??/???????????????????
20241008,20241009,SZSE.000415,000415.SZ,渤海租赁,3,0.9943460233697701,0.03808777258451724,6,0.2,D:/work/quant/quant_mcp/quant/main/config/prediction_manifests/executable_10d_open_return_l4_formal_20260617.json,stock_predict_data_model_agent_10d_topgate_fusion_20260622_executable_10d_open_return_research,??formal L4 10D??????????????????/ST/??/???????????????????
20241008,20241009,SHSE.601669,601669.SH,中国电建,4,0.9922728986053524,0.026960912164679652,6,0.194,D:/work/quant/quant_mcp/quant/main/config/prediction_manifests/executable_10d_open_return_l4_formal_20260617.json,stock_predict_data_model_agent_10d_topgate_fusion_20260622_executable_10d_open_return_research,??formal L4 10D??????????????????/ST/??/???????????????????
20241008,20241009,SHSE.600516,600516.SH,方大炭素,5,0.9905767056162834,0.027973308205770743,6,0.194,D:/work/quant/quant_mcp/quant/main/config/prediction_manifests/executable_10d_open_return_l4_formal_20260617.json,stock_predict_data_model_agent_10d_topgate_fusion_20260622_executable_10d_open_return_research,??formal L4 10D??????????????????/ST/??/???????????????????
20241009,20241010,SZSE.000415,000415.SZ,渤海租赁,1,1.0087862796833773,0.04512195225082197,6,0.206,D:/work/quant/quant_mcp/quant/main/config/prediction_manifests/executable_10d_open_return_l4_formal_20260617.json,stock_predict_data_model_agent_10d_topgate_fusion_20260622_executable_10d_open_return_research,??formal L4 10D??????????????????/ST/??/???????????????????
20241009,20241010,SZSE.002195,002195.SZ,岩山科技,2,1.0076667923105918,0.03391003198968544,6,0.206,D:/work/quant/quant_mcp/quant/main/config/prediction_manifests/executable_10d_open_return_l4_formal_20260617.json,stock_predict_data_model_agent_10d_topgate_fusion_20260622_executable_10d_open_return_research,??formal L4 10D??????????????????/ST/??/???????????????????
20241009,20241010,SZSE.002131,002131.SZ,利欧股份,3,1.0070373162457595,0.03867388574185829,6,0.2,D:/work/quant/quant_mcp/quant/main/config/prediction_manifests/executable_10d_open_return_l4_formal_20260617.json,stock_predict_data_model_agent_10d_topgate_fusion_20260622_executable_10d_open_return_research,??formal L4 10D??????????????????/ST/??/???????????????????
20241009,20241010,SHSE.600516,600516.SH,方大炭素,4,0.9952883528081418,0.03089314523089449,6,0.194,D:/work/quant/quant_mcp/quant/main/config/prediction_manifests/executable_10d_open_return_l4_formal_20260617.json,stock_predict_data_model_agent_10d_topgate_fusion_20260622_executable_10d_open_return_research,??formal L4 10D??????????????????/ST/??/???????????????????
20241009,20241010,SHSE.601669,601669.SH,中国电建,5,0.9950998869204674,0.03364182879851194,6,0.194,D:/work/quant/quant_mcp/quant/main/config/prediction_manifests/executable_10d_open_return_l4_formal_20260617.json,stock_predict_data_model_agent_10d_topgate_fusion_20260622_executable_10d_open_return_research,??formal L4 10D??????????????????/ST/??/???????????????????
20241010,20241011,SZSE.002195,002195.SZ,岩山科技,1,1.0073883550028264,0.036842104808304736,6,0.206,D:/work/quant/quant_mcp/quant/main/config/prediction_manifests/executable_10d_open_return_l4_formal_20260617.json,stock_predict_data_model_agent_10d_topgate_fusion_20260622_executable_10d_open_return_research,??formal L4 10D??????????????????/ST/??/???????????????????
20241010,20241011,SHSE.601669,601669.SH,中国电建,2,0.9967966836254004,0.03498340141553049,6,0.206,D:/work/quant/quant_mcp/quant/main/config/prediction_manifests/executable_10d_open_return_l4_formal_20260617.json,stock_predict_data_model_agent_10d_topgate_fusion_20260622_executable_10d_open_return_research,??formal L4 10D??????????????????/ST/??/???????????????????
20241010,20241011,SHSE.601668,601668.SH,中国建筑,3,0.9964198228754475,0.03745960011685207,6,0.2,D:/work/quant/quant_mcp/quant/main/config/prediction_manifests/executable_10d_open_return_l4_formal_20260617.json,stock_predict_data_model_agent_10d_topgate_fusion_20260622_executable_10d_open_return_research,??formal L4 10D??????????????????/ST/??/???????????????????
20241010,20241011,SHSE.600918,600918.SH,中泰证券,4,0.9931222913133597,0.039122006072169584,6,0.194,D:/work/quant/quant_mcp/quant/main/config/prediction_manifests/executable_10d_open_return_l4_formal_20260617.json,stock_predict_data_model_agent_10d_topgate_fusion_20260622_executable_10d_open_return_research,??formal L4 10D??????????????????/ST/??/???????????????????
20241010,20241011,SHSE.600909,600909.SH,华安证券,5,0.9931222913133597,0.0398999260247306,6,0.194,D:/work/quant/quant_mcp/quant/main/config/prediction_manifests/executable_10d_open_return_l4_formal_20260617.json,stock_predict_data_model_agent_10d_topgate_fusion_20260622_executable_10d_open_return_research,??formal L4 10D??????????????????/ST/??/???????????????????
20241011,20241014,SZSE.002195,002195.SZ,岩山科技,1,1.0084570459683497,0.04102564140690359,6,0.206,D:/work/quant/quant_mcp/quant/main/config/prediction_manifests/executable_10d_open_return_l4_formal_20260617.json,stock_predict_data_model_agent_10d_topgate_fusion_20260622_executable_10d_open_return_research,??formal L4 10D??????????????????/ST/??/???????????????????
20241011,20241014,SHSE.601669,601669.SH,中国电建,2,1.007477392614921,0.03971077436767169,6,0.206,D:/work/quant/quant_mcp/quant/main/config/prediction_manifests/executable_10d_open_return_l4_formal_20260617.json,stock_predict_data_model_agent_10d_topgate_fusion_20260622_executable_10d_open_return_research,??formal L4 10D??????????????????/ST/??/???????????????????
20241011,20241014,SHSE.600909,600909.SH,华安证券,3,0.9949133383571966,0.04590034168037061,6,0.2,D:/work/quant/quant_mcp/quant/main/config/prediction_manifests/executable_10d_open_return_l4_formal_20260617.json,stock_predict_data_model_agent_10d_topgate_fusion_20260622_executable_10d_open_return_research,??formal L4 10D??????????????????/ST/??/???????????????????
20241011,20241014,SZSE.002065,002065.SZ,东华软件,4,0.9946307460437076,0.03949665333486183,6,0.194,D:/work/quant/quant_mcp/quant/main/config/prediction_manifests/executable_10d_open_return_l4_formal_20260617.json,stock_predict_data_model_agent_10d_topgate_fusion_20260622_executable_10d_open_return_research,??formal L4 10D??????????????????/ST/??/???????????????????
20241011,20241014,SZSE.002185,002185.SZ,华天科技,5,0.9943481537302186,0.04181956887756751,6,0.194,D:/work/quant/quant_mcp/quant/main/config/prediction_manifests/executable_10d_open_return_l4_formal_20260617.json,stock_predict_data_model_agent_10d_topgate_fusion_20260622_executable_10d_open_return_research,??formal L4 10D??????????????????/ST/??/???????????????????
20241014,20241015,SHSE.600909,600909.SH,华安证券,1,1.0078300998304766,0.047699757273617825,6,0.206,D:/work/quant/quant_mcp/quant/main/config/prediction_manifests/executable_10d_open_return_l4_formal_20260617.json,stock_predict_data_model_agent_10d_topgate_fusion_20260622_executable_10d_open_return_research,??formal L4 10D??????????????????/ST/??/???????????????????
20241014,20241015,SZSE.002185,002185.SZ,华天科技,2,1.0073554341683932,0.042728480579164216,6,0.206,D:/work/quant/quant_mcp/quant/main/config/prediction_manifests/executable_10d_open_return_l4_formal_20260617.json,stock_predict_data_model_agent_10d_topgate_fusion_20260622_executable_10d_open_return_research,??formal L4 10D??????????????????/ST/??/???????????????????
20241014,20241015,SZSE.002065,002065.SZ,东华软件,3,1.0069240911659445,0.04034504106405861,6,0.2,D:/work/quant/quant_mcp/quant/main/config/prediction_manifests/executable_10d_open_return_l4_formal_20260617.json,stock_predict_data_model_agent_10d_topgate_fusion_20260622_executable_10d_open_return_research,??formal L4 10D??????????????????/ST/??/???????????????????
20241014,20241015,SHSE.601990,601990.SH,南京证券,4,0.9971746091542664,0.04324756044650865,6,0.194,D:/work/quant/quant_mcp/quant/main/config/prediction_manifests/executable_10d_open_return_l4_formal_20260617.json,stock_predict_data_model_agent_10d_topgate_fusion_20260622_executable_10d_open_return_research,??formal L4 10D??????????????????/ST/??/???????????????????
20241014,20241015,SZSE.000415,000415.SZ,渤海租赁,5,0.993784140139386,0.047068962890557016,6,0.194,D:/work/quant/quant_mcp/quant/main/config/prediction_manifests/executable_10d_open_return_l4_formal_20260617.json,stock_predict_data_model_agent_10d_topgate_fusion_20260622_executable_10d_open_return_research,??formal L4 10D??????????????????/ST/??/???????????????????
20241015,20241016,SZSE.002065,002065.SZ,东华软件,1,0.9973634651600753,0.04344783736624778,6,0.206,D:/work/quant/quant_mcp/quant/main/config/prediction_manifests/executable_10d_open_return_l4_formal_20260617.json,stock_predict_data_model_agent_10d_topgate_fusion_20260622_executable_10d_open_return_research,??formal L4 10D??????????????????/ST/??/???????????????????
20241015,20241016,SZSE.000415,000415.SZ,渤海租赁,2,0.995291902071563,0.05090252685079483,6,0.206,D:/work/quant/quant_mcp/quant/main/config/prediction_manifests/executable_10d_open_return_l4_formal_20260617.json,stock_predict_data_model_agent_10d_topgate_fusion_20260622_executable_10d_open_return_research,??formal L4 10D??????????????????/ST/??/???????????????????
20241015,20241016,SZSE.002195,002195.SZ,岩山科技,3,0.9951035781544256,0.04309090909090909,6,0.2,D:/work/quant/quant_mcp/quant/main/config/prediction_manifests/executable_10d_open_return_l4_formal_20260617.json,stock_predict_data_model_agent_10d_topgate_fusion_20260622_executable_10d_open_return_research,??formal L4 10D??????????????????/ST/??/???????????????????
20241015,20241016,SZSE.000967,000967.SZ,盈峰环境,4,0.9745762711864406,0.03674729709132483,6,0.194,D:/work/quant/quant_mcp/quant/main/config/prediction_manifests/executable_10d_open_return_l4_formal_20260617.json,stock_predict_data_model_agent_10d_topgate_fusion_20260622_executable_10d_open_return_research,??formal L4 10D??????????????????/ST/??/???????????????????
20241015,20241016,SZSE.000959,000959.SZ,首钢股份,5,0.9745762711864406,0.04351887841759738,6,0.194,D:/work/quant/quant_mcp/quant/main/config/prediction_manifests/executable_10d_open_return_l4_formal_20260617.json,stock_predict_data_model_agent_10d_topgate_fusion_20260622_executable_10d_open_return_research,??formal L4 10D??????????????????/ST/??/???????????????????
20241016,20241017,SZSE.000415,000415.SZ,渤海租赁,1,0.9951063429324299,0.051254481847426314,6,0.206,D:/work/quant/quant_mcp/quant/main/config/prediction_manifests/executable_10d_open_return_l4_formal_20260617.json,stock_predict_data_model_agent_10d_topgate_fusion_20260622_executable_10d_open_return_research,??formal L4 10D??????????????????/ST/??/???????????????????
20241016,20241017,SZSE.002195,002195.SZ,岩山科技,2,0.9879540749105966,0.04386281567579409,6,0.206,D:/work/quant/quant_mcp/quant/main/config/prediction_manifests/executable_10d_open_return_l4_formal_20260617.json,stock_predict_data_model_agent_10d_topgate_fusion_20260622_executable_10d_open_return_research,??formal L4 10D??????????????????/ST/??/???????????????????
20241016,20241017,SZSE.000967,000967.SZ,盈峰环境,3,0.9750611707133446,0.03686494764623491,6,0.2,D:/work/quant/quant_mcp/quant/main/config/prediction_manifests/executable_10d_open_return_l4_formal_20260617.json,stock_predict_data_model_agent_10d_topgate_fusion_20260622_executable_10d_open_return_research,??formal L4 10D??????????????????/ST/??/???????????????????
20241016,20241017,SZSE.000959,000959.SZ,首钢股份,4,0.9750611707133446,0.042880053880067326,6,0.194,D:/work/quant/quant_mcp/quant/main/config/prediction_manifests/executable_10d_open_return_l4_formal_20260617.json,stock_predict_data_model_agent_10d_topgate_fusion_20260622_executable_10d_open_return_research,??formal L4 10D??????????????????/ST/??/???????????????????
20241016,20241017,SZSE.000785,000785.SZ,居然智家,5,0.9750611707133446,0.05000000073049297,6,0.194,D:/work/quant/quant_mcp/quant/main/config/prediction_manifests/executable_10d_open_return_l4_formal_20260617.json,stock_predict_data_model_agent_10d_topgate_fusion_20260622_executable_10d_open_return_research,??formal L4 10D??????????????????/ST/??/???????????????????
20241017,20241018,SZSE.002195,002195.SZ,岩山科技,1,0.9947328818660647,0.04399999911976264,6,0.206,D:/work/quant/quant_mcp/quant/main/config/prediction_manifests/executable_10d_open_return_l4_formal_20260617.json,stock_predict_data_model_agent_10d_topgate_fusion_20260622_executable_10d_open_return_research,??formal L4 10D??????????????????/ST/??/???????????????????
20241017,20241018,SZSE.000967,000967.SZ,盈峰环境,2,0.9825996990218209,0.03854816253661666,6,0.206,D:/work/quant/quant_mcp/quant/main/config/prediction_manifests/executable_10d_open_return_l4_formal_20260617.json,stock_predict_data_model_agent_10d_topgate_fusion_20260622_executable_10d_open_return_research,??formal L4 10D??????????????????/ST/??/???????????????????
20241017,20241018,SZSE.000959,000959.SZ,首钢股份,3,0.9825996990218209,0.043961953719990884,6,0.2,D:/work/quant/quant_mcp/quant/main/config/prediction_manifests/executable_10d_open_return_l4_formal_20260617.json,stock_predict_data_model_agent_10d_topgate_fusion_20260622_executable_10d_open_return_research,??formal L4 10D??????????????????/ST/??/???????????????????
20241017,20241018,SZSE.000785,000785.SZ,居然智家,4,0.9825996990218209,0.051568631412637816,6,0.194,D:/work/quant/quant_mcp/quant/main/config/prediction_manifests/executable_10d_open_return_l4_formal_20260617.json,stock_predict_data_model_agent_10d_topgate_fusion_20260622_executable_10d_open_return_research,??formal L4 10D??????????????????/ST/??/???????????????????
20241017,20241018,SZSE.000563,000563.SZ,陕国投A,5,0.9825996990218209,0.055586708127373236,6,0.194,D:/work/quant/quant_mcp/quant/main/config/prediction_manifests/executable_10d_open_return_l4_formal_20260617.json,stock_predict_data_model_agent_10d_topgate_fusion_20260622_executable_10d_open_return_research,??formal L4 10D??????????????????/ST/??/???????????????????
20241018,20241021,SZSE.000415,000415.SZ,渤海租赁,1,0.9966133584195672,0.05338078452988936,6,0.206,D:/work/quant/quant_mcp/quant/main/config/prediction_manifests/executable_10d_open_return_l4_formal_20260617.json,stock_predict_data_model_agent_10d_topgate_fusion_20260622_executable_10d_open_return_research,??formal L4 10D??????????????????/ST/??/???????????????????
20241018,20241021,SZSE.002195,002195.SZ,岩山科技,2,0.9949200376293509,0.04507042538063033,6,0.206,D:/work/quant/quant_mcp/quant/main/config/prediction_manifests/executable_10d_open_return_l4_formal_20260617.json,stock_predict_data_model_agent_10d_topgate_fusion_20260622_executable_10d_open_return_research,??formal L4 10D??????????????????/ST/??/???????????????????
20241018,20241021,SHSE.600884,600884.SH,杉杉股份,3,0.9919096895578551,0.052654317039993556,6,0.2,D:/work/quant/quant_mcp/quant/main/config/prediction_manifests/executable_10d_open_return_l4_formal_20260617.json,stock_predict_data_model_agent_10d_topgate_fusion_20260622_executable_10d_open_return_research,??formal L4 10D??????????????????/ST/??/???????????????????
20241018,20241021,SHSE.600516,600516.SH,方大炭素,4,0.9883349012229539,0.039271038740287076,6,0.194,D:/work/quant/quant_mcp/quant/main/config/prediction_manifests/executable_10d_open_return_l4_formal_20260617.json,stock_predict_data_model_agent_10d_topgate_fusion_20260622_executable_10d_open_return_research,??formal L4 10D??????????????????/ST/??/???????????????????
20241018,20241021,SZSE.000967,000967.SZ,盈峰环境,5,0.9831608654750705,0.0397554310886475,6,0.194,D:/work/quant/quant_mcp/quant/main/config/prediction_manifests/executable_10d_open_return_l4_formal_20260617.json,stock_predict_data_model_agent_10d_topgate_fusion_20260622_executable_10d_open_return_research,??formal L4 10D??????????????????/ST/??/???????????????????
20241021,20241022,SZSE.000415,000415.SZ,渤海租赁,1,0.9966133584195672,0.05620437738100541,6,0.206,D:/work/quant/quant_mcp/quant/main/config/prediction_manifests/executable_10d_open_return_l4_formal_20260617.json,stock_predict_data_model_agent_10d_topgate_fusion_20260622_executable_10d_open_return_research,??formal L4 10D??????????????????/ST/??/???????????????????
20241021,20241022,SZSE.000967,000967.SZ,盈峰环境,2,0.9604891815616181,0.04038137926376044,6,0.206,D:/work/quant/quant_mcp/quant/main/config/prediction_manifests/executable_10d_open_return_l4_formal_20260617.json,stock_predict_data_model_agent_10d_topgate_fusion_20260622_executable_10d_open_return_research,??formal L4 10D??????????????????/ST/??/???????????????????
20241021,20241022,SZSE.000959,000959.SZ,首钢股份,3,0.9604891815616181,0.04592601875986117,6,0.2,D:/work/quant/quant_mcp/quant/main/config/prediction_manifests/executable_10d_open_return_l4_formal_20260617.json,stock_predict_data_model_agent_10d_topgate_fusion_20260622_executable_10d_open_return_research,??formal L4 10D??????????????????/ST/??/???????????????????
20241021,20241022,SZSE.000785,000785.SZ,居然智家,4,0.9604891815616181,0.052307697833218356,6,0.194,D:/work/quant/quant_mcp/quant/main/config/prediction_manifests/executable_10d_open_return_l4_formal_20260617.json,stock_predict_data_model_agent_10d_topgate_fusion_20260622_executable_10d_open_return_research,??formal L4 10D??????????????????/ST/??/???????????????????
20241021,20241022,SZSE.000563,000563.SZ,陕国投A,5,0.9604891815616181,0.05870670006934806,6,0.194,D:/work/quant/quant_mcp/quant/main/config/prediction_manifests/executable_10d_open_return_l4_formal_20260617.json,stock_predict_data_model_agent_10d_topgate_fusion_20260622_executable_10d_open_return_research,??formal L4 10D??????????????????/ST/??/???????????????????
20241022,20241023,SZSE.300070,300070.SZ,碧水源,1,0.9525780955965375,0.07571138154672967,6,0.206,D:/work/quant/quant_mcp/quant/main/config/prediction_manifests/executable_10d_open_return_l4_formal_20260617.json,stock_predict_data_model_agent_10d_topgate_fusion_20260622_executable_10d_open_return_research,??formal L4 10D??????????????????/ST/??/???????????????????
20241022,20241023,SZSE.000967,000967.SZ,盈峰环境,2,0.9466503575461046,0.04017400444152904,6,0.206,D:/work/quant/quant_mcp/quant/main/config/prediction_manifests/executable_10d_open_return_l4_formal_20260617.json,stock_predict_data_model_agent_10d_topgate_fusion_20260622_executable_10d_open_return_research,??formal L4 10D??????????????????/ST/??/???????????????????
20241022,20241023,SZSE.000959,000959.SZ,首钢股份,3,0.9466503575461046,0.045625309695244594,6,0.2,D:/work/quant/quant_mcp/quant/main/config/prediction_manifests/executable_10d_open_return_l4_formal_20260617.json,stock_predict_data_model_agent_10d_topgate_fusion_20260622_executable_10d_open_return_research,??formal L4 10D??????????????????/ST/??/???????????????????
20241022,20241023,SZSE.000785,000785.SZ,居然智家,4,0.9466503575461046,0.051310858652889695,6,0.194,D:/work/quant/quant_mcp/quant/main/config/prediction_manifests/executable_10d_open_return_l4_formal_20260617.json,stock_predict_data_model_agent_10d_topgate_fusion_20260622_executable_10d_open_return_research,??formal L4 10D??????????????????/ST/??/???????????????????
20241022,20241023,SZSE.000563,000563.SZ,陕国投A,5,0.9466503575461046,0.05960367892000628,6,0.194,D:/work/quant/quant_mcp/quant/main/config/prediction_manifests/executable_10d_open_return_l4_formal_20260617.json,stock_predict_data_model_agent_10d_topgate_fusion_20260622_executable_10d_open_return_research,??formal L4 10D??????????????????/ST/??/???????????????????
20241023,20241024,SZSE.000967,000967.SZ,盈峰环境,1,0.9552814912445867,0.0403937806587724,6,0.206,D:/work/quant/quant_mcp/quant/main/config/prediction_manifests/executable_10d_open_return_l4_formal_20260617.json,stock_predict_data_model_agent_10d_topgate_fusion_20260622_executable_10d_open_return_research,??formal L4 10D??????????????????/ST/??/???????????????????
20241023,20241024,SZSE.000959,000959.SZ,首钢股份,2,0.9552814912445867,0.04506203480574752,6,0.206,D:/work/quant/quant_mcp/quant/main/config/prediction_manifests/executable_10d_open_return_l4_formal_20260617.json,stock_predict_data_model_agent_10d_topgate_fusion_20260622_executable_10d_open_return_research,??formal L4 10D??????????????????/ST/??/???????????????????
20241023,20241024,SZSE.000785,000785.SZ,居然智家,3,0.9552814912445867,0.05037313581118638,6,0.2,D:/work/quant/quant_mcp/quant/main/config/prediction_manifests/executable_10d_open_return_l4_formal_20260617.json,stock_predict_data_model_agent_10d_topgate_fusion_20260622_executable_10d_open_return_research,??formal L4 10D??????????????????/ST/??/???????????????????
20241023,20241024,SZSE.000563,000563.SZ,陕国投A,4,0.9552814912445867,0.0599462152866959,6,0.194,D:/work/quant/quant_mcp/quant/main/config/prediction_manifests/executable_10d_open_return_l4_formal_20260617.json,stock_predict_data_model_agent_10d_topgate_fusion_20260622_executable_10d_open_return_research,??formal L4 10D??????????????????/ST/??/???????????????????
20241023,20241024,SZSE.000750,000750.SZ,国海证券,5,0.9552814912445867,0.0761805502256173,6,0.194,D:/work/quant/quant_mcp/quant/main/config/prediction_manifests/executable_10d_open_return_l4_formal_20260617.json,stock_predict_data_model_agent_10d_topgate_fusion_20260622_executable_10d_open_return_research,??formal L4 10D??????????????????/ST/??/???????????????????
20241024,20241025,SZSE.000967,000967.SZ,盈峰环境,1,0.9598155467720685,0.0400439004624635,6,0.206,D:/work/quant/quant_mcp/quant/main/config/prediction_manifests/executable_10d_open_return_l4_formal_20260617.json,stock_predict_data_model_agent_10d_topgate_fusion_20260622_executable_10d_open_return_research,??formal L4 10D??????????????????/ST/??/???????????????????
20241024,20241025,SZSE.000959,000959.SZ,首钢股份,2,0.9598155467720685,0.04561065715034388,6,0.206,D:/work/quant/quant_mcp/quant/main/config/prediction_manifests/executable_10d_open_return_l4_formal_20260617.json,stock_predict_data_model_agent_10d_topgate_fusion_20260622_executable_10d_open_return_research,??formal L4 10D??????????????????/ST/??/???????????????????
20241024,20241025,SZSE.000785,000785.SZ,居然智家,3,0.9598155467720685,0.0498134304100789,6,0.2,D:/work/quant/quant_mcp/quant/main/config/prediction_manifests/executable_10d_open_return_l4_formal_20260617.json,stock_predict_data_model_agent_10d_topgate_fusion_20260622_executable_10d_open_return_research,??formal L4 10D??????????????????/ST/??/???????????????????
20241024,20241025,SZSE.000563,000563.SZ,陕国投A,4,0.9598155467720685,0.059638662772074635,6,0.194,D:/work/quant/quant_mcp/quant/main/config/prediction_manifests/executable_10d_open_return_l4_formal_20260617.json,stock_predict_data_model_agent_10d_topgate_fusion_20260622_executable_10d_open_return_research,??formal L4 10D??????????????????/ST/??/???????????????????
20241024,20241025,SZSE.300070,300070.SZ,碧水源,5,0.953510257858084,0.07731958927419699,6,0.194,D:/work/quant/quant_mcp/quant/main/config/prediction_manifests/executable_10d_open_return_l4_formal_20260617.json,stock_predict_data_model_agent_10d_topgate_fusion_20260622_executable_10d_open_return_research,??formal L4 10D??????????????????/ST/??/???????????????????
20241025,20241028,SZSE.300070,300070.SZ,碧水源,1,0.966309053265575,0.07672764072603355,6,0.206,D:/work/quant/quant_mcp/quant/main/config/prediction_manifests/executable_10d_open_return_l4_formal_20260617.json,stock_predict_data_model_agent_10d_topgate_fusion_20260622_executable_10d_open_return_research,??formal L4 10D??????????????????/ST/??/???????????????????
20241025,20241028,SZSE.000967,000967.SZ,盈峰环境,2,0.961321287408244,0.039654513485262596,6,0.206,D:/work/quant/quant_mcp/quant/main/config/prediction_manifests/executable_10d_open_return_l4_formal_20260617.json,stock_predict_data_model_agent_10d_topgate_fusion_20260622_executable_10d_open_return_research,??formal L4 10D??????????????????/ST/??/???????????????????
20241025,20241028,SZSE.000959,000959.SZ,首钢股份,3,0.961321287408244,0.045498137009364246,6,0.2,D:/work/quant/quant_mcp/quant/main/config/prediction_manifests/executable_10d_open_return_l4_formal_20260617.json,stock_predict_data_model_agent_10d_topgate_fusion_20260622_executable_10d_open_return_research,??formal L4 10D??????????????????/ST/??/???????????????????
20241025,20241028,SZSE.000785,000785.SZ,居然智家,4,0.961321287408244,0.04873646507809509,6,0.194,D:/work/quant/quant_mcp/quant/main/config/prediction_manifests/executable_10d_open_return_l4_formal_20260617.json,stock_predict_data_model_agent_10d_topgate_fusion_20260622_executable_10d_open_return_research,??formal L4 10D??????????????????/ST/??/???????????????????
20241025,20241028,SZSE.000563,000563.SZ,陕国投A,5,0.961321287408244,0.059670712853120735,6,0.194,D:/work/quant/quant_mcp/quant/main/config/prediction_manifests/executable_10d_open_return_l4_formal_20260617.json,stock_predict_data_model_agent_10d_topgate_fusion_20260622_executable_10d_open_return_research,??formal L4 10D??????????????????/ST/??/???????????????????
20241028,20241029,SZSE.300059,300059.SZ,东方财富,1,0.9839924670433146,0.09931600765458176,6,0.206,D:/work/quant/quant_mcp/quant/main/config/prediction_manifests/executable_10d_open_return_l4_formal_20260617.json,stock_predict_data_model_agent_10d_topgate_fusion_20260622_executable_10d_open_return_research,??formal L4 10D??????????????????/ST/??/???????????????????
20241028,20241029,SZSE.002423,002423.SZ,中粮资本,2,0.9649717514124294,0.09867650626104749,6,0.206,D:/work/quant/quant_mcp/quant/main/config/prediction_manifests/executable_10d_open_return_l4_formal_20260617.json,stock_predict_data_model_agent_10d_topgate_fusion_20260622_executable_10d_open_return_research,??formal L4 10D??????????????????/ST/??/???????????????????
20241028,20241029,SZSE.000967,000967.SZ,盈峰环境,3,0.9554613935969868,0.039604690246329434,6,0.2,D:/work/quant/quant_mcp/quant/main/config/prediction_manifests/executable_10d_open_return_l4_formal_20260617.json,stock_predict_data_model_agent_10d_topgate_fusion_20260622_executable_10d_open_return_research,??formal L4 10D??????????????????/ST/??/???????????????????
20241028,20241029,SZSE.000959,000959.SZ,首钢股份,4,0.9554613935969868,0.045143598583843716,6,0.194,D:/work/quant/quant_mcp/quant/main/config/prediction_manifests/executable_10d_open_return_l4_formal_20260617.json,stock_predict_data_model_agent_10d_topgate_fusion_20260622_executable_10d_open_return_research,??formal L4 10D??????????????????/ST/??/???????????????????
20241028,20241029,SZSE.000785,000785.SZ,居然智家,5,0.9554613935969868,0.048771931667197475,6,0.194,D:/work/quant/quant_mcp/quant/main/config/prediction_manifests/executable_10d_open_return_l4_formal_20260617.json,stock_predict_data_model_agent_10d_topgate_fusion_20260622_executable_10d_open_return_research,??formal L4 10D??????????????????/ST/??/???????????????????
20241029,20241030,SHSE.688256,688256.SH,寒武纪,1,0.9896460843373494,0.09378469374840033,6,0.206,D:/work/quant/quant_mcp/quant/main/config/prediction_manifests/executable_10d_open_return_l4_formal_20260617.json,stock_predict_data_model_agent_10d_topgate_fusion_20260622_executable_10d_open_return_research,??formal L4 10D??????????????????/ST/??/???????????????????
20241029,20241030,SZSE.000967,000967.SZ,盈峰环境,2,0.9615963855421686,0.04046649283588411,6,0.206,D:/work/quant/quant_mcp/quant/main/config/prediction_manifests/executable_10d_open_return_l4_formal_20260617.json,stock_predict_data_model_agent_10d_topgate_fusion_20260622_executable_10d_open_return_research,??formal L4 10D??????????????????/ST/??/???????????????????
20241029,20241030,SZSE.000959,000959.SZ,首钢股份,3,0.9615963855421686,0.047898359713137995,6,0.2,D:/work/quant/quant_mcp/quant/main/config/prediction_manifests/executable_10d_open_return_l4_formal_20260617.json,stock_predict_data_model_agent_10d_topgate_fusion_20260622_executable_10d_open_return_research,??formal L4 10D??????????????????/ST/??/???????????????????
20241029,20241030,SZSE.000785,000785.SZ,居然智家,4,0.9615963855421686,0.04927797974289639,6,0.194,D:/work/quant/quant_mcp/quant/main/config/prediction_manifests/executable_10d_open_return_l4_formal_20260617.json,stock_predict_data_model_agent_10d_topgate_fusion_20260622_executable_10d_open_return_research,??formal L4 10D??????????????????/ST/??/???????????????????
20241029,20241030,SZSE.000563,000563.SZ,陕国投A,5,0.9615963855421686,0.05880647356015145,6,0.194,D:/work/quant/quant_mcp/quant/main/config/prediction_manifests/executable_10d_open_return_l4_formal_20260617.json,stock_predict_data_model_agent_10d_topgate_fusion_20260622_executable_10d_open_return_research,??formal L4 10D??????????????????/ST/??/???????????????????
20241030,20241031,SHSE.688256,688256.SH,寒武纪,1,0.991713747645951,0.09367884132860753,6,0.206,D:/work/quant/quant_mcp/quant/main/config/prediction_manifests/executable_10d_open_return_l4_formal_20260617.json,stock_predict_data_model_agent_10d_topgate_fusion_20260622_executable_10d_open_return_research,??formal L4 10D??????????????????/ST/??/???????????????????
20241030,20241031,SZSE.000967,000967.SZ,盈峰环境,2,0.960075329566855,0.03949635679048059,6,0.206,D:/work/quant/quant_mcp/quant/main/config/prediction_manifests/executable_10d_open_return_l4_formal_20260617.json,stock_predict_data_model_agent_10d_topgate_fusion_20260622_executable_10d_open_return_research,??formal L4 10D??????????????????/ST/??/???????????????????
20241030,20241031,SZSE.000959,000959.SZ,首钢股份,3,0.960075329566855,0.04695082760379214,6,0.2,D:/work/quant/quant_mcp/quant/main/config/prediction_manifests/executable_10d_open_return_l4_formal_20260617.json,stock_predict_data_model_agent_10d_topgate_fusion_20260622_executable_10d_open_return_research,??formal L4 10D??????????????????/ST/??/???????????????????
20241030,20241031,SZSE.000785,000785.SZ,居然智家,4,0.960075329566855,0.04856115421801974,6,0.194,D:/work/quant/quant_mcp/quant/main/config/prediction_manifests/executable_10d_open_return_l4_formal_20260617.json,stock_predict_data_model_agent_10d_topgate_fusion_20260622_executable_10d_open_return_research,??formal L4 10D??????????????????/ST/??/???????????????????
20241030,20241031,SZSE.000563,000563.SZ,陕国投A,5,0.960075329566855,0.05589166032632684,6,0.194,D:/work/quant/quant_mcp/quant/main/config/prediction_manifests/executable_10d_open_return_l4_formal_20260617.json,stock_predict_data_model_agent_10d_topgate_fusion_20260622_executable_10d_open_return_research,??formal L4 10D??????????????????/ST/??/???????????????????
20241031,20241101,SHSE.688256,688256.SH,寒武纪,1,0.9932254422280767,0.09513007524103403,6,0.206,D:/work/quant/quant_mcp/quant/main/config/prediction_manifests/executable_10d_open_return_l4_formal_20260617.json,stock_predict_data_model_agent_10d_topgate_fusion_20260622_executable_10d_open_return_research,??formal L4 10D??????????????????/ST/??/???????????????????
20241031,20241101,SZSE.300458,300458.SZ,全志科技,2,0.9815581482875423,0.09341951871600587,6,0.206,D:/work/quant/quant_mcp/quant/main/config/prediction_manifests/executable_10d_open_return_l4_formal_20260617.json,stock_predict_data_model_agent_10d_topgate_fusion_20260622_executable_10d_open_return_research,??formal L4 10D??????????????????/ST/??/???????????????????
20241031,20241101,SHSE.688981,688981.SH,中芯国际,3,0.9721490402709823,0.09501322352317942,6,0.2,D:/work/quant/quant_mcp/quant/main/config/prediction_manifests/executable_10d_open_return_l4_formal_20260617.json,stock_predict_data_model_agent_10d_topgate_fusion_20260622_executable_10d_open_return_research,??formal L4 10D??????????????????/ST/??/???????????????????
20241031,20241101,SZSE.000967,000967.SZ,盈峰环境,4,0.957376740684983,0.038198803326713465,6,0.194,D:/work/quant/quant_mcp/quant/main/config/prediction_manifests/executable_10d_open_return_l4_formal_20260617.json,stock_predict_data_model_agent_10d_topgate_fusion_20260622_executable_10d_open_return_research,??formal L4 10D??????????????????/ST/??/???????????????????
20241031,20241101,SZSE.000959,000959.SZ,首钢股份,5,0.957376740684983,0.04496949653185581,6,0.194,D:/work/quant/quant_mcp/quant/main/config/prediction_manifests/executable_10d_open_return_l4_formal_20260617.json,stock_predict_data_model_agent_10d_topgate_fusion_20260622_executable_10d_open_return_research,??formal L4 10D??????????????????/ST/??/???????????????????
20241101,20241104,SHSE.688981,688981.SH,中芯国际,1,0.9971762048192772,0.09727037509886458,6,0.206,D:/work/quant/quant_mcp/quant/main/config/prediction_manifests/executable_10d_open_return_l4_formal_20260617.json,stock_predict_data_model_agent_10d_topgate_fusion_20260622_executable_10d_open_return_research,??formal L4 10D??????????????????/ST/??/???????????????????
20241101,20241104,SZSE.000967,000967.SZ,盈峰环境,2,0.9574548192771084,0.038156046694060135,6,0.206,D:/work/quant/quant_mcp/quant/main/config/prediction_manifests/executable_10d_open_return_l4_formal_20260617.json,stock_predict_data_model_agent_10d_topgate_fusion_20260622_executable_10d_open_return_research,??formal L4 10D??????????????????/ST/??/???????????????????
20241101,20241104,SZSE.000959,000959.SZ,首钢股份,3,0.9574548192771084,0.04348365229529761,6,0.2,D:/work/quant/quant_mcp/quant/main/config/prediction_manifests/executable_10d_open_return_l4_formal_20260617.json,stock_predict_data_model_agent_10d_topgate_fusion_20260622_executable_10d_open_return_research,??formal L4 10D??????????????????/ST/??/???????????????????
20241101,20241104,SZSE.000785,000785.SZ,居然智家,4,0.9574548192771084,0.04556737750414528,6,0.194,D:/work/quant/quant_mcp/quant/main/config/prediction_manifests/executable_10d_open_return_l4_formal_20260617.json,stock_predict_data_model_agent_10d_topgate_fusion_20260622_executable_10d_open_return_research,??formal L4 10D??????????????????/ST/??/???????????????????
20241101,20241104,SZSE.000563,000563.SZ,陕国投A,5,0.9574548192771084,0.056696414641985736,6,0.194,D:/work/quant/quant_mcp/quant/main/config/prediction_manifests/executable_10d_open_return_l4_formal_20260617.json,stock_predict_data_model_agent_10d_topgate_fusion_20260622_executable_10d_open_return_research,??formal L4 10D??????????????????/ST/??/???????????????????
20241104,20241105,SZSE.000423,000423.SZ,东阿阿胶,1,1.009004329004329,0.045526575947479754,6,0.206,D:/work/quant/quant_mcp/quant/main/config/prediction_manifests/executable_10d_open_return_l4_formal_20260617.json,stock_predict_data_model_agent_10d_topgate_fusion_20260622_executable_10d_open_return_research,??formal L4 10D??????????????????/ST/??/???????????????????
20241104,20241105,SZSE.000967,000967.SZ,盈峰环境,2,0.950969320534538,0.03485576548689549,6,0.206,D:/work/quant/quant_mcp/quant/main/config/prediction_manifests/executable_10d_open_return_l4_formal_20260617.json,stock_predict_data_model_agent_10d_topgate_fusion_20260622_executable_10d_open_return_research,??formal L4 10D??????????????????/ST/??/???????????????????
20241104,20241105,SZSE.000959,000959.SZ,首钢股份,3,0.950969320534538,0.04133015364955529,6,0.2,D:/work/quant/quant_mcp/quant/main/config/prediction_manifests/executable_10d_open_return_l4_formal_20260617.json,stock_predict_data_model_agent_10d_topgate_fusion_20260622_executable_10d_open_return_research,??formal L4 10D??????????????????/ST/??/???????????????????
20241104,20241105,SZSE.000785,000785.SZ,居然智家,4,0.950969320534538,0.04241379349985618,6,0.194,D:/work/quant/quant_mcp/quant/main/config/prediction_manifests/executable_10d_open_return_l4_formal_20260617.json,stock_predict_data_model_agent_10d_topgate_fusion_20260622_executable_10d_open_return_research,??formal L4 10D??????????????????/ST/??/???????????????????
20241104,20241105,SZSE.000563,000563.SZ,陕国投A,5,0.950969320534538,0.05471501409307063,6,0.194,D:/work/quant/quant_mcp/quant/main/config/prediction_manifests/executable_10d_open_return_l4_formal_20260617.json,stock_predict_data_model_agent_10d_topgate_fusion_20260622_executable_10d_open_return_research,??formal L4 10D??????????????????/ST/??/???????????????????
20241105,20241106,SZSE.300757,300757.SZ,罗博特科,1,0.9889014296463506,0.09158958918442124,6,0.206,D:/work/quant/quant_mcp/quant/main/config/prediction_manifests/executable_10d_open_return_l4_formal_20260617.json,stock_predict_data_model_agent_10d_topgate_fusion_20260622_executable_10d_open_return_research,??formal L4 10D??????????????????/ST/??/???????????????????
20241105,20241106,SHSE.600820,600820.SH,隧道股份,2,0.9753574115876599,0.027761312445763065,6,0.206,D:/work/quant/quant_mcp/quant/main/config/prediction_manifests/executable_10d_open_return_l4_formal_20260617.json,stock_predict_data_model_agent_10d_topgate_fusion_20260622_executable_10d_open_return_research,??formal L4 10D??????????????????/ST/??/???????????????????
20241105,20241106,SZSE.000967,000967.SZ,盈峰环境,3,0.954477050413845,0.030288220160633938,6,0.2,D:/work/quant/quant_mcp/quant/main/config/prediction_manifests/executable_10d_open_return_l4_formal_20260617.json,stock_predict_data_model_agent_10d_topgate_fusion_20260622_executable_10d_open_return_research,??formal L4 10D??????????????????/ST/??/???????????????????
20241105,20241106,SZSE.000959,000959.SZ,首钢股份,4,0.954477050413845,0.036294837435388694,6,0.194,D:/work/quant/quant_mcp/quant/main/config/prediction_manifests/executable_10d_open_return_l4_formal_20260617.json,stock_predict_data_model_agent_10d_topgate_fusion_20260622_executable_10d_open_return_research,??formal L4 10D??????????????????/ST/??/???????????????????
20241105,20241106,SZSE.000785,000785.SZ,居然智家,5,0.954477050413845,0.03749999901692852,6,0.194,D:/work/quant/quant_mcp/quant/main/config/prediction_manifests/executable_10d_open_return_l4_formal_20260617.json,stock_predict_data_model_agent_10d_topgate_fusion_20260622_executable_10d_open_return_research,??formal L4 10D??????????????????/ST/??/???????????????????
20241106,20241107,SHSE.600663,600663.SH,陆家嘴,1,0.9902200488997555,0.0348014018432152,6,0.206,D:/work/quant/quant_mcp/quant/main/config/prediction_manifests/executable_10d_open_return_l4_formal_20260617.json,stock_predict_data_model_agent_10d_topgate_fusion_20260622_executable_10d_open_return_research,??formal L4 10D??????????????????/ST/??/???????????????????
20241106,20241107,SHSE.601117,601117.SH,中国化学,2,0.9642655632875682,0.03271031562377463,6,0.206,D:/work/quant/quant_mcp/quant/main/config/prediction_manifests/executable_10d_open_return_l4_formal_20260617.json,stock_predict_data_model_agent_10d_topgate_fusion_20260622_executable_10d_open_return_research,??formal L4 10D??????????????????/ST/??/???????????????????
20241107,20241108,SHSE.600663,600663.SH,陆家嘴,1,0.9936054165883017,0.03339065015605898,6,0.206,D:/work/quant/quant_mcp/quant/main/config/prediction_manifests/executable_10d_open_return_l4_formal_20260617.json,stock_predict_data_model_agent_10d_topgate_fusion_20260622_executable_10d_open_return_research,??formal L4 10D??????????????????/ST/??/???????????????????
20241107,20241108,SZSE.000967,000967.SZ,盈峰环境,2,0.9498777506112469,0.02656026212268168,6,0.206,D:/work/quant/quant_mcp/quant/main/config/prediction_manifests/executable_10d_open_return_l4_formal_20260617.json,stock_predict_data_model_agent_10d_topgate_fusion_20260622_executable_10d_open_return_research,??formal L4 10D??????????????????/ST/??/???????????????????
20241107,20241108,SZSE.000959,000959.SZ,首钢股份,3,0.9498777506112469,0.032018498428171276,6,0.2,D:/work/quant/quant_mcp/quant/main/config/prediction_manifests/executable_10d_open_return_l4_formal_20260617.json,stock_predict_data_model_agent_10d_topgate_fusion_20260622_executable_10d_open_return_research,??formal L4 10D??????????????????/ST/??/???????????????????
20241107,20241108,SZSE.000785,000785.SZ,居然智家,4,0.9498777506112469,0.033169934790938556,6,0.194,D:/work/quant/quant_mcp/quant/main/config/prediction_manifests/executable_10d_open_return_l4_formal_20260617.json,stock_predict_data_model_agent_10d_topgate_fusion_20260622_executable_10d_open_return_research,??formal L4 10D??????????????????/ST/??/???????????????????
20241113,20241114,SZSE.002312,002312.SZ,川发龙蟒,1,0.950150489089541,0.0936418157053882,6,0.206,D:/work/quant/quant_mcp/quant/main/config/prediction_manifests/executable_10d_open_return_l4_formal_20260617.json,stock_predict_data_model_agent_10d_topgate_fusion_20260622_executable_10d_open_return_research,??formal L4 10D??????????????????/ST/??/???????????????????
20241114,20241115,SHSE.600363,600363.SH,联创光电,1,0.9623848034605981,0.08483235672964502,6,0.206,D:/work/quant/quant_mcp/quant/main/config/prediction_manifests/executable_10d_open_return_l4_formal_20260617.json,stock_predict_data_model_agent_10d_topgate_fusion_20260622_executable_10d_open_return_research,??formal L4 10D??????????????????/ST/??/???????????????????
20241114,20241115,SZSE.002312,002312.SZ,川发龙蟒,2,0.9535452322738386,0.09387271343355967,6,0.206,D:/work/quant/quant_mcp/quant/main/config/prediction_manifests/executable_10d_open_return_l4_formal_20260617.json,stock_predict_data_model_agent_10d_topgate_fusion_20260622_executable_10d_open_return_research,??formal L4 10D??????????????????/ST/??/???????????????????
20241115,20241118,SHSE.600363,600363.SH,联创光电,1,0.9723632261703328,0.08437436218675089,6,0.206,D:/work/quant/quant_mcp/quant/main/config/prediction_manifests/executable_10d_open_return_l4_formal_20260617.json,stock_predict_data_model_agent_10d_topgate_fusion_20260622_executable_10d_open_return_research,??formal L4 10D??????????????????/ST/??/???????????????????
20241118,20241119,SZSE.002625,002625.SZ,光启技术,1,0.9887133182844243,0.09486265018476263,6,0.206,D:/work/quant/quant_mcp/quant/main/config/prediction_manifests/executable_10d_open_return_l4_formal_20260617.json,stock_predict_data_model_agent_10d_topgate_fusion_20260622_executable_10d_open_return_research,??formal L4 10D??????????????????/ST/??/???????????????????
20241118,20241119,SZSE.000723,000723.SZ,美锦能源,2,0.9825056433408578,0.04303534365685123,6,0.206,D:/work/quant/quant_mcp/quant/main/config/prediction_manifests/executable_10d_open_return_l4_formal_20260617.json,stock_predict_data_model_agent_10d_topgate_fusion_20260622_executable_10d_open_return_research,??formal L4 10D??????????????????/ST/??/???????????????????
20241118,20241119,SHSE.600363,600363.SH,联创光电,3,0.9742287434161023,0.09583808467598756,6,0.2,D:/work/quant/quant_mcp/quant/main/config/prediction_manifests/executable_10d_open_return_l4_formal_20260617.json,stock_predict_data_model_agent_10d_topgate_fusion_20260622_executable_10d_open_return_research,??formal L4 10D??????????????????/ST/??/???????????????????
20241119,20241120,SZSE.000723,000723.SZ,美锦能源,1,0.9823275051701448,0.04253578900291503,6,0.206,D:/work/quant/quant_mcp/quant/main/config/prediction_manifests/executable_10d_open_return_l4_formal_20260617.json,stock_predict_data_model_agent_10d_topgate_fusion_20260622_executable_10d_open_return_research,??formal L4 10D??????????????????/ST/??/???????????????????
20241119,20241120,SHSE.600363,600363.SH,联创光电,2,0.9742432788118067,0.0923391330449264,6,0.206,D:/work/quant/quant_mcp/quant/main/config/prediction_manifests/executable_10d_open_return_l4_formal_20260617.json,stock_predict_data_model_agent_10d_topgate_fusion_20260622_executable_10d_open_return_research,??formal L4 10D??????????????????/ST/??/???????????????????
20241120,20241121,SZSE.000683,000683.SZ,博源化工,1,0.9885381435550545,0.03949630417294404,6,0.206,D:/work/quant/quant_mcp/quant/main/config/prediction_manifests/executable_10d_open_return_l4_formal_20260617.json,stock_predict_data_model_agent_10d_topgate_fusion_20260622_executable_10d_open_return_research,??formal L4 10D??????????????????/ST/??/???????????????????
20241120,20241121,SZSE.000415,000415.SZ,渤海租赁,2,0.9710635099586622,0.08803827866567025,6,0.206,D:/work/quant/quant_mcp/quant/main/config/prediction_manifests/executable_10d_open_return_l4_formal_20260617.json,stock_predict_data_model_agent_10d_topgate_fusion_20260622_executable_10d_open_return_research,??formal L4 10D??????????????????/ST/??/???????????????????
20241120,20241121,SZSE.000967,000967.SZ,盈峰环境,3,0.9467305524239008,0.025100319001572845,6,0.2,D:/work/quant/quant_mcp/quant/main/config/prediction_manifests/executable_10d_open_return_l4_formal_20260617.json,stock_predict_data_model_agent_10d_topgate_fusion_20260622_executable_10d_open_return_research,??formal L4 10D??????????????????/ST/??/???????????????????
20241120,20241121,SZSE.000959,000959.SZ,首钢股份,4,0.9467305524239008,0.034770506811461356,6,0.194,D:/work/quant/quant_mcp/quant/main/config/prediction_manifests/executable_10d_open_return_l4_formal_20260617.json,stock_predict_data_model_agent_10d_topgate_fusion_20260622_executable_10d_open_return_research,??formal L4 10D??????????????????/ST/??/???????????????????
20241120,20241121,SZSE.000785,000785.SZ,居然智家,5,0.9467305524239008,0.03667819946340875,6,0.194,D:/work/quant/quant_mcp/quant/main/config/prediction_manifests/executable_10d_open_return_l4_formal_20260617.json,stock_predict_data_model_agent_10d_topgate_fusion_20260622_executable_10d_open_return_research,??formal L4 10D??????????????????/ST/??/???????????????????
20241121,20241122,SHSE.601118,601118.SH,海南橡胶,1,0.9859075535512966,0.032801752746499005,6,0.206,D:/work/quant/quant_mcp/quant/main/config/prediction_manifests/executable_10d_open_return_l4_formal_20260617.json,stock_predict_data_model_agent_10d_topgate_fusion_20260622_executable_10d_open_return_research,??formal L4 10D??????????????????/ST/??/???????????????????
20241121,20241122,SZSE.000415,000415.SZ,渤海租赁,2,0.9787673806839534,0.09146341402628304,6,0.206,D:/work/quant/quant_mcp/quant/main/config/prediction_manifests/executable_10d_open_return_l4_formal_20260617.json,stock_predict_data_model_agent_10d_topgate_fusion_20260622_executable_10d_open_return_research,??formal L4 10D??????????????????/ST/??/???????????????????
20241121,20241122,SZSE.000967,000967.SZ,盈峰环境,3,0.9539646749342352,0.025605334843782298,6,0.2,D:/work/quant/quant_mcp/quant/main/config/prediction_manifests/executable_10d_open_return_l4_formal_20260617.json,stock_predict_data_model_agent_10d_topgate_fusion_20260622_executable_10d_open_return_research,??formal L4 10D??????????????????/ST/??/???????????????????
20241121,20241122,SZSE.000959,000959.SZ,首钢股份,4,0.9539646749342352,0.034154524988955395,6,0.194,D:/work/quant/quant_mcp/quant/main/config/prediction_manifests/executable_10d_open_return_l4_formal_20260617.json,stock_predict_data_model_agent_10d_topgate_fusion_20260622_executable_10d_open_return_research,??formal L4 10D??????????????????/ST/??/???????????????????
20241121,20241122,SZSE.000785,000785.SZ,居然智家,5,0.9539646749342352,0.03750000054786972,6,0.194,D:/work/quant/quant_mcp/quant/main/config/prediction_manifests/executable_10d_open_return_l4_formal_20260617.json,stock_predict_data_model_agent_10d_topgate_fusion_20260622_executable_10d_open_return_research,??formal L4 10D??????????????????/ST/??/???????????????????
20241122,20241125,SZSE.000967,000967.SZ,盈峰环境,1,0.9594290007513148,0.026476911644493072,6,0.206,D:/work/quant/quant_mcp/quant/main/config/prediction_manifests/executable_10d_open_return_l4_formal_20260617.json,stock_predict_data_model_agent_10d_topgate_fusion_20260622_executable_10d_open_return_research,??formal L4 10D??????????????????/ST/??/???????????????????
20241122,20241125,SZSE.000959,000959.SZ,首钢股份,2,0.9594290007513148,0.03646595221466747,6,0.206,D:/work/quant/quant_mcp/quant/main/config/prediction_manifests/executable_10d_open_return_l4_formal_20260617.json,stock_predict_data_model_agent_10d_topgate_fusion_20260622_executable_10d_open_return_research,??formal L4 10D??????????????????/ST/??/???????????????????
20241122,20241125,SZSE.000785,000785.SZ,居然智家,3,0.9594290007513148,0.0406690169991303,6,0.2,D:/work/quant/quant_mcp/quant/main/config/prediction_manifests/executable_10d_open_return_l4_formal_20260617.json,stock_predict_data_model_agent_10d_topgate_fusion_20260622_executable_10d_open_return_research,??formal L4 10D??????????????????/ST/??/???????????????????
20241122,20241125,SZSE.000750,000750.SZ,国海证券,4,0.9594290007513148,0.06343082478662171,6,0.194,D:/work/quant/quant_mcp/quant/main/config/prediction_manifests/executable_10d_open_return_l4_formal_20260617.json,stock_predict_data_model_agent_10d_topgate_fusion_20260622_executable_10d_open_return_research,??formal L4 10D??????????????????/ST/??/???????????????????
20241122,20241125,SZSE.000563,000563.SZ,陕国投A,5,0.9594290007513148,0.06763798383232567,6,0.194,D:/work/quant/quant_mcp/quant/main/config/prediction_manifests/executable_10d_open_return_l4_formal_20260617.json,stock_predict_data_model_agent_10d_topgate_fusion_20260622_executable_10d_open_return_research,??formal L4 10D??????????????????/ST/??/???????????????????
20241125,20241126,SZSE.000967,000967.SZ,盈峰环境,1,0.9539733233139207,0.02576358008228779,6,0.206,D:/work/quant/quant_mcp/quant/main/config/prediction_manifests/executable_10d_open_return_l4_formal_20260617.json,stock_predict_data_model_agent_10d_topgate_fusion_20260622_executable_10d_open_return_research,??formal L4 10D??????????????????/ST/??/???????????????????
20241125,20241126,SZSE.000959,000959.SZ,首钢股份,2,0.9539733233139207,0.032908782730508575,6,0.206,D:/work/quant/quant_mcp/quant/main/config/prediction_manifests/executable_10d_open_return_l4_formal_20260617.json,stock_predict_data_model_agent_10d_topgate_fusion_20260622_executable_10d_open_return_research,??formal L4 10D??????????????????/ST/??/???????????????????
20241125,20241126,SZSE.000785,000785.SZ,居然智家,3,0.9539733233139207,0.04043624138265029,6,0.2,D:/work/quant/quant_mcp/quant/main/config/prediction_manifests/executable_10d_open_return_l4_formal_20260617.json,stock_predict_data_model_agent_10d_topgate_fusion_20260622_executable_10d_open_return_research,??formal L4 10D??????????????????/ST/??/???????????????????
20241125,20241126,SZSE.000750,000750.SZ,国海证券,4,0.9539733233139207,0.06292098359249888,6,0.194,D:/work/quant/quant_mcp/quant/main/config/prediction_manifests/executable_10d_open_return_l4_formal_20260617.json,stock_predict_data_model_agent_10d_topgate_fusion_20260622_executable_10d_open_return_research,??formal L4 10D??????????????????/ST/??/???????????????????
20241125,20241126,SZSE.000563,000563.SZ,陕国投A,5,0.9539733233139207,0.06831532700754954,6,0.194,D:/work/quant/quant_mcp/quant/main/config/prediction_manifests/executable_10d_open_return_l4_formal_20260617.json,stock_predict_data_model_agent_10d_topgate_fusion_20260622_executable_10d_open_return_research,??formal L4 10D??????????????????/ST/??/???????????????????
20241126,20241127,SZSE.000967,000967.SZ,盈峰环境,1,0.9538880540946657,0.02535854700514904,6,0.206,D:/work/quant/quant_mcp/quant/main/config/prediction_manifests/executable_10d_open_return_l4_formal_20260617.json,stock_predict_data_model_agent_10d_topgate_fusion_20260622_executable_10d_open_return_research,??formal L4 10D??????????????????/ST/??/???????????????????
20241126,20241127,SZSE.000959,000959.SZ,首钢股份,2,0.9538880540946657,0.030671796347293005,6,0.206,D:/work/quant/quant_mcp/quant/main/config/prediction_manifests/executable_10d_open_return_l4_formal_20260617.json,stock_predict_data_model_agent_10d_topgate_fusion_20260622_executable_10d_open_return_research,??formal L4 10D??????????????????/ST/??/???????????????????
20241126,20241127,SZSE.000785,000785.SZ,居然智家,3,0.9538880540946657,0.04175257682098741,6,0.2,D:/work/quant/quant_mcp/quant/main/config/prediction_manifests/executable_10d_open_return_l4_formal_20260617.json,stock_predict_data_model_agent_10d_topgate_fusion_20260622_executable_10d_open_return_research,??formal L4 10D??????????????????/ST/??/???????????????????
20241126,20241127,SZSE.000750,000750.SZ,国海证券,4,0.9538880540946657,0.0611114692377782,6,0.194,D:/work/quant/quant_mcp/quant/main/config/prediction_manifests/executable_10d_open_return_l4_formal_20260617.json,stock_predict_data_model_agent_10d_topgate_fusion_20260622_executable_10d_open_return_research,??formal L4 10D??????????????????/ST/??/???????????????????
20241126,20241127,SZSE.000563,000563.SZ,陕国投A,5,0.9538880540946657,0.06751218037202955,6,0.194,D:/work/quant/quant_mcp/quant/main/config/prediction_manifests/executable_10d_open_return_l4_formal_20260617.json,stock_predict_data_model_agent_10d_topgate_fusion_20260622_executable_10d_open_return_research,??formal L4 10D??????????????????/ST/??/???????????????????
20241127,20241128,SZSE.000967,000967.SZ,盈峰环境,1,0.9644937065564532,0.025861152941562725,6,0.206,D:/work/quant/quant_mcp/quant/main/config/prediction_manifests/executable_10d_open_return_l4_formal_20260617.json,stock_predict_data_model_agent_10d_topgate_fusion_20260622_executable_10d_open_return_research,??formal L4 10D??????????????????/ST/??/???????????????????
20241127,20241128,SZSE.000959,000959.SZ,首钢股份,2,0.9644937065564532,0.030477054974799102,6,0.206,D:/work/quant/quant_mcp/quant/main/config/prediction_manifests/executable_10d_open_return_l4_formal_20260617.json,stock_predict_data_model_agent_10d_topgate_fusion_20260622_executable_10d_open_return_research,??formal L4 10D??????????????????/ST/??/???????????????????
20241127,20241128,SZSE.000785,000785.SZ,居然智家,3,0.9644937065564532,0.042294519019748275,6,0.2,D:/work/quant/quant_mcp/quant/main/config/prediction_manifests/executable_10d_open_return_l4_formal_20260617.json,stock_predict_data_model_agent_10d_topgate_fusion_20260622_executable_10d_open_return_research,??formal L4 10D??????????????????/ST/??/???????????????????
20241127,20241128,SZSE.000750,000750.SZ,国海证券,4,0.9644937065564532,0.05966697601844778,6,0.194,D:/work/quant/quant_mcp/quant/main/config/prediction_manifests/executable_10d_open_return_l4_formal_20260617.json,stock_predict_data_model_agent_10d_topgate_fusion_20260622_executable_10d_open_return_research,??formal L4 10D??????????????????/ST/??/???????????????????
20241127,20241128,SZSE.000563,000563.SZ,陕国投A,5,0.9644937065564532,0.06692787443239351,6,0.194,D:/work/quant/quant_mcp/quant/main/config/prediction_manifests/executable_10d_open_return_l4_formal_20260617.json,stock_predict_data_model_agent_10d_topgate_fusion_20260622_executable_10d_open_return_research,??formal L4 10D??????????????????/ST/??/???????????????????
20241128,20241129,SHSE.601162,601162.SH,天风证券,1,1.008650629580906,0.07106382851828251,6,0.206,D:/work/quant/quant_mcp/quant/main/config/prediction_manifests/executable_10d_open_return_l4_formal_20260617.json,stock_predict_data_model_agent_10d_topgate_fusion_20260622_executable_10d_open_return_research,??formal L4 10D??????????????????/ST/??/???????????????????
20241128,20241129,SZSE.000967,000967.SZ,盈峰环境,2,0.9651381319300883,0.025806201301337418,6,0.206,D:/work/quant/quant_mcp/quant/main/config/prediction_manifests/executable_10d_open_return_l4_formal_20260617.json,stock_predict_data_model_agent_10d_topgate_fusion_20260622_executable_10d_open_return_research,??formal L4 10D??????????????????/ST/??/???????????????????
20241128,20241129,SZSE.000959,000959.SZ,首钢股份,3,0.9651381319300883,0.02990625850253918,6,0.2,D:/work/quant/quant_mcp/quant/main/config/prediction_manifests/executable_10d_open_return_l4_formal_20260617.json,stock_predict_data_model_agent_10d_topgate_fusion_20260622_executable_10d_open_return_research,??formal L4 10D??????????????????/ST/??/???????????????????
20241128,20241129,SZSE.000785,000785.SZ,居然智家,4,0.9651381319300883,0.041778523492881345,6,0.194,D:/work/quant/quant_mcp/quant/main/config/prediction_manifests/executable_10d_open_return_l4_formal_20260617.json,stock_predict_data_model_agent_10d_topgate_fusion_20260622_executable_10d_open_return_research,??formal L4 10D??????????????????/ST/??/???????????????????
20241128,20241129,SZSE.000750,000750.SZ,国海证券,5,0.9651381319300883,0.05571701942035257,6,0.194,D:/work/quant/quant_mcp/quant/main/config/prediction_manifests/executable_10d_open_return_l4_formal_20260617.json,stock_predict_data_model_agent_10d_topgate_fusion_20260622_executable_10d_open_return_research,??formal L4 10D??????????????????/ST/??/???????????????????
20241129,20241202,SZSE.000967,000967.SZ,盈峰环境,1,0.9641449220949878,0.025645139502114018,6,0.206,D:/work/quant/quant_mcp/quant/main/config/prediction_manifests/executable_10d_open_return_l4_formal_20260617.json,stock_predict_data_model_agent_10d_topgate_fusion_20260622_executable_10d_open_return_research,??formal L4 10D??????????????????/ST/??/???????????????????
20241129,20241202,SZSE.000959,000959.SZ,首钢股份,2,0.9641449220949878,0.02924680450802579,6,0.206,D:/work/quant/quant_mcp/quant/main/config/prediction_manifests/executable_10d_open_return_l4_formal_20260617.json,stock_predict_data_model_agent_10d_topgate_fusion_20260622_executable_10d_open_return_research,??formal L4 10D??????????????????/ST/??/???????????????????
20241129,20241202,SZSE.000785,000785.SZ,居然智家,3,0.9641449220949878,0.04125412640479288,6,0.2,D:/work/quant/quant_mcp/quant/main/config/prediction_manifests/executable_10d_open_return_l4_formal_20260617.json,stock_predict_data_model_agent_10d_topgate_fusion_20260622_executable_10d_open_return_research,??formal L4 10D??????????????????/ST/??/???????????????????
20241129,20241202,SZSE.000750,000750.SZ,国海证券,4,0.9641449220949878,0.05496737688546128,6,0.194,D:/work/quant/quant_mcp/quant/main/config/prediction_manifests/executable_10d_open_return_l4_formal_20260617.json,stock_predict_data_model_agent_10d_topgate_fusion_20260622_executable_10d_open_return_research,??formal L4 10D??????????????????/ST/??/???????????????????
20241129,20241202,SZSE.000563,000563.SZ,陕国投A,5,0.9641449220949878,0.05848306124022641,6,0.194,D:/work/quant/quant_mcp/quant/main/config/prediction_manifests/executable_10d_open_return_l4_formal_20260617.json,stock_predict_data_model_agent_10d_topgate_fusion_20260622_executable_10d_open_return_research,??formal L4 10D??????????????????/ST/??/???????????????????
20241202,20241203,SHSE.601238,601238.SH,广汽集团,1,0.9943661971830986,0.040432581519065626,6,0.206,D:/work/quant/quant_mcp/quant/main/config/prediction_manifests/executable_10d_open_return_l4_formal_20260617.json,stock_predict_data_model_agent_10d_topgate_fusion_20260622_executable_10d_open_return_research,??formal L4 10D??????????????????/ST/??/???????????????????
20241202,20241203,SZSE.000967,000967.SZ,盈峰环境,2,0.9695774647887324,0.02529314891928246,6,0.206,D:/work/quant/quant_mcp/quant/main/config/prediction_manifests/executable_10d_open_return_l4_formal_20260617.json,stock_predict_data_model_agent_10d_topgate_fusion_20260622_executable_10d_open_return_research,??formal L4 10D??????????????????/ST/??/???????????????????
20241202,20241203,SZSE.000959,000959.SZ,首钢股份,3,0.9695774647887324,0.028571667551341606,6,0.2,D:/work/quant/quant_mcp/quant/main/config/prediction_manifests/executable_10d_open_return_l4_formal_20260617.json,stock_predict_data_model_agent_10d_topgate_fusion_20260622_executable_10d_open_return_research,??formal L4 10D??????????????????/ST/??/???????????????????
20241202,20241203,SZSE.000785,000785.SZ,居然智家,4,0.9695774647887324,0.04029126351581728,6,0.194,D:/work/quant/quant_mcp/quant/main/config/prediction_manifests/executable_10d_open_return_l4_formal_20260617.json,stock_predict_data_model_agent_10d_topgate_fusion_20260622_executable_10d_open_return_research,??formal L4 10D??????????????????/ST/??/???????????????????
20241202,20241203,SZSE.000563,000563.SZ,陕国投A,5,0.9695774647887324,0.05252413664358468,6,0.194,D:/work/quant/quant_mcp/quant/main/config/prediction_manifests/executable_10d_open_return_l4_formal_20260617.json,stock_predict_data_model_agent_10d_topgate_fusion_20260622_executable_10d_open_return_research,??formal L4 10D??????????????????/ST/??/???????????????????
20241203,20241204,SZSE.000967,000967.SZ,盈峰环境,1,0.9706103286384976,0.02514717096098943,6,0.206,D:/work/quant/quant_mcp/quant/main/config/prediction_manifests/executable_10d_open_return_l4_formal_20260617.json,stock_predict_data_model_agent_10d_topgate_fusion_20260622_executable_10d_open_return_research,??formal L4 10D??????????????????/ST/??/???????????????????
20241203,20241204,SZSE.000959,000959.SZ,首钢股份,2,0.9706103286384976,0.028288024174711143,6,0.206,D:/work/quant/quant_mcp/quant/main/config/prediction_manifests/executable_10d_open_return_l4_formal_20260617.json,stock_predict_data_model_agent_10d_topgate_fusion_20260622_executable_10d_open_return_research,??formal L4 10D??????????????????/ST/??/???????????????????
20241203,20241204,SZSE.000785,000785.SZ,居然智家,3,0.9706103286384976,0.040322582474739854,6,0.2,D:/work/quant/quant_mcp/quant/main/config/prediction_manifests/executable_10d_open_return_l4_formal_20260617.json,stock_predict_data_model_agent_10d_topgate_fusion_20260622_executable_10d_open_return_research,??formal L4 10D??????????????????/ST/??/???????????????????
20241203,20241204,SZSE.000563,000563.SZ,陕国投A,4,0.9706103286384976,0.04811138790426917,6,0.194,D:/work/quant/quant_mcp/quant/main/config/prediction_manifests/executable_10d_open_return_l4_formal_20260617.json,stock_predict_data_model_agent_10d_topgate_fusion_20260622_executable_10d_open_return_research,??formal L4 10D??????????????????/ST/??/???????????????????
20241203,20241204,SZSE.000750,000750.SZ,国海证券,5,0.9706103286384976,0.04883079022992759,6,0.194,D:/work/quant/quant_mcp/quant/main/config/prediction_manifests/executable_10d_open_return_l4_formal_20260617.json,stock_predict_data_model_agent_10d_topgate_fusion_20260622_executable_10d_open_return_research,??formal L4 10D??????????????????/ST/??/???????????????????
20241205,20241206,SHSE.600176,600176.SH,中国巨石,1,0.9722274347907675,0.03191705168320689,6,0.206,D:/work/quant/quant_mcp/quant/main/config/prediction_manifests/executable_10d_open_return_l4_formal_20260617.json,stock_predict_data_model_agent_10d_topgate_fusion_20260622_executable_10d_open_return_research,??formal L4 10D??????????????????/ST/??/???????????????????
20241209,20241210,SZSE.002583,002583.SZ,海能达,1,0.9810328638497653,0.09894195527764586,6,0.206,D:/work/quant/quant_mcp/quant/main/config/prediction_manifests/executable_10d_open_return_l4_formal_20260617.json,stock_predict_data_model_agent_10d_topgate_fusion_20260622_executable_10d_open_return_research,??formal L4 10D??????????????????/ST/??/???????????????????
20241209,20241210,SHSE.600176,600176.SH,中国巨石,2,0.9641314553990611,0.03082296798431202,6,0.206,D:/work/quant/quant_mcp/quant/main/config/prediction_manifests/executable_10d_open_return_l4_formal_20260617.json,stock_predict_data_model_agent_10d_topgate_fusion_20260622_executable_10d_open_return_research,??formal L4 10D??????????????????/ST/??/???????????????????
20241210,20241211,SZSE.002583,002583.SZ,海能达,1,0.9802927927927928,0.09367050117581112,6,0.206,D:/work/quant/quant_mcp/quant/main/config/prediction_manifests/executable_10d_open_return_l4_formal_20260617.json,stock_predict_data_model_agent_10d_topgate_fusion_20260622_executable_10d_open_return_research,??formal L4 10D??????????????????/ST/??/???????????????????
20241210,20241211,SZSE.000959,000959.SZ,首钢股份,2,0.9653716216216216,0.02666818631735513,6,0.206,D:/work/quant/quant_mcp/quant/main/config/prediction_manifests/executable_10d_open_return_l4_formal_20260617.json,stock_predict_data_model_agent_10d_topgate_fusion_20260622_executable_10d_open_return_research,??formal L4 10D??????????????????/ST/??/???????????????????
20241210,20241211,SZSE.000563,000563.SZ,陕国投A,3,0.9653716216216216,0.03564306125153353,6,0.2,D:/work/quant/quant_mcp/quant/main/config/prediction_manifests/executable_10d_open_return_l4_formal_20260617.json,stock_predict_data_model_agent_10d_topgate_fusion_20260622_executable_10d_open_return_research,??formal L4 10D??????????????????/ST/??/???????????????????
20241210,20241211,SZSE.000750,000750.SZ,国海证券,4,0.9622747747747747,0.04065776269281613,6,0.194,D:/work/quant/quant_mcp/quant/main/config/prediction_manifests/executable_10d_open_return_l4_formal_20260617.json,stock_predict_data_model_agent_10d_topgate_fusion_20260622_executable_10d_open_return_research,??formal L4 10D??????????????????/ST/??/???????????????????
20241210,20241211,SZSE.000967,000967.SZ,盈峰环境,5,0.9618055555555556,0.026692648000110904,6,0.194,D:/work/quant/quant_mcp/quant/main/config/prediction_manifests/executable_10d_open_return_l4_formal_20260617.json,stock_predict_data_model_agent_10d_topgate_fusion_20260622_executable_10d_open_return_research,??formal L4 10D??????????????????/ST/??/???????????????????
20241211,20241212,SZSE.000959,000959.SZ,首钢股份,1,0.9639707262150498,0.026626299634694976,6,0.206,D:/work/quant/quant_mcp/quant/main/config/prediction_manifests/executable_10d_open_return_l4_formal_20260617.json,stock_predict_data_model_agent_10d_topgate_fusion_20260622_executable_10d_open_return_research,??formal L4 10D??????????????????/ST/??/???????????????????
20241211,20241212,SZSE.000563,000563.SZ,陕国投A,2,0.9639707262150498,0.034951543375579895,6,0.206,D:/work/quant/quant_mcp/quant/main/config/prediction_manifests/executable_10d_open_return_l4_formal_20260617.json,stock_predict_data_model_agent_10d_topgate_fusion_20260622_executable_10d_open_return_research,??formal L4 10D??????????????????/ST/??/???????????????????
20241211,20241212,SZSE.000750,000750.SZ,国海证券,3,0.9639707262150498,0.03980835788683754,6,0.2,D:/work/quant/quant_mcp/quant/main/config/prediction_manifests/executable_10d_open_return_l4_formal_20260617.json,stock_predict_data_model_agent_10d_topgate_fusion_20260622_executable_10d_open_return_research,??formal L4 10D??????????????????/ST/??/???????????????????
20241211,20241212,SZSE.000967,000967.SZ,盈峰环境,4,0.9607806342653405,0.026459139364209825,6,0.194,D:/work/quant/quant_mcp/quant/main/config/prediction_manifests/executable_10d_open_return_l4_formal_20260617.json,stock_predict_data_model_agent_10d_topgate_fusion_20260622_executable_10d_open_return_research,??formal L4 10D??????????????????/ST/??/???????????????????
20241211,20241212,SZSE.000027,000027.SZ,深圳能源,5,0.955620191405517,0.020776972822790323,6,0.194,D:/work/quant/quant_mcp/quant/main/config/prediction_manifests/executable_10d_open_return_l4_formal_20260617.json,stock_predict_data_model_agent_10d_topgate_fusion_20260622_executable_10d_open_return_research,??formal L4 10D??????????????????/ST/??/???????????????????
20241212,20241213,SZSE.000959,000959.SZ,首钢股份,1,0.974859287054409,0.02604760846075227,6,0.206,D:/work/quant/quant_mcp/quant/main/config/prediction_manifests/executable_10d_open_return_l4_formal_20260617.json,stock_predict_data_model_agent_10d_topgate_fusion_20260622_executable_10d_open_return_research,??formal L4 10D??????????????????/ST/??/???????????????????
20241212,20241213,SZSE.000563,000563.SZ,陕国投A,2,0.974859287054409,0.03423726936573345,6,0.206,D:/work/quant/quant_mcp/quant/main/config/prediction_manifests/executable_10d_open_return_l4_formal_20260617.json,stock_predict_data_model_agent_10d_topgate_fusion_20260622_executable_10d_open_return_research,??formal L4 10D??????????????????/ST/??/???????????????????
20241212,20241213,SZSE.000750,000750.SZ,国海证券,3,0.974859287054409,0.039071696237767795,6,0.2,D:/work/quant/quant_mcp/quant/main/config/prediction_manifests/executable_10d_open_return_l4_formal_20260617.json,stock_predict_data_model_agent_10d_topgate_fusion_20260622_executable_10d_open_return_research,??formal L4 10D??????????????????/ST/??/???????????????????
20241212,20241213,SZSE.000967,000967.SZ,盈峰环境,4,0.9698874296435273,0.025865460108955372,6,0.194,D:/work/quant/quant_mcp/quant/main/config/prediction_manifests/executable_10d_open_return_l4_formal_20260617.json,stock_predict_data_model_agent_10d_topgate_fusion_20260622_executable_10d_open_return_research,??formal L4 10D??????????????????/ST/??/???????????????????
20241212,20241213,SZSE.000027,000027.SZ,深圳能源,5,0.9668855534709193,0.019940983096084868,6,0.194,D:/work/quant/quant_mcp/quant/main/config/prediction_manifests/executable_10d_open_return_l4_formal_20260617.json,stock_predict_data_model_agent_10d_topgate_fusion_20260622_executable_10d_open_return_research,??formal L4 10D??????????????????/ST/??/???????????????????
20241213,20241216,SZSE.002583,002583.SZ,海能达,1,0.9823639774859287,0.08227692534425844,6,0.206,D:/work/quant/quant_mcp/quant/main/config/prediction_manifests/executable_10d_open_return_l4_formal_20260617.json,stock_predict_data_model_agent_10d_topgate_fusion_20260622_executable_10d_open_return_research,??formal L4 10D??????????????????/ST/??/???????????????????
20241213,20241216,SZSE.000959,000959.SZ,首钢股份,2,0.9637898686679175,0.027230140512450915,6,0.206,D:/work/quant/quant_mcp/quant/main/config/prediction_manifests/executable_10d_open_return_l4_formal_20260617.json,stock_predict_data_model_agent_10d_topgate_fusion_20260622_executable_10d_open_return_research,??formal L4 10D??????????????????/ST/??/???????????????????
20241213,20241216,SZSE.000563,000563.SZ,陕国投A,3,0.9637898686679175,0.035448104974096145,6,0.2,D:/work/quant/quant_mcp/quant/main/config/prediction_manifests/executable_10d_open_return_l4_formal_20260617.json,stock_predict_data_model_agent_10d_topgate_fusion_20260622_executable_10d_open_return_research,??formal L4 10D??????????????????/ST/??/???????????????????
20241213,20241216,SZSE.000750,000750.SZ,国海证券,4,0.9610694183864915,0.038028809704917836,6,0.194,D:/work/quant/quant_mcp/quant/main/config/prediction_manifests/executable_10d_open_return_l4_formal_20260617.json,stock_predict_data_model_agent_10d_topgate_fusion_20260622_executable_10d_open_return_research,??formal L4 10D??????????????????/ST/??/???????????????????
20241213,20241216,SZSE.000027,000027.SZ,深圳能源,5,0.9540337711069419,0.020578683483046447,6,0.194,D:/work/quant/quant_mcp/quant/main/config/prediction_manifests/executable_10d_open_return_l4_formal_20260617.json,stock_predict_data_model_agent_10d_topgate_fusion_20260622_executable_10d_open_return_research,??formal L4 10D??????????????????/ST/??/???????????????????
20241216,20241217,SHSE.600707,600707.SH,彩虹股份,1,0.9688788901387326,0.034088125809946065,6,0.206,D:/work/quant/quant_mcp/quant/main/config/prediction_manifests/executable_10d_open_return_l4_formal_20260617.json,stock_predict_data_model_agent_10d_topgate_fusion_20260622_executable_10d_open_return_research,??formal L4 10D??????????????????/ST/??/???????????????????
20241217,20241218,SZSE.002265,002265.SZ,建设工业,1,0.982742449821797,0.07032342626467004,6,0.206,D:/work/quant/quant_mcp/quant/main/config/prediction_manifests/executable_10d_open_return_l4_formal_20260617.json,stock_predict_data_model_agent_10d_topgate_fusion_20260622_executable_10d_open_return_research,??formal L4 10D??????????????????/ST/??/???????????????????
20241217,20241218,SZSE.002195,002195.SZ,岩山科技,2,0.9660476458450572,0.09123006967236484,6,0.206,D:/work/quant/quant_mcp/quant/main/config/prediction_manifests/executable_10d_open_return_l4_formal_20260617.json,stock_predict_data_model_agent_10d_topgate_fusion_20260622_executable_10d_open_return_research,??formal L4 10D??????????????????/ST/??/???????????????????
20241225,20241226,SZSE.002583,002583.SZ,海能达,1,0.9504783342712436,0.07187924116984329,6,0.206,D:/work/quant/quant_mcp/quant/main/config/prediction_manifests/executable_10d_open_return_l4_formal_20260617.json,stock_predict_data_model_agent_10d_topgate_fusion_20260622_executable_10d_open_return_research,??formal L4 10D??????????????????/ST/??/???????????????????
20241226,20241227,SZSE.002583,002583.SZ,海能达,1,0.9510869565217391,0.07044989568187832,6,0.206,D:/work/quant/quant_mcp/quant/main/config/prediction_manifests/executable_10d_open_return_l4_formal_20260617.json,stock_predict_data_model_agent_10d_topgate_fusion_20260622_executable_10d_open_return_research,??formal L4 10D??????????????????/ST/??/???????????????????
20241227,20241230,SZSE.002583,002583.SZ,海能达,1,0.9604424446944132,0.06881390865105946,6,0.206,D:/work/quant/quant_mcp/quant/main/config/prediction_manifests/executable_10d_open_return_l4_formal_20260617.json,stock_predict_data_model_agent_10d_topgate_fusion_20260622_executable_10d_open_return_research,??formal L4 10D??????????????????/ST/??/???????????????????
20250106,20250107,SZSE.002583,002583.SZ,海能达,1,0.972263868065967,0.08334648833682703,6,0.206,D:/work/quant/quant_mcp/quant/main/config/prediction_manifests/executable_10d_open_return_l4_formal_20260617.json,stock_predict_data_model_agent_10d_topgate_fusion_20260622_executable_10d_open_return_research,??formal L4 10D??????????????????/ST/??/???????????????????
20250107,20250108,SZSE.002583,002583.SZ,海能达,1,0.9704008992131885,0.07990121536663035,6,0.206,D:/work/quant/quant_mcp/quant/main/config/prediction_manifests/executable_10d_open_return_l4_formal_20260617.json,stock_predict_data_model_agent_10d_topgate_fusion_20260622_executable_10d_open_return_research,??formal L4 10D??????????????????/ST/??/???????????????????
20250107,20250108,SHSE.688599,688599.SH,天合光能,2,0.9610340951667291,0.03916758476513288,6,0.206,D:/work/quant/quant_mcp/quant/main/config/prediction_manifests/executable_10d_open_return_l4_formal_20260617.json,stock_predict_data_model_agent_10d_topgate_fusion_20260622_executable_10d_open_return_research,??formal L4 10D??????????????????/ST/??/???????????????????
20250109,20250110,SHSE.688599,688599.SH,天合光能,1,0.9503652369357558,0.039548492505054114,6,0.206,D:/work/quant/quant_mcp/quant/main/config/prediction_manifests/executable_10d_open_return_l4_formal_20260617.json,stock_predict_data_model_agent_10d_topgate_fusion_20260622_executable_10d_open_return_research,??formal L4 10D??????????????????/ST/??/???????????????????
20250113,20250114,SHSE.688599,688599.SH,天合光能,1,0.9544943820224719,0.040454543108588356,6,0.206,D:/work/quant/quant_mcp/quant/main/config/prediction_manifests/executable_10d_open_return_l4_formal_20260617.json,stock_predict_data_model_agent_10d_topgate_fusion_20260622_executable_10d_open_return_research,??formal L4 10D??????????????????/ST/??/???????????????????
20250114,20250115,SHSE.688599,688599.SH,天合光能,1,0.9582631480441699,0.038694442550901056,6,0.206,D:/work/quant/quant_mcp/quant/main/config/prediction_manifests/executable_10d_open_return_l4_formal_20260617.json,stock_predict_data_model_agent_10d_topgate_fusion_20260622_executable_10d_open_return_research,??formal L4 10D??????????????????/ST/??/???????????????????
20250114,20250115,SHSE.688223,688223.SH,晶科能源,2,0.9509638779711772,0.033486239315208936,6,0.206,D:/work/quant/quant_mcp/quant/main/config/prediction_manifests/executable_10d_open_return_l4_formal_20260617.json,stock_predict_data_model_agent_10d_topgate_fusion_20260622_executable_10d_open_return_research,??formal L4 10D??????????????????/ST/??/???????????????????
20250115,20250116,SHSE.688223,688223.SH,晶科能源,1,0.9580916744621141,0.03403933385038,6,0.206,D:/work/quant/quant_mcp/quant/main/config/prediction_manifests/executable_10d_open_return_l4_formal_20260617.json,stock_predict_data_model_agent_10d_topgate_fusion_20260622_executable_10d_open_return_research,??formal L4 10D??????????????????/ST/??/???????????????????
20250116,20250117,SHSE.688223,688223.SH,晶科能源,1,0.9552853133769879,0.03427300022152336,6,0.206,D:/work/quant/quant_mcp/quant/main/config/prediction_manifests/executable_10d_open_return_l4_formal_20260617.json,stock_predict_data_model_agent_10d_topgate_fusion_20260622_executable_10d_open_return_research,??formal L4 10D??????????????????/ST/??/???????????????????
20250117,20250120,SHSE.688223,688223.SH,晶科能源,1,0.9586529466791394,0.036733130291005105,6,0.206,D:/work/quant/quant_mcp/quant/main/config/prediction_manifests/executable_10d_open_return_l4_formal_20260617.json,stock_predict_data_model_agent_10d_topgate_fusion_20260622_executable_10d_open_return_research,??formal L4 10D??????????????????/ST/??/???????????????????
20250120,20250121,SHSE.688223,688223.SH,晶科能源,1,0.9610778443113772,0.037207490236400784,6,0.206,D:/work/quant/quant_mcp/quant/main/config/prediction_manifests/executable_10d_open_return_l4_formal_20260617.json,stock_predict_data_model_agent_10d_topgate_fusion_20260622_executable_10d_open_return_research,??formal L4 10D??????????????????/ST/??/???????????????????
20250120,20250121,SZSE.002583,002583.SZ,海能达,2,0.9507859281437125,0.05893124205085734,6,0.206,D:/work/quant/quant_mcp/quant/main/config/prediction_manifests/executable_10d_open_return_l4_formal_20260617.json,stock_predict_data_model_agent_10d_topgate_fusion_20260622_executable_10d_open_return_research,??formal L4 10D??????????????????/ST/??/???????????????????
20250121,20250122,SHSE.688223,688223.SH,晶科能源,1,0.9607182940516273,0.038480001736885164,6,0.206,D:/work/quant/quant_mcp/quant/main/config/prediction_manifests/executable_10d_open_return_l4_formal_20260617.json,stock_predict_data_model_agent_10d_topgate_fusion_20260622_executable_10d_open_return_research,??formal L4 10D??????????????????/ST/??/???????????????????
20250122,20250123,SZSE.002583,002583.SZ,海能达,1,0.9528971962616822,0.05530835420787237,6,0.206,D:/work/quant/quant_mcp/quant/main/config/prediction_manifests/executable_10d_open_return_l4_formal_20260617.json,stock_predict_data_model_agent_10d_topgate_fusion_20260622_executable_10d_open_return_research,??formal L4 10D??????????????????/ST/??/???????????????????
20250127,20250205,SZSE.002583,002583.SZ,海能达,1,0.9743877360254253,0.061012143744479976,6,0.206,D:/work/quant/quant_mcp/quant/main/config/prediction_manifests/executable_10d_open_return_l4_formal_20260617.json,stock_predict_data_model_agent_10d_topgate_fusion_20260622_executable_10d_open_return_research,??formal L4 10D??????????????????/ST/??/???????????????????
20250205,20250206,SZSE.002583,002583.SZ,海能达,1,0.9560829751448328,0.06087479867732545,6,0.206,D:/work/quant/quant_mcp/quant/main/config/prediction_manifests/executable_10d_open_return_l4_formal_20260617.json,stock_predict_data_model_agent_10d_topgate_fusion_20260622_executable_10d_open_return_research,??formal L4 10D??????????????????/ST/??/???????????????????
20250211,20250212,SHSE.600688,600688.SH,上海石化,1,0.9721703399327606,0.023140436887986757,6,0.206,D:/work/quant/quant_mcp/quant/main/config/prediction_manifests/executable_10d_open_return_l4_formal_20260617.json,stock_predict_data_model_agent_10d_topgate_fusion_20260622_executable_10d_open_return_research,??formal L4 10D??????????????????/ST/??/???????????????????
20250211,20250212,SZSE.002202,002202.SZ,金风科技,2,0.9506910720956294,0.030843640952245312,6,0.206,D:/work/quant/quant_mcp/quant/main/config/prediction_manifests/executable_10d_open_return_l4_formal_20260617.json,stock_predict_data_model_agent_10d_topgate_fusion_20260622_executable_10d_open_return_research,??formal L4 10D??????????????????/ST/??/???????????????????
20250212,20250213,SHSE.600688,600688.SH,上海石化,1,0.9753455360478147,0.02299162392592823,6,0.206,D:/work/quant/quant_mcp/quant/main/config/prediction_manifests/executable_10d_open_return_l4_formal_20260617.json,stock_predict_data_model_agent_10d_topgate_fusion_20260622_executable_10d_open_return_research,??formal L4 10D??????????????????/ST/??/???????????????????
20250212,20250213,SZSE.002410,002410.SZ,广联达,2,0.9518117295480015,0.031189866600068863,6,0.206,D:/work/quant/quant_mcp/quant/main/config/prediction_manifests/executable_10d_open_return_l4_formal_20260617.json,stock_predict_data_model_agent_10d_topgate_fusion_20260622_executable_10d_open_return_research,??formal L4 10D??????????????????/ST/??/???????????????????
20250213,20250214,SZSE.002410,002410.SZ,广联达,1,0.9734827264239029,0.03137216021037268,6,0.206,D:/work/quant/quant_mcp/quant/main/config/prediction_manifests/executable_10d_open_return_l4_formal_20260617.json,stock_predict_data_model_agent_10d_topgate_fusion_20260622_executable_10d_open_return_research,??formal L4 10D??????????????????/ST/??/???????????????????
20250213,20250214,SHSE.601916,601916.SH,浙商银行,2,0.9607843137254902,0.015052571685954365,6,0.206,D:/work/quant/quant_mcp/quant/main/config/prediction_manifests/executable_10d_open_return_l4_formal_20260617.json,stock_predict_data_model_agent_10d_topgate_fusion_20260622_executable_10d_open_return_research,??formal L4 10D??????????????????/ST/??/???????????????????
20250213,20250214,SZSE.000983,000983.SZ,山西焦煤,3,0.9518207282913165,0.019358722287730914,6,0.2,D:/work/quant/quant_mcp/quant/main/config/prediction_manifests/executable_10d_open_return_l4_formal_20260617.json,stock_predict_data_model_agent_10d_topgate_fusion_20260622_executable_10d_open_return_research,??formal L4 10D??????????????????/ST/??/???????????????????
20250214,20250217,SHSE.688506,688506.SH,百利天恒,1,1.008205080313784,0.0513604514182253,6,0.206,D:/work/quant/quant_mcp/quant/main/config/prediction_manifests/executable_10d_open_return_l4_formal_20260617.json,stock_predict_data_model_agent_10d_topgate_fusion_20260622_executable_10d_open_return_research,??formal L4 10D??????????????????/ST/??/???????????????????
20250219,20250220,SHSE.600588,600588.SH,用友网络,1,0.9561321635243607,0.05753623132727394,6,0.206,D:/work/quant/quant_mcp/quant/main/config/prediction_manifests/executable_10d_open_return_l4_formal_20260617.json,stock_predict_data_model_agent_10d_topgate_fusion_20260622_executable_10d_open_return_research,??formal L4 10D??????????????????/ST/??/???????????????????
20250219,20250220,SHSE.601898,601898.SH,中煤能源,2,0.9507186858316222,0.021394314286164506,6,0.206,D:/work/quant/quant_mcp/quant/main/config/prediction_manifests/executable_10d_open_return_l4_formal_20260617.json,stock_predict_data_model_agent_10d_topgate_fusion_20260622_executable_10d_open_return_research,??formal L4 10D??????????????????/ST/??/???????????????????
20250221,20250224,SZSE.000959,000959.SZ,首钢股份,1,0.9550205300485256,0.020586867650438496,6,0.206,D:/work/quant/quant_mcp/quant/main/config/prediction_manifests/executable_10d_open_return_l4_formal_20260617.json,stock_predict_data_model_agent_10d_topgate_fusion_20260622_executable_10d_open_return_research,??formal L4 10D??????????????????/ST/??/???????????????????
20250221,20250224,SZSE.000563,000563.SZ,陕国投A,2,0.9550205300485256,0.026178323948588905,6,0.206,D:/work/quant/quant_mcp/quant/main/config/prediction_manifests/executable_10d_open_return_l4_formal_20260617.json,stock_predict_data_model_agent_10d_topgate_fusion_20260622_executable_10d_open_return_research,??formal L4 10D??????????????????/ST/??/???????????????????
20250221,20250224,SZSE.000750,000750.SZ,国海证券,3,0.9550205300485256,0.027685845541575077,6,0.2,D:/work/quant/quant_mcp/quant/main/config/prediction_manifests/executable_10d_open_return_l4_formal_20260617.json,stock_predict_data_model_agent_10d_topgate_fusion_20260622_executable_10d_open_return_research,??formal L4 10D??????????????????/ST/??/???????????????????
20250221,20250224,SZSE.000785,000785.SZ,居然智家,4,0.9550205300485256,0.06570156040863702,6,0.194,D:/work/quant/quant_mcp/quant/main/config/prediction_manifests/executable_10d_open_return_l4_formal_20260617.json,stock_predict_data_model_agent_10d_topgate_fusion_20260622_executable_10d_open_return_research,??formal L4 10D??????????????????/ST/??/???????????????????
20250224,20250225,SHSE.600863,600863.SH,华能蒙电,1,0.9574229691876751,0.02312964146433769,6,0.206,D:/work/quant/quant_mcp/quant/main/config/prediction_manifests/executable_10d_open_return_l4_formal_20260617.json,stock_predict_data_model_agent_10d_topgate_fusion_20260622_executable_10d_open_return_research,??formal L4 10D??????????????????/ST/??/???????????????????
20250225,20250226,SHSE.600863,600863.SH,华能蒙电,1,0.9613300952736783,0.02328041065048424,6,0.206,D:/work/quant/quant_mcp/quant/main/config/prediction_manifests/executable_10d_open_return_l4_formal_20260617.json,stock_predict_data_model_agent_10d_topgate_fusion_20260622_executable_10d_open_return_research,??formal L4 10D??????????????????/ST/??/???????????????????
20250226,20250227,SZSE.000959,000959.SZ,首钢股份,1,0.9678744863653344,0.02162148094169582,6,0.206,D:/work/quant/quant_mcp/quant/main/config/prediction_manifests/executable_10d_open_return_l4_formal_20260617.json,stock_predict_data_model_agent_10d_topgate_fusion_20260622_executable_10d_open_return_research,??formal L4 10D??????????????????/ST/??/???????????????????
20250226,20250227,SZSE.000563,000563.SZ,陕国投A,2,0.9678744863653344,0.025562051463820283,6,0.206,D:/work/quant/quant_mcp/quant/main/config/prediction_manifests/executable_10d_open_return_l4_formal_20260617.json,stock_predict_data_model_agent_10d_topgate_fusion_20260622_executable_10d_open_return_research,??formal L4 10D??????????????????/ST/??/???????????????????
20250226,20250227,SZSE.000750,000750.SZ,国海证券,3,0.9678744863653344,0.027634752818489962,6,0.2,D:/work/quant/quant_mcp/quant/main/config/prediction_manifests/executable_10d_open_return_l4_formal_20260617.json,stock_predict_data_model_agent_10d_topgate_fusion_20260622_executable_10d_open_return_research,??formal L4 10D??????????????????/ST/??/???????????????????
20250226,20250227,SZSE.000785,000785.SZ,居然智家,4,0.9678744863653344,0.06689814751582737,6,0.194,D:/work/quant/quant_mcp/quant/main/config/prediction_manifests/executable_10d_open_return_l4_formal_20260617.json,stock_predict_data_model_agent_10d_topgate_fusion_20260622_executable_10d_open_return_research,??formal L4 10D??????????????????/ST/??/???????????????????
20250226,20250227,SZSE.000027,000027.SZ,深圳能源,5,0.9590960029884199,0.014626398054421466,6,0.194,D:/work/quant/quant_mcp/quant/main/config/prediction_manifests/executable_10d_open_return_l4_formal_20260617.json,stock_predict_data_model_agent_10d_topgate_fusion_20260622_executable_10d_open_return_research,??formal L4 10D??????????????????/ST/??/???????????????????
20250227,20250228,SZSE.000959,000959.SZ,首钢股份,1,0.9704783258594918,0.022805641002745285,6,0.206,D:/work/quant/quant_mcp/quant/main/config/prediction_manifests/executable_10d_open_return_l4_formal_20260617.json,stock_predict_data_model_agent_10d_topgate_fusion_20260622_executable_10d_open_return_research,??formal L4 10D??????????????????/ST/??/???????????????????
20250227,20250228,SZSE.000563,000563.SZ,陕国投A,2,0.9704783258594918,0.026056936472867963,6,0.206,D:/work/quant/quant_mcp/quant/main/config/prediction_manifests/executable_10d_open_return_l4_formal_20260617.json,stock_predict_data_model_agent_10d_topgate_fusion_20260622_executable_10d_open_return_research,??formal L4 10D??????????????????/ST/??/???????????????????
20250227,20250228,SZSE.000750,000750.SZ,国海证券,3,0.9704783258594918,0.02877384369392278,6,0.2,D:/work/quant/quant_mcp/quant/main/config/prediction_manifests/executable_10d_open_return_l4_formal_20260617.json,stock_predict_data_model_agent_10d_topgate_fusion_20260622_executable_10d_open_return_research,??formal L4 10D??????????????????/ST/??/???????????????????
20250227,20250228,SZSE.000027,000027.SZ,深圳能源,4,0.960855754857997,0.014569830526332324,6,0.194,D:/work/quant/quant_mcp/quant/main/config/prediction_manifests/executable_10d_open_return_l4_formal_20260617.json,stock_predict_data_model_agent_10d_topgate_fusion_20260622_executable_10d_open_return_research,??formal L4 10D??????????????????/ST/??/???????????????????
20250227,20250228,SZSE.000559,000559.SZ,万向钱潮,5,0.960855754857997,0.0264833299461915,6,0.194,D:/work/quant/quant_mcp/quant/main/config/prediction_manifests/executable_10d_open_return_l4_formal_20260617.json,stock_predict_data_model_agent_10d_topgate_fusion_20260622_executable_10d_open_return_research,??formal L4 10D??????????????????/ST/??/???????????????????
20250228,20250303,SZSE.000887,000887.SZ,中鼎股份,1,0.9682421072295909,0.06385405018841415,6,0.206,D:/work/quant/quant_mcp/quant/main/config/prediction_manifests/executable_10d_open_return_l4_formal_20260617.json,stock_predict_data_model_agent_10d_topgate_fusion_20260622_executable_10d_open_return_research,??formal L4 10D??????????????????/ST/??/???????????????????
20250228,20250303,SZSE.002044,002044.SZ,美年健康,2,0.9519895385764992,0.07947848744442196,6,0.206,D:/work/quant/quant_mcp/quant/main/config/prediction_manifests/executable_10d_open_return_l4_formal_20260617.json,stock_predict_data_model_agent_10d_topgate_fusion_20260622_executable_10d_open_return_research,??formal L4 10D??????????????????/ST/??/???????????????????
20250303,20250304,SHSE.601898,601898.SH,中煤能源,1,0.9624369276770697,0.020637130149657863,6,0.206,D:/work/quant/quant_mcp/quant/main/config/prediction_manifests/executable_10d_open_return_l4_formal_20260617.json,stock_predict_data_model_agent_10d_topgate_fusion_20260622_executable_10d_open_return_research,??formal L4 10D??????????????????/ST/??/???????????????????
20250303,20250304,SZSE.002044,002044.SZ,美年健康,2,0.9575780227994767,0.07962344465330076,6,0.206,D:/work/quant/quant_mcp/quant/main/config/prediction_manifests/executable_10d_open_return_l4_formal_20260617.json,stock_predict_data_model_agent_10d_topgate_fusion_20260622_executable_10d_open_return_research,??formal L4 10D??????????????????/ST/??/???????????????????
20250304,20250305,SHSE.688183,688183.SH,生益电子,1,0.9882308985615542,0.08598833792026855,6,0.206,D:/work/quant/quant_mcp/quant/main/config/prediction_manifests/executable_10d_open_return_l4_formal_20260617.json,stock_predict_data_model_agent_10d_topgate_fusion_20260622_executable_10d_open_return_research,??formal L4 10D??????????????????/ST/??/???????????????????
20250304,20250305,SHSE.600026,600026.SH,中远海能,2,0.9837474313469082,0.0232857260769118,6,0.206,D:/work/quant/quant_mcp/quant/main/config/prediction_manifests/executable_10d_open_return_l4_formal_20260617.json,stock_predict_data_model_agent_10d_topgate_fusion_20260622_executable_10d_open_return_research,??formal L4 10D??????????????????/ST/??/???????????????????
20250304,20250305,SHSE.601898,601898.SH,中煤能源,3,0.9745936857836727,0.020950488509427323,6,0.2,D:/work/quant/quant_mcp/quant/main/config/prediction_manifests/executable_10d_open_return_l4_formal_20260617.json,stock_predict_data_model_agent_10d_topgate_fusion_20260622_executable_10d_open_return_research,??formal L4 10D??????????????????/ST/??/???????????????????
20250304,20250305,SZSE.300476,300476.SZ,胜宏科技,4,0.9742200635157855,0.06289996652432235,6,0.194,D:/work/quant/quant_mcp/quant/main/config/prediction_manifests/executable_10d_open_return_l4_formal_20260617.json,stock_predict_data_model_agent_10d_topgate_fusion_20260622_executable_10d_open_return_research,??formal L4 10D??????????????????/ST/??/???????????????????
20250304,20250305,SZSE.002312,002312.SZ,川发龙蟒,5,0.9646926956846628,0.04484126812953676,6,0.194,D:/work/quant/quant_mcp/quant/main/config/prediction_manifests/executable_10d_open_return_l4_formal_20260617.json,stock_predict_data_model_agent_10d_topgate_fusion_20260622_executable_10d_open_return_research,??formal L4 10D??????????????????/ST/??/???????????????????
20250305,20250306,SHSE.600026,600026.SH,中远海能,1,0.9908445440956651,0.020948531111413485,6,0.206,D:/work/quant/quant_mcp/quant/main/config/prediction_manifests/executable_10d_open_return_l4_formal_20260617.json,stock_predict_data_model_agent_10d_topgate_fusion_20260622_executable_10d_open_return_research,??formal L4 10D??????????????????/ST/??/???????????????????
20250305,20250306,SHSE.601898,601898.SH,中煤能源,2,0.9904708520179372,0.02022256953360491,6,0.206,D:/work/quant/quant_mcp/quant/main/config/prediction_manifests/executable_10d_open_return_l4_formal_20260617.json,stock_predict_data_model_agent_10d_topgate_fusion_20260622_executable_10d_open_return_research,??formal L4 10D??????????????????/ST/??/???????????????????
20250305,20250306,SHSE.601001,601001.SH,晋控煤业,3,0.977017937219731,0.022544848234656415,6,0.2,D:/work/quant/quant_mcp/quant/main/config/prediction_manifests/executable_10d_open_return_l4_formal_20260617.json,stock_predict_data_model_agent_10d_topgate_fusion_20260622_executable_10d_open_return_research,??formal L4 10D??????????????????/ST/??/???????????????????
20250305,20250306,SHSE.688472,688472.SH,阿特斯,4,0.9744020926756353,0.03311148975722473,6,0.194,D:/work/quant/quant_mcp/quant/main/config/prediction_manifests/executable_10d_open_return_l4_formal_20260617.json,stock_predict_data_model_agent_10d_topgate_fusion_20260622_executable_10d_open_return_research,??formal L4 10D??????????????????/ST/??/???????????????????
20250305,20250306,SZSE.002312,002312.SZ,川发龙蟒,5,0.9732810164424515,0.045403872442180915,6,0.194,D:/work/quant/quant_mcp/quant/main/config/prediction_manifests/executable_10d_open_return_l4_formal_20260617.json,stock_predict_data_model_agent_10d_topgate_fusion_20260622_executable_10d_open_return_research,??formal L4 10D??????????????????/ST/??/???????????????????
20250306,20250307,SHSE.603596,603596.SH,伯特利,1,0.9958878504672897,0.05328275586451112,6,0.206,D:/work/quant/quant_mcp/quant/main/config/prediction_manifests/executable_10d_open_return_l4_formal_20260617.json,stock_predict_data_model_agent_10d_topgate_fusion_20260622_executable_10d_open_return_research,??formal L4 10D??????????????????/ST/??/???????????????????
20250306,20250307,SHSE.601898,601898.SH,中煤能源,2,0.9904672897196262,0.020342323511189444,6,0.206,D:/work/quant/quant_mcp/quant/main/config/prediction_manifests/executable_10d_open_return_l4_formal_20260617.json,stock_predict_data_model_agent_10d_topgate_fusion_20260622_executable_10d_open_return_research,??formal L4 10D??????????????????/ST/??/???????????????????
20250306,20250307,SHSE.600026,600026.SH,中远海能,3,0.982803738317757,0.02014271554509172,6,0.2,D:/work/quant/quant_mcp/quant/main/config/prediction_manifests/executable_10d_open_return_l4_formal_20260617.json,stock_predict_data_model_agent_10d_topgate_fusion_20260622_executable_10d_open_return_research,??formal L4 10D??????????????????/ST/??/???????????????????
20250306,20250307,SHSE.601001,601001.SH,晋控煤业,4,0.9790654205607476,0.022187597250412295,6,0.194,D:/work/quant/quant_mcp/quant/main/config/prediction_manifests/executable_10d_open_return_l4_formal_20260617.json,stock_predict_data_model_agent_10d_topgate_fusion_20260622_executable_10d_open_return_research,??formal L4 10D??????????????????/ST/??/???????????????????
20250306,20250307,SHSE.601872,601872.SH,招商轮船,5,0.9773831775700934,0.019967642989619342,6,0.194,D:/work/quant/quant_mcp/quant/main/config/prediction_manifests/executable_10d_open_return_l4_formal_20260617.json,stock_predict_data_model_agent_10d_topgate_fusion_20260622_executable_10d_open_return_research,??formal L4 10D??????????????????/ST/??/???????????????????
20250307,20250310,SHSE.601001,601001.SH,晋控煤业,1,0.9807476635514019,0.021912689508792826,6,0.206,D:/work/quant/quant_mcp/quant/main/config/prediction_manifests/executable_10d_open_return_l4_formal_20260617.json,stock_predict_data_model_agent_10d_topgate_fusion_20260622_executable_10d_open_return_research,??formal L4 10D??????????????????/ST/??/???????????????????
20250307,20250310,SHSE.601898,601898.SH,中煤能源,2,0.9803738317757009,0.020588498689263626,6,0.206,D:/work/quant/quant_mcp/quant/main/config/prediction_manifests/executable_10d_open_return_l4_formal_20260617.json,stock_predict_data_model_agent_10d_topgate_fusion_20260622_executable_10d_open_return_research,??formal L4 10D??????????????????/ST/??/???????????????????
20250307,20250310,SHSE.688472,688472.SH,阿特斯,3,0.9790654205607476,0.03226872127690313,6,0.2,D:/work/quant/quant_mcp/quant/main/config/prediction_manifests/executable_10d_open_return_l4_formal_20260617.json,stock_predict_data_model_agent_10d_topgate_fusion_20260622_executable_10d_open_return_research,??formal L4 10D??????????????????/ST/??/???????????????????
20250307,20250310,SZSE.002312,002312.SZ,川发龙蟒,4,0.974392523364486,0.04404743727703764,6,0.194,D:/work/quant/quant_mcp/quant/main/config/prediction_manifests/executable_10d_open_return_l4_formal_20260617.json,stock_predict_data_model_agent_10d_topgate_fusion_20260622_executable_10d_open_return_research,??formal L4 10D??????????????????/ST/??/???????????????????
20250307,20250310,SHSE.688599,688599.SH,天合光能,5,0.9732710280373832,0.03909840908458387,6,0.194,D:/work/quant/quant_mcp/quant/main/config/prediction_manifests/executable_10d_open_return_l4_formal_20260617.json,stock_predict_data_model_agent_10d_topgate_fusion_20260622_executable_10d_open_return_research,??formal L4 10D??????????????????/ST/??/???????????????????
20250310,20250311,SHSE.601001,601001.SH,晋控煤业,1,0.98,0.021807716769150307,6,0.206,D:/work/quant/quant_mcp/quant/main/config/prediction_manifests/executable_10d_open_return_l4_formal_20260617.json,stock_predict_data_model_agent_10d_topgate_fusion_20260622_executable_10d_open_return_research,??formal L4 10D??????????????????/ST/??/???????????????????
20250310,20250311,SZSE.002312,002312.SZ,川发龙蟒,2,0.9753271028037384,0.04387605901680418,6,0.206,D:/work/quant/quant_mcp/quant/main/config/prediction_manifests/executable_10d_open_return_l4_formal_20260617.json,stock_predict_data_model_agent_10d_topgate_fusion_20260622_executable_10d_open_return_research,??formal L4 10D??????????????????/ST/??/???????????????????
20250310,20250311,SHSE.601898,601898.SH,中煤能源,3,0.9699065420560747,0.02030298286268622,6,0.2,D:/work/quant/quant_mcp/quant/main/config/prediction_manifests/executable_10d_open_return_l4_formal_20260617.json,stock_predict_data_model_agent_10d_topgate_fusion_20260622_executable_10d_open_return_research,??formal L4 10D??????????????????/ST/??/???????????????????
20250310,20250311,SHSE.601916,601916.SH,浙商银行,4,0.9532710280373832,0.010211722075087474,6,0.194,D:/work/quant/quant_mcp/quant/main/config/prediction_manifests/executable_10d_open_return_l4_formal_20260617.json,stock_predict_data_model_agent_10d_topgate_fusion_20260622_executable_10d_open_return_research,??formal L4 10D??????????????????/ST/??/???????????????????
20250312,20250313,SHSE.688183,688183.SH,生益电子,1,0.9557174887892377,0.07112600142375952,6,0.206,D:/work/quant/quant_mcp/quant/main/config/prediction_manifests/executable_10d_open_return_l4_formal_20260617.json,stock_predict_data_model_agent_10d_topgate_fusion_20260622_executable_10d_open_return_research,??formal L4 10D??????????????????/ST/??/???????????????????
20250312,20250313,SHSE.601019,601019.SH,山东出版,2,0.9517937219730942,0.02852047094334291,6,0.206,D:/work/quant/quant_mcp/quant/main/config/prediction_manifests/executable_10d_open_return_l4_formal_20260617.json,stock_predict_data_model_agent_10d_topgate_fusion_20260622_executable_10d_open_return_research,??formal L4 10D??????????????????/ST/??/???????????????????
20250312,20250313,SHSE.603799,603799.SH,华友钴业,3,0.9501121076233184,0.03809651307971996,6,0.2,D:/work/quant/quant_mcp/quant/main/config/prediction_manifests/executable_10d_open_return_l4_formal_20260617.json,stock_predict_data_model_agent_10d_topgate_fusion_20260622_executable_10d_open_return_research,??formal L4 10D??????????????????/ST/??/???????????????????
20250313,20250314,SHSE.688599,688599.SH,天合光能,1,0.9738513261113186,0.038516316882515264,6,0.206,D:/work/quant/quant_mcp/quant/main/config/prediction_manifests/executable_10d_open_return_l4_formal_20260617.json,stock_predict_data_model_agent_10d_topgate_fusion_20260622_executable_10d_open_return_research,??formal L4 10D??????????????????/ST/??/???????????????????
20250313,20250314,SHSE.688183,688183.SH,生益电子,2,0.9714232349645125,0.07159937464133334,6,0.206,D:/work/quant/quant_mcp/quant/main/config/prediction_manifests/executable_10d_open_return_l4_formal_20260617.json,stock_predict_data_model_agent_10d_topgate_fusion_20260622_executable_10d_open_return_research,??formal L4 10D??????????????????/ST/??/???????????????????
20250313,20250314,SHSE.600362,600362.SH,江西铜业,3,0.9658199477026522,0.017068279041527922,6,0.2,D:/work/quant/quant_mcp/quant/main/config/prediction_manifests/executable_10d_open_return_l4_formal_20260617.json,stock_predict_data_model_agent_10d_topgate_fusion_20260622_executable_10d_open_return_research,??formal L4 10D??????????????????/ST/??/???????????????????
20250313,20250314,SHSE.603799,603799.SH,华友钴业,4,0.962457975345536,0.0386206694698551,6,0.194,D:/work/quant/quant_mcp/quant/main/config/prediction_manifests/executable_10d_open_return_l4_formal_20260617.json,stock_predict_data_model_agent_10d_topgate_fusion_20260622_executable_10d_open_return_research,??formal L4 10D??????????????????/ST/??/???????????????????
20250314,20250317,SZSE.002056,002056.SZ,横店东磁,1,0.9895405304445275,0.024629408767491066,6,0.206,D:/work/quant/quant_mcp/quant/main/config/prediction_manifests/executable_10d_open_return_l4_formal_20260617.json,stock_predict_data_model_agent_10d_topgate_fusion_20260622_executable_10d_open_return_research,??formal L4 10D??????????????????/ST/??/???????????????????
20250314,20250317,SZSE.300251,300251.SZ,光线传媒,2,0.9742248785954427,0.0879590264815328,6,0.206,D:/work/quant/quant_mcp/quant/main/config/prediction_manifests/executable_10d_open_return_l4_formal_20260617.json,stock_predict_data_model_agent_10d_topgate_fusion_20260622_executable_10d_open_return_research,??formal L4 10D??????????????????/ST/??/???????????????????
20250314,20250317,SHSE.603799,603799.SH,华友钴业,3,0.9699290250280165,0.038484110922117606,6,0.2,D:/work/quant/quant_mcp/quant/main/config/prediction_manifests/executable_10d_open_return_l4_formal_20260617.json,stock_predict_data_model_agent_10d_topgate_fusion_20260622_executable_10d_open_return_research,??formal L4 10D??????????????????/ST/??/???????????????????
20250314,20250317,SHSE.600362,600362.SH,江西铜业,4,0.9693686963018304,0.0173475100992495,6,0.194,D:/work/quant/quant_mcp/quant/main/config/prediction_manifests/executable_10d_open_return_l4_formal_20260617.json,stock_predict_data_model_agent_10d_topgate_fusion_20260622_executable_10d_open_return_research,??formal L4 10D??????????????????/ST/??/???????????????????
20250314,20250317,SHSE.600606,600606.SH,绿地控股,5,0.9546133731789317,0.030213902916270265,6,0.194,D:/work/quant/quant_mcp/quant/main/config/prediction_manifests/executable_10d_open_return_l4_formal_20260617.json,stock_predict_data_model_agent_10d_topgate_fusion_20260622_executable_10d_open_return_research,??formal L4 10D??????????????????/ST/??/???????????????????
20250317,20250318,SZSE.002056,002056.SZ,横店东磁,1,0.9932722855541021,0.02517445436942505,6,0.206,D:/work/quant/quant_mcp/quant/main/config/prediction_manifests/executable_10d_open_return_l4_formal_20260617.json,stock_predict_data_model_agent_10d_topgate_fusion_20260622_executable_10d_open_return_research,??formal L4 10D??????????????????/ST/??/???????????????????
20250317,20250318,SHSE.603799,603799.SH,华友钴业,2,0.9717809755185947,0.04177193022161788,6,0.206,D:/work/quant/quant_mcp/quant/main/config/prediction_manifests/executable_10d_open_return_l4_formal_20260617.json,stock_predict_data_model_agent_10d_topgate_fusion_20260622_executable_10d_open_return_research,??formal L4 10D??????????????????/ST/??/???????????????????
20250317,20250318,SHSE.600362,600362.SH,江西铜业,3,0.9691646421229677,0.017361529185835157,6,0.2,D:/work/quant/quant_mcp/quant/main/config/prediction_manifests/executable_10d_open_return_l4_formal_20260617.json,stock_predict_data_model_agent_10d_topgate_fusion_20260622_executable_10d_open_return_research,??formal L4 10D??????????????????/ST/??/???????????????????
20250318,20250319,SZSE.002056,002056.SZ,横店东磁,1,0.9945865223072615,0.02521602556514419,6,0.206,D:/work/quant/quant_mcp/quant/main/config/prediction_manifests/executable_10d_open_return_l4_formal_20260617.json,stock_predict_data_model_agent_10d_topgate_fusion_20260622_executable_10d_open_return_research,??formal L4 10D??????????????????/ST/??/???????????????????
20250318,20250319,SHSE.600362,600362.SH,江西铜业,2,0.972372596602576,0.017636334820305726,6,0.206,D:/work/quant/quant_mcp/quant/main/config/prediction_manifests/executable_10d_open_return_l4_formal_20260617.json,stock_predict_data_model_agent_10d_topgate_fusion_20260622_executable_10d_open_return_research,??formal L4 10D??????????????????/ST/??/???????????????????
20250318,20250319,SHSE.603799,603799.SH,华友钴业,3,0.9559454918797835,0.042429707457951854,6,0.2,D:/work/quant/quant_mcp/quant/main/config/prediction_manifests/executable_10d_open_return_l4_formal_20260617.json,stock_predict_data_model_agent_10d_topgate_fusion_20260622_executable_10d_open_return_research,??formal L4 10D??????????????????/ST/??/???????????????????
20250318,20250319,SZSE.002958,002958.SZ,青农商行,4,0.9555721485906291,0.0143549183787939,6,0.194,D:/work/quant/quant_mcp/quant/main/config/prediction_manifests/executable_10d_open_return_l4_formal_20260617.json,stock_predict_data_model_agent_10d_topgate_fusion_20260622_executable_10d_open_return_research,??formal L4 10D??????????????????/ST/??/???????????????????
20250319,20250320,SZSE.002056,002056.SZ,横店东磁,1,0.9927170868347339,0.025485543924417747,6,0.206,D:/work/quant/quant_mcp/quant/main/config/prediction_manifests/executable_10d_open_return_l4_formal_20260617.json,stock_predict_data_model_agent_10d_topgate_fusion_20260622_executable_10d_open_return_research,??formal L4 10D??????????????????/ST/??/???????????????????
20250319,20250320,SZSE.002583,002583.SZ,海能达,2,0.9667600373482726,0.03673469479747735,6,0.206,D:/work/quant/quant_mcp/quant/main/config/prediction_manifests/executable_10d_open_return_l4_formal_20260617.json,stock_predict_data_model_agent_10d_topgate_fusion_20260622_executable_10d_open_return_research,??formal L4 10D??????????????????/ST/??/???????????????????
20250319,20250320,SHSE.600007,600007.SH,中国国贸,3,0.9544351073762839,0.017270279173513117,6,0.2,D:/work/quant/quant_mcp/quant/main/config/prediction_manifests/executable_10d_open_return_l4_formal_20260617.json,stock_predict_data_model_agent_10d_topgate_fusion_20260622_executable_10d_open_return_research,??formal L4 10D??????????????????/ST/??/???????????????????
20250319,20250320,SHSE.600157,600157.SH,永泰能源,4,0.954248366013072,0.028000000565949302,6,0.194,D:/work/quant/quant_mcp/quant/main/config/prediction_manifests/executable_10d_open_return_l4_formal_20260617.json,stock_predict_data_model_agent_10d_topgate_fusion_20260622_executable_10d_open_return_research,??formal L4 10D??????????????????/ST/??/???????????????????
20250320,20250321,SZSE.002056,002056.SZ,横店东磁,1,0.9915997759940265,0.02612813749024415,6,0.206,D:/work/quant/quant_mcp/quant/main/config/prediction_manifests/executable_10d_open_return_l4_formal_20260617.json,stock_predict_data_model_agent_10d_topgate_fusion_20260622_executable_10d_open_return_research,??formal L4 10D??????????????????/ST/??/???????????????????
20250320,20250321,SHSE.601899,601899.SH,紫金矿业,2,0.9914131043494493,0.025096466992215457,6,0.206,D:/work/quant/quant_mcp/quant/main/config/prediction_manifests/executable_10d_open_return_l4_formal_20260617.json,stock_predict_data_model_agent_10d_topgate_fusion_20260622_executable_10d_open_return_research,??formal L4 10D??????????????????/ST/??/???????????????????
20250320,20250321,SHSE.600362,600362.SH,江西铜业,3,0.9673324621989919,0.01848786317842528,6,0.2,D:/work/quant/quant_mcp/quant/main/config/prediction_manifests/executable_10d_open_return_l4_formal_20260617.json,stock_predict_data_model_agent_10d_topgate_fusion_20260622_executable_10d_open_return_research,??formal L4 10D??????????????????/ST/??/???????????????????
20250321,20250324,SZSE.300251,300251.SZ,光线传媒,1,0.9899216125419933,0.048630640471377794,6,0.206,D:/work/quant/quant_mcp/quant/main/config/prediction_manifests/executable_10d_open_return_l4_formal_20260617.json,stock_predict_data_model_agent_10d_topgate_fusion_20260622_executable_10d_open_return_research,??formal L4 10D??????????????????/ST/??/???????????????????
20250321,20250324,SZSE.002056,002056.SZ,横店东磁,2,0.9889884285181038,0.02654351401981195,6,0.206,D:/work/quant/quant_mcp/quant/main/config/prediction_manifests/executable_10d_open_return_l4_formal_20260617.json,stock_predict_data_model_agent_10d_topgate_fusion_20260622_executable_10d_open_return_research,??formal L4 10D??????????????????/ST/??/???????????????????
20250321,20250324,SZSE.002583,002583.SZ,海能达,3,0.9798432250839866,0.035964199440408726,6,0.2,D:/work/quant/quant_mcp/quant/main/config/prediction_manifests/executable_10d_open_return_l4_formal_20260617.json,stock_predict_data_model_agent_10d_topgate_fusion_20260622_executable_10d_open_return_research,??formal L4 10D??????????????????/ST/??/???????????????????
20250321,20250324,SZSE.002312,002312.SZ,川发龙蟒,4,0.9677118327734229,0.036894041783354876,6,0.194,D:/work/quant/quant_mcp/quant/main/config/prediction_manifests/executable_10d_open_return_l4_formal_20260617.json,stock_predict_data_model_agent_10d_topgate_fusion_20260622_executable_10d_open_return_research,??formal L4 10D??????????????????/ST/??/???????????????????
20250321,20250324,SZSE.000630,000630.SZ,铜陵有色,5,0.9539007092198581,0.019660999600336487,6,0.194,D:/work/quant/quant_mcp/quant/main/config/prediction_manifests/executable_10d_open_return_l4_formal_20260617.json,stock_predict_data_model_agent_10d_topgate_fusion_20260622_executable_10d_open_return_research,??formal L4 10D??????????????????/ST/??/???????????????????
20250324,20250325,SZSE.300251,300251.SZ,光线传媒,1,0.9899216125419933,0.0459635168630857,6,0.206,D:/work/quant/quant_mcp/quant/main/config/prediction_manifests/executable_10d_open_return_l4_formal_20260617.json,stock_predict_data_model_agent_10d_topgate_fusion_20260622_executable_10d_open_return_research,??formal L4 10D??????????????????/ST/??/???????????????????
20250324,20250325,SZSE.002583,002583.SZ,海能达,2,0.9818962299365435,0.034811717391568776,6,0.206,D:/work/quant/quant_mcp/quant/main/config/prediction_manifests/executable_10d_open_return_l4_formal_20260617.json,stock_predict_data_model_agent_10d_topgate_fusion_20260622_executable_10d_open_return_research,??formal L4 10D??????????????????/ST/??/???????????????????
20250324,20250325,SZSE.002056,002056.SZ,横店东磁,3,0.9736842105263158,0.026818603331105067,6,0.2,D:/work/quant/quant_mcp/quant/main/config/prediction_manifests/executable_10d_open_return_l4_formal_20260617.json,stock_predict_data_model_agent_10d_topgate_fusion_20260622_executable_10d_open_return_research,??formal L4 10D??????????????????/ST/??/???????????????????
20250325,20250326,SZSE.002583,002583.SZ,海能达,1,0.9806006342100354,0.033361136022522074,6,0.206,D:/work/quant/quant_mcp/quant/main/config/prediction_manifests/executable_10d_open_return_l4_formal_20260617.json,stock_predict_data_model_agent_10d_topgate_fusion_20260622_executable_10d_open_return_research,??formal L4 10D??????????????????/ST/??/???????????????????
20250325,20250326,SZSE.002056,002056.SZ,横店东磁,2,0.9735124044021638,0.02802963358168454,6,0.206,D:/work/quant/quant_mcp/quant/main/config/prediction_manifests/executable_10d_open_return_l4_formal_20260617.json,stock_predict_data_model_agent_10d_topgate_fusion_20260622_executable_10d_open_return_research,??formal L4 10D??????????????????/ST/??/???????????????????
20250325,20250326,SHSE.688702,688702.SH,盛科通信,3,0.9712740160417832,0.05420043272077797,6,0.2,D:/work/quant/quant_mcp/quant/main/config/prediction_manifests/executable_10d_open_return_l4_formal_20260617.json,stock_predict_data_model_agent_10d_topgate_fusion_20260622_executable_10d_open_return_research,??formal L4 10D??????????????????/ST/??/???????????????????
20250325,20250326,SZSE.300251,300251.SZ,光线传媒,4,0.9632531244170863,0.043114586397661636,6,0.194,D:/work/quant/quant_mcp/quant/main/config/prediction_manifests/executable_10d_open_return_l4_formal_20260617.json,stock_predict_data_model_agent_10d_topgate_fusion_20260622_executable_10d_open_return_research,??formal L4 10D??????????????????/ST/??/???????????????????
20250326,20250327,SZSE.002056,002056.SZ,横店东磁,1,0.9779932860872809,0.028418723813583877,6,0.206,D:/work/quant/quant_mcp/quant/main/config/prediction_manifests/executable_10d_open_return_l4_formal_20260617.json,stock_predict_data_model_agent_10d_topgate_fusion_20260622_executable_10d_open_return_research,??formal L4 10D??????????????????/ST/??/???????????????????
20250327,20250328,SZSE.002056,002056.SZ,横店东磁,1,0.9783743475018642,0.029493205264280228,6,0.206,D:/work/quant/quant_mcp/quant/main/config/prediction_manifests/executable_10d_open_return_l4_formal_20260617.json,stock_predict_data_model_agent_10d_topgate_fusion_20260622_executable_10d_open_return_research,??formal L4 10D??????????????????/ST/??/???????????????????
20250327,20250328,SZSE.300251,300251.SZ,光线传媒,2,0.9619686800894854,0.04022588179497028,6,0.206,D:/work/quant/quant_mcp/quant/main/config/prediction_manifests/executable_10d_open_return_l4_formal_20260617.json,stock_predict_data_model_agent_10d_topgate_fusion_20260622_executable_10d_open_return_research,??formal L4 10D??????????????????/ST/??/???????????????????
20250328,20250331,SHSE.600989,600989.SH,宝丰能源,1,0.9817300521998509,0.03486927766896433,6,0.206,D:/work/quant/quant_mcp/quant/main/config/prediction_manifests/executable_10d_open_return_l4_formal_20260617.json,stock_predict_data_model_agent_10d_topgate_fusion_20260622_executable_10d_open_return_research,??formal L4 10D??????????????????/ST/??/???????????????????
20250328,20250331,SZSE.300251,300251.SZ,光线传媒,2,0.9794929157345265,0.038980384075123414,6,0.206,D:/work/quant/quant_mcp/quant/main/config/prediction_manifests/executable_10d_open_return_l4_formal_20260617.json,stock_predict_data_model_agent_10d_topgate_fusion_20260622_executable_10d_open_return_research,??formal L4 10D??????????????????/ST/??/???????????????????
20250328,20250331,SZSE.301536,301536.SZ,星宸科技,3,0.9778150633855331,0.0601860204907674,6,0.2,D:/work/quant/quant_mcp/quant/main/config/prediction_manifests/executable_10d_open_return_l4_formal_20260617.json,stock_predict_data_model_agent_10d_topgate_fusion_20260622_executable_10d_open_return_research,??formal L4 10D??????????????????/ST/??/???????????????????
20250328,20250331,SHSE.688702,688702.SH,盛科通信,4,0.9753914988814317,0.04649681706637263,6,0.194,D:/work/quant/quant_mcp/quant/main/config/prediction_manifests/executable_10d_open_return_l4_formal_20260617.json,stock_predict_data_model_agent_10d_topgate_fusion_20260622_executable_10d_open_return_research,??formal L4 10D??????????????????/ST/??/???????????????????
20250328,20250331,SZSE.002056,002056.SZ,横店东磁,5,0.9748322147651006,0.029643028360560597,6,0.194,D:/work/quant/quant_mcp/quant/main/config/prediction_manifests/executable_10d_open_return_l4_formal_20260617.json,stock_predict_data_model_agent_10d_topgate_fusion_20260622_executable_10d_open_return_research,??formal L4 10D??????????????????/ST/??/???????????????????
20250331,20250401,SZSE.301536,301536.SZ,星宸科技,1,0.9869524697110904,0.05982387766293595,6,0.206,D:/work/quant/quant_mcp/quant/main/config/prediction_manifests/executable_10d_open_return_l4_formal_20260617.json,stock_predict_data_model_agent_10d_topgate_fusion_20260622_executable_10d_open_return_research,??formal L4 10D??????????????????/ST/??/???????????????????
20250331,20250401,SHSE.600989,600989.SH,宝丰能源,2,0.9774464119291706,0.03788706883328547,6,0.206,D:/work/quant/quant_mcp/quant/main/config/prediction_manifests/executable_10d_open_return_l4_formal_20260617.json,stock_predict_data_model_agent_10d_topgate_fusion_20260622_executable_10d_open_return_research,??formal L4 10D??????????????????/ST/??/???????????????????
20250331,20250401,SHSE.688702,688702.SH,盛科通信,3,0.969990680335508,0.044008041390321814,6,0.2,D:/work/quant/quant_mcp/quant/main/config/prediction_manifests/executable_10d_open_return_l4_formal_20260617.json,stock_predict_data_model_agent_10d_topgate_fusion_20260622_executable_10d_open_return_research,??formal L4 10D??????????????????/ST/??/???????????????????
20250331,20250401,SZSE.002056,002056.SZ,横店东磁,4,0.9684995340167754,0.029568904881797163,6,0.194,D:/work/quant/quant_mcp/quant/main/config/prediction_manifests/executable_10d_open_return_l4_formal_20260617.json,stock_predict_data_model_agent_10d_topgate_fusion_20260622_executable_10d_open_return_research,??formal L4 10D??????????????????/ST/??/???????????????????
20250331,20250401,SZSE.300251,300251.SZ,光线传媒,5,0.9675675675675676,0.03809747258940853,6,0.194,D:/work/quant/quant_mcp/quant/main/config/prediction_manifests/executable_10d_open_return_l4_formal_20260617.json,stock_predict_data_model_agent_10d_topgate_fusion_20260622_executable_10d_open_return_research,??formal L4 10D??????????????????/ST/??/???????????????????
20250401,20250402,SZSE.301536,301536.SZ,星宸科技,1,0.9949683190458442,0.05593154477042416,6,0.206,D:/work/quant/quant_mcp/quant/main/config/prediction_manifests/executable_10d_open_return_l4_formal_20260617.json,stock_predict_data_model_agent_10d_topgate_fusion_20260622_executable_10d_open_return_research,??formal L4 10D??????????????????/ST/??/???????????????????
20250401,20250402,SHSE.600989,600989.SH,宝丰能源,2,0.9918002236302647,0.037866360078996034,6,0.206,D:/work/quant/quant_mcp/quant/main/config/prediction_manifests/executable_10d_open_return_l4_formal_20260617.json,stock_predict_data_model_agent_10d_topgate_fusion_20260622_executable_10d_open_return_research,??formal L4 10D??????????????????/ST/??/???????????????????
20250401,20250402,SZSE.002130,002130.SZ,沃尔核材,3,0.9813641446142378,0.0344118874261788,6,0.2,D:/work/quant/quant_mcp/quant/main/config/prediction_manifests/executable_10d_open_return_l4_formal_20260617.json,stock_predict_data_model_agent_10d_topgate_fusion_20260622_executable_10d_open_return_research,??formal L4 10D??????????????????/ST/??/???????????????????
20250401,20250402,SZSE.002056,002056.SZ,横店东磁,4,0.9757733879985091,0.02989465263930126,6,0.194,D:/work/quant/quant_mcp/quant/main/config/prediction_manifests/executable_10d_open_return_l4_formal_20260617.json,stock_predict_data_model_agent_10d_topgate_fusion_20260622_executable_10d_open_return_research,??formal L4 10D??????????????????/ST/??/???????????????????
20250401,20250402,SHSE.688183,688183.SH,生益电子,5,0.9563920983973164,0.06464236865926465,6,0.194,D:/work/quant/quant_mcp/quant/main/config/prediction_manifests/executable_10d_open_return_l4_formal_20260617.json,stock_predict_data_model_agent_10d_topgate_fusion_20260622_executable_10d_open_return_research,??formal L4 10D??????????????????/ST/??/???????????????????
20250402,20250403,SZSE.301536,301536.SZ,星宸科技,1,0.9936661698956781,0.05457103822878583,6,0.206,D:/work/quant/quant_mcp/quant/main/config/prediction_manifests/executable_10d_open_return_l4_formal_20260617.json,stock_predict_data_model_agent_10d_topgate_fusion_20260622_executable_10d_open_return_research,??formal L4 10D??????????????????/ST/??/???????????????????
20250402,20250403,SHSE.600989,600989.SH,宝丰能源,2,0.99198956780924,0.03815868673045198,6,0.206,D:/work/quant/quant_mcp/quant/main/config/prediction_manifests/executable_10d_open_return_l4_formal_20260617.json,stock_predict_data_model_agent_10d_topgate_fusion_20260622_executable_10d_open_return_research,??formal L4 10D??????????????????/ST/??/???????????????????
20250402,20250403,SZSE.002056,002056.SZ,横店东磁,3,0.9752235469448585,0.02983584348656821,6,0.2,D:/work/quant/quant_mcp/quant/main/config/prediction_manifests/executable_10d_open_return_l4_formal_20260617.json,stock_predict_data_model_agent_10d_topgate_fusion_20260622_executable_10d_open_return_research,??formal L4 10D??????????????????/ST/??/???????????????????
20250403,20250407,SZSE.301536,301536.SZ,星宸科技,1,0.9865871833084948,0.054075476938044216,6,0.206,D:/work/quant/quant_mcp/quant/main/config/prediction_manifests/executable_10d_open_return_l4_formal_20260617.json,stock_predict_data_model_agent_10d_topgate_fusion_20260622_executable_10d_open_return_research,??formal L4 10D??????????????????/ST/??/???????????????????
20250407,20250408,SZSE.003816,003816.SZ,中国广核,1,1.0093607901602684,0.023608364014566768,6,0.206,D:/work/quant/quant_mcp/quant/main/config/prediction_manifests/executable_10d_open_return_l4_formal_20260617.json,stock_predict_data_model_agent_10d_topgate_fusion_20260622_executable_10d_open_return_research,??formal L4 10D??????????????????/ST/??/???????????????????
20250407,20250408,SZSE.301536,301536.SZ,星宸科技,2,0.9966455460305628,0.0750936902378766,6,0.206,D:/work/quant/quant_mcp/quant/main/config/prediction_manifests/executable_10d_open_return_l4_formal_20260617.json,stock_predict_data_model_agent_10d_topgate_fusion_20260622_executable_10d_open_return_research,??formal L4 10D??????????????????/ST/??/???????????????????
20250407,20250408,SZSE.300308,300308.SZ,中际旭创,3,0.9843458814759597,0.04976694309459827,6,0.2,D:/work/quant/quant_mcp/quant/main/config/prediction_manifests/executable_10d_open_return_l4_formal_20260617.json,stock_predict_data_model_agent_10d_topgate_fusion_20260622_executable_10d_open_return_research,??formal L4 10D??????????????????/ST/??/???????????????????
20250407,20250408,SZSE.300570,300570.SZ,太辰光,4,0.9817368617219531,0.0839381603853094,6,0.194,D:/work/quant/quant_mcp/quant/main/config/prediction_manifests/executable_10d_open_return_l4_formal_20260617.json,stock_predict_data_model_agent_10d_topgate_fusion_20260622_executable_10d_open_return_research,??formal L4 10D??????????????????/ST/??/???????????????????
20250407,20250408,SZSE.301358,301358.SZ,湖南裕能,5,0.9798732761833768,0.06321420179408391,6,0.194,D:/work/quant/quant_mcp/quant/main/config/prediction_manifests/executable_10d_open_return_l4_formal_20260617.json,stock_predict_data_model_agent_10d_topgate_fusion_20260622_executable_10d_open_return_research,??formal L4 10D??????????????????/ST/??/???????????????????
20250408,20250409,SZSE.300433,300433.SZ,蓝思科技,1,0.9947829327370971,0.06960303245127591,6,0.206,D:/work/quant/quant_mcp/quant/main/config/prediction_manifests/executable_10d_open_return_l4_formal_20260617.json,stock_predict_data_model_agent_10d_topgate_fusion_20260622_executable_10d_open_return_research,??formal L4 10D??????????????????/ST/??/???????????????????
20250408,20250409,SZSE.300308,300308.SZ,中际旭创,2,0.9942239612446432,0.05460715200955169,6,0.206,D:/work/quant/quant_mcp/quant/main/config/prediction_manifests/executable_10d_open_return_l4_formal_20260617.json,stock_predict_data_model_agent_10d_topgate_fusion_20260622_executable_10d_open_return_research,??formal L4 10D??????????????????/ST/??/???????????????????
20250408,20250409,SZSE.300570,300570.SZ,太辰光,3,0.9886342463201043,0.08318020187767775,6,0.2,D:/work/quant/quant_mcp/quant/main/config/prediction_manifests/executable_10d_open_return_l4_formal_20260617.json,stock_predict_data_model_agent_10d_topgate_fusion_20260622_executable_10d_open_return_research,??formal L4 10D??????????????????/ST/??/???????????????????
20250408,20250409,SZSE.301536,301536.SZ,星宸科技,4,0.9834171790572014,0.0716226803526078,6,0.194,D:/work/quant/quant_mcp/quant/main/config/prediction_manifests/executable_10d_open_return_l4_formal_20260617.json,stock_predict_data_model_agent_10d_topgate_fusion_20260622_executable_10d_open_return_research,??formal L4 10D??????????????????/ST/??/???????????????????
20250408,20250409,SZSE.002837,002837.SZ,英维克,5,0.975964225824483,0.06754125308142304,6,0.194,D:/work/quant/quant_mcp/quant/main/config/prediction_manifests/executable_10d_open_return_l4_formal_20260617.json,stock_predict_data_model_agent_10d_topgate_fusion_20260622_executable_10d_open_return_research,??formal L4 10D??????????????????/ST/??/???????????????????
20250409,20250410,SZSE.300346,300346.SZ,南大光电,1,1.0095661080074487,0.03939562187047002,6,0.206,D:/work/quant/quant_mcp/quant/main/config/prediction_manifests/executable_10d_open_return_l4_formal_20260617.json,stock_predict_data_model_agent_10d_topgate_fusion_20260622_executable_10d_open_return_research,??formal L4 10D??????????????????/ST/??/???????????????????
20250409,20250410,SZSE.300433,300433.SZ,蓝思科技,2,1.0080186219739293,0.07161257217265915,6,0.206,D:/work/quant/quant_mcp/quant/main/config/prediction_manifests/executable_10d_open_return_l4_formal_20260617.json,stock_predict_data_model_agent_10d_topgate_fusion_20260622_executable_10d_open_return_research,??formal L4 10D??????????????????/ST/??/???????????????????
20250409,20250410,SZSE.300570,300570.SZ,太辰光,3,1.00668156424581,0.0859903109269277,6,0.2,D:/work/quant/quant_mcp/quant/main/config/prediction_manifests/executable_10d_open_return_l4_formal_20260617.json,stock_predict_data_model_agent_10d_topgate_fusion_20260622_executable_10d_open_return_research,??formal L4 10D??????????????????/ST/??/???????????????????
20250409,20250410,SZSE.300308,300308.SZ,中际旭创,4,0.9960893854748604,0.05716065289050861,6,0.194,D:/work/quant/quant_mcp/quant/main/config/prediction_manifests/executable_10d_open_return_l4_formal_20260617.json,stock_predict_data_model_agent_10d_topgate_fusion_20260622_executable_10d_open_return_research,??formal L4 10D??????????????????/ST/??/???????????????????
20250409,20250410,SZSE.301536,301536.SZ,星宸科技,5,0.9914338919925512,0.07148727486089565,6,0.194,D:/work/quant/quant_mcp/quant/main/config/prediction_manifests/executable_10d_open_return_l4_formal_20260617.json,stock_predict_data_model_agent_10d_topgate_fusion_20260622_executable_10d_open_return_research,??formal L4 10D??????????????????/ST/??/???????????????????
20250410,20250411,SZSE.300433,300433.SZ,蓝思科技,1,0.9972067039106145,0.07092942574614997,6,0.206,D:/work/quant/quant_mcp/quant/main/config/prediction_manifests/executable_10d_open_return_l4_formal_20260617.json,stock_predict_data_model_agent_10d_topgate_fusion_20260622_executable_10d_open_return_research,??formal L4 10D??????????????????/ST/??/???????????????????
20250410,20250411,SZSE.300308,300308.SZ,中际旭创,2,0.994413407821229,0.05807850070839905,6,0.206,D:/work/quant/quant_mcp/quant/main/config/prediction_manifests/executable_10d_open_return_l4_formal_20260617.json,stock_predict_data_model_agent_10d_topgate_fusion_20260622_executable_10d_open_return_research,??formal L4 10D??????????????????/ST/??/???????????????????
20250410,20250411,SZSE.301536,301536.SZ,星宸科技,3,0.9906890130353817,0.07021717830918445,6,0.2,D:/work/quant/quant_mcp/quant/main/config/prediction_manifests/executable_10d_open_return_l4_formal_20260617.json,stock_predict_data_model_agent_10d_topgate_fusion_20260622_executable_10d_open_return_research,??formal L4 10D??????????????????/ST/??/???????????????????
20250410,20250411,SZSE.300570,300570.SZ,太辰光,4,0.9869646182495344,0.08449634229936785,6,0.194,D:/work/quant/quant_mcp/quant/main/config/prediction_manifests/executable_10d_open_return_l4_formal_20260617.json,stock_predict_data_model_agent_10d_topgate_fusion_20260622_executable_10d_open_return_research,??formal L4 10D??????????????????/ST/??/???????????????????
20250410,20250411,SHSE.603338,603338.SH,浙江鼎力,5,0.9856610800744879,0.04813479110485147,6,0.194,D:/work/quant/quant_mcp/quant/main/config/prediction_manifests/executable_10d_open_return_l4_formal_20260617.json,stock_predict_data_model_agent_10d_topgate_fusion_20260622_executable_10d_open_return_research,??formal L4 10D??????????????????/ST/??/???????????????????
20250411,20250414,SZSE.300570,300570.SZ,太辰光,1,0.9945996275605214,0.08123264325332676,6,0.206,D:/work/quant/quant_mcp/quant/main/config/prediction_manifests/executable_10d_open_return_l4_formal_20260617.json,stock_predict_data_model_agent_10d_topgate_fusion_20260622_executable_10d_open_return_research,??formal L4 10D??????????????????/ST/??/???????????????????
20250411,20250414,SZSE.300308,300308.SZ,中际旭创,2,0.9893854748603352,0.05761136350580656,6,0.206,D:/work/quant/quant_mcp/quant/main/config/prediction_manifests/executable_10d_open_return_l4_formal_20260617.json,stock_predict_data_model_agent_10d_topgate_fusion_20260622_executable_10d_open_return_research,??formal L4 10D??????????????????/ST/??/???????????????????
20250411,20250414,SZSE.301358,301358.SZ,湖南裕能,3,0.9864059590316574,0.05760587009421855,6,0.2,D:/work/quant/quant_mcp/quant/main/config/prediction_manifests/executable_10d_open_return_l4_formal_20260617.json,stock_predict_data_model_agent_10d_topgate_fusion_20260622_executable_10d_open_return_research,??formal L4 10D??????????????????/ST/??/???????????????????
20250411,20250414,SZSE.301536,301536.SZ,星宸科技,4,0.9791433891992551,0.0691937697164218,6,0.194,D:/work/quant/quant_mcp/quant/main/config/prediction_manifests/executable_10d_open_return_l4_formal_20260617.json,stock_predict_data_model_agent_10d_topgate_fusion_20260622_executable_10d_open_return_research,??formal L4 10D??????????????????/ST/??/???????????????????
20250411,20250414,SHSE.601868,601868.SH,中国能建,5,0.978584729981378,0.020832587945658607,6,0.194,D:/work/quant/quant_mcp/quant/main/config/prediction_manifests/executable_10d_open_return_l4_formal_20260617.json,stock_predict_data_model_agent_10d_topgate_fusion_20260622_executable_10d_open_return_research,??formal L4 10D??????????????????/ST/??/???????????????????
20250414,20250415,SZSE.300570,300570.SZ,太辰光,1,0.9903147699757869,0.0767270688583888,6,0.206,D:/work/quant/quant_mcp/quant/main/config/prediction_manifests/executable_10d_open_return_l4_formal_20260617.json,stock_predict_data_model_agent_10d_topgate_fusion_20260622_executable_10d_open_return_research,??formal L4 10D??????????????????/ST/??/???????????????????
20250414,20250415,SHSE.601868,601868.SH,中国能建,2,0.9860309182343081,0.020393119500911598,6,0.206,D:/work/quant/quant_mcp/quant/main/config/prediction_manifests/executable_10d_open_return_l4_formal_20260617.json,stock_predict_data_model_agent_10d_topgate_fusion_20260622_executable_10d_open_return_research,??formal L4 10D??????????????????/ST/??/???????????????????
20250414,20250415,SHSE.601916,601916.SH,浙商银行,3,0.9852859005401379,0.016152663903732583,6,0.2,D:/work/quant/quant_mcp/quant/main/config/prediction_manifests/executable_10d_open_return_l4_formal_20260617.json,stock_predict_data_model_agent_10d_topgate_fusion_20260622_executable_10d_open_return_research,??formal L4 10D??????????????????/ST/??/???????????????????
20250414,20250415,SZSE.300433,300433.SZ,蓝思科技,4,0.9847271372695101,0.0678002282137101,6,0.194,D:/work/quant/quant_mcp/quant/main/config/prediction_manifests/executable_10d_open_return_l4_formal_20260617.json,stock_predict_data_model_agent_10d_topgate_fusion_20260622_executable_10d_open_return_research,??formal L4 10D??????????????????/ST/??/???????????????????
20250414,20250415,SZSE.300308,300308.SZ,中际旭创,5,0.9813745576457441,0.05700264965320345,6,0.194,D:/work/quant/quant_mcp/quant/main/config/prediction_manifests/executable_10d_open_return_l4_formal_20260617.json,stock_predict_data_model_agent_10d_topgate_fusion_20260622_executable_10d_open_return_research,??formal L4 10D??????????????????/ST/??/???????????????????
20250415,20250416,SZSE.300433,300433.SZ,蓝思科技,1,0.9873323397913562,0.06919738712282278,6,0.206,D:/work/quant/quant_mcp/quant/main/config/prediction_manifests/executable_10d_open_return_l4_formal_20260617.json,stock_predict_data_model_agent_10d_topgate_fusion_20260622_executable_10d_open_return_research,??formal L4 10D??????????????????/ST/??/???????????????????
20250415,20250416,SZSE.002444,002444.SZ,巨星科技,2,0.985655737704918,0.059632882293371166,6,0.206,D:/work/quant/quant_mcp/quant/main/config/prediction_manifests/executable_10d_open_return_l4_formal_20260617.json,stock_predict_data_model_agent_10d_topgate_fusion_20260622_executable_10d_open_return_research,??formal L4 10D??????????????????/ST/??/???????????????????
20250415,20250416,SHSE.603338,603338.SH,浙江鼎力,3,0.9839791356184798,0.05018175267121724,6,0.2,D:/work/quant/quant_mcp/quant/main/config/prediction_manifests/executable_10d_open_return_l4_formal_20260617.json,stock_predict_data_model_agent_10d_topgate_fusion_20260622_executable_10d_open_return_research,??formal L4 10D??????????????????/ST/??/???????????????????
20250415,20250416,SZSE.301358,301358.SZ,湖南裕能,4,0.9836065573770492,0.054567723912825286,6,0.194,D:/work/quant/quant_mcp/quant/main/config/prediction_manifests/executable_10d_open_return_l4_formal_20260617.json,stock_predict_data_model_agent_10d_topgate_fusion_20260622_executable_10d_open_return_research,??formal L4 10D??????????????????/ST/??/???????????????????
20250415,20250416,SZSE.300570,300570.SZ,太辰光,5,0.9798807749627422,0.07515839934897627,6,0.194,D:/work/quant/quant_mcp/quant/main/config/prediction_manifests/executable_10d_open_return_l4_formal_20260617.json,stock_predict_data_model_agent_10d_topgate_fusion_20260622_executable_10d_open_return_research,??formal L4 10D??????????????????/ST/??/???????????????????
20250416,20250417,SZSE.300570,300570.SZ,太辰光,1,0.9942293373045421,0.07595970880061095,6,0.206,D:/work/quant/quant_mcp/quant/main/config/prediction_manifests/executable_10d_open_return_l4_formal_20260617.json,stock_predict_data_model_agent_10d_topgate_fusion_20260622_executable_10d_open_return_research,??formal L4 10D??????????????????/ST/??/???????????????????
20250416,20250417,SZSE.300308,300308.SZ,中际旭创,2,0.9936708860759493,0.057597132043148085,6,0.206,D:/work/quant/quant_mcp/quant/main/config/prediction_manifests/executable_10d_open_return_l4_formal_20260617.json,stock_predict_data_model_agent_10d_topgate_fusion_20260622_executable_10d_open_return_research,??formal L4 10D??????????????????/ST/??/???????????????????
20250416,20250417,SZSE.002384,002384.SZ,东山精密,3,0.9929262844378257,0.07842584476062588,6,0.2,D:/work/quant/quant_mcp/quant/main/config/prediction_manifests/executable_10d_open_return_l4_formal_20260617.json,stock_predict_data_model_agent_10d_topgate_fusion_20260622_executable_10d_open_return_research,??formal L4 10D??????????????????/ST/??/???????????????????
20250416,20250417,SZSE.300433,300433.SZ,蓝思科技,4,0.9918093819806404,0.07254220068050202,6,0.194,D:/work/quant/quant_mcp/quant/main/config/prediction_manifests/executable_10d_open_return_l4_formal_20260617.json,stock_predict_data_model_agent_10d_topgate_fusion_20260622_executable_10d_open_return_research,??formal L4 10D??????????????????/ST/??/???????????????????
20250416,20250417,SHSE.603338,603338.SH,浙江鼎力,5,0.9916232315711094,0.05231800033623547,6,0.194,D:/work/quant/quant_mcp/quant/main/config/prediction_manifests/executable_10d_open_return_l4_formal_20260617.json,stock_predict_data_model_agent_10d_topgate_fusion_20260622_executable_10d_open_return_research,??formal L4 10D??????????????????/ST/??/???????????????????
20250417,20250418,SZSE.300570,300570.SZ,太辰光,1,1.0065282948622487,0.07174418584462318,6,0.206,D:/work/quant/quant_mcp/quant/main/config/prediction_manifests/executable_10d_open_return_l4_formal_20260617.json,stock_predict_data_model_agent_10d_topgate_fusion_20260622_executable_10d_open_return_research,??formal L4 10D??????????????????/ST/??/???????????????????
20250417,20250418,SZSE.300433,300433.SZ,蓝思科技,2,0.9951600893521966,0.07262229651796655,6,0.206,D:/work/quant/quant_mcp/quant/main/config/prediction_manifests/executable_10d_open_return_l4_formal_20260617.json,stock_predict_data_model_agent_10d_topgate_fusion_20260622_executable_10d_open_return_research,??formal L4 10D??????????????????/ST/??/???????????????????
20250417,20250418,SHSE.603338,603338.SH,浙江鼎力,3,0.9929262844378257,0.05189854843927921,6,0.2,D:/work/quant/quant_mcp/quant/main/config/prediction_manifests/executable_10d_open_return_l4_formal_20260617.json,stock_predict_data_model_agent_10d_topgate_fusion_20260622_executable_10d_open_return_research,??formal L4 10D??????????????????/ST/??/???????????????????
20250417,20250418,SZSE.002384,002384.SZ,东山精密,4,0.9916232315711094,0.07625744823792643,6,0.194,D:/work/quant/quant_mcp/quant/main/config/prediction_manifests/executable_10d_open_return_l4_formal_20260617.json,stock_predict_data_model_agent_10d_topgate_fusion_20260622_executable_10d_open_return_research,??formal L4 10D??????????????????/ST/??/???????????????????
20250417,20250418,SZSE.002444,002444.SZ,巨星科技,5,0.9912509307520476,0.06308896734518564,6,0.194,D:/work/quant/quant_mcp/quant/main/config/prediction_manifests/executable_10d_open_return_l4_formal_20260617.json,stock_predict_data_model_agent_10d_topgate_fusion_20260622_executable_10d_open_return_research,??formal L4 10D??????????????????/ST/??/???????????????????
20250418,20250421,SHSE.603338,603338.SH,浙江鼎力,1,1.006250232731335,0.06011907141701135,6,0.206,D:/work/quant/quant_mcp/quant/main/config/prediction_manifests/executable_10d_open_return_l4_formal_20260617.json,stock_predict_data_model_agent_10d_topgate_fusion_20260622_executable_10d_open_return_research,??formal L4 10D??????????????????/ST/??/???????????????????
20250418,20250421,SZSE.300570,300570.SZ,太辰光,2,0.9957177434369764,0.07113490178635616,6,0.206,D:/work/quant/quant_mcp/quant/main/config/prediction_manifests/executable_10d_open_return_l4_formal_20260617.json,stock_predict_data_model_agent_10d_topgate_fusion_20260622_executable_10d_open_return_research,??formal L4 10D??????????????????/ST/??/???????????????????
20250418,20250421,SZSE.002384,002384.SZ,东山精密,3,0.9914354868739527,0.07359963461836076,6,0.2,D:/work/quant/quant_mcp/quant/main/config/prediction_manifests/executable_10d_open_return_l4_formal_20260617.json,stock_predict_data_model_agent_10d_topgate_fusion_20260622_executable_10d_open_return_research,??formal L4 10D??????????????????/ST/??/???????????????????
20250418,20250421,SZSE.002444,002444.SZ,巨星科技,4,0.9903183764662075,0.06309859073832129,6,0.194,D:/work/quant/quant_mcp/quant/main/config/prediction_manifests/executable_10d_open_return_l4_formal_20260617.json,stock_predict_data_model_agent_10d_topgate_fusion_20260622_executable_10d_open_return_research,??formal L4 10D??????????????????/ST/??/???????????????????
20250418,20250421,SZSE.301358,301358.SZ,湖南裕能,5,0.9878979705827593,0.05433012354838377,6,0.194,D:/work/quant/quant_mcp/quant/main/config/prediction_manifests/executable_10d_open_return_l4_formal_20260617.json,stock_predict_data_model_agent_10d_topgate_fusion_20260622_executable_10d_open_return_research,??formal L4 10D??????????????????/ST/??/???????????????????
20250421,20250422,SHSE.603338,603338.SH,浙江鼎力,1,0.9955323901712584,0.05771751858263189,6,0.206,D:/work/quant/quant_mcp/quant/main/config/prediction_manifests/executable_10d_open_return_l4_formal_20260617.json,stock_predict_data_model_agent_10d_topgate_fusion_20260622_executable_10d_open_return_research,??formal L4 10D??????????????????/ST/??/???????????????????
20250421,20250422,SZSE.300570,300570.SZ,太辰光,2,0.994415487714073,0.06858220897923814,6,0.206,D:/work/quant/quant_mcp/quant/main/config/prediction_manifests/executable_10d_open_return_l4_formal_20260617.json,stock_predict_data_model_agent_10d_topgate_fusion_20260622_executable_10d_open_return_research,??formal L4 10D??????????????????/ST/??/???????????????????
20250421,20250422,SZSE.301358,301358.SZ,湖南裕能,3,0.9864110201042442,0.051908441604862604,6,0.2,D:/work/quant/quant_mcp/quant/main/config/prediction_manifests/executable_10d_open_return_l4_formal_20260617.json,stock_predict_data_model_agent_10d_topgate_fusion_20260622_executable_10d_open_return_research,??formal L4 10D??????????????????/ST/??/???????????????????
20250421,20250422,SZSE.002384,002384.SZ,东山精密,4,0.9862248696947133,0.07259800016671722,6,0.194,D:/work/quant/quant_mcp/quant/main/config/prediction_manifests/executable_10d_open_return_l4_formal_20260617.json,stock_predict_data_model_agent_10d_topgate_fusion_20260622_executable_10d_open_return_research,??formal L4 10D??????????????????/ST/??/???????????????????
20250421,20250422,SZSE.002444,002444.SZ,巨星科技,5,0.9858525688756515,0.061421242171961245,6,0.194,D:/work/quant/quant_mcp/quant/main/config/prediction_manifests/executable_10d_open_return_l4_formal_20260617.json,stock_predict_data_model_agent_10d_topgate_fusion_20260622_executable_10d_open_return_research,??formal L4 10D??????????????????/ST/??/???????????????????
20250422,20250423,SHSE.603338,603338.SH,浙江鼎力,1,0.9951573849878934,0.05827093013590174,6,0.206,D:/work/quant/quant_mcp/quant/main/config/prediction_manifests/executable_10d_open_return_l4_formal_20260617.json,stock_predict_data_model_agent_10d_topgate_fusion_20260622_executable_10d_open_return_research,??formal L4 10D??????????????????/ST/??/???????????????????
20250422,20250423,SZSE.300570,300570.SZ,太辰光,2,0.9940398584466381,0.06882028399518728,6,0.206,D:/work/quant/quant_mcp/quant/main/config/prediction_manifests/executable_10d_open_return_l4_formal_20260617.json,stock_predict_data_model_agent_10d_topgate_fusion_20260622_executable_10d_open_return_research,??formal L4 10D??????????????????/ST/??/???????????????????
20250422,20250423,SZSE.002837,002837.SZ,英维克,3,0.9834233563047122,0.06285078730994832,6,0.2,D:/work/quant/quant_mcp/quant/main/config/prediction_manifests/executable_10d_open_return_l4_formal_20260617.json,stock_predict_data_model_agent_10d_topgate_fusion_20260622_executable_10d_open_return_research,??formal L4 10D??????????????????/ST/??/???????????????????
20250422,20250423,SZSE.002384,002384.SZ,东山精密,4,0.9832371018811696,0.07195298188225857,6,0.194,D:/work/quant/quant_mcp/quant/main/config/prediction_manifests/executable_10d_open_return_l4_formal_20260617.json,stock_predict_data_model_agent_10d_topgate_fusion_20260622_executable_10d_open_return_research,??formal L4 10D??????????????????/ST/??/???????????????????
20250422,20250423,SHSE.688676,688676.SH,金盘科技,5,0.9810020487986589,0.0614310596290716,6,0.194,D:/work/quant/quant_mcp/quant/main/config/prediction_manifests/executable_10d_open_return_l4_formal_20260617.json,stock_predict_data_model_agent_10d_topgate_fusion_20260622_executable_10d_open_return_research,??formal L4 10D??????????????????/ST/??/???????????????????
20250423,20250424,SHSE.688538,688538.SH,和辉光电,1,1.0099832433438838,0.023696683995705754,6,0.206,D:/work/quant/quant_mcp/quant/main/config/prediction_manifests/executable_10d_open_return_l4_formal_20260617.json,stock_predict_data_model_agent_10d_topgate_fusion_20260622_executable_10d_open_return_research,??formal L4 10D??????????????????/ST/??/???????????????????
20250423,20250424,SHSE.603338,603338.SH,浙江鼎力,2,0.9931111524855707,0.0585362575052801,6,0.206,D:/work/quant/quant_mcp/quant/main/config/prediction_manifests/executable_10d_open_return_l4_formal_20260617.json,stock_predict_data_model_agent_10d_topgate_fusion_20260622_executable_10d_open_return_research,??formal L4 10D??????????????????/ST/??/???????????????????
20250423,20250424,SZSE.002837,002837.SZ,英维克,3,0.9810091230683299,0.058702766629911,6,0.2,D:/work/quant/quant_mcp/quant/main/config/prediction_manifests/executable_10d_open_return_l4_formal_20260617.json,stock_predict_data_model_agent_10d_topgate_fusion_20260622_executable_10d_open_return_research,??formal L4 10D??????????????????/ST/??/???????????????????
20250423,20250424,SZSE.002130,002130.SZ,沃尔核材,4,0.9737479054179855,0.04570161629264128,6,0.194,D:/work/quant/quant_mcp/quant/main/config/prediction_manifests/executable_10d_open_return_l4_formal_20260617.json,stock_predict_data_model_agent_10d_topgate_fusion_20260622_executable_10d_open_return_research,??formal L4 10D??????????????????/ST/??/???????????????????
20250423,20250424,SHSE.601156,601156.SH,东航物流,5,0.9731893502141128,0.03282601374648745,6,0.194,D:/work/quant/quant_mcp/quant/main/config/prediction_manifests/executable_10d_open_return_l4_formal_20260617.json,stock_predict_data_model_agent_10d_topgate_fusion_20260622_executable_10d_open_return_research,??formal L4 10D??????????????????/ST/??/???????????????????
20250424,20250425,SHSE.603338,603338.SH,浙江鼎力,1,0.9914370811615786,0.05794800405365194,6,0.206,D:/work/quant/quant_mcp/quant/main/config/prediction_manifests/executable_10d_open_return_l4_formal_20260617.json,stock_predict_data_model_agent_10d_topgate_fusion_20260622_executable_10d_open_return_research,??formal L4 10D??????????????????/ST/??/???????????????????
20250424,20250425,SZSE.002837,002837.SZ,英维克,2,0.9865971705137752,0.061899316429849235,6,0.206,D:/work/quant/quant_mcp/quant/main/config/prediction_manifests/executable_10d_open_return_l4_formal_20260617.json,stock_predict_data_model_agent_10d_topgate_fusion_20260622_executable_10d_open_return_research,??formal L4 10D??????????????????/ST/??/???????????????????
20250424,20250425,SHSE.688676,688676.SH,金盘科技,3,0.9817572598659717,0.06002915053293747,6,0.2,D:/work/quant/quant_mcp/quant/main/config/prediction_manifests/executable_10d_open_return_l4_formal_20260617.json,stock_predict_data_model_agent_10d_topgate_fusion_20260622_executable_10d_open_return_research,??formal L4 10D??????????????????/ST/??/???????????????????
20250424,20250425,SZSE.300570,300570.SZ,太辰光,4,0.9808265078183172,0.06611141686773687,6,0.194,D:/work/quant/quant_mcp/quant/main/config/prediction_manifests/executable_10d_open_return_l4_formal_20260617.json,stock_predict_data_model_agent_10d_topgate_fusion_20260622_executable_10d_open_return_research,??formal L4 10D??????????????????/ST/??/???????????????????
20250424,20250425,SZSE.002851,002851.SZ,麦格米特,5,0.9787788533134772,0.07227580427246696,6,0.194,D:/work/quant/quant_mcp/quant/main/config/prediction_manifests/executable_10d_open_return_l4_formal_20260617.json,stock_predict_data_model_agent_10d_topgate_fusion_20260622_executable_10d_open_return_research,??formal L4 10D??????????????????/ST/??/???????????????????
20250425,20250428,SHSE.601868,601868.SH,中国能建,1,1.0099162323157111,0.019198453157677837,6,0.206,D:/work/quant/quant_mcp/quant/main/config/prediction_manifests/executable_10d_open_return_l4_formal_20260617.json,stock_predict_data_model_agent_10d_topgate_fusion_20260622_executable_10d_open_return_research,??formal L4 10D??????????????????/ST/??/???????????????????
20250425,20250428,SZSE.002837,002837.SZ,英维克,2,0.9936708860759493,0.061685108003481405,6,0.206,D:/work/quant/quant_mcp/quant/main/config/prediction_manifests/executable_10d_open_return_l4_formal_20260617.json,stock_predict_data_model_agent_10d_topgate_fusion_20260622_executable_10d_open_return_research,??formal L4 10D??????????????????/ST/??/???????????????????
20250425,20250428,SHSE.603338,603338.SH,浙江鼎力,3,0.9871556217423678,0.05772102273251982,6,0.2,D:/work/quant/quant_mcp/quant/main/config/prediction_manifests/executable_10d_open_return_l4_formal_20260617.json,stock_predict_data_model_agent_10d_topgate_fusion_20260622_executable_10d_open_return_research,??formal L4 10D??????????????????/ST/??/???????????????????
20250425,20250428,SHSE.688676,688676.SH,金盘科技,4,0.9854802680565897,0.058630761677874225,6,0.194,D:/work/quant/quant_mcp/quant/main/config/prediction_manifests/executable_10d_open_return_l4_formal_20260617.json,stock_predict_data_model_agent_10d_topgate_fusion_20260622_executable_10d_open_return_research,??formal L4 10D??????????????????/ST/??/???????????????????
20250425,20250428,SZSE.002851,002851.SZ,麦格米特,5,0.9748696947133284,0.07078873944977453,6,0.194,D:/work/quant/quant_mcp/quant/main/config/prediction_manifests/executable_10d_open_return_l4_formal_20260617.json,stock_predict_data_model_agent_10d_topgate_fusion_20260622_executable_10d_open_return_research,??formal L4 10D??????????????????/ST/??/???????????????????
20250428,20250429,SHSE.603338,603338.SH,浙江鼎力,1,0.9912427799515559,0.05838274956255494,6,0.206,D:/work/quant/quant_mcp/quant/main/config/prediction_manifests/executable_10d_open_return_l4_formal_20260617.json,stock_predict_data_model_agent_10d_topgate_fusion_20260622_executable_10d_open_return_research,??formal L4 10D??????????????????/ST/??/???????????????????
20250428,20250429,SZSE.002837,002837.SZ,英维克,2,0.9897521893050121,0.06212718944587115,6,0.206,D:/work/quant/quant_mcp/quant/main/config/prediction_manifests/executable_10d_open_return_l4_formal_20260617.json,stock_predict_data_model_agent_10d_topgate_fusion_20260622_executable_10d_open_return_research,??formal L4 10D??????????????????/ST/??/???????????????????
20250428,20250429,SHSE.688676,688676.SH,金盘科技,3,0.9748462828395752,0.05943047812454384,6,0.2,D:/work/quant/quant_mcp/quant/main/config/prediction_manifests/executable_10d_open_return_l4_formal_20260617.json,stock_predict_data_model_agent_10d_topgate_fusion_20260622_executable_10d_open_return_research,??formal L4 10D??????????????????/ST/??/???????????????????
20250428,20250429,SZSE.002851,002851.SZ,麦格米特,4,0.9666480342835849,0.07205288152709288,6,0.194,D:/work/quant/quant_mcp/quant/main/config/prediction_manifests/executable_10d_open_return_l4_formal_20260617.json,stock_predict_data_model_agent_10d_topgate_fusion_20260622_executable_10d_open_return_research,??formal L4 10D??????????????????/ST/??/???????????????????
20250428,20250429,SZSE.002130,002130.SZ,沃尔核材,5,0.965902738960313,0.04619865399058757,6,0.194,D:/work/quant/quant_mcp/quant/main/config/prediction_manifests/executable_10d_open_return_l4_formal_20260617.json,stock_predict_data_model_agent_10d_topgate_fusion_20260622_executable_10d_open_return_research,??formal L4 10D??????????????????/ST/??/???????????????????
20250429,20250430,SHSE.601880,601880.SH,辽港股份,1,1.0098895958083833,0.03116427614754201,6,0.206,D:/work/quant/quant_mcp/quant/main/config/prediction_manifests/executable_10d_open_return_l4_formal_20260617.json,stock_predict_data_model_agent_10d_topgate_fusion_20260622_executable_10d_open_return_research,??formal L4 10D??????????????????/ST/??/???????????????????
20250429,20250430,SHSE.601857,601857.SH,中国石油,2,0.9936377245508982,0.02267065629988262,6,0.206,D:/work/quant/quant_mcp/quant/main/config/prediction_manifests/executable_10d_open_return_l4_formal_20260617.json,stock_predict_data_model_agent_10d_topgate_fusion_20260622_executable_10d_open_return_research,??formal L4 10D??????????????????/ST/??/???????????????????
20250429,20250430,SHSE.600095,600095.SH,湘财股份,3,0.9927020958083832,0.07602827544536146,6,0.2,D:/work/quant/quant_mcp/quant/main/config/prediction_manifests/executable_10d_open_return_l4_formal_20260617.json,stock_predict_data_model_agent_10d_topgate_fusion_20260622_executable_10d_open_return_research,??formal L4 10D??????????????????/ST/??/???????????????????
20250429,20250430,SZSE.002837,002837.SZ,英维克,4,0.9906437125748503,0.060426831158541916,6,0.194,D:/work/quant/quant_mcp/quant/main/config/prediction_manifests/executable_10d_open_return_l4_formal_20260617.json,stock_predict_data_model_agent_10d_topgate_fusion_20260622_executable_10d_open_return_research,??formal L4 10D??????????????????/ST/??/???????????????????
20250429,20250430,SZSE.002851,002851.SZ,麦格米特,5,0.9895209580838323,0.07810829184006872,6,0.194,D:/work/quant/quant_mcp/quant/main/config/prediction_manifests/executable_10d_open_return_l4_formal_20260617.json,stock_predict_data_model_agent_10d_topgate_fusion_20260622_executable_10d_open_return_research,??formal L4 10D??????????????????/ST/??/???????????????????
20250430,20250506,SHSE.601857,601857.SH,中国石油,1,0.9955131800336512,0.02246537195284505,6,0.206,D:/work/quant/quant_mcp/quant/main/config/prediction_manifests/executable_10d_open_return_l4_formal_20260617.json,stock_predict_data_model_agent_10d_topgate_fusion_20260622_executable_10d_open_return_research,??formal L4 10D??????????????????/ST/??/???????????????????
20250430,20250506,SHSE.603338,603338.SH,浙江鼎力,2,0.9844830809497103,0.05500238466992083,6,0.206,D:/work/quant/quant_mcp/quant/main/config/prediction_manifests/executable_10d_open_return_l4_formal_20260617.json,stock_predict_data_model_agent_10d_topgate_fusion_20260622_executable_10d_open_return_research,??formal L4 10D??????????????????/ST/??/???????????????????
20250430,20250506,SZSE.002851,002851.SZ,麦格米特,3,0.9839222284539166,0.07916093880723522,6,0.2,D:/work/quant/quant_mcp/quant/main/config/prediction_manifests/executable_10d_open_return_l4_formal_20260617.json,stock_predict_data_model_agent_10d_topgate_fusion_20260622_executable_10d_open_return_research,??formal L4 10D??????????????????/ST/??/???????????????????
20250430,20250506,SZSE.301358,301358.SZ,湖南裕能,4,0.9822396709665357,0.05646838298691844,6,0.194,D:/work/quant/quant_mcp/quant/main/config/prediction_manifests/executable_10d_open_return_l4_formal_20260617.json,stock_predict_data_model_agent_10d_topgate_fusion_20260622_executable_10d_open_return_research,??formal L4 10D??????????????????/ST/??/???????????????????
20250430,20250506,SHSE.603707,603707.SH,健友股份,5,0.9785006543279118,0.06336452130444191,6,0.194,D:/work/quant/quant_mcp/quant/main/config/prediction_manifests/executable_10d_open_return_l4_formal_20260617.json,stock_predict_data_model_agent_10d_topgate_fusion_20260622_executable_10d_open_return_research,??formal L4 10D??????????????????/ST/??/???????????????????
20250506,20250507,SHSE.603338,603338.SH,浙江鼎力,1,0.9825051181835102,0.053972265609380475,6,0.206,D:/work/quant/quant_mcp/quant/main/config/prediction_manifests/executable_10d_open_return_l4_formal_20260617.json,stock_predict_data_model_agent_10d_topgate_fusion_20260622_executable_10d_open_return_research,??formal L4 10D??????????????????/ST/??/???????????????????
20250506,20250507,SHSE.601857,601857.SH,中国石油,2,0.9784105713753954,0.022424055230974155,6,0.206,D:/work/quant/quant_mcp/quant/main/config/prediction_manifests/executable_10d_open_return_l4_formal_20260617.json,stock_predict_data_model_agent_10d_topgate_fusion_20260622_executable_10d_open_return_research,??formal L4 10D??????????????????/ST/??/???????????????????
20250506,20250507,SHSE.601998,601998.SH,中信银行,3,0.9780383398473851,0.027145368324515026,6,0.2,D:/work/quant/quant_mcp/quant/main/config/prediction_manifests/executable_10d_open_return_l4_formal_20260617.json,stock_predict_data_model_agent_10d_topgate_fusion_20260622_executable_10d_open_return_research,??formal L4 10D??????????????????/ST/??/???????????????????
20250506,20250507,SHSE.688538,688538.SH,和辉光电,4,0.9776661083193746,0.024545454650132123,6,0.194,D:/work/quant/quant_mcp/quant/main/config/prediction_manifests/executable_10d_open_return_l4_formal_20260617.json,stock_predict_data_model_agent_10d_topgate_fusion_20260622_executable_10d_open_return_research,??formal L4 10D??????????????????/ST/??/???????????????????
20250506,20250507,SZSE.301358,301358.SZ,湖南裕能,5,0.9711520565791922,0.053677826089762876,6,0.194,D:/work/quant/quant_mcp/quant/main/config/prediction_manifests/executable_10d_open_return_l4_formal_20260617.json,stock_predict_data_model_agent_10d_topgate_fusion_20260622_executable_10d_open_return_research,??formal L4 10D??????????????????/ST/??/???????????????????
20250507,20250508,SHSE.600196,600196.SH,复星医药,1,1.008373953488372,0.02070570465698864,6,0.206,D:/work/quant/quant_mcp/quant/main/config/prediction_manifests/executable_10d_open_return_l4_formal_20260617.json,stock_predict_data_model_agent_10d_topgate_fusion_20260622_executable_10d_open_return_research,??formal L4 10D??????????????????/ST/??/???????????????????
20250507,20250508,SHSE.603338,603338.SH,浙江鼎力,2,0.9823255813953489,0.05058566779758043,6,0.206,D:/work/quant/quant_mcp/quant/main/config/prediction_manifests/executable_10d_open_return_l4_formal_20260617.json,stock_predict_data_model_agent_10d_topgate_fusion_20260622_executable_10d_open_return_research,??formal L4 10D??????????????????/ST/??/???????????????????
20250507,20250508,SHSE.601857,601857.SH,中国石油,3,0.978046511627907,0.02203647803552035,6,0.2,D:/work/quant/quant_mcp/quant/main/config/prediction_manifests/executable_10d_open_return_l4_formal_20260617.json,stock_predict_data_model_agent_10d_topgate_fusion_20260622_executable_10d_open_return_research,??formal L4 10D??????????????????/ST/??/???????????????????
20250507,20250508,SHSE.600871,600871.SH,石化油服,4,0.9771162790697674,0.02219251258798226,6,0.194,D:/work/quant/quant_mcp/quant/main/config/prediction_manifests/executable_10d_open_return_l4_formal_20260617.json,stock_predict_data_model_agent_10d_topgate_fusion_20260622_executable_10d_open_return_research,??formal L4 10D??????????????????/ST/??/???????????????????
20250507,20250508,SHSE.601998,601998.SH,中信银行,5,0.9761860465116279,0.026452177846063515,6,0.194,D:/work/quant/quant_mcp/quant/main/config/prediction_manifests/executable_10d_open_return_l4_formal_20260617.json,stock_predict_data_model_agent_10d_topgate_fusion_20260622_executable_10d_open_return_research,??formal L4 10D??????????????????/ST/??/???????????????????
20250508,20250509,SHSE.600157,600157.SH,永泰能源,1,1.0080282738095239,0.027007300434125574,6,0.206,D:/work/quant/quant_mcp/quant/main/config/prediction_manifests/executable_10d_open_return_l4_formal_20260617.json,stock_predict_data_model_agent_10d_topgate_fusion_20260622_executable_10d_open_return_research,??formal L4 10D??????????????????/ST/??/???????????????????
20250508,20250509,SHSE.601857,601857.SH,中国石油,2,0.9947916666666666,0.017763334215806115,6,0.206,D:/work/quant/quant_mcp/quant/main/config/prediction_manifests/executable_10d_open_return_l4_formal_20260617.json,stock_predict_data_model_agent_10d_topgate_fusion_20260622_executable_10d_open_return_research,??formal L4 10D??????????????????/ST/??/???????????????????
20250508,20250509,SHSE.603338,603338.SH,浙江鼎力,3,0.9825148809523809,0.04528831593032027,6,0.2,D:/work/quant/quant_mcp/quant/main/config/prediction_manifests/executable_10d_open_return_l4_formal_20260617.json,stock_predict_data_model_agent_10d_topgate_fusion_20260622_executable_10d_open_return_research,??formal L4 10D??????????????????/ST/??/???????????????????
20250508,20250509,SZSE.301358,301358.SZ,湖南裕能,4,0.9694940476190477,0.043144101425986826,6,0.194,D:/work/quant/quant_mcp/quant/main/config/prediction_manifests/executable_10d_open_return_l4_formal_20260617.json,stock_predict_data_model_agent_10d_topgate_fusion_20260622_executable_10d_open_return_research,??formal L4 10D??????????????????/ST/??/???????????????????
20250508,20250509,SZSE.000425,000425.SZ,徐工机械,5,0.9627976190476191,0.032001909662025846,6,0.194,D:/work/quant/quant_mcp/quant/main/config/prediction_manifests/executable_10d_open_return_l4_formal_20260617.json,stock_predict_data_model_agent_10d_topgate_fusion_20260622_executable_10d_open_return_research,??formal L4 10D??????????????????/ST/??/???????????????????
20250509,20250512,SHSE.600157,600157.SH,永泰能源,1,1.009281994047619,0.026102942636058096,6,0.206,D:/work/quant/quant_mcp/quant/main/config/prediction_manifests/executable_10d_open_return_l4_formal_20260617.json,stock_predict_data_model_agent_10d_topgate_fusion_20260622_executable_10d_open_return_research,??formal L4 10D??????????????????/ST/??/???????????????????
20250509,20250512,SHSE.601857,601857.SH,中国石油,2,0.9962797619047619,0.015679275253625672,6,0.206,D:/work/quant/quant_mcp/quant/main/config/prediction_manifests/executable_10d_open_return_l4_formal_20260617.json,stock_predict_data_model_agent_10d_topgate_fusion_20260622_executable_10d_open_return_research,??formal L4 10D??????????????????/ST/??/???????????????????
20250509,20250512,SHSE.603338,603338.SH,浙江鼎力,3,0.9815848214285714,0.04098176967838097,6,0.2,D:/work/quant/quant_mcp/quant/main/config/prediction_manifests/executable_10d_open_return_l4_formal_20260617.json,stock_predict_data_model_agent_10d_topgate_fusion_20260622_executable_10d_open_return_research,??formal L4 10D??????????????????/ST/??/???????????????????
20250509,20250512,SHSE.601865,601865.SH,福莱特,4,0.9730282738095238,0.030350066113729618,6,0.194,D:/work/quant/quant_mcp/quant/main/config/prediction_manifests/executable_10d_open_return_l4_formal_20260617.json,stock_predict_data_model_agent_10d_topgate_fusion_20260622_executable_10d_open_return_research,??formal L4 10D??????????????????/ST/??/???????????????????
20250509,20250512,SHSE.603707,603707.SH,健友股份,5,0.9508928571428571,0.046280577059061044,6,0.194,D:/work/quant/quant_mcp/quant/main/config/prediction_manifests/executable_10d_open_return_l4_formal_20260617.json,stock_predict_data_model_agent_10d_topgate_fusion_20260622_executable_10d_open_return_research,??formal L4 10D??????????????????/ST/??/???????????????????
20250512,20250513,SHSE.600157,600157.SH,永泰能源,1,1.008100818452381,0.022627737540140056,6,0.206,D:/work/quant/quant_mcp/quant/main/config/prediction_manifests/executable_10d_open_return_l4_formal_20260617.json,stock_predict_data_model_agent_10d_topgate_fusion_20260622_executable_10d_open_return_research,??formal L4 10D??????????????????/ST/??/???????????????????
20250512,20250513,SHSE.600161,600161.SH,天坛生物,2,0.96484375,0.025548147221715705,6,0.206,D:/work/quant/quant_mcp/quant/main/config/prediction_manifests/executable_10d_open_return_l4_formal_20260617.json,stock_predict_data_model_agent_10d_topgate_fusion_20260622_executable_10d_open_return_research,??formal L4 10D??????????????????/ST/??/???????????????????
20250512,20250513,SZSE.300122,300122.SZ,智飞生物,3,0.9577752976190477,0.029535003887730713,6,0.2,D:/work/quant/quant_mcp/quant/main/config/prediction_manifests/executable_10d_open_return_l4_formal_20260617.json,stock_predict_data_model_agent_10d_topgate_fusion_20260622_executable_10d_open_return_research,??formal L4 10D??????????????????/ST/??/???????????????????
20250513,20250514,SHSE.600157,600157.SH,永泰能源,1,1.0092655262179249,0.02189781039114247,6,0.206,D:/work/quant/quant_mcp/quant/main/config/prediction_manifests/executable_10d_open_return_l4_formal_20260617.json,stock_predict_data_model_agent_10d_topgate_fusion_20260622_executable_10d_open_return_research,??formal L4 10D??????????????????/ST/??/???????????????????
20250513,20250514,SZSE.300122,300122.SZ,智飞生物,2,0.9583488285608033,0.02794793351850751,6,0.206,D:/work/quant/quant_mcp/quant/main/config/prediction_manifests/executable_10d_open_return_l4_formal_20260617.json,stock_predict_data_model_agent_10d_topgate_fusion_20260622_executable_10d_open_return_research,??formal L4 10D??????????????????/ST/??/???????????????????
20250514,20250515,SHSE.600157,600157.SH,永泰能源,1,1.0083599851245817,0.021532847496441198,6,0.206,D:/work/quant/quant_mcp/quant/main/config/prediction_manifests/executable_10d_open_return_l4_formal_20260617.json,stock_predict_data_model_agent_10d_topgate_fusion_20260622_executable_10d_open_return_research,??formal L4 10D??????????????????/ST/??/???????????????????
20250514,20250515,SZSE.300251,300251.SZ,光线传媒,2,0.9802900706582373,0.037361023657096454,6,0.206,D:/work/quant/quant_mcp/quant/main/config/prediction_manifests/executable_10d_open_return_l4_formal_20260617.json,stock_predict_data_model_agent_10d_topgate_fusion_20260622_executable_10d_open_return_research,??formal L4 10D??????????????????/ST/??/???????????????????
20250514,20250515,SHSE.600919,600919.SH,江苏银行,3,0.9680178505020454,0.0184602380125783,6,0.2,D:/work/quant/quant_mcp/quant/main/config/prediction_manifests/executable_10d_open_return_l4_formal_20260617.json,stock_predict_data_model_agent_10d_topgate_fusion_20260622_executable_10d_open_return_research,??formal L4 10D??????????????????/ST/??/???????????????????
20250515,20250516,SHSE.600157,600157.SH,永泰能源,1,0.995722521852334,0.02132352929238183,6,0.206,D:/work/quant/quant_mcp/quant/main/config/prediction_manifests/executable_10d_open_return_l4_formal_20260617.json,stock_predict_data_model_agent_10d_topgate_fusion_20260622_executable_10d_open_return_research,??formal L4 10D??????????????????/ST/??/???????????????????
20250515,20250516,SZSE.300251,300251.SZ,光线传媒,2,0.9815882462339595,0.03845737092171683,6,0.206,D:/work/quant/quant_mcp/quant/main/config/prediction_manifests/executable_10d_open_return_l4_formal_20260617.json,stock_predict_data_model_agent_10d_topgate_fusion_20260622_executable_10d_open_return_research,??formal L4 10D??????????????????/ST/??/???????????????????
20250515,20250516,SHSE.600546,600546.SH,山煤国际,3,0.9732192672493956,0.01783827563098072,6,0.2,D:/work/quant/quant_mcp/quant/main/config/prediction_manifests/executable_10d_open_return_l4_formal_20260617.json,stock_predict_data_model_agent_10d_topgate_fusion_20260622_executable_10d_open_return_research,??formal L4 10D??????????????????/ST/??/???????????????????
20250515,20250516,SZSE.300570,300570.SZ,太辰光,4,0.9661521294402083,0.05100592074279563,6,0.194,D:/work/quant/quant_mcp/quant/main/config/prediction_manifests/executable_10d_open_return_l4_formal_20260617.json,stock_predict_data_model_agent_10d_topgate_fusion_20260622_executable_10d_open_return_research,??formal L4 10D??????????????????/ST/??/???????????????????
20250515,20250516,SZSE.300679,300679.SZ,电连技术,5,0.9577831504556444,0.0564619354058509,6,0.194,D:/work/quant/quant_mcp/quant/main/config/prediction_manifests/executable_10d_open_return_l4_formal_20260617.json,stock_predict_data_model_agent_10d_topgate_fusion_20260622_executable_10d_open_return_research,??formal L4 10D??????????????????/ST/??/???????????????????
20250516,20250519,SHSE.600157,600157.SH,永泰能源,1,1.008512458162886,0.020955882849571686,6,0.206,D:/work/quant/quant_mcp/quant/main/config/prediction_manifests/executable_10d_open_return_l4_formal_20260617.json,stock_predict_data_model_agent_10d_topgate_fusion_20260622_executable_10d_open_return_research,??formal L4 10D??????????????????/ST/??/???????????????????
20250516,20250519,SHSE.600546,600546.SH,山煤国际,2,0.9761993306061733,0.017883421552076728,6,0.206,D:/work/quant/quant_mcp/quant/main/config/prediction_manifests/executable_10d_open_return_l4_formal_20260617.json,stock_predict_data_model_agent_10d_topgate_fusion_20260622_executable_10d_open_return_research,??formal L4 10D??????????????????/ST/??/???????????????????
20250516,20250519,SZSE.300570,300570.SZ,太辰光,3,0.9734101896615842,0.05170197798502794,6,0.2,D:/work/quant/quant_mcp/quant/main/config/prediction_manifests/executable_10d_open_return_l4_formal_20260617.json,stock_predict_data_model_agent_10d_topgate_fusion_20260622_executable_10d_open_return_research,??formal L4 10D??????????????????/ST/??/???????????????????
20250516,20250519,SHSE.603920,603920.SH,世运电路,4,0.9722945332837486,0.038218711241004434,6,0.194,D:/work/quant/quant_mcp/quant/main/config/prediction_manifests/executable_10d_open_return_l4_formal_20260617.json,stock_predict_data_model_agent_10d_topgate_fusion_20260622_executable_10d_open_return_research,??formal L4 10D??????????????????/ST/??/???????????????????
20250519,20250520,SHSE.600157,600157.SH,永泰能源,1,1.0081637209302325,0.02022058859435934,6,0.206,D:/work/quant/quant_mcp/quant/main/config/prediction_manifests/executable_10d_open_return_l4_formal_20260617.json,stock_predict_data_model_agent_10d_topgate_fusion_20260622_executable_10d_open_return_research,??formal L4 10D??????????????????/ST/??/???????????????????
20250519,20250520,SZSE.300570,300570.SZ,太辰光,2,0.9635348837209302,0.05842591375945262,6,0.206,D:/work/quant/quant_mcp/quant/main/config/prediction_manifests/executable_10d_open_return_l4_formal_20260617.json,stock_predict_data_model_agent_10d_topgate_fusion_20260622_executable_10d_open_return_research,??formal L4 10D??????????????????/ST/??/???????????????????
20250519,20250520,SHSE.600219,600219.SH,南山铝业,3,0.9529302325581396,0.017519785008112777,6,0.2,D:/work/quant/quant_mcp/quant/main/config/prediction_manifests/executable_10d_open_return_l4_formal_20260617.json,stock_predict_data_model_agent_10d_topgate_fusion_20260622_executable_10d_open_return_research,??formal L4 10D??????????????????/ST/??/???????????????????
20250520,20250521,SZSE.300570,300570.SZ,太辰光,1,0.975283404571641,0.05755976539422008,6,0.206,D:/work/quant/quant_mcp/quant/main/config/prediction_manifests/executable_10d_open_return_l4_formal_20260617.json,stock_predict_data_model_agent_10d_topgate_fusion_20260622_executable_10d_open_return_research,??formal L4 10D??????????????????/ST/??/???????????????????
20250520,20250521,SHSE.688561,688561.SH,奇安信,2,0.9658056123397138,0.0353881292741935,6,0.206,D:/work/quant/quant_mcp/quant/main/config/prediction_manifests/executable_10d_open_return_l4_formal_20260617.json,stock_predict_data_model_agent_10d_topgate_fusion_20260622_executable_10d_open_return_research,??formal L4 10D??????????????????/ST/??/???????????????????
20250520,20250521,SHSE.603920,603920.SH,世运电路,3,0.9606021185653224,0.037140192986963784,6,0.2,D:/work/quant/quant_mcp/quant/main/config/prediction_manifests/executable_10d_open_return_l4_formal_20260617.json,stock_predict_data_model_agent_10d_topgate_fusion_20260622_executable_10d_open_return_research,??formal L4 10D??????????????????/ST/??/???????????????????
20250520,20250521,SZSE.000630,000630.SZ,铜陵有色,4,0.952239360713622,0.01663797724248042,6,0.194,D:/work/quant/quant_mcp/quant/main/config/prediction_manifests/executable_10d_open_return_l4_formal_20260617.json,stock_predict_data_model_agent_10d_topgate_fusion_20260622_executable_10d_open_return_research,??formal L4 10D??????????????????/ST/??/???????????????????
20250521,20250522,SHSE.600871,600871.SH,石化油服,1,0.980658359680119,0.016223404566677316,6,0.206,D:/work/quant/quant_mcp/quant/main/config/prediction_manifests/executable_10d_open_return_l4_formal_20260617.json,stock_predict_data_model_agent_10d_topgate_fusion_20260622_executable_10d_open_return_research,??formal L4 10D??????????????????/ST/??/???????????????????
20250521,20250522,SZSE.300570,300570.SZ,太辰光,2,0.9670820159940487,0.05852804988177503,6,0.206,D:/work/quant/quant_mcp/quant/main/config/prediction_manifests/executable_10d_open_return_l4_formal_20260617.json,stock_predict_data_model_agent_10d_topgate_fusion_20260622_executable_10d_open_return_research,??formal L4 10D??????????????????/ST/??/???????????????????
20250521,20250522,SZSE.002065,002065.SZ,东华软件,3,0.9631764924679189,0.038749908694878835,6,0.2,D:/work/quant/quant_mcp/quant/main/config/prediction_manifests/executable_10d_open_return_l4_formal_20260617.json,stock_predict_data_model_agent_10d_topgate_fusion_20260622_executable_10d_open_return_research,??formal L4 10D??????????????????/ST/??/???????????????????
20250521,20250522,SZSE.002044,002044.SZ,美年健康,4,0.9588990143202529,0.045076144062938556,6,0.194,D:/work/quant/quant_mcp/quant/main/config/prediction_manifests/executable_10d_open_return_l4_formal_20260617.json,stock_predict_data_model_agent_10d_topgate_fusion_20260622_executable_10d_open_return_research,??formal L4 10D??????????????????/ST/??/???????????????????
20250522,20250523,SZSE.300251,300251.SZ,光线传媒,1,0.981950130256792,0.03093506090839638,6,0.206,D:/work/quant/quant_mcp/quant/main/config/prediction_manifests/executable_10d_open_return_l4_formal_20260617.json,stock_predict_data_model_agent_10d_topgate_fusion_20260622_executable_10d_open_return_research,??formal L4 10D??????????????????/ST/??/???????????????????
20250522,20250523,SZSE.300383,300383.SZ,光环新网,2,0.9797171566803126,0.03928720630861128,6,0.206,D:/work/quant/quant_mcp/quant/main/config/prediction_manifests/executable_10d_open_return_l4_formal_20260617.json,stock_predict_data_model_agent_10d_topgate_fusion_20260622_executable_10d_open_return_research,??formal L4 10D??????????????????/ST/??/???????????????????
20250522,20250523,SZSE.300442,300442.SZ,润泽科技,3,0.9758094529214738,0.04429079651732197,6,0.2,D:/work/quant/quant_mcp/quant/main/config/prediction_manifests/executable_10d_open_return_l4_formal_20260617.json,stock_predict_data_model_agent_10d_topgate_fusion_20260622_executable_10d_open_return_research,??formal L4 10D??????????????????/ST/??/???????????????????
20250522,20250523,SZSE.300002,300002.SZ,神州泰岳,4,0.9724599925567547,0.03325638541746691,6,0.194,D:/work/quant/quant_mcp/quant/main/config/prediction_manifests/executable_10d_open_return_l4_formal_20260617.json,stock_predict_data_model_agent_10d_topgate_fusion_20260622_executable_10d_open_return_research,??formal L4 10D??????????????????/ST/??/???????????????????
20250522,20250523,SZSE.002837,002837.SZ,英维克,5,0.9679940454037961,0.04233305199271037,6,0.194,D:/work/quant/quant_mcp/quant/main/config/prediction_manifests/executable_10d_open_return_l4_formal_20260617.json,stock_predict_data_model_agent_10d_topgate_fusion_20260622_executable_10d_open_return_research,??formal L4 10D??????????????????/ST/??/???????????????????
20250523,20250526,SZSE.300383,300383.SZ,光环新网,1,0.9806547619047619,0.038509644713761136,6,0.206,D:/work/quant/quant_mcp/quant/main/config/prediction_manifests/executable_10d_open_return_l4_formal_20260617.json,stock_predict_data_model_agent_10d_topgate_fusion_20260622_executable_10d_open_return_research,??formal L4 10D??????????????????/ST/??/???????????????????
20250523,20250526,SZSE.300251,300251.SZ,光线传媒,2,0.9782366071428571,0.026258583501101607,6,0.206,D:/work/quant/quant_mcp/quant/main/config/prediction_manifests/executable_10d_open_return_l4_formal_20260617.json,stock_predict_data_model_agent_10d_topgate_fusion_20260622_executable_10d_open_return_research,??formal L4 10D??????????????????/ST/??/???????????????????
20250523,20250526,SZSE.300442,300442.SZ,润泽科技,3,0.9704241071428571,0.04491242858746819,6,0.2,D:/work/quant/quant_mcp/quant/main/config/prediction_manifests/executable_10d_open_return_l4_formal_20260617.json,stock_predict_data_model_agent_10d_topgate_fusion_20260622_executable_10d_open_return_research,??formal L4 10D??????????????????/ST/??/???????????????????
20250523,20250526,SZSE.002065,002065.SZ,东华软件,4,0.96875,0.03895506543288184,6,0.194,D:/work/quant/quant_mcp/quant/main/config/prediction_manifests/executable_10d_open_return_l4_formal_20260617.json,stock_predict_data_model_agent_10d_topgate_fusion_20260622_executable_10d_open_return_research,??formal L4 10D??????????????????/ST/??/???????????????????
20250523,20250526,SZSE.300002,300002.SZ,神州泰岳,5,0.9683779761904762,0.03410830861317706,6,0.194,D:/work/quant/quant_mcp/quant/main/config/prediction_manifests/executable_10d_open_return_l4_formal_20260617.json,stock_predict_data_model_agent_10d_topgate_fusion_20260622_executable_10d_open_return_research,??formal L4 10D??????????????????/ST/??/???????????????????
20250526,20250527,SHSE.600157,600157.SH,永泰能源,1,1.0079192257584217,0.02000000083945803,6,0.206,D:/work/quant/quant_mcp/quant/main/config/prediction_manifests/executable_10d_open_return_l4_formal_20260617.json,stock_predict_data_model_agent_10d_topgate_fusion_20260622_executable_10d_open_return_research,??formal L4 10D??????????????????/ST/??/???????????????????
20250526,20250527,SHSE.600871,600871.SH,石化油服,2,0.9897636329797134,0.016756756357743267,6,0.206,D:/work/quant/quant_mcp/quant/main/config/prediction_manifests/executable_10d_open_return_l4_formal_20260617.json,stock_predict_data_model_agent_10d_topgate_fusion_20260622_executable_10d_open_return_research,??formal L4 10D??????????????????/ST/??/???????????????????
20250526,20250527,SZSE.300383,300383.SZ,光环新网,3,0.98678578075563,0.036660868758070106,6,0.2,D:/work/quant/quant_mcp/quant/main/config/prediction_manifests/executable_10d_open_return_l4_formal_20260617.json,stock_predict_data_model_agent_10d_topgate_fusion_20260622_executable_10d_open_return_research,??formal L4 10D??????????????????/ST/??/???????????????????
20250526,20250527,SHSE.601231,601231.SH,环旭电子,4,0.9839940442955518,0.02367219112431547,6,0.194,D:/work/quant/quant_mcp/quant/main/config/prediction_manifests/executable_10d_open_return_l4_formal_20260617.json,stock_predict_data_model_agent_10d_topgate_fusion_20260622_executable_10d_open_return_research,??formal L4 10D??????????????????/ST/??/???????????????????
20250526,20250527,SZSE.002837,002837.SZ,英维克,5,0.9800856132514424,0.036561292836561794,6,0.194,D:/work/quant/quant_mcp/quant/main/config/prediction_manifests/executable_10d_open_return_l4_formal_20260617.json,stock_predict_data_model_agent_10d_topgate_fusion_20260622_executable_10d_open_return_research,??formal L4 10D??????????????????/ST/??/???????????????????
20250527,20250528,SHSE.600157,600157.SH,永泰能源,1,1.0091215335938954,0.01940298564541324,6,0.206,D:/work/quant/quant_mcp/quant/main/config/prediction_manifests/executable_10d_open_return_l4_formal_20260617.json,stock_predict_data_model_agent_10d_topgate_fusion_20260622_executable_10d_open_return_research,??formal L4 10D??????????????????/ST/??/???????????????????
20250527,20250528,SHSE.600126,600126.SH,杭钢股份,2,0.9871580122836404,0.04533115935303564,6,0.206,D:/work/quant/quant_mcp/quant/main/config/prediction_manifests/executable_10d_open_return_l4_formal_20260617.json,stock_predict_data_model_agent_10d_topgate_fusion_20260622_executable_10d_open_return_research,??formal L4 10D??????????????????/ST/??/???????????????????
20250527,20250528,SZSE.300383,300383.SZ,光环新网,3,0.9825051181835102,0.03588408050561604,6,0.2,D:/work/quant/quant_mcp/quant/main/config/prediction_manifests/executable_10d_open_return_l4_formal_20260617.json,stock_predict_data_model_agent_10d_topgate_fusion_20260622_executable_10d_open_return_research,??formal L4 10D??????????????????/ST/??/???????????????????
20250527,20250528,SZSE.002459,002459.SZ,晶澳科技,4,0.9793411501954216,0.03340517468798699,6,0.194,D:/work/quant/quant_mcp/quant/main/config/prediction_manifests/executable_10d_open_return_l4_formal_20260617.json,stock_predict_data_model_agent_10d_topgate_fusion_20260622_executable_10d_open_return_research,??formal L4 10D??????????????????/ST/??/???????????????????
20250527,20250528,SHSE.601231,601231.SH,环旭电子,5,0.9756188349153173,0.02363507809383803,6,0.194,D:/work/quant/quant_mcp/quant/main/config/prediction_manifests/executable_10d_open_return_l4_formal_20260617.json,stock_predict_data_model_agent_10d_topgate_fusion_20260622_executable_10d_open_return_research,??formal L4 10D??????????????????/ST/??/???????????????????
20250528,20250529,SHSE.600157,600157.SH,永泰能源,1,1.0092478123254516,0.01679104559084616,6,0.206,D:/work/quant/quant_mcp/quant/main/config/prediction_manifests/executable_10d_open_return_l4_formal_20260617.json,stock_predict_data_model_agent_10d_topgate_fusion_20260622_executable_10d_open_return_research,??formal L4 10D??????????????????/ST/??/???????????????????
20250528,20250529,SHSE.600126,600126.SH,杭钢股份,2,0.9882703407186744,0.044670328022255304,6,0.206,D:/work/quant/quant_mcp/quant/main/config/prediction_manifests/executable_10d_open_return_l4_formal_20260617.json,stock_predict_data_model_agent_10d_topgate_fusion_20260622_executable_10d_open_return_research,??formal L4 10D??????????????????/ST/??/???????????????????
20250528,20250529,SZSE.002459,002459.SZ,晶澳科技,3,0.9856637497672687,0.03389738110646398,6,0.2,D:/work/quant/quant_mcp/quant/main/config/prediction_manifests/executable_10d_open_return_l4_formal_20260617.json,stock_predict_data_model_agent_10d_topgate_fusion_20260622_executable_10d_open_return_research,??formal L4 10D??????????????????/ST/??/???????????????????
20250528,20250529,SZSE.300383,300383.SZ,光环新网,4,0.9817538633401601,0.03577691227752415,6,0.194,D:/work/quant/quant_mcp/quant/main/config/prediction_manifests/executable_10d_open_return_l4_formal_20260617.json,stock_predict_data_model_agent_10d_topgate_fusion_20260622_executable_10d_open_return_research,??formal L4 10D??????????????????/ST/??/???????????????????
20250528,20250529,SHSE.601231,601231.SH,环旭电子,5,0.9752373859616459,0.023572381719869348,6,0.194,D:/work/quant/quant_mcp/quant/main/config/prediction_manifests/executable_10d_open_return_l4_formal_20260617.json,stock_predict_data_model_agent_10d_topgate_fusion_20260622_executable_10d_open_return_research,??formal L4 10D??????????????????/ST/??/???????????????????
20250529,20250530,SHSE.600157,600157.SH,永泰能源,1,1.0082899144026796,0.01666666759617122,6,0.206,D:/work/quant/quant_mcp/quant/main/config/prediction_manifests/executable_10d_open_return_l4_formal_20260617.json,stock_predict_data_model_agent_10d_topgate_fusion_20260622_executable_10d_open_return_research,??formal L4 10D??????????????????/ST/??/???????????????????
20250529,20250530,SHSE.600126,600126.SH,杭钢股份,2,0.9884629698548567,0.04089924240369331,6,0.206,D:/work/quant/quant_mcp/quant/main/config/prediction_manifests/executable_10d_open_return_l4_formal_20260617.json,stock_predict_data_model_agent_10d_topgate_fusion_20260622_executable_10d_open_return_research,??formal L4 10D??????????????????/ST/??/???????????????????
20250529,20250530,SZSE.300383,300383.SZ,光环新网,3,0.9804614812058058,0.03357285363975846,6,0.2,D:/work/quant/quant_mcp/quant/main/config/prediction_manifests/executable_10d_open_return_l4_formal_20260617.json,stock_predict_data_model_agent_10d_topgate_fusion_20260622_executable_10d_open_return_research,??formal L4 10D??????????????????/ST/??/???????????????????
20250529,20250530,SHSE.601865,601865.SH,福莱特,4,0.9787867510234463,0.028346993091001155,6,0.194,D:/work/quant/quant_mcp/quant/main/config/prediction_manifests/executable_10d_open_return_l4_formal_20260617.json,stock_predict_data_model_agent_10d_topgate_fusion_20260622_executable_10d_open_return_research,??formal L4 10D??????????????????/ST/??/???????????????????
20250529,20250530,SZSE.300442,300442.SZ,润泽科技,5,0.9653889095645701,0.033507121735204634,6,0.194,D:/work/quant/quant_mcp/quant/main/config/prediction_manifests/executable_10d_open_return_l4_formal_20260617.json,stock_predict_data_model_agent_10d_topgate_fusion_20260622_executable_10d_open_return_research,??formal L4 10D??????????????????/ST/??/???????????????????
20250530,20250603,SZSE.002459,002459.SZ,晶澳科技,1,0.9843662758235623,0.03347921142861206,6,0.206,D:/work/quant/quant_mcp/quant/main/config/prediction_manifests/executable_10d_open_return_l4_formal_20260617.json,stock_predict_data_model_agent_10d_topgate_fusion_20260622_executable_10d_open_return_research,??formal L4 10D??????????????????/ST/??/???????????????????
20250530,20250603,SZSE.300383,300383.SZ,光环新网,2,0.9838079285315466,0.03426740278983722,6,0.206,D:/work/quant/quant_mcp/quant/main/config/prediction_manifests/executable_10d_open_return_l4_formal_20260617.json,stock_predict_data_model_agent_10d_topgate_fusion_20260622_executable_10d_open_return_research,??formal L4 10D??????????????????/ST/??/???????????????????
20250530,20250603,SHSE.601865,601865.SH,福莱特,3,0.980643960543458,0.02874043060787681,6,0.2,D:/work/quant/quant_mcp/quant/main/config/prediction_manifests/executable_10d_open_return_l4_formal_20260617.json,stock_predict_data_model_agent_10d_topgate_fusion_20260622_executable_10d_open_return_research,??formal L4 10D??????????????????/ST/??/???????????????????
20250530,20250603,SZSE.300390,300390.SZ,天华新能,4,0.9769216452633538,0.024789289281876552,6,0.194,D:/work/quant/quant_mcp/quant/main/config/prediction_manifests/executable_10d_open_return_l4_formal_20260617.json,stock_predict_data_model_agent_10d_topgate_fusion_20260622_executable_10d_open_return_research,??formal L4 10D??????????????????/ST/??/???????????????????
20250530,20250603,SZSE.300442,300442.SZ,润泽科技,5,0.9750604876233017,0.03502201706254556,6,0.194,D:/work/quant/quant_mcp/quant/main/config/prediction_manifests/executable_10d_open_return_l4_formal_20260617.json,stock_predict_data_model_agent_10d_topgate_fusion_20260622_executable_10d_open_return_research,??formal L4 10D??????????????????/ST/??/???????????????????
20250603,20250604,SHSE.600157,600157.SH,永泰能源,1,1.0085546656733098,0.015925926722136687,6,0.206,D:/work/quant/quant_mcp/quant/main/config/prediction_manifests/executable_10d_open_return_l4_formal_20260617.json,stock_predict_data_model_agent_10d_topgate_fusion_20260622_executable_10d_open_return_research,??formal L4 10D??????????????????/ST/??/???????????????????
20250603,20250604,SHSE.688017,688017.SH,绿的谐波,2,0.9903147699757869,0.04110484877790503,6,0.206,D:/work/quant/quant_mcp/quant/main/config/prediction_manifests/executable_10d_open_return_l4_formal_20260617.json,stock_predict_data_model_agent_10d_topgate_fusion_20260622_executable_10d_open_return_research,??formal L4 10D??????????????????/ST/??/???????????????????
20250603,20250604,SHSE.603728,603728.SH,鸣志电器,3,0.9878934624697336,0.03559208914171142,6,0.2,D:/work/quant/quant_mcp/quant/main/config/prediction_manifests/executable_10d_open_return_l4_formal_20260617.json,stock_predict_data_model_agent_10d_topgate_fusion_20260622_executable_10d_open_return_research,??formal L4 10D??????????????????/ST/??/???????????????????
20250603,20250604,SZSE.002459,002459.SZ,晶澳科技,4,0.9852859005401379,0.0307943432251415,6,0.194,D:/work/quant/quant_mcp/quant/main/config/prediction_manifests/executable_10d_open_return_l4_formal_20260617.json,stock_predict_data_model_agent_10d_topgate_fusion_20260622_executable_10d_open_return_research,??formal L4 10D??????????????????/ST/??/???????????????????
20250603,20250604,SZSE.300383,300383.SZ,光环新网,5,0.9847271372695101,0.033099684597629624,6,0.194,D:/work/quant/quant_mcp/quant/main/config/prediction_manifests/executable_10d_open_return_l4_formal_20260617.json,stock_predict_data_model_agent_10d_topgate_fusion_20260622_executable_10d_open_return_research,??formal L4 10D??????????????????/ST/??/???????????????????
20250604,20250605,SZSE.000932,000932.SZ,华菱钢铁,1,0.9866046511627907,0.022935349126343964,6,0.206,D:/work/quant/quant_mcp/quant/main/config/prediction_manifests/executable_10d_open_return_l4_formal_20260617.json,stock_predict_data_model_agent_10d_topgate_fusion_20260622_executable_10d_open_return_research,??formal L4 10D??????????????????/ST/??/???????????????????
20250604,20250605,SHSE.600126,600126.SH,杭钢股份,2,0.9838139534883721,0.03876529632479383,6,0.206,D:/work/quant/quant_mcp/quant/main/config/prediction_manifests/executable_10d_open_return_l4_formal_20260617.json,stock_predict_data_model_agent_10d_topgate_fusion_20260622_executable_10d_open_return_research,??formal L4 10D??????????????????/ST/??/???????????????????
20250604,20250605,SZSE.000563,000563.SZ,陕国投A,3,0.9703255813953489,0.01629129608158568,6,0.2,D:/work/quant/quant_mcp/quant/main/config/prediction_manifests/executable_10d_open_return_l4_formal_20260617.json,stock_predict_data_model_agent_10d_topgate_fusion_20260622_executable_10d_open_return_research,??formal L4 10D??????????????????/ST/??/???????????????????
20250604,20250605,SZSE.000750,000750.SZ,国海证券,4,0.9703255813953489,0.01754270364842886,6,0.194,D:/work/quant/quant_mcp/quant/main/config/prediction_manifests/executable_10d_open_return_l4_formal_20260617.json,stock_predict_data_model_agent_10d_topgate_fusion_20260622_executable_10d_open_return_research,??formal L4 10D??????????????????/ST/??/???????????????????
20250604,20250605,SZSE.000959,000959.SZ,首钢股份,5,0.9703255813953489,0.018912251612475693,6,0.194,D:/work/quant/quant_mcp/quant/main/config/prediction_manifests/executable_10d_open_return_l4_formal_20260617.json,stock_predict_data_model_agent_10d_topgate_fusion_20260622_executable_10d_open_return_research,??formal L4 10D??????????????????/ST/??/???????????????????
20250605,20250606,SZSE.000563,000563.SZ,陕国投A,1,0.9708015622094105,0.015351357897165132,6,0.206,D:/work/quant/quant_mcp/quant/main/config/prediction_manifests/executable_10d_open_return_l4_formal_20260617.json,stock_predict_data_model_agent_10d_topgate_fusion_20260622_executable_10d_open_return_research,??formal L4 10D??????????????????/ST/??/???????????????????
20250605,20250606,SZSE.000750,000750.SZ,国海证券,2,0.9708015622094105,0.016344446467830807,6,0.206,D:/work/quant/quant_mcp/quant/main/config/prediction_manifests/executable_10d_open_return_l4_formal_20260617.json,stock_predict_data_model_agent_10d_topgate_fusion_20260622_executable_10d_open_return_research,??formal L4 10D??????????????????/ST/??/???????????????????
20250605,20250606,SZSE.000959,000959.SZ,首钢股份,3,0.9708015622094105,0.018966597110960437,6,0.2,D:/work/quant/quant_mcp/quant/main/config/prediction_manifests/executable_10d_open_return_l4_formal_20260617.json,stock_predict_data_model_agent_10d_topgate_fusion_20260622_executable_10d_open_return_research,??formal L4 10D??????????????????/ST/??/???????????????????
20250605,20250606,SZSE.000785,000785.SZ,居然智家,4,0.9708015622094105,0.028193145603017486,6,0.194,D:/work/quant/quant_mcp/quant/main/config/prediction_manifests/executable_10d_open_return_l4_formal_20260617.json,stock_predict_data_model_agent_10d_topgate_fusion_20260622_executable_10d_open_return_research,??formal L4 10D??????????????????/ST/??/???????????????????
20250605,20250606,SZSE.000002,000002.SZ,万科A,5,0.9622466059140785,0.012198795814313709,6,0.194,D:/work/quant/quant_mcp/quant/main/config/prediction_manifests/executable_10d_open_return_l4_formal_20260617.json,stock_predict_data_model_agent_10d_topgate_fusion_20260622_executable_10d_open_return_research,??formal L4 10D??????????????????/ST/??/???????????????????
20250606,20250609,SZSE.000563,000563.SZ,陕国投A,1,0.9734151329243353,0.01574154357582619,6,0.206,D:/work/quant/quant_mcp/quant/main/config/prediction_manifests/executable_10d_open_return_l4_formal_20260617.json,stock_predict_data_model_agent_10d_topgate_fusion_20260622_executable_10d_open_return_research,??formal L4 10D??????????????????/ST/??/???????????????????
20250606,20250609,SZSE.000750,000750.SZ,国海证券,2,0.9734151329243353,0.016611157959272017,6,0.206,D:/work/quant/quant_mcp/quant/main/config/prediction_manifests/executable_10d_open_return_l4_formal_20260617.json,stock_predict_data_model_agent_10d_topgate_fusion_20260622_executable_10d_open_return_research,??formal L4 10D??????????????????/ST/??/???????????????????
20250606,20250609,SZSE.000959,000959.SZ,首钢股份,3,0.9734151329243353,0.018221700524311425,6,0.2,D:/work/quant/quant_mcp/quant/main/config/prediction_manifests/executable_10d_open_return_l4_formal_20260617.json,stock_predict_data_model_agent_10d_topgate_fusion_20260622_executable_10d_open_return_research,??formal L4 10D??????????????????/ST/??/???????????????????
20250606,20250609,SZSE.000785,000785.SZ,居然智家,4,0.9734151329243353,0.027129338204186528,6,0.194,D:/work/quant/quant_mcp/quant/main/config/prediction_manifests/executable_10d_open_return_l4_formal_20260617.json,stock_predict_data_model_agent_10d_topgate_fusion_20260622_executable_10d_open_return_research,??formal L4 10D??????????????????/ST/??/???????????????????
20250606,20250609,SZSE.000002,000002.SZ,万科A,5,0.9634690462911322,0.01227272784071918,6,0.194,D:/work/quant/quant_mcp/quant/main/config/prediction_manifests/executable_10d_open_return_l4_formal_20260617.json,stock_predict_data_model_agent_10d_topgate_fusion_20260622_executable_10d_open_return_research,??formal L4 10D??????????????????/ST/??/???????????????????
20250609,20250610,SZSE.000563,000563.SZ,陕国投A,1,0.9748837209302326,0.015613594615992593,6,0.206,D:/work/quant/quant_mcp/quant/main/config/prediction_manifests/executable_10d_open_return_l4_formal_20260617.json,stock_predict_data_model_agent_10d_topgate_fusion_20260622_executable_10d_open_return_research,??formal L4 10D??????????????????/ST/??/???????????????????
20250609,20250610,SZSE.000750,000750.SZ,国海证券,2,0.9748837209302326,0.01640226314422139,6,0.206,D:/work/quant/quant_mcp/quant/main/config/prediction_manifests/executable_10d_open_return_l4_formal_20260617.json,stock_predict_data_model_agent_10d_topgate_fusion_20260622_executable_10d_open_return_research,??formal L4 10D??????????????????/ST/??/???????????????????
20250609,20250610,SZSE.000959,000959.SZ,首钢股份,3,0.9748837209302326,0.018465271337412853,6,0.2,D:/work/quant/quant_mcp/quant/main/config/prediction_manifests/executable_10d_open_return_l4_formal_20260617.json,stock_predict_data_model_agent_10d_topgate_fusion_20260622_executable_10d_open_return_research,??formal L4 10D??????????????????/ST/??/???????????????????
20250609,20250610,SZSE.000785,000785.SZ,居然智家,4,0.9748837209302326,0.025314465003556736,6,0.194,D:/work/quant/quant_mcp/quant/main/config/prediction_manifests/executable_10d_open_return_l4_formal_20260617.json,stock_predict_data_model_agent_10d_topgate_fusion_20260622_executable_10d_open_return_research,??formal L4 10D??????????????????/ST/??/???????????????????
20250609,20250610,SZSE.000002,000002.SZ,万科A,5,0.9655813953488372,0.01185800698600237,6,0.194,D:/work/quant/quant_mcp/quant/main/config/prediction_manifests/executable_10d_open_return_l4_formal_20260617.json,stock_predict_data_model_agent_10d_topgate_fusion_20260622_executable_10d_open_return_research,??formal L4 10D??????????????????/ST/??/???????????????????
20250610,20250611,SZSE.000563,000563.SZ,陕国投A,1,0.9795577030291768,0.01605096646297115,6,0.206,D:/work/quant/quant_mcp/quant/main/config/prediction_manifests/executable_10d_open_return_l4_formal_20260617.json,stock_predict_data_model_agent_10d_topgate_fusion_20260622_executable_10d_open_return_research,??formal L4 10D??????????????????/ST/??/???????????????????
20250610,20250611,SZSE.000750,000750.SZ,国海证券,2,0.9795577030291768,0.016839334652898885,6,0.206,D:/work/quant/quant_mcp/quant/main/config/prediction_manifests/executable_10d_open_return_l4_formal_20260617.json,stock_predict_data_model_agent_10d_topgate_fusion_20260622_executable_10d_open_return_research,??formal L4 10D??????????????????/ST/??/???????????????????
20250610,20250611,SZSE.000959,000959.SZ,首钢股份,3,0.9795577030291768,0.0180394363501788,6,0.2,D:/work/quant/quant_mcp/quant/main/config/prediction_manifests/executable_10d_open_return_l4_formal_20260617.json,stock_predict_data_model_agent_10d_topgate_fusion_20260622_executable_10d_open_return_research,??formal L4 10D??????????????????/ST/??/???????????????????
20250610,20250611,SZSE.000785,000785.SZ,居然智家,4,0.9795577030291768,0.026774193744180063,6,0.194,D:/work/quant/quant_mcp/quant/main/config/prediction_manifests/executable_10d_open_return_l4_formal_20260617.json,stock_predict_data_model_agent_10d_topgate_fusion_20260622_executable_10d_open_return_research,??formal L4 10D??????????????????/ST/??/???????????????????
20250610,20250611,SZSE.000002,000002.SZ,万科A,5,0.9712878647091618,0.012651515374682449,6,0.194,D:/work/quant/quant_mcp/quant/main/config/prediction_manifests/executable_10d_open_return_l4_formal_20260617.json,stock_predict_data_model_agent_10d_topgate_fusion_20260622_executable_10d_open_return_research,??formal L4 10D??????????????????/ST/??/???????????????????
20250611,20250612,SZSE.000563,000563.SZ,陕国投A,1,0.9760401188707281,0.01621514874660454,6,0.206,D:/work/quant/quant_mcp/quant/main/config/prediction_manifests/executable_10d_open_return_l4_formal_20260617.json,stock_predict_data_model_agent_10d_topgate_fusion_20260622_executable_10d_open_return_research,??formal L4 10D??????????????????/ST/??/???????????????????
20250611,20250612,SZSE.000750,000750.SZ,国海证券,2,0.9760401188707281,0.017101934008884573,6,0.206,D:/work/quant/quant_mcp/quant/main/config/prediction_manifests/executable_10d_open_return_l4_formal_20260617.json,stock_predict_data_model_agent_10d_topgate_fusion_20260622_executable_10d_open_return_research,??formal L4 10D??????????????????/ST/??/???????????????????
20250611,20250612,SZSE.000959,000959.SZ,首钢股份,3,0.9760401188707281,0.017706196882930895,6,0.2,D:/work/quant/quant_mcp/quant/main/config/prediction_manifests/executable_10d_open_return_l4_formal_20260617.json,stock_predict_data_model_agent_10d_topgate_fusion_20260622_executable_10d_open_return_research,??formal L4 10D??????????????????/ST/??/???????????????????
20250611,20250612,SZSE.000785,000785.SZ,居然智家,4,0.9760401188707281,0.025796177934933256,6,0.194,D:/work/quant/quant_mcp/quant/main/config/prediction_manifests/executable_10d_open_return_l4_formal_20260617.json,stock_predict_data_model_agent_10d_topgate_fusion_20260622_executable_10d_open_return_research,??formal L4 10D??????????????????/ST/??/???????????????????
20250611,20250612,SZSE.000002,000002.SZ,万科A,5,0.9681463595839525,0.012709284335565963,6,0.194,D:/work/quant/quant_mcp/quant/main/config/prediction_manifests/executable_10d_open_return_l4_formal_20260617.json,stock_predict_data_model_agent_10d_topgate_fusion_20260622_executable_10d_open_return_research,??formal L4 10D??????????????????/ST/??/???????????????????
20250612,20250613,SHSE.600809,600809.SH,山西汾酒,1,1.0076281575037147,0.022456133109009613,6,0.206,D:/work/quant/quant_mcp/quant/main/config/prediction_manifests/executable_10d_open_return_l4_formal_20260617.json,stock_predict_data_model_agent_10d_topgate_fusion_20260622_executable_10d_open_return_research,??formal L4 10D??????????????????/ST/??/???????????????????
20250612,20250613,SZSE.000563,000563.SZ,陕国投A,2,0.9768759286775631,0.014754858224007765,6,0.206,D:/work/quant/quant_mcp/quant/main/config/prediction_manifests/executable_10d_open_return_l4_formal_20260617.json,stock_predict_data_model_agent_10d_topgate_fusion_20260622_executable_10d_open_return_research,??formal L4 10D??????????????????/ST/??/???????????????????
20250612,20250613,SZSE.000750,000750.SZ,国海证券,3,0.9768759286775631,0.015583189355214477,6,0.2,D:/work/quant/quant_mcp/quant/main/config/prediction_manifests/executable_10d_open_return_l4_formal_20260617.json,stock_predict_data_model_agent_10d_topgate_fusion_20260622_executable_10d_open_return_research,??formal L4 10D??????????????????/ST/??/???????????????????
20250612,20250613,SZSE.000959,000959.SZ,首钢股份,4,0.9768759286775631,0.01738003753883968,6,0.194,D:/work/quant/quant_mcp/quant/main/config/prediction_manifests/executable_10d_open_return_l4_formal_20260617.json,stock_predict_data_model_agent_10d_topgate_fusion_20260622_executable_10d_open_return_research,??formal L4 10D??????????????????/ST/??/???????????????????
20250612,20250613,SZSE.000785,000785.SZ,居然智家,5,0.9768759286775631,0.02556270129958185,6,0.194,D:/work/quant/quant_mcp/quant/main/config/prediction_manifests/executable_10d_open_return_l4_formal_20260617.json,stock_predict_data_model_agent_10d_topgate_fusion_20260622_executable_10d_open_return_research,??formal L4 10D??????????????????/ST/??/???????????????????
20250613,20250616,SHSE.600809,600809.SH,山西汾酒,1,0.9949842095485789,0.02303914313285797,6,0.206,D:/work/quant/quant_mcp/quant/main/config/prediction_manifests/executable_10d_open_return_l4_formal_20260617.json,stock_predict_data_model_agent_10d_topgate_fusion_20260622_executable_10d_open_return_research,??formal L4 10D??????????????????/ST/??/???????????????????
20250613,20250616,SHSE.603369,603369.SH,今世缘,2,0.9931265093813858,0.021175032044973778,6,0.206,D:/work/quant/quant_mcp/quant/main/config/prediction_manifests/executable_10d_open_return_l4_formal_20260617.json,stock_predict_data_model_agent_10d_topgate_fusion_20260622_executable_10d_open_return_research,??formal L4 10D??????????????????/ST/??/???????????????????
20250613,20250616,SHSE.600312,600312.SH,平高电气,3,0.9853241686791752,0.018846267502750026,6,0.2,D:/work/quant/quant_mcp/quant/main/config/prediction_manifests/executable_10d_open_return_l4_formal_20260617.json,stock_predict_data_model_agent_10d_topgate_fusion_20260622_executable_10d_open_return_research,??formal L4 10D??????????????????/ST/??/???????????????????
20250613,20250616,SZSE.000563,000563.SZ,陕国投A,4,0.9762214378599294,0.014404775365146127,6,0.194,D:/work/quant/quant_mcp/quant/main/config/prediction_manifests/executable_10d_open_return_l4_formal_20260617.json,stock_predict_data_model_agent_10d_topgate_fusion_20260622_executable_10d_open_return_research,??formal L4 10D??????????????????/ST/??/???????????????????
20250613,20250616,SZSE.000750,000750.SZ,国海证券,5,0.9762214378599294,0.015405507458484067,6,0.194,D:/work/quant/quant_mcp/quant/main/config/prediction_manifests/executable_10d_open_return_l4_formal_20260617.json,stock_predict_data_model_agent_10d_topgate_fusion_20260622_executable_10d_open_return_research,??formal L4 10D??????????????????/ST/??/???????????????????
20250616,20250617,SHSE.600809,600809.SH,山西汾酒,1,0.996100278551532,0.022816754775553533,6,0.206,D:/work/quant/quant_mcp/quant/main/config/prediction_manifests/executable_10d_open_return_l4_formal_20260617.json,stock_predict_data_model_agent_10d_topgate_fusion_20260622_executable_10d_open_return_research,??formal L4 10D??????????????????/ST/??/???????????????????
20250616,20250617,SZSE.000596,000596.SZ,古井贡酒,2,0.9957288765088208,0.023119609625361214,6,0.206,D:/work/quant/quant_mcp/quant/main/config/prediction_manifests/executable_10d_open_return_l4_formal_20260617.json,stock_predict_data_model_agent_10d_topgate_fusion_20260622_executable_10d_open_return_research,??formal L4 10D??????????????????/ST/??/???????????????????
20250616,20250617,SHSE.603369,603369.SH,今世缘,3,0.9940575673166202,0.021919506132655118,6,0.2,D:/work/quant/quant_mcp/quant/main/config/prediction_manifests/executable_10d_open_return_l4_formal_20260617.json,stock_predict_data_model_agent_10d_topgate_fusion_20260622_executable_10d_open_return_research,??formal L4 10D??????????????????/ST/??/???????????????????
20250616,20250617,SZSE.000563,000563.SZ,陕国投A,4,0.9763231197771588,0.014100776503501366,6,0.194,D:/work/quant/quant_mcp/quant/main/config/prediction_manifests/executable_10d_open_return_l4_formal_20260617.json,stock_predict_data_model_agent_10d_topgate_fusion_20260622_executable_10d_open_return_research,??formal L4 10D??????????????????/ST/??/???????????????????
20250616,20250617,SZSE.000750,000750.SZ,国海证券,5,0.9763231197771588,0.01563613111323695,6,0.194,D:/work/quant/quant_mcp/quant/main/config/prediction_manifests/executable_10d_open_return_l4_formal_20260617.json,stock_predict_data_model_agent_10d_topgate_fusion_20260622_executable_10d_open_return_research,??formal L4 10D??????????????????/ST/??/???????????????????
20250617,20250618,SHSE.600157,600157.SH,永泰能源,1,1.0085547309833025,0.014074073847181774,6,0.206,D:/work/quant/quant_mcp/quant/main/config/prediction_manifests/executable_10d_open_return_l4_formal_20260617.json,stock_predict_data_model_agent_10d_topgate_fusion_20260622_executable_10d_open_return_research,??formal L4 10D??????????????????/ST/??/???????????????????
20250617,20250618,SHSE.600809,600809.SH,山西汾酒,2,0.9962894248608535,0.022203130554506574,6,0.206,D:/work/quant/quant_mcp/quant/main/config/prediction_manifests/executable_10d_open_return_l4_formal_20260617.json,stock_predict_data_model_agent_10d_topgate_fusion_20260622_executable_10d_open_return_research,??formal L4 10D??????????????????/ST/??/???????????????????
20250617,20250618,SHSE.603369,603369.SH,今世缘,3,0.9899814471243042,0.02132894641788658,6,0.2,D:/work/quant/quant_mcp/quant/main/config/prediction_manifests/executable_10d_open_return_l4_formal_20260617.json,stock_predict_data_model_agent_10d_topgate_fusion_20260622_executable_10d_open_return_research,??formal L4 10D??????????????????/ST/??/???????????????????
20250617,20250618,SZSE.000596,000596.SZ,古井贡酒,4,0.9871985157699443,0.022197754833674994,6,0.194,D:/work/quant/quant_mcp/quant/main/config/prediction_manifests/executable_10d_open_return_l4_formal_20260617.json,stock_predict_data_model_agent_10d_topgate_fusion_20260622_executable_10d_open_return_research,??formal L4 10D??????????????????/ST/??/???????????????????
20250617,20250618,SZSE.000563,000563.SZ,陕国投A,5,0.9775510204081632,0.01392640062431841,6,0.194,D:/work/quant/quant_mcp/quant/main/config/prediction_manifests/executable_10d_open_return_l4_formal_20260617.json,stock_predict_data_model_agent_10d_topgate_fusion_20260622_executable_10d_open_return_research,??formal L4 10D??????????????????/ST/??/???????????????????
20250618,20250619,SHSE.600157,600157.SH,永泰能源,1,1.0086066790352504,0.014552239234059933,6,0.206,D:/work/quant/quant_mcp/quant/main/config/prediction_manifests/executable_10d_open_return_l4_formal_20260617.json,stock_predict_data_model_agent_10d_topgate_fusion_20260622_executable_10d_open_return_research,??formal L4 10D??????????????????/ST/??/???????????????????
20250618,20250619,SHSE.600809,600809.SH,山西汾酒,2,0.9890538033395176,0.02233586031107556,6,0.206,D:/work/quant/quant_mcp/quant/main/config/prediction_manifests/executable_10d_open_return_l4_formal_20260617.json,stock_predict_data_model_agent_10d_topgate_fusion_20260622_executable_10d_open_return_research,??formal L4 10D??????????????????/ST/??/???????????????????
20250618,20250619,SHSE.603369,603369.SH,今世缘,3,0.9857142857142858,0.023632855110313458,6,0.2,D:/work/quant/quant_mcp/quant/main/config/prediction_manifests/executable_10d_open_return_l4_formal_20260617.json,stock_predict_data_model_agent_10d_topgate_fusion_20260622_executable_10d_open_return_research,??formal L4 10D??????????????????/ST/??/???????????????????
20250618,20250619,SZSE.000596,000596.SZ,古井贡酒,4,0.9823747680890538,0.02291885952405416,6,0.194,D:/work/quant/quant_mcp/quant/main/config/prediction_manifests/executable_10d_open_return_l4_formal_20260617.json,stock_predict_data_model_agent_10d_topgate_fusion_20260622_executable_10d_open_return_research,??formal L4 10D??????????????????/ST/??/???????????????????
20250618,20250619,SZSE.000563,000563.SZ,陕国投A,5,0.9773654916512059,0.014576511629321985,6,0.194,D:/work/quant/quant_mcp/quant/main/config/prediction_manifests/executable_10d_open_return_l4_formal_20260617.json,stock_predict_data_model_agent_10d_topgate_fusion_20260622_executable_10d_open_return_research,??formal L4 10D??????????????????/ST/??/???????????????????
20250619,20250620,SHSE.600157,600157.SH,永泰能源,1,1.0085136388940434,0.014393938844132821,6,0.206,D:/work/quant/quant_mcp/quant/main/config/prediction_manifests/executable_10d_open_return_l4_formal_20260617.json,stock_predict_data_model_agent_10d_topgate_fusion_20260622_executable_10d_open_return_research,??formal L4 10D??????????????????/ST/??/???????????????????
20250619,20250620,SHSE.603369,603369.SH,今世缘,2,0.9870105771015031,0.02461677924942455,6,0.206,D:/work/quant/quant_mcp/quant/main/config/prediction_manifests/executable_10d_open_return_l4_formal_20260617.json,stock_predict_data_model_agent_10d_topgate_fusion_20260622_executable_10d_open_return_research,??formal L4 10D??????????????????/ST/??/???????????????????
20250619,20250620,SHSE.600809,600809.SH,山西汾酒,3,0.9836704397847467,0.022672695933899843,6,0.2,D:/work/quant/quant_mcp/quant/main/config/prediction_manifests/executable_10d_open_return_l4_formal_20260617.json,stock_predict_data_model_agent_10d_topgate_fusion_20260622_executable_10d_open_return_research,??formal L4 10D??????????????????/ST/??/???????????????????
20250619,20250620,SZSE.000596,000596.SZ,古井贡酒,4,0.983113750231954,0.02348785705538561,6,0.194,D:/work/quant/quant_mcp/quant/main/config/prediction_manifests/executable_10d_open_return_l4_formal_20260617.json,stock_predict_data_model_agent_10d_topgate_fusion_20260622_executable_10d_open_return_research,??formal L4 10D??????????????????/ST/??/???????????????????
20250619,20250620,SZSE.000563,000563.SZ,陕国投A,5,0.9773612915197625,0.015981873523925424,6,0.194,D:/work/quant/quant_mcp/quant/main/config/prediction_manifests/executable_10d_open_return_l4_formal_20260617.json,stock_predict_data_model_agent_10d_topgate_fusion_20260622_executable_10d_open_return_research,??formal L4 10D??????????????????/ST/??/???????????????????
20250620,20250623,SHSE.600157,600157.SH,永泰能源,1,1.0085927643784787,0.014661654458769735,6,0.206,D:/work/quant/quant_mcp/quant/main/config/prediction_manifests/executable_10d_open_return_l4_formal_20260617.json,stock_predict_data_model_agent_10d_topgate_fusion_20260622_executable_10d_open_return_research,??formal L4 10D??????????????????/ST/??/???????????????????
20250620,20250623,SHSE.603369,603369.SH,今世缘,2,0.988682745825603,0.02537681629673116,6,0.206,D:/work/quant/quant_mcp/quant/main/config/prediction_manifests/executable_10d_open_return_l4_formal_20260617.json,stock_predict_data_model_agent_10d_topgate_fusion_20260622_executable_10d_open_return_research,??formal L4 10D??????????????????/ST/??/???????????????????
20250620,20250623,SZSE.000563,000563.SZ,陕国投A,3,0.977922077922078,0.015839948761079498,6,0.2,D:/work/quant/quant_mcp/quant/main/config/prediction_manifests/executable_10d_open_return_l4_formal_20260617.json,stock_predict_data_model_agent_10d_topgate_fusion_20260622_executable_10d_open_return_research,??formal L4 10D??????????????????/ST/??/???????????????????
20250620,20250623,SZSE.000750,000750.SZ,国海证券,4,0.977922077922078,0.01766642672217242,6,0.194,D:/work/quant/quant_mcp/quant/main/config/prediction_manifests/executable_10d_open_return_l4_formal_20260617.json,stock_predict_data_model_agent_10d_topgate_fusion_20260622_executable_10d_open_return_research,??formal L4 10D??????????????????/ST/??/???????????????????
20250620,20250623,SZSE.000959,000959.SZ,首钢股份,5,0.977922077922078,0.018997014048806014,6,0.194,D:/work/quant/quant_mcp/quant/main/config/prediction_manifests/executable_10d_open_return_l4_formal_20260617.json,stock_predict_data_model_agent_10d_topgate_fusion_20260622_executable_10d_open_return_research,??formal L4 10D??????????????????/ST/??/???????????????????
20250623,20250624,SHSE.600157,600157.SH,永泰能源,1,1.0087019498607241,0.014925372931840784,6,0.206,D:/work/quant/quant_mcp/quant/main/config/prediction_manifests/executable_10d_open_return_l4_formal_20260617.json,stock_predict_data_model_agent_10d_topgate_fusion_20260622_executable_10d_open_return_research,??formal L4 10D??????????????????/ST/??/???????????????????
20250623,20250624,SHSE.603369,603369.SH,今世缘,2,0.9886722376973074,0.025440328609489457,6,0.206,D:/work/quant/quant_mcp/quant/main/config/prediction_manifests/executable_10d_open_return_l4_formal_20260617.json,stock_predict_data_model_agent_10d_topgate_fusion_20260622_executable_10d_open_return_research,??formal L4 10D??????????????????/ST/??/???????????????????
20250623,20250624,SZSE.000563,000563.SZ,陕国投A,3,0.9775301764159703,0.01571075246571078,6,0.2,D:/work/quant/quant_mcp/quant/main/config/prediction_manifests/executable_10d_open_return_l4_formal_20260617.json,stock_predict_data_model_agent_10d_topgate_fusion_20260622_executable_10d_open_return_research,??formal L4 10D??????????????????/ST/??/???????????????????
20250623,20250624,SZSE.000750,000750.SZ,国海证券,4,0.9775301764159703,0.017221118256292446,6,0.194,D:/work/quant/quant_mcp/quant/main/config/prediction_manifests/executable_10d_open_return_l4_formal_20260617.json,stock_predict_data_model_agent_10d_topgate_fusion_20260622_executable_10d_open_return_research,??formal L4 10D??????????????????/ST/??/???????????????????
20250623,20250624,SZSE.000959,000959.SZ,首钢股份,5,0.9775301764159703,0.01917469919872132,6,0.194,D:/work/quant/quant_mcp/quant/main/config/prediction_manifests/executable_10d_open_return_l4_formal_20260617.json,stock_predict_data_model_agent_10d_topgate_fusion_20260622_executable_10d_open_return_research,??formal L4 10D??????????????????/ST/??/???????????????????
20250624,20250625,SZSE.000563,000563.SZ,陕国投A,1,0.9770786933927246,0.016226445184767173,6,0.206,D:/work/quant/quant_mcp/quant/main/config/prediction_manifests/executable_10d_open_return_l4_formal_20260617.json,stock_predict_data_model_agent_10d_topgate_fusion_20260622_executable_10d_open_return_research,??formal L4 10D??????????????????/ST/??/???????????????????
20250624,20250625,SZSE.000750,000750.SZ,国海证券,2,0.9770786933927246,0.017851828467726982,6,0.206,D:/work/quant/quant_mcp/quant/main/config/prediction_manifests/executable_10d_open_return_l4_formal_20260617.json,stock_predict_data_model_agent_10d_topgate_fusion_20260622_executable_10d_open_return_research,??formal L4 10D??????????????????/ST/??/???????????????????
20250624,20250625,SZSE.000959,000959.SZ,首钢股份,3,0.9770786933927246,0.018859700963392987,6,0.2,D:/work/quant/quant_mcp/quant/main/config/prediction_manifests/executable_10d_open_return_l4_formal_20260617.json,stock_predict_data_model_agent_10d_topgate_fusion_20260622_executable_10d_open_return_research,??formal L4 10D??????????????????/ST/??/???????????????????
20250624,20250625,SZSE.000785,000785.SZ,居然智家,4,0.9770786933927246,0.02190635430673032,6,0.194,D:/work/quant/quant_mcp/quant/main/config/prediction_manifests/executable_10d_open_return_l4_formal_20260617.json,stock_predict_data_model_agent_10d_topgate_fusion_20260622_executable_10d_open_return_research,??formal L4 10D??????????????????/ST/??/???????????????????
20250624,20250625,SZSE.000027,000027.SZ,深圳能源,5,0.968634001484781,0.01355450191945126,6,0.194,D:/work/quant/quant_mcp/quant/main/config/prediction_manifests/executable_10d_open_return_l4_formal_20260617.json,stock_predict_data_model_agent_10d_topgate_fusion_20260622_executable_10d_open_return_research,??formal L4 10D??????????????????/ST/??/???????????????????
20250625,20250626,SHSE.600157,600157.SH,永泰能源,1,1.0084651076466222,0.014814814721216304,6,0.206,D:/work/quant/quant_mcp/quant/main/config/prediction_manifests/executable_10d_open_return_l4_formal_20260617.json,stock_predict_data_model_agent_10d_topgate_fusion_20260622_executable_10d_open_return_research,??formal L4 10D??????????????????/ST/??/???????????????????
20250625,20250626,SZSE.000563,000563.SZ,陕国投A,2,0.984966592427617,0.01857427267170406,6,0.206,D:/work/quant/quant_mcp/quant/main/config/prediction_manifests/executable_10d_open_return_l4_formal_20260617.json,stock_predict_data_model_agent_10d_topgate_fusion_20260622_executable_10d_open_return_research,??formal L4 10D??????????????????/ST/??/???????????????????
20250625,20250626,SZSE.000959,000959.SZ,首钢股份,3,0.984966592427617,0.018991122754611907,6,0.2,D:/work/quant/quant_mcp/quant/main/config/prediction_manifests/executable_10d_open_return_l4_formal_20260617.json,stock_predict_data_model_agent_10d_topgate_fusion_20260622_executable_10d_open_return_research,??formal L4 10D??????????????????/ST/??/???????????????????
20250625,20250626,SZSE.000750,000750.SZ,国海证券,4,0.984966592427617,0.01952863669271412,6,0.194,D:/work/quant/quant_mcp/quant/main/config/prediction_manifests/executable_10d_open_return_l4_formal_20260617.json,stock_predict_data_model_agent_10d_topgate_fusion_20260622_executable_10d_open_return_research,??formal L4 10D??????????????????/ST/??/???????????????????
20250625,20250626,SZSE.000785,000785.SZ,居然智家,5,0.984966592427617,0.021782178623701638,6,0.194,D:/work/quant/quant_mcp/quant/main/config/prediction_manifests/executable_10d_open_return_l4_formal_20260617.json,stock_predict_data_model_agent_10d_topgate_fusion_20260622_executable_10d_open_return_research,??formal L4 10D??????????????????/ST/??/???????????????????
20250626,20250627,SHSE.600157,600157.SH,永泰能源,1,1.0086904099424967,0.014925372931840784,6,0.206,D:/work/quant/quant_mcp/quant/main/config/prediction_manifests/executable_10d_open_return_l4_formal_20260617.json,stock_predict_data_model_agent_10d_topgate_fusion_20260622_executable_10d_open_return_research,??formal L4 10D??????????????????/ST/??/???????????????????
20250626,20250627,SZSE.000959,000959.SZ,首钢股份,2,0.9657762938230384,0.019258927812462842,6,0.206,D:/work/quant/quant_mcp/quant/main/config/prediction_manifests/executable_10d_open_return_l4_formal_20260617.json,stock_predict_data_model_agent_10d_topgate_fusion_20260622_executable_10d_open_return_research,??formal L4 10D??????????????????/ST/??/???????????????????
20250626,20250627,SZSE.000563,000563.SZ,陕国投A,3,0.9657762938230384,0.01996592527449596,6,0.2,D:/work/quant/quant_mcp/quant/main/config/prediction_manifests/executable_10d_open_return_l4_formal_20260617.json,stock_predict_data_model_agent_10d_topgate_fusion_20260622_executable_10d_open_return_research,??formal L4 10D??????????????????/ST/??/???????????????????
20250626,20250627,SZSE.000750,000750.SZ,国海证券,4,0.9657762938230384,0.020957201890565325,6,0.194,D:/work/quant/quant_mcp/quant/main/config/prediction_manifests/executable_10d_open_return_l4_formal_20260617.json,stock_predict_data_model_agent_10d_topgate_fusion_20260622_executable_10d_open_return_research,??formal L4 10D??????????????????/ST/??/???????????????????
20250626,20250627,SZSE.000785,000785.SZ,居然智家,5,0.9657762938230384,0.022166667209068916,6,0.194,D:/work/quant/quant_mcp/quant/main/config/prediction_manifests/executable_10d_open_return_l4_formal_20260617.json,stock_predict_data_model_agent_10d_topgate_fusion_20260622_executable_10d_open_return_research,??formal L4 10D??????????????????/ST/??/???????????????????
20250627,20250630,SHSE.600157,600157.SH,永泰能源,1,1.0090367483296214,0.014552239234059933,6,0.206,D:/work/quant/quant_mcp/quant/main/config/prediction_manifests/executable_10d_open_return_l4_formal_20260617.json,stock_predict_data_model_agent_10d_topgate_fusion_20260622_executable_10d_open_return_research,??formal L4 10D??????????????????/ST/??/???????????????????
20250627,20250630,SZSE.000959,000959.SZ,首钢股份,2,0.9589829250185598,0.019443785165548257,6,0.206,D:/work/quant/quant_mcp/quant/main/config/prediction_manifests/executable_10d_open_return_l4_formal_20260617.json,stock_predict_data_model_agent_10d_topgate_fusion_20260622_executable_10d_open_return_research,??formal L4 10D??????????????????/ST/??/???????????????????
20250627,20250630,SZSE.000563,000563.SZ,陕国投A,3,0.9589829250185598,0.021187773438925056,6,0.2,D:/work/quant/quant_mcp/quant/main/config/prediction_manifests/executable_10d_open_return_l4_formal_20260617.json,stock_predict_data_model_agent_10d_topgate_fusion_20260622_executable_10d_open_return_research,??formal L4 10D??????????????????/ST/??/???????????????????
20250627,20250630,SZSE.000785,000785.SZ,居然智家,4,0.9589829250185598,0.022019868227550466,6,0.194,D:/work/quant/quant_mcp/quant/main/config/prediction_manifests/executable_10d_open_return_l4_formal_20260617.json,stock_predict_data_model_agent_10d_topgate_fusion_20260622_executable_10d_open_return_research,??formal L4 10D??????????????????/ST/??/???????????????????
20250627,20250630,SZSE.000750,000750.SZ,国海证券,5,0.9589829250185598,0.023459478908075655,6,0.194,D:/work/quant/quant_mcp/quant/main/config/prediction_manifests/executable_10d_open_return_l4_formal_20260617.json,stock_predict_data_model_agent_10d_topgate_fusion_20260622_executable_10d_open_return_research,??formal L4 10D??????????????????/ST/??/???????????????????
20250630,20250701,SHSE.600157,600157.SH,永泰能源,1,1.009275900482733,0.014552239234059933,6,0.206,D:/work/quant/quant_mcp/quant/main/config/prediction_manifests/executable_10d_open_return_l4_formal_20260617.json,stock_predict_data_model_agent_10d_topgate_fusion_20260622_executable_10d_open_return_research,??formal L4 10D??????????????????/ST/??/???????????????????
20250630,20250701,SHSE.688599,688599.SH,天合光能,2,1.008735610842926,0.03128010830566123,6,0.206,D:/work/quant/quant_mcp/quant/main/config/prediction_manifests/executable_10d_open_return_l4_formal_20260617.json,stock_predict_data_model_agent_10d_topgate_fusion_20260622_executable_10d_open_return_research,??formal L4 10D??????????????????/ST/??/???????????????????
20250630,20250701,SZSE.000959,000959.SZ,首钢股份,3,0.9798551800965466,0.018897057295391456,6,0.2,D:/work/quant/quant_mcp/quant/main/config/prediction_manifests/executable_10d_open_return_l4_formal_20260617.json,stock_predict_data_model_agent_10d_topgate_fusion_20260622_executable_10d_open_return_research,??formal L4 10D??????????????????/ST/??/???????????????????
20250630,20250701,SZSE.000785,000785.SZ,居然智家,4,0.9798551800965466,0.021311475272677165,6,0.194,D:/work/quant/quant_mcp/quant/main/config/prediction_manifests/executable_10d_open_return_l4_formal_20260617.json,stock_predict_data_model_agent_10d_topgate_fusion_20260622_executable_10d_open_return_research,??formal L4 10D??????????????????/ST/??/???????????????????
20250630,20250701,SZSE.000563,000563.SZ,陕国投A,5,0.9798551800965466,0.022113693219279515,6,0.194,D:/work/quant/quant_mcp/quant/main/config/prediction_manifests/executable_10d_open_return_l4_formal_20260617.json,stock_predict_data_model_agent_10d_topgate_fusion_20260622_executable_10d_open_return_research,??formal L4 10D??????????????????/ST/??/???????????????????
20250701,20250702,SHSE.600157,600157.SH,永泰能源,1,1.0096398737701875,0.014285713846745214,6,0.206,D:/work/quant/quant_mcp/quant/main/config/prediction_manifests/executable_10d_open_return_l4_formal_20260617.json,stock_predict_data_model_agent_10d_topgate_fusion_20260622_executable_10d_open_return_research,??formal L4 10D??????????????????/ST/??/???????????????????
20250701,20250702,SZSE.000959,000959.SZ,首钢股份,2,0.9909968442546873,0.01845868944046035,6,0.206,D:/work/quant/quant_mcp/quant/main/config/prediction_manifests/executable_10d_open_return_l4_formal_20260617.json,stock_predict_data_model_agent_10d_topgate_fusion_20260622_executable_10d_open_return_research,??formal L4 10D??????????????????/ST/??/???????????????????
20250701,20250702,SZSE.000785,000785.SZ,居然智家,3,0.9909968442546873,0.021192054430157047,6,0.2,D:/work/quant/quant_mcp/quant/main/config/prediction_manifests/executable_10d_open_return_l4_formal_20260617.json,stock_predict_data_model_agent_10d_topgate_fusion_20260622_executable_10d_open_return_research,??formal L4 10D??????????????????/ST/??/???????????????????
20250701,20250702,SZSE.000563,000563.SZ,陕国投A,4,0.9909968442546873,0.02217630065176271,6,0.194,D:/work/quant/quant_mcp/quant/main/config/prediction_manifests/executable_10d_open_return_l4_formal_20260617.json,stock_predict_data_model_agent_10d_topgate_fusion_20260622_executable_10d_open_return_research,??formal L4 10D??????????????????/ST/??/???????????????????
20250701,20250702,SZSE.000750,000750.SZ,国海证券,5,0.9909968442546873,0.025490212000612408,6,0.194,D:/work/quant/quant_mcp/quant/main/config/prediction_manifests/executable_10d_open_return_l4_formal_20260617.json,stock_predict_data_model_agent_10d_topgate_fusion_20260622_executable_10d_open_return_research,??formal L4 10D??????????????????/ST/??/???????????????????
20250702,20250703,SHSE.600157,600157.SH,永泰能源,1,1.0094207203861865,0.01605839455875682,6,0.206,D:/work/quant/quant_mcp/quant/main/config/prediction_manifests/executable_10d_open_return_l4_formal_20260617.json,stock_predict_data_model_agent_10d_topgate_fusion_20260622_executable_10d_open_return_research,??formal L4 10D??????????????????/ST/??/???????????????????
20250702,20250703,SZSE.000785,000785.SZ,居然智家,2,0.9883958410694393,0.021122113722500474,6,0.206,D:/work/quant/quant_mcp/quant/main/config/prediction_manifests/executable_10d_open_return_l4_formal_20260617.json,stock_predict_data_model_agent_10d_topgate_fusion_20260622_executable_10d_open_return_research,??formal L4 10D??????????????????/ST/??/???????????????????
20250702,20250703,SZSE.000563,000563.SZ,陕国投A,3,0.9883958410694393,0.02245782111210869,6,0.2,D:/work/quant/quant_mcp/quant/main/config/prediction_manifests/executable_10d_open_return_l4_formal_20260617.json,stock_predict_data_model_agent_10d_topgate_fusion_20260622_executable_10d_open_return_research,??formal L4 10D??????????????????/ST/??/???????????????????
20250702,20250703,SZSE.000750,000750.SZ,国海证券,4,0.9883958410694393,0.025431565213536293,6,0.194,D:/work/quant/quant_mcp/quant/main/config/prediction_manifests/executable_10d_open_return_l4_formal_20260617.json,stock_predict_data_model_agent_10d_topgate_fusion_20260622_executable_10d_open_return_research,??formal L4 10D??????????????????/ST/??/???????????????????
20250702,20250703,SZSE.000027,000027.SZ,深圳能源,5,0.980505012996658,0.013839008789438032,6,0.194,D:/work/quant/quant_mcp/quant/main/config/prediction_manifests/executable_10d_open_return_l4_formal_20260617.json,stock_predict_data_model_agent_10d_topgate_fusion_20260622_executable_10d_open_return_research,??formal L4 10D??????????????????/ST/??/???????????????????
20250703,20250704,SHSE.600157,600157.SH,永泰能源,1,1.0090995172669885,0.016176470875487473,6,0.206,D:/work/quant/quant_mcp/quant/main/config/prediction_manifests/executable_10d_open_return_l4_formal_20260617.json,stock_predict_data_model_agent_10d_topgate_fusion_20260622_executable_10d_open_return_research,??formal L4 10D??????????????????/ST/??/???????????????????
20250703,20250704,SZSE.000785,000785.SZ,居然智家,2,0.9878388414407724,0.02102649117726242,6,0.206,D:/work/quant/quant_mcp/quant/main/config/prediction_manifests/executable_10d_open_return_l4_formal_20260617.json,stock_predict_data_model_agent_10d_topgate_fusion_20260622_executable_10d_open_return_research,??formal L4 10D??????????????????/ST/??/???????????????????
20250703,20250704,SZSE.000959,000959.SZ,首钢股份,3,0.9878388414407724,0.02164415476663852,6,0.2,D:/work/quant/quant_mcp/quant/main/config/prediction_manifests/executable_10d_open_return_l4_formal_20260617.json,stock_predict_data_model_agent_10d_topgate_fusion_20260622_executable_10d_open_return_research,??formal L4 10D??????????????????/ST/??/???????????????????
20250703,20250704,SZSE.000563,000563.SZ,陕国投A,4,0.9878388414407724,0.022113832257958016,6,0.194,D:/work/quant/quant_mcp/quant/main/config/prediction_manifests/executable_10d_open_return_l4_formal_20260617.json,stock_predict_data_model_agent_10d_topgate_fusion_20260622_executable_10d_open_return_research,??formal L4 10D??????????????????/ST/??/???????????????????
20250703,20250704,SZSE.000750,000750.SZ,国海证券,5,0.9878388414407724,0.025613031135022335,6,0.194,D:/work/quant/quant_mcp/quant/main/config/prediction_manifests/executable_10d_open_return_l4_formal_20260617.json,stock_predict_data_model_agent_10d_topgate_fusion_20260622_executable_10d_open_return_research,??formal L4 10D??????????????????/ST/??/???????????????????
20250704,20250707,SHSE.688425,688425.SH,铁建重工,1,1.0091128433556051,0.015601906529529449,6,0.206,D:/work/quant/quant_mcp/quant/main/config/prediction_manifests/executable_10d_open_return_l4_formal_20260617.json,stock_predict_data_model_agent_10d_topgate_fusion_20260622_executable_10d_open_return_research,??formal L4 10D??????????????????/ST/??/???????????????????
20250704,20250707,SZSE.000785,000785.SZ,居然智家,2,0.9903489235337788,0.021000000644566703,6,0.206,D:/work/quant/quant_mcp/quant/main/config/prediction_manifests/executable_10d_open_return_l4_formal_20260617.json,stock_predict_data_model_agent_10d_topgate_fusion_20260622_executable_10d_open_return_research,??formal L4 10D??????????????????/ST/??/???????????????????
20250704,20250707,SZSE.000563,000563.SZ,陕国投A,3,0.9903489235337788,0.022252748042938877,6,0.2,D:/work/quant/quant_mcp/quant/main/config/prediction_manifests/executable_10d_open_return_l4_formal_20260617.json,stock_predict_data_model_agent_10d_topgate_fusion_20260622_executable_10d_open_return_research,??formal L4 10D??????????????????/ST/??/???????????????????
20250704,20250707,SZSE.000959,000959.SZ,首钢股份,4,0.9903489235337788,0.02340398794023024,6,0.194,D:/work/quant/quant_mcp/quant/main/config/prediction_manifests/executable_10d_open_return_l4_formal_20260617.json,stock_predict_data_model_agent_10d_topgate_fusion_20260622_executable_10d_open_return_research,??formal L4 10D??????????????????/ST/??/???????????????????
20250704,20250707,SZSE.000750,000750.SZ,国海证券,5,0.9903489235337788,0.02610185890348638,6,0.194,D:/work/quant/quant_mcp/quant/main/config/prediction_manifests/executable_10d_open_return_l4_formal_20260617.json,stock_predict_data_model_agent_10d_topgate_fusion_20260622_executable_10d_open_return_research,??formal L4 10D??????????????????/ST/??/???????????????????
20250707,20250708,SZSE.000785,000785.SZ,居然智家,1,0.9820865045479859,0.021644294339610393,6,0.206,D:/work/quant/quant_mcp/quant/main/config/prediction_manifests/executable_10d_open_return_l4_formal_20260617.json,stock_predict_data_model_agent_10d_topgate_fusion_20260622_executable_10d_open_return_research,??formal L4 10D??????????????????/ST/??/???????????????????
20250707,20250708,SZSE.000563,000563.SZ,陕国投A,2,0.9820865045479859,0.022331653696065826,6,0.206,D:/work/quant/quant_mcp/quant/main/config/prediction_manifests/executable_10d_open_return_l4_formal_20260617.json,stock_predict_data_model_agent_10d_topgate_fusion_20260622_executable_10d_open_return_research,??formal L4 10D??????????????????/ST/??/???????????????????
20250707,20250708,SZSE.000959,000959.SZ,首钢股份,3,0.9820865045479859,0.024842499443673196,6,0.2,D:/work/quant/quant_mcp/quant/main/config/prediction_manifests/executable_10d_open_return_l4_formal_20260617.json,stock_predict_data_model_agent_10d_topgate_fusion_20260622_executable_10d_open_return_research,??formal L4 10D??????????????????/ST/??/???????????????????
20250707,20250708,SZSE.000750,000750.SZ,国海证券,4,0.9820865045479859,0.02610185890348638,6,0.194,D:/work/quant/quant_mcp/quant/main/config/prediction_manifests/executable_10d_open_return_l4_formal_20260617.json,stock_predict_data_model_agent_10d_topgate_fusion_20260622_executable_10d_open_return_research,??formal L4 10D??????????????????/ST/??/???????????????????
20250707,20250708,SZSE.000027,000027.SZ,深圳能源,5,0.9742899573046222,0.013910469391114682,6,0.194,D:/work/quant/quant_mcp/quant/main/config/prediction_manifests/executable_10d_open_return_l4_formal_20260617.json,stock_predict_data_model_agent_10d_topgate_fusion_20260622_executable_10d_open_return_research,??formal L4 10D??????????????????/ST/??/???????????????????
20250708,20250709,SZSE.000785,000785.SZ,居然智家,1,0.9892313405124397,0.02058823631103544,6,0.206,D:/work/quant/quant_mcp/quant/main/config/prediction_manifests/executable_10d_open_return_l4_formal_20260617.json,stock_predict_data_model_agent_10d_topgate_fusion_20260622_executable_10d_open_return_research,??formal L4 10D??????????????????/ST/??/???????????????????
20250708,20250709,SZSE.000563,000563.SZ,陕国投A,2,0.9892313405124397,0.022298412919182574,6,0.206,D:/work/quant/quant_mcp/quant/main/config/prediction_manifests/executable_10d_open_return_l4_formal_20260617.json,stock_predict_data_model_agent_10d_topgate_fusion_20260622_executable_10d_open_return_research,??formal L4 10D??????????????????/ST/??/???????????????????
20250708,20250709,SZSE.000959,000959.SZ,首钢股份,3,0.9892313405124397,0.025528533638835452,6,0.2,D:/work/quant/quant_mcp/quant/main/config/prediction_manifests/executable_10d_open_return_l4_formal_20260617.json,stock_predict_data_model_agent_10d_topgate_fusion_20260622_executable_10d_open_return_research,??formal L4 10D??????????????????/ST/??/???????????????????
20250708,20250709,SZSE.000750,000750.SZ,国海证券,4,0.9892313405124397,0.02560761821834295,6,0.194,D:/work/quant/quant_mcp/quant/main/config/prediction_manifests/executable_10d_open_return_l4_formal_20260617.json,stock_predict_data_model_agent_10d_topgate_fusion_20260622_executable_10d_open_return_research,??formal L4 10D??????????????????/ST/??/???????????????????
20250708,20250709,SZSE.000027,000027.SZ,深圳能源,5,0.9822688451541032,0.013788288096979536,6,0.194,D:/work/quant/quant_mcp/quant/main/config/prediction_manifests/executable_10d_open_return_l4_formal_20260617.json,stock_predict_data_model_agent_10d_topgate_fusion_20260622_executable_10d_open_return_research,??formal L4 10D??????????????????/ST/??/???????????????????
20250709,20250710,SHSE.688425,688425.SH,铁建重工,1,1.009376507700872,0.014145179530346925,6,0.206,D:/work/quant/quant_mcp/quant/main/config/prediction_manifests/executable_10d_open_return_l4_formal_20260617.json,stock_predict_data_model_agent_10d_topgate_fusion_20260622_executable_10d_open_return_research,??formal L4 10D??????????????????/ST/??/???????????????????
20250709,20250710,SZSE.000785,000785.SZ,居然智家,2,0.9719799591760995,0.019901316222120363,6,0.206,D:/work/quant/quant_mcp/quant/main/config/prediction_manifests/executable_10d_open_return_l4_formal_20260617.json,stock_predict_data_model_agent_10d_topgate_fusion_20260622_executable_10d_open_return_research,??formal L4 10D??????????????????/ST/??/???????????????????
20250709,20250710,SZSE.000563,000563.SZ,陕国投A,3,0.9719799591760995,0.02345033594862574,6,0.2,D:/work/quant/quant_mcp/quant/main/config/prediction_manifests/executable_10d_open_return_l4_formal_20260617.json,stock_predict_data_model_agent_10d_topgate_fusion_20260622_executable_10d_open_return_research,??formal L4 10D??????????????????/ST/??/???????????????????
20250709,20250710,SZSE.000750,000750.SZ,国海证券,4,0.9719799591760995,0.025060301853916504,6,0.194,D:/work/quant/quant_mcp/quant/main/config/prediction_manifests/executable_10d_open_return_l4_formal_20260617.json,stock_predict_data_model_agent_10d_topgate_fusion_20260622_executable_10d_open_return_research,??formal L4 10D??????????????????/ST/??/???????????????????
20250709,20250710,SZSE.000959,000959.SZ,首钢股份,5,0.9719799591760995,0.02712121052704858,6,0.194,D:/work/quant/quant_mcp/quant/main/config/prediction_manifests/executable_10d_open_return_l4_formal_20260617.json,stock_predict_data_model_agent_10d_topgate_fusion_20260622_executable_10d_open_return_research,??formal L4 10D??????????????????/ST/??/???????????????????
20250710,20250711,SZSE.000785,000785.SZ,居然智家,1,0.9615884208573019,0.019741101382215912,6,0.206,D:/work/quant/quant_mcp/quant/main/config/prediction_manifests/executable_10d_open_return_l4_formal_20260617.json,stock_predict_data_model_agent_10d_topgate_fusion_20260622_executable_10d_open_return_research,??formal L4 10D??????????????????/ST/??/???????????????????
20250710,20250711,SZSE.000750,000750.SZ,国海证券,2,0.9615884208573019,0.02500054270746854,6,0.206,D:/work/quant/quant_mcp/quant/main/config/prediction_manifests/executable_10d_open_return_l4_formal_20260617.json,stock_predict_data_model_agent_10d_topgate_fusion_20260622_executable_10d_open_return_research,??formal L4 10D??????????????????/ST/??/???????????????????
20250710,20250711,SZSE.000563,000563.SZ,陕国投A,3,0.9615884208573019,0.02539199325241465,6,0.2,D:/work/quant/quant_mcp/quant/main/config/prediction_manifests/executable_10d_open_return_l4_formal_20260617.json,stock_predict_data_model_agent_10d_topgate_fusion_20260622_executable_10d_open_return_research,??formal L4 10D??????????????????/ST/??/???????????????????
20250710,20250711,SZSE.000959,000959.SZ,首钢股份,4,0.9615884208573019,0.027645158326475152,6,0.194,D:/work/quant/quant_mcp/quant/main/config/prediction_manifests/executable_10d_open_return_l4_formal_20260617.json,stock_predict_data_model_agent_10d_topgate_fusion_20260622_executable_10d_open_return_research,??formal L4 10D??????????????????/ST/??/???????????????????
20250710,20250711,SZSE.000027,000027.SZ,深圳能源,5,0.951660790499165,0.01444610785660325,6,0.194,D:/work/quant/quant_mcp/quant/main/config/prediction_manifests/executable_10d_open_return_l4_formal_20260617.json,stock_predict_data_model_agent_10d_topgate_fusion_20260622_executable_10d_open_return_research,??formal L4 10D??????????????????/ST/??/???????????????????
20250711,20250714,SZSE.000785,000785.SZ,居然智家,1,0.970424624513258,0.0191935497002042,6,0.206,D:/work/quant/quant_mcp/quant/main/config/prediction_manifests/executable_10d_open_return_l4_formal_20260617.json,stock_predict_data_model_agent_10d_topgate_fusion_20260622_executable_10d_open_return_research,??formal L4 10D??????????????????/ST/??/???????????????????
20250711,20250714,SZSE.000750,000750.SZ,国海证券,2,0.970424624513258,0.0260414019438231,6,0.206,D:/work/quant/quant_mcp/quant/main/config/prediction_manifests/executable_10d_open_return_l4_formal_20260617.json,stock_predict_data_model_agent_10d_topgate_fusion_20260622_executable_10d_open_return_research,??formal L4 10D??????????????????/ST/??/???????????????????
20250711,20250714,SZSE.000563,000563.SZ,陕国投A,3,0.970424624513258,0.026813703188316905,6,0.2,D:/work/quant/quant_mcp/quant/main/config/prediction_manifests/executable_10d_open_return_l4_formal_20260617.json,stock_predict_data_model_agent_10d_topgate_fusion_20260622_executable_10d_open_return_research,??formal L4 10D??????????????????/ST/??/???????????????????
20250711,20250714,SZSE.000959,000959.SZ,首钢股份,4,0.970424624513258,0.028607499285693155,6,0.194,D:/work/quant/quant_mcp/quant/main/config/prediction_manifests/executable_10d_open_return_l4_formal_20260617.json,stock_predict_data_model_agent_10d_topgate_fusion_20260622_executable_10d_open_return_research,??formal L4 10D??????????????????/ST/??/???????????????????
20250711,20250714,SZSE.000027,000027.SZ,深圳能源,5,0.959299091414797,0.014586465805195691,6,0.194,D:/work/quant/quant_mcp/quant/main/config/prediction_manifests/executable_10d_open_return_l4_formal_20260617.json,stock_predict_data_model_agent_10d_topgate_fusion_20260622_executable_10d_open_return_research,??formal L4 10D??????????????????/ST/??/???????????????????
20250714,20250715,SZSE.000785,000785.SZ,居然智家,1,0.957614542756446,0.019966997071726503,6,0.206,D:/work/quant/quant_mcp/quant/main/config/prediction_manifests/executable_10d_open_return_l4_formal_20260617.json,stock_predict_data_model_agent_10d_topgate_fusion_20260622_executable_10d_open_return_research,??formal L4 10D??????????????????/ST/??/???????????????????
20250714,20250715,SZSE.000750,000750.SZ,国海证券,2,0.957614542756446,0.027187801539611832,6,0.206,D:/work/quant/quant_mcp/quant/main/config/prediction_manifests/executable_10d_open_return_l4_formal_20260617.json,stock_predict_data_model_agent_10d_topgate_fusion_20260622_executable_10d_open_return_research,??formal L4 10D??????????????????/ST/??/???????????????????
20250714,20250715,SZSE.000959,000959.SZ,首钢股份,3,0.957614542756446,0.028824255470821666,6,0.2,D:/work/quant/quant_mcp/quant/main/config/prediction_manifests/executable_10d_open_return_l4_formal_20260617.json,stock_predict_data_model_agent_10d_topgate_fusion_20260622_executable_10d_open_return_research,??formal L4 10D??????????????????/ST/??/???????????????????
20250714,20250715,SZSE.000563,000563.SZ,陕国投A,4,0.957614542756446,0.029278325879918375,6,0.194,D:/work/quant/quant_mcp/quant/main/config/prediction_manifests/executable_10d_open_return_l4_formal_20260617.json,stock_predict_data_model_agent_10d_topgate_fusion_20260622_executable_10d_open_return_research,??formal L4 10D??????????????????/ST/??/???????????????????
20250714,20250715,SZSE.002493,002493.SZ,荣盛石化,5,0.9525134483398257,0.015290417492266187,6,0.194,D:/work/quant/quant_mcp/quant/main/config/prediction_manifests/executable_10d_open_return_l4_formal_20260617.json,stock_predict_data_model_agent_10d_topgate_fusion_20260622_executable_10d_open_return_research,??formal L4 10D??????????????????/ST/??/???????????????????
20250715,20250716,SHSE.600010,600010.SH,包钢股份,1,0.9922106824925816,0.031773399231882764,6,0.206,D:/work/quant/quant_mcp/quant/main/config/prediction_manifests/executable_10d_open_return_l4_formal_20260617.json,stock_predict_data_model_agent_10d_topgate_fusion_20260622_executable_10d_open_return_research,??formal L4 10D??????????????????/ST/??/???????????????????
20250715,20250716,SZSE.002299,002299.SZ,圣农发展,2,0.9751483679525222,0.019908143979298167,6,0.206,D:/work/quant/quant_mcp/quant/main/config/prediction_manifests/executable_10d_open_return_l4_formal_20260617.json,stock_predict_data_model_agent_10d_topgate_fusion_20260622_executable_10d_open_return_research,??formal L4 10D??????????????????/ST/??/???????????????????
20250715,20250716,SZSE.000785,000785.SZ,居然智家,3,0.9678227002967359,0.021283784162766276,6,0.2,D:/work/quant/quant_mcp/quant/main/config/prediction_manifests/executable_10d_open_return_l4_formal_20260617.json,stock_predict_data_model_agent_10d_topgate_fusion_20260622_executable_10d_open_return_research,??formal L4 10D??????????????????/ST/??/???????????????????
20250715,20250716,SZSE.000750,000750.SZ,国海证券,4,0.9678227002967359,0.027976172781956327,6,0.194,D:/work/quant/quant_mcp/quant/main/config/prediction_manifests/executable_10d_open_return_l4_formal_20260617.json,stock_predict_data_model_agent_10d_topgate_fusion_20260622_executable_10d_open_return_research,??formal L4 10D??????????????????/ST/??/???????????????????
20250715,20250716,SZSE.000959,000959.SZ,首钢股份,5,0.9678227002967359,0.029364997914436485,6,0.194,D:/work/quant/quant_mcp/quant/main/config/prediction_manifests/executable_10d_open_return_l4_formal_20260617.json,stock_predict_data_model_agent_10d_topgate_fusion_20260622_executable_10d_open_return_research,??formal L4 10D??????????????????/ST/??/???????????????????
20250716,20250717,SZSE.000785,000785.SZ,居然智家,1,0.9586424332344213,0.021499999181623708,6,0.206,D:/work/quant/quant_mcp/quant/main/config/prediction_manifests/executable_10d_open_return_l4_formal_20260617.json,stock_predict_data_model_agent_10d_topgate_fusion_20260622_executable_10d_open_return_research,??formal L4 10D??????????????????/ST/??/???????????????????
20250716,20250717,SZSE.000750,000750.SZ,国海证券,2,0.9586424332344213,0.02780374872842454,6,0.206,D:/work/quant/quant_mcp/quant/main/config/prediction_manifests/executable_10d_open_return_l4_formal_20260617.json,stock_predict_data_model_agent_10d_topgate_fusion_20260622_executable_10d_open_return_research,??formal L4 10D??????????????????/ST/??/???????????????????
20250716,20250717,SZSE.000563,000563.SZ,陕国投A,3,0.9586424332344213,0.03024219511298517,6,0.2,D:/work/quant/quant_mcp/quant/main/config/prediction_manifests/executable_10d_open_return_l4_formal_20260617.json,stock_predict_data_model_agent_10d_topgate_fusion_20260622_executable_10d_open_return_research,??formal L4 10D??????????????????/ST/??/???????????????????
20250716,20250717,SZSE.000959,000959.SZ,首钢股份,4,0.9586424332344213,0.03152196387480298,6,0.194,D:/work/quant/quant_mcp/quant/main/config/prediction_manifests/executable_10d_open_return_l4_formal_20260617.json,stock_predict_data_model_agent_10d_topgate_fusion_20260622_executable_10d_open_return_research,??formal L4 10D??????????????????/ST/??/???????????????????
20250716,20250717,SHSE.600606,600606.SH,绿地控股,5,0.9532640949554896,0.04170731866439315,6,0.194,D:/work/quant/quant_mcp/quant/main/config/prediction_manifests/executable_10d_open_return_l4_formal_20260617.json,stock_predict_data_model_agent_10d_topgate_fusion_20260622_executable_10d_open_return_research,??formal L4 10D??????????????????/ST/??/???????????????????
20250717,20250718,SHSE.600606,600606.SH,绿地控股,1,0.987947339143334,0.044221104748137646,6,0.206,D:/work/quant/quant_mcp/quant/main/config/prediction_manifests/executable_10d_open_return_l4_formal_20260617.json,stock_predict_data_model_agent_10d_topgate_fusion_20260622_executable_10d_open_return_research,??formal L4 10D??????????????????/ST/??/???????????????????
20250717,20250718,SZSE.000785,000785.SZ,居然智家,2,0.9821991470424625,0.020860927924367792,6,0.206,D:/work/quant/quant_mcp/quant/main/config/prediction_manifests/executable_10d_open_return_l4_formal_20260617.json,stock_predict_data_model_agent_10d_topgate_fusion_20260622_executable_10d_open_return_research,??formal L4 10D??????????????????/ST/??/???????????????????
20250717,20250718,SZSE.000750,000750.SZ,国海证券,3,0.9821991470424625,0.02713348274830204,6,0.2,D:/work/quant/quant_mcp/quant/main/config/prediction_manifests/executable_10d_open_return_l4_formal_20260617.json,stock_predict_data_model_agent_10d_topgate_fusion_20260622_executable_10d_open_return_research,??formal L4 10D??????????????????/ST/??/???????????????????
20250717,20250718,SZSE.000563,000563.SZ,陕国投A,4,0.9821991470424625,0.029919393999054848,6,0.194,D:/work/quant/quant_mcp/quant/main/config/prediction_manifests/executable_10d_open_return_l4_formal_20260617.json,stock_predict_data_model_agent_10d_topgate_fusion_20260622_executable_10d_open_return_research,??formal L4 10D??????????????????/ST/??/???????????????????
20250717,20250718,SZSE.000959,000959.SZ,首钢股份,5,0.9821991470424625,0.03221392930446398,6,0.194,D:/work/quant/quant_mcp/quant/main/config/prediction_manifests/executable_10d_open_return_l4_formal_20260617.json,stock_predict_data_model_agent_10d_topgate_fusion_20260622_executable_10d_open_return_research,??formal L4 10D??????????????????/ST/??/???????????????????
20250718,20250721,SZSE.000785,000785.SZ,居然智家,1,0.9795994065281899,0.020695364671473166,6,0.206,D:/work/quant/quant_mcp/quant/main/config/prediction_manifests/executable_10d_open_return_l4_formal_20260617.json,stock_predict_data_model_agent_10d_topgate_fusion_20260622_executable_10d_open_return_research,??formal L4 10D??????????????????/ST/??/???????????????????
20250718,20250721,SZSE.000750,000750.SZ,国海证券,2,0.9795994065281899,0.027078904611164606,6,0.206,D:/work/quant/quant_mcp/quant/main/config/prediction_manifests/executable_10d_open_return_l4_formal_20260617.json,stock_predict_data_model_agent_10d_topgate_fusion_20260622_executable_10d_open_return_research,??formal L4 10D??????????????????/ST/??/???????????????????
20250718,20250721,SZSE.000563,000563.SZ,陕国投A,3,0.9795994065281899,0.03005508978979641,6,0.2,D:/work/quant/quant_mcp/quant/main/config/prediction_manifests/executable_10d_open_return_l4_formal_20260617.json,stock_predict_data_model_agent_10d_topgate_fusion_20260622_executable_10d_open_return_research,??formal L4 10D??????????????????/ST/??/???????????????????
20250718,20250721,SZSE.000959,000959.SZ,首钢股份,4,0.9795994065281899,0.032839503306945156,6,0.194,D:/work/quant/quant_mcp/quant/main/config/prediction_manifests/executable_10d_open_return_l4_formal_20260617.json,stock_predict_data_model_agent_10d_topgate_fusion_20260622_executable_10d_open_return_research,??formal L4 10D??????????????????/ST/??/???????????????????
20250718,20250721,SZSE.000027,000027.SZ,深圳能源,5,0.9709755192878339,0.015558912053669334,6,0.194,D:/work/quant/quant_mcp/quant/main/config/prediction_manifests/executable_10d_open_return_l4_formal_20260617.json,stock_predict_data_model_agent_10d_topgate_fusion_20260622_executable_10d_open_return_research,??formal L4 10D??????????????????/ST/??/???????????????????
20250721,20250722,SZSE.000785,000785.SZ,居然智家,1,0.9857222325236418,0.020550163339196986,6,0.206,D:/work/quant/quant_mcp/quant/main/config/prediction_manifests/executable_10d_open_return_l4_formal_20260617.json,stock_predict_data_model_agent_10d_topgate_fusion_20260622_executable_10d_open_return_research,??formal L4 10D??????????????????/ST/??/???????????????????
20250721,20250722,SZSE.000750,000750.SZ,国海证券,2,0.9857222325236418,0.02681575925444342,6,0.206,D:/work/quant/quant_mcp/quant/main/config/prediction_manifests/executable_10d_open_return_l4_formal_20260617.json,stock_predict_data_model_agent_10d_topgate_fusion_20260622_executable_10d_open_return_research,??formal L4 10D??????????????????/ST/??/???????????????????
20250721,20250722,SZSE.000563,000563.SZ,陕国投A,3,0.9857222325236418,0.029600254100754078,6,0.2,D:/work/quant/quant_mcp/quant/main/config/prediction_manifests/executable_10d_open_return_l4_formal_20260617.json,stock_predict_data_model_agent_10d_topgate_fusion_20260622_executable_10d_open_return_research,??formal L4 10D??????????????????/ST/??/???????????????????
20250721,20250722,SZSE.000959,000959.SZ,首钢股份,4,0.9857222325236418,0.03325358787634081,6,0.194,D:/work/quant/quant_mcp/quant/main/config/prediction_manifests/executable_10d_open_return_l4_formal_20260617.json,stock_predict_data_model_agent_10d_topgate_fusion_20260622_executable_10d_open_return_research,??formal L4 10D??????????????????/ST/??/???????????????????
20250721,20250722,SZSE.000027,000027.SZ,深圳能源,5,0.9798813276469498,0.015419161476285824,6,0.194,D:/work/quant/quant_mcp/quant/main/config/prediction_manifests/executable_10d_open_return_l4_formal_20260617.json,stock_predict_data_model_agent_10d_topgate_fusion_20260622_executable_10d_open_return_research,??formal L4 10D??????????????????/ST/??/???????????????????
20250722,20250723,SZSE.300059,300059.SZ,东方财富,1,1.0091022073826748,0.02933290663609011,6,0.206,D:/work/quant/quant_mcp/quant/main/config/prediction_manifests/executable_10d_open_return_l4_formal_20260617.json,stock_predict_data_model_agent_10d_topgate_fusion_20260622_executable_10d_open_return_research,??formal L4 10D??????????????????/ST/??/???????????????????
20250722,20250723,SZSE.000785,000785.SZ,居然智家,2,0.9858096828046744,0.020766771945331178,6,0.206,D:/work/quant/quant_mcp/quant/main/config/prediction_manifests/executable_10d_open_return_l4_formal_20260617.json,stock_predict_data_model_agent_10d_topgate_fusion_20260622_executable_10d_open_return_research,??formal L4 10D??????????????????/ST/??/???????????????????
20250722,20250723,SZSE.000750,000750.SZ,国海证券,3,0.9858096828046744,0.02611162583452383,6,0.2,D:/work/quant/quant_mcp/quant/main/config/prediction_manifests/executable_10d_open_return_l4_formal_20260617.json,stock_predict_data_model_agent_10d_topgate_fusion_20260622_executable_10d_open_return_research,??formal L4 10D??????????????????/ST/??/???????????????????
20250722,20250723,SZSE.000563,000563.SZ,陕国投A,4,0.9858096828046744,0.029278325879918375,6,0.194,D:/work/quant/quant_mcp/quant/main/config/prediction_manifests/executable_10d_open_return_l4_formal_20260617.json,stock_predict_data_model_agent_10d_topgate_fusion_20260622_executable_10d_open_return_research,??formal L4 10D??????????????????/ST/??/???????????????????
20250722,20250723,SZSE.000959,000959.SZ,首钢股份,5,0.9858096828046744,0.033720926079296165,6,0.194,D:/work/quant/quant_mcp/quant/main/config/prediction_manifests/executable_10d_open_return_l4_formal_20260617.json,stock_predict_data_model_agent_10d_topgate_fusion_20260622_executable_10d_open_return_research,??formal L4 10D??????????????????/ST/??/???????????????????
20250723,20250724,SZSE.000785,000785.SZ,居然智家,1,0.9881371640407784,0.02192428978783562,6,0.206,D:/work/quant/quant_mcp/quant/main/config/prediction_manifests/executable_10d_open_return_l4_formal_20260617.json,stock_predict_data_model_agent_10d_topgate_fusion_20260622_executable_10d_open_return_research,??formal L4 10D??????????????????/ST/??/???????????????????
20250723,20250724,SZSE.000750,000750.SZ,国海证券,2,0.9881371640407784,0.024355986764005473,6,0.206,D:/work/quant/quant_mcp/quant/main/config/prediction_manifests/executable_10d_open_return_l4_formal_20260617.json,stock_predict_data_model_agent_10d_topgate_fusion_20260622_executable_10d_open_return_research,??formal L4 10D??????????????????/ST/??/???????????????????
20250723,20250724,SZSE.000563,000563.SZ,陕国投A,3,0.9881371640407784,0.02654917124637957,6,0.2,D:/work/quant/quant_mcp/quant/main/config/prediction_manifests/executable_10d_open_return_l4_formal_20260617.json,stock_predict_data_model_agent_10d_topgate_fusion_20260622_executable_10d_open_return_research,??formal L4 10D??????????????????/ST/??/???????????????????
20250723,20250724,SZSE.000959,000959.SZ,首钢股份,4,0.9881371640407784,0.03603286142613465,6,0.194,D:/work/quant/quant_mcp/quant/main/config/prediction_manifests/executable_10d_open_return_l4_formal_20260617.json,stock_predict_data_model_agent_10d_topgate_fusion_20260622_executable_10d_open_return_research,??formal L4 10D??????????????????/ST/??/???????????????????
20250723,20250724,SZSE.000027,000027.SZ,深圳能源,5,0.9805375347544022,0.0153502228657452,6,0.194,D:/work/quant/quant_mcp/quant/main/config/prediction_manifests/executable_10d_open_return_l4_formal_20260617.json,stock_predict_data_model_agent_10d_topgate_fusion_20260622_executable_10d_open_return_research,??formal L4 10D??????????????????/ST/??/???????????????????
20250724,20250725,SZSE.000785,000785.SZ,居然智家,1,0.9897107897664071,0.022239263553724648,6,0.206,D:/work/quant/quant_mcp/quant/main/config/prediction_manifests/executable_10d_open_return_l4_formal_20260617.json,stock_predict_data_model_agent_10d_topgate_fusion_20260622_executable_10d_open_return_research,??formal L4 10D??????????????????/ST/??/???????????????????
20250724,20250725,SZSE.000750,000750.SZ,国海证券,2,0.9897107897664071,0.023174551045998477,6,0.206,D:/work/quant/quant_mcp/quant/main/config/prediction_manifests/executable_10d_open_return_l4_formal_20260617.json,stock_predict_data_model_agent_10d_topgate_fusion_20260622_executable_10d_open_return_research,??formal L4 10D??????????????????/ST/??/???????????????????
20250724,20250725,SZSE.000563,000563.SZ,陕国投A,3,0.9897107897664071,0.02592037567705751,6,0.2,D:/work/quant/quant_mcp/quant/main/config/prediction_manifests/executable_10d_open_return_l4_formal_20260617.json,stock_predict_data_model_agent_10d_topgate_fusion_20260622_executable_10d_open_return_research,??formal L4 10D??????????????????/ST/??/???????????????????
20250724,20250725,SZSE.000959,000959.SZ,首钢股份,4,0.9897107897664071,0.03652073440816529,6,0.194,D:/work/quant/quant_mcp/quant/main/config/prediction_manifests/executable_10d_open_return_l4_formal_20260617.json,stock_predict_data_model_agent_10d_topgate_fusion_20260622_executable_10d_open_return_research,??formal L4 10D??????????????????/ST/??/???????????????????
20250724,20250725,SZSE.000027,000027.SZ,深圳能源,5,0.9826659251019652,0.015014791360656692,6,0.194,D:/work/quant/quant_mcp/quant/main/config/prediction_manifests/executable_10d_open_return_l4_formal_20260617.json,stock_predict_data_model_agent_10d_topgate_fusion_20260622_executable_10d_open_return_research,??formal L4 10D??????????????????/ST/??/???????????????????
20250725,20250728,SHSE.601399,601399.SH,国机重装,1,0.9964788732394366,0.035344828368768864,6,0.206,D:/work/quant/quant_mcp/quant/main/config/prediction_manifests/executable_10d_open_return_l4_formal_20260617.json,stock_predict_data_model_agent_10d_topgate_fusion_20260622_executable_10d_open_return_research,??formal L4 10D??????????????????/ST/??/???????????????????
20250725,20250728,SZSE.000750,000750.SZ,国海证券,2,0.990826538176427,0.02091984131986395,6,0.206,D:/work/quant/quant_mcp/quant/main/config/prediction_manifests/executable_10d_open_return_l4_formal_20260617.json,stock_predict_data_model_agent_10d_topgate_fusion_20260622_executable_10d_open_return_research,??formal L4 10D??????????????????/ST/??/???????????????????
20250725,20250728,SZSE.000785,000785.SZ,居然智家,3,0.990826538176427,0.023417721526849605,6,0.2,D:/work/quant/quant_mcp/quant/main/config/prediction_manifests/executable_10d_open_return_l4_formal_20260617.json,stock_predict_data_model_agent_10d_topgate_fusion_20260622_executable_10d_open_return_research,??formal L4 10D??????????????????/ST/??/???????????????????
20250725,20250728,SZSE.000563,000563.SZ,陕国投A,4,0.990826538176427,0.02587245398145244,6,0.194,D:/work/quant/quant_mcp/quant/main/config/prediction_manifests/executable_10d_open_return_l4_formal_20260617.json,stock_predict_data_model_agent_10d_topgate_fusion_20260622_executable_10d_open_return_research,??formal L4 10D??????????????????/ST/??/???????????????????
20250725,20250728,SZSE.000959,000959.SZ,首钢股份,5,0.990826538176427,0.03680555095454845,6,0.194,D:/work/quant/quant_mcp/quant/main/config/prediction_manifests/executable_10d_open_return_l4_formal_20260617.json,stock_predict_data_model_agent_10d_topgate_fusion_20260622_executable_10d_open_return_research,??formal L4 10D??????????????????/ST/??/???????????????????
20250728,20250729,SZSE.000750,000750.SZ,国海证券,1,0.9886974244950899,0.020689446130389495,6,0.206,D:/work/quant/quant_mcp/quant/main/config/prediction_manifests/executable_10d_open_return_l4_formal_20260617.json,stock_predict_data_model_agent_10d_topgate_fusion_20260622_executable_10d_open_return_research,??formal L4 10D??????????????????/ST/??/???????????????????
20250728,20250729,SZSE.000563,000563.SZ,陕国投A,2,0.9886974244950899,0.025876234264997282,6,0.206,D:/work/quant/quant_mcp/quant/main/config/prediction_manifests/executable_10d_open_return_l4_formal_20260617.json,stock_predict_data_model_agent_10d_topgate_fusion_20260622_executable_10d_open_return_research,??formal L4 10D??????????????????/ST/??/???????????????????
20250728,20250729,SZSE.000785,000785.SZ,居然智家,3,0.9886974244950899,0.029421767368555,6,0.2,D:/work/quant/quant_mcp/quant/main/config/prediction_manifests/executable_10d_open_return_l4_formal_20260617.json,stock_predict_data_model_agent_10d_topgate_fusion_20260622_executable_10d_open_return_research,??formal L4 10D??????????????????/ST/??/???????????????????
20250728,20250729,SZSE.000959,000959.SZ,首钢股份,4,0.9886974244950899,0.03790697374829168,6,0.194,D:/work/quant/quant_mcp/quant/main/config/prediction_manifests/executable_10d_open_return_l4_formal_20260617.json,stock_predict_data_model_agent_10d_topgate_fusion_20260622_executable_10d_open_return_research,??formal L4 10D??????????????????/ST/??/???????????????????
20250728,20250729,SZSE.000027,000027.SZ,深圳能源,5,0.9811932555123216,0.015067465869410457,6,0.194,D:/work/quant/quant_mcp/quant/main/config/prediction_manifests/executable_10d_open_return_l4_formal_20260617.json,stock_predict_data_model_agent_10d_topgate_fusion_20260622_executable_10d_open_return_research,??formal L4 10D??????????????????/ST/??/???????????????????
20250729,20250730,SZSE.000750,000750.SZ,国海证券,1,0.9876874652842066,0.020709428052682322,6,0.206,D:/work/quant/quant_mcp/quant/main/config/prediction_manifests/executable_10d_open_return_l4_formal_20260617.json,stock_predict_data_model_agent_10d_topgate_fusion_20260622_executable_10d_open_return_research,??formal L4 10D??????????????????/ST/??/???????????????????
20250729,20250730,SZSE.000563,000563.SZ,陕国投A,2,0.9876874652842066,0.026152913915396685,6,0.206,D:/work/quant/quant_mcp/quant/main/config/prediction_manifests/executable_10d_open_return_l4_formal_20260617.json,stock_predict_data_model_agent_10d_topgate_fusion_20260622_executable_10d_open_return_research,??formal L4 10D??????????????????/ST/??/???????????????????
20250729,20250730,SZSE.000785,000785.SZ,居然智家,3,0.9876874652842066,0.030902777539394456,6,0.2,D:/work/quant/quant_mcp/quant/main/config/prediction_manifests/executable_10d_open_return_l4_formal_20260617.json,stock_predict_data_model_agent_10d_topgate_fusion_20260622_executable_10d_open_return_research,??formal L4 10D??????????????????/ST/??/???????????????????
20250729,20250730,SZSE.000959,000959.SZ,首钢股份,4,0.9876874652842066,0.037217191634071195,6,0.194,D:/work/quant/quant_mcp/quant/main/config/prediction_manifests/executable_10d_open_return_l4_formal_20260617.json,stock_predict_data_model_agent_10d_topgate_fusion_20260622_executable_10d_open_return_research,??formal L4 10D??????????????????/ST/??/???????????????????
20250729,20250730,SZSE.000027,000027.SZ,深圳能源,5,0.9802814293649325,0.015037593394146362,6,0.194,D:/work/quant/quant_mcp/quant/main/config/prediction_manifests/executable_10d_open_return_l4_formal_20260617.json,stock_predict_data_model_agent_10d_topgate_fusion_20260622_executable_10d_open_return_research,??formal L4 10D??????????????????/ST/??/???????????????????
20250730,20250731,SZSE.300433,300433.SZ,蓝思科技,1,1.009468616922792,0.035535468109537637,6,0.206,D:/work/quant/quant_mcp/quant/main/config/prediction_manifests/executable_10d_open_return_l4_formal_20260617.json,stock_predict_data_model_agent_10d_topgate_fusion_20260622_executable_10d_open_return_research,??formal L4 10D??????????????????/ST/??/???????????????????
20250730,20250731,SZSE.000750,000750.SZ,国海证券,2,0.9862988335493427,0.021462791203181262,6,0.206,D:/work/quant/quant_mcp/quant/main/config/prediction_manifests/executable_10d_open_return_l4_formal_20260617.json,stock_predict_data_model_agent_10d_topgate_fusion_20260622_executable_10d_open_return_research,??formal L4 10D??????????????????/ST/??/???????????????????
20250730,20250731,SZSE.000563,000563.SZ,陕国投A,3,0.9862988335493427,0.026647640036724405,6,0.2,D:/work/quant/quant_mcp/quant/main/config/prediction_manifests/executable_10d_open_return_l4_formal_20260617.json,stock_predict_data_model_agent_10d_topgate_fusion_20260622_executable_10d_open_return_research,??formal L4 10D??????????????????/ST/??/???????????????????
20250730,20250731,SZSE.000959,000959.SZ,首钢股份,4,0.9862988335493427,0.035568178536128627,6,0.194,D:/work/quant/quant_mcp/quant/main/config/prediction_manifests/executable_10d_open_return_l4_formal_20260617.json,stock_predict_data_model_agent_10d_topgate_fusion_20260622_executable_10d_open_return_research,??formal L4 10D??????????????????/ST/??/???????????????????
20250730,20250731,SZSE.000027,000027.SZ,深圳能源,5,0.9785224958341048,0.015119760791520555,6,0.194,D:/work/quant/quant_mcp/quant/main/config/prediction_manifests/executable_10d_open_return_l4_formal_20260617.json,stock_predict_data_model_agent_10d_topgate_fusion_20260622_executable_10d_open_return_research,??formal L4 10D??????????????????/ST/??/???????????????????
20250731,20250801,SZSE.000750,000750.SZ,国海证券,1,0.9870298313878081,0.022738395723282612,6,0.206,D:/work/quant/quant_mcp/quant/main/config/prediction_manifests/executable_10d_open_return_l4_formal_20260617.json,stock_predict_data_model_agent_10d_topgate_fusion_20260622_executable_10d_open_return_research,??formal L4 10D??????????????????/ST/??/???????????????????
20250731,20250801,SZSE.000563,000563.SZ,陕国投A,2,0.9870298313878081,0.027872348269020127,6,0.206,D:/work/quant/quant_mcp/quant/main/config/prediction_manifests/executable_10d_open_return_l4_formal_20260617.json,stock_predict_data_model_agent_10d_topgate_fusion_20260622_executable_10d_open_return_research,??formal L4 10D??????????????????/ST/??/???????????????????
20250731,20250801,SZSE.000785,000785.SZ,居然智家,3,0.9870298313878081,0.036912751780866844,6,0.2,D:/work/quant/quant_mcp/quant/main/config/prediction_manifests/executable_10d_open_return_l4_formal_20260617.json,stock_predict_data_model_agent_10d_topgate_fusion_20260622_executable_10d_open_return_research,??formal L4 10D??????????????????/ST/??/???????????????????
20250731,20250801,SZSE.000959,000959.SZ,首钢股份,4,0.9870298313878081,0.03839713001158154,6,0.194,D:/work/quant/quant_mcp/quant/main/config/prediction_manifests/executable_10d_open_return_l4_formal_20260617.json,stock_predict_data_model_agent_10d_topgate_fusion_20260622_executable_10d_open_return_research,??formal L4 10D??????????????????/ST/??/???????????????????
20250731,20250801,SZSE.000027,000027.SZ,深圳能源,5,0.9796183064665555,0.016513055871702563,6,0.194,D:/work/quant/quant_mcp/quant/main/config/prediction_manifests/executable_10d_open_return_l4_formal_20260617.json,stock_predict_data_model_agent_10d_topgate_fusion_20260622_executable_10d_open_return_research,??formal L4 10D??????????????????/ST/??/???????????????????
20250801,20250804,SZSE.000750,000750.SZ,国海证券,1,0.9854575768803261,0.022314278230683594,6,0.206,D:/work/quant/quant_mcp/quant/main/config/prediction_manifests/executable_10d_open_return_l4_formal_20260617.json,stock_predict_data_model_agent_10d_topgate_fusion_20260622_executable_10d_open_return_research,??formal L4 10D??????????????????/ST/??/???????????????????
20250801,20250804,SZSE.000563,000563.SZ,陕国投A,2,0.9854575768803261,0.027590316016440058,6,0.206,D:/work/quant/quant_mcp/quant/main/config/prediction_manifests/executable_10d_open_return_l4_formal_20260617.json,stock_predict_data_model_agent_10d_topgate_fusion_20260622_executable_10d_open_return_research,??formal L4 10D??????????????????/ST/??/???????????????????
20250801,20250804,SZSE.000959,000959.SZ,首钢股份,3,0.9854575768803261,0.036561738824831144,6,0.2,D:/work/quant/quant_mcp/quant/main/config/prediction_manifests/executable_10d_open_return_l4_formal_20260617.json,stock_predict_data_model_agent_10d_topgate_fusion_20260622_executable_10d_open_return_research,??formal L4 10D??????????????????/ST/??/???????????????????
20250801,20250804,SZSE.000785,000785.SZ,居然智家,4,0.9854575768803261,0.03857615897789711,6,0.194,D:/work/quant/quant_mcp/quant/main/config/prediction_manifests/executable_10d_open_return_l4_formal_20260617.json,stock_predict_data_model_agent_10d_topgate_fusion_20260622_executable_10d_open_return_research,??formal L4 10D??????????????????/ST/??/???????????????????
20250801,20250804,SZSE.000027,000027.SZ,深圳能源,5,0.9786031863653205,0.01661561846161636,6,0.194,D:/work/quant/quant_mcp/quant/main/config/prediction_manifests/executable_10d_open_return_l4_formal_20260617.json,stock_predict_data_model_agent_10d_topgate_fusion_20260622_executable_10d_open_return_research,??formal L4 10D??????????????????/ST/??/???????????????????
20250804,20250805,SZSE.300274,300274.SZ,阳光电源,1,1.009516218721038,0.037300080521603,6,0.206,D:/work/quant/quant_mcp/quant/main/config/prediction_manifests/executable_10d_open_return_l4_formal_20260617.json,stock_predict_data_model_agent_10d_topgate_fusion_20260622_executable_10d_open_return_research,??formal L4 10D??????????????????/ST/??/???????????????????
20250804,20250805,SZSE.000750,000750.SZ,国海证券,2,0.9870250231696015,0.02195788020884001,6,0.206,D:/work/quant/quant_mcp/quant/main/config/prediction_manifests/executable_10d_open_return_l4_formal_20260617.json,stock_predict_data_model_agent_10d_topgate_fusion_20260622_executable_10d_open_return_research,??formal L4 10D??????????????????/ST/??/???????????????????
20250804,20250805,SZSE.000563,000563.SZ,陕国投A,3,0.9870250231696015,0.027159007964974224,6,0.2,D:/work/quant/quant_mcp/quant/main/config/prediction_manifests/executable_10d_open_return_l4_formal_20260617.json,stock_predict_data_model_agent_10d_topgate_fusion_20260622_executable_10d_open_return_research,??formal L4 10D??????????????????/ST/??/???????????????????
20250804,20250805,SZSE.000959,000959.SZ,首钢股份,4,0.9870250231696015,0.03586956348528645,6,0.194,D:/work/quant/quant_mcp/quant/main/config/prediction_manifests/executable_10d_open_return_l4_formal_20260617.json,stock_predict_data_model_agent_10d_topgate_fusion_20260622_executable_10d_open_return_research,??formal L4 10D??????????????????/ST/??/???????????????????
20250804,20250805,SZSE.000785,000785.SZ,居然智家,5,0.9870250231696015,0.04047619121235398,6,0.194,D:/work/quant/quant_mcp/quant/main/config/prediction_manifests/executable_10d_open_return_l4_formal_20260617.json,stock_predict_data_model_agent_10d_topgate_fusion_20260622_executable_10d_open_return_research,??formal L4 10D??????????????????/ST/??/???????????????????
20250805,20250806,SZSE.002266,002266.SZ,浙富控股,1,1.0076556708673092,0.0534647335963485,6,0.206,D:/work/quant/quant_mcp/quant/main/config/prediction_manifests/executable_10d_open_return_l4_formal_20260617.json,stock_predict_data_model_agent_10d_topgate_fusion_20260622_executable_10d_open_return_research,??formal L4 10D??????????????????/ST/??/???????????????????
20250805,20250806,SZSE.000750,000750.SZ,国海证券,2,0.9944403261675315,0.02163177703542886,6,0.206,D:/work/quant/quant_mcp/quant/main/config/prediction_manifests/executable_10d_open_return_l4_formal_20260617.json,stock_predict_data_model_agent_10d_topgate_fusion_20260622_executable_10d_open_return_research,??formal L4 10D??????????????????/ST/??/???????????????????
20250805,20250806,SZSE.000563,000563.SZ,陕国投A,3,0.9944403261675315,0.026446508838478558,6,0.2,D:/work/quant/quant_mcp/quant/main/config/prediction_manifests/executable_10d_open_return_l4_formal_20260617.json,stock_predict_data_model_agent_10d_topgate_fusion_20260622_executable_10d_open_return_research,??formal L4 10D??????????????????/ST/??/???????????????????
20250805,20250806,SZSE.000959,000959.SZ,首钢股份,4,0.9944403261675315,0.03552631438719582,6,0.194,D:/work/quant/quant_mcp/quant/main/config/prediction_manifests/executable_10d_open_return_l4_formal_20260617.json,stock_predict_data_model_agent_10d_topgate_fusion_20260622_executable_10d_open_return_research,??formal L4 10D??????????????????/ST/??/???????????????????
20250805,20250806,SZSE.000785,000785.SZ,居然智家,5,0.9944403261675315,0.03949152457436095,6,0.194,D:/work/quant/quant_mcp/quant/main/config/prediction_manifests/executable_10d_open_return_l4_formal_20260617.json,stock_predict_data_model_agent_10d_topgate_fusion_20260622_executable_10d_open_return_research,??formal L4 10D??????????????????/ST/??/???????????????????
20250806,20250807,SZSE.002266,002266.SZ,浙富控股,1,1.008316042978881,0.05316240945828102,6,0.206,D:/work/quant/quant_mcp/quant/main/config/prediction_manifests/executable_10d_open_return_l4_formal_20260617.json,stock_predict_data_model_agent_10d_topgate_fusion_20260622_executable_10d_open_return_research,??formal L4 10D??????????????????/ST/??/???????????????????
20250806,20250807,SZSE.000750,000750.SZ,国海证券,2,0.9954612819562801,0.021462573740266493,6,0.206,D:/work/quant/quant_mcp/quant/main/config/prediction_manifests/executable_10d_open_return_l4_formal_20260617.json,stock_predict_data_model_agent_10d_topgate_fusion_20260622_executable_10d_open_return_research,??formal L4 10D??????????????????/ST/??/???????????????????
20250806,20250807,SZSE.000563,000563.SZ,陕国投A,3,0.9954612819562801,0.02417242580638204,6,0.2,D:/work/quant/quant_mcp/quant/main/config/prediction_manifests/executable_10d_open_return_l4_formal_20260617.json,stock_predict_data_model_agent_10d_topgate_fusion_20260622_executable_10d_open_return_research,??formal L4 10D??????????????????/ST/??/???????????????????
20250806,20250807,SZSE.000959,000959.SZ,首钢股份,4,0.9954612819562801,0.03455188841896113,6,0.194,D:/work/quant/quant_mcp/quant/main/config/prediction_manifests/executable_10d_open_return_l4_formal_20260617.json,stock_predict_data_model_agent_10d_topgate_fusion_20260622_executable_10d_open_return_research,??formal L4 10D??????????????????/ST/??/???????????????????
20250806,20250807,SZSE.000785,000785.SZ,居然智家,5,0.9954612819562801,0.03962584935716263,6,0.194,D:/work/quant/quant_mcp/quant/main/config/prediction_manifests/executable_10d_open_return_l4_formal_20260617.json,stock_predict_data_model_agent_10d_topgate_fusion_20260622_executable_10d_open_return_research,??formal L4 10D??????????????????/ST/??/???????????????????
20250807,20250808,SZSE.000750,000750.SZ,国海证券,1,0.9958317895516858,0.020822531791937042,6,0.206,D:/work/quant/quant_mcp/quant/main/config/prediction_manifests/executable_10d_open_return_l4_formal_20260617.json,stock_predict_data_model_agent_10d_topgate_fusion_20260622_executable_10d_open_return_research,??formal L4 10D??????????????????/ST/??/???????????????????
20250807,20250808,SZSE.000563,000563.SZ,陕国投A,2,0.9958317895516858,0.021586975636894455,6,0.206,D:/work/quant/quant_mcp/quant/main/config/prediction_manifests/executable_10d_open_return_l4_formal_20260617.json,stock_predict_data_model_agent_10d_topgate_fusion_20260622_executable_10d_open_return_research,??formal L4 10D??????????????????/ST/??/???????????????????
20250807,20250808,SZSE.000959,000959.SZ,首钢股份,3,0.9958317895516858,0.03569711381897351,6,0.2,D:/work/quant/quant_mcp/quant/main/config/prediction_manifests/executable_10d_open_return_l4_formal_20260617.json,stock_predict_data_model_agent_10d_topgate_fusion_20260622_executable_10d_open_return_research,??formal L4 10D??????????????????/ST/??/???????????????????
20250807,20250808,SZSE.000785,000785.SZ,居然智家,4,0.9958317895516858,0.039020271384586185,6,0.194,D:/work/quant/quant_mcp/quant/main/config/prediction_manifests/executable_10d_open_return_l4_formal_20260617.json,stock_predict_data_model_agent_10d_topgate_fusion_20260622_executable_10d_open_return_research,??formal L4 10D??????????????????/ST/??/???????????????????
20250807,20250808,SZSE.000027,000027.SZ,深圳能源,5,0.9899036680251945,0.014383560359170837,6,0.194,D:/work/quant/quant_mcp/quant/main/config/prediction_manifests/executable_10d_open_return_l4_formal_20260617.json,stock_predict_data_model_agent_10d_topgate_fusion_20260622_executable_10d_open_return_research,??formal L4 10D??????????????????/ST/??/???????????????????
20250808,20250811,SZSE.000750,000750.SZ,国海证券,1,0.9959259259259259,0.01883788073272212,6,0.206,D:/work/quant/quant_mcp/quant/main/config/prediction_manifests/executable_10d_open_return_l4_formal_20260617.json,stock_predict_data_model_agent_10d_topgate_fusion_20260622_executable_10d_open_return_research,??formal L4 10D??????????????????/ST/??/???????????????????
20250808,20250811,SZSE.000563,000563.SZ,陕国投A,2,0.9959259259259259,0.01958350136153222,6,0.206,D:/work/quant/quant_mcp/quant/main/config/prediction_manifests/executable_10d_open_return_l4_formal_20260617.json,stock_predict_data_model_agent_10d_topgate_fusion_20260622_executable_10d_open_return_research,??formal L4 10D??????????????????/ST/??/???????????????????
20250808,20250811,SZSE.000959,000959.SZ,首钢股份,3,0.9959259259259259,0.03544600408867725,6,0.2,D:/work/quant/quant_mcp/quant/main/config/prediction_manifests/executable_10d_open_return_l4_formal_20260617.json,stock_predict_data_model_agent_10d_topgate_fusion_20260622_executable_10d_open_return_research,??formal L4 10D??????????????????/ST/??/???????????????????
20250808,20250811,SZSE.000785,000785.SZ,居然智家,4,0.9959259259259259,0.03904109546114021,6,0.194,D:/work/quant/quant_mcp/quant/main/config/prediction_manifests/executable_10d_open_return_l4_formal_20260617.json,stock_predict_data_model_agent_10d_topgate_fusion_20260622_executable_10d_open_return_research,??formal L4 10D??????????????????/ST/??/???????????????????
20250808,20250811,SZSE.000027,000027.SZ,深圳能源,5,0.9903703703703703,0.014933134950029304,6,0.194,D:/work/quant/quant_mcp/quant/main/config/prediction_manifests/executable_10d_open_return_l4_formal_20260617.json,stock_predict_data_model_agent_10d_topgate_fusion_20260622_executable_10d_open_return_research,??formal L4 10D??????????????????/ST/??/???????????????????
20250811,20250812,SZSE.000563,000563.SZ,陕国投A,1,0.9959266802443992,0.017907433828454934,6,0.206,D:/work/quant/quant_mcp/quant/main/config/prediction_manifests/executable_10d_open_return_l4_formal_20260617.json,stock_predict_data_model_agent_10d_topgate_fusion_20260622_executable_10d_open_return_research,??formal L4 10D??????????????????/ST/??/???????????????????
20250811,20250812,SZSE.000750,000750.SZ,国海证券,2,0.9959266802443992,0.01795756333014106,6,0.206,D:/work/quant/quant_mcp/quant/main/config/prediction_manifests/executable_10d_open_return_l4_formal_20260617.json,stock_predict_data_model_agent_10d_topgate_fusion_20260622_executable_10d_open_return_research,??formal L4 10D??????????????????/ST/??/???????????????????
20250811,20250812,SZSE.000959,000959.SZ,首钢股份,3,0.9959266802443992,0.035510686142964626,6,0.2,D:/work/quant/quant_mcp/quant/main/config/prediction_manifests/executable_10d_open_return_l4_formal_20260617.json,stock_predict_data_model_agent_10d_topgate_fusion_20260622_executable_10d_open_return_research,??formal L4 10D??????????????????/ST/??/???????????????????
20250811,20250812,SZSE.000785,000785.SZ,居然智家,4,0.9959266802443992,0.03822525684012372,6,0.194,D:/work/quant/quant_mcp/quant/main/config/prediction_manifests/executable_10d_open_return_l4_formal_20260617.json,stock_predict_data_model_agent_10d_topgate_fusion_20260622_executable_10d_open_return_research,??formal L4 10D??????????????????/ST/??/???????????????????
20250811,20250812,SZSE.000027,000027.SZ,深圳能源,5,0.9905573042029254,0.01497005989145974,6,0.194,D:/work/quant/quant_mcp/quant/main/config/prediction_manifests/executable_10d_open_return_l4_formal_20260617.json,stock_predict_data_model_agent_10d_topgate_fusion_20260622_executable_10d_open_return_research,??formal L4 10D??????????????????/ST/??/???????????????????
20250812,20250813,SZSE.000563,000563.SZ,陕国投A,1,0.9967616580310881,0.01726042191890732,6,0.206,D:/work/quant/quant_mcp/quant/main/config/prediction_manifests/executable_10d_open_return_l4_formal_20260617.json,stock_predict_data_model_agent_10d_topgate_fusion_20260622_executable_10d_open_return_research,??formal L4 10D??????????????????/ST/??/???????????????????
20250812,20250813,SZSE.000750,000750.SZ,国海证券,2,0.9967616580310881,0.017326700186236086,6,0.206,D:/work/quant/quant_mcp/quant/main/config/prediction_manifests/executable_10d_open_return_l4_formal_20260617.json,stock_predict_data_model_agent_10d_topgate_fusion_20260622_executable_10d_open_return_research,??formal L4 10D??????????????????/ST/??/???????????????????
20250812,20250813,SZSE.000959,000959.SZ,首钢股份,3,0.9967616580310881,0.03569711381897351,6,0.2,D:/work/quant/quant_mcp/quant/main/config/prediction_manifests/executable_10d_open_return_l4_formal_20260617.json,stock_predict_data_model_agent_10d_topgate_fusion_20260622_executable_10d_open_return_research,??formal L4 10D??????????????????/ST/??/???????????????????
20250812,20250813,SZSE.000785,000785.SZ,居然智家,4,0.9967616580310881,0.03767123223868189,6,0.194,D:/work/quant/quant_mcp/quant/main/config/prediction_manifests/executable_10d_open_return_l4_formal_20260617.json,stock_predict_data_model_agent_10d_topgate_fusion_20260622_executable_10d_open_return_research,??formal L4 10D??????????????????/ST/??/???????????????????
20250812,20250813,SZSE.000027,000027.SZ,深圳能源,5,0.9913952627683198,0.014264263843658002,6,0.194,D:/work/quant/quant_mcp/quant/main/config/prediction_manifests/executable_10d_open_return_l4_formal_20260617.json,stock_predict_data_model_agent_10d_topgate_fusion_20260622_executable_10d_open_return_research,??formal L4 10D??????????????????/ST/??/???????????????????
20250813,20250814,SZSE.000563,000563.SZ,陕国投A,1,0.9966672838363266,0.017390523569408352,6,0.206,D:/work/quant/quant_mcp/quant/main/config/prediction_manifests/executable_10d_open_return_l4_formal_20260617.json,stock_predict_data_model_agent_10d_topgate_fusion_20260622_executable_10d_open_return_research,??formal L4 10D??????????????????/ST/??/???????????????????
20250813,20250814,SZSE.000750,000750.SZ,国海证券,2,0.9966672838363266,0.017890493139056187,6,0.206,D:/work/quant/quant_mcp/quant/main/config/prediction_manifests/executable_10d_open_return_l4_formal_20260617.json,stock_predict_data_model_agent_10d_topgate_fusion_20260622_executable_10d_open_return_research,??formal L4 10D??????????????????/ST/??/???????????????????
20250813,20250814,SZSE.000959,000959.SZ,首钢股份,3,0.9966672838363266,0.034652276352827145,6,0.2,D:/work/quant/quant_mcp/quant/main/config/prediction_manifests/executable_10d_open_return_l4_formal_20260617.json,stock_predict_data_model_agent_10d_topgate_fusion_20260622_executable_10d_open_return_research,??formal L4 10D??????????????????/ST/??/???????????????????
20250813,20250814,SZSE.000785,000785.SZ,居然智家,4,0.9966672838363266,0.037157532573421775,6,0.194,D:/work/quant/quant_mcp/quant/main/config/prediction_manifests/executable_10d_open_return_l4_formal_20260617.json,stock_predict_data_model_agent_10d_topgate_fusion_20260622_executable_10d_open_return_research,??formal L4 10D??????????????????/ST/??/???????????????????
20250813,20250814,SZSE.000027,000027.SZ,深圳能源,5,0.991112756896871,0.014338781237560235,6,0.194,D:/work/quant/quant_mcp/quant/main/config/prediction_manifests/executable_10d_open_return_l4_formal_20260617.json,stock_predict_data_model_agent_10d_topgate_fusion_20260622_executable_10d_open_return_research,??formal L4 10D??????????????????/ST/??/???????????????????
20250814,20250815,SZSE.000563,000563.SZ,陕国投A,1,0.9964834351286322,0.017993718678317696,6,0.206,D:/work/quant/quant_mcp/quant/main/config/prediction_manifests/executable_10d_open_return_l4_formal_20260617.json,stock_predict_data_model_agent_10d_topgate_fusion_20260622_executable_10d_open_return_research,??formal L4 10D??????????????????/ST/??/???????????????????
20250814,20250815,SZSE.000750,000750.SZ,国海证券,2,0.9964834351286322,0.0186770470674463,6,0.206,D:/work/quant/quant_mcp/quant/main/config/prediction_manifests/executable_10d_open_return_l4_formal_20260617.json,stock_predict_data_model_agent_10d_topgate_fusion_20260622_executable_10d_open_return_research,??formal L4 10D??????????????????/ST/??/???????????????????
20250814,20250815,SZSE.000959,000959.SZ,首钢股份,3,0.9964834351286322,0.03476658062343928,6,0.2,D:/work/quant/quant_mcp/quant/main/config/prediction_manifests/executable_10d_open_return_l4_formal_20260617.json,stock_predict_data_model_agent_10d_topgate_fusion_20260622_executable_10d_open_return_research,??formal L4 10D??????????????????/ST/??/???????????????????
20250814,20250815,SZSE.000785,000785.SZ,居然智家,4,0.9964834351286322,0.03724489723104899,6,0.194,D:/work/quant/quant_mcp/quant/main/config/prediction_manifests/executable_10d_open_return_l4_formal_20260617.json,stock_predict_data_model_agent_10d_topgate_fusion_20260622_executable_10d_open_return_research,??formal L4 10D??????????????????/ST/??/???????????????????
20250814,20250815,SZSE.000027,000027.SZ,深圳能源,5,0.9905607995558023,0.01497005989145974,6,0.194,D:/work/quant/quant_mcp/quant/main/config/prediction_manifests/executable_10d_open_return_l4_formal_20260617.json,stock_predict_data_model_agent_10d_topgate_fusion_20260622_executable_10d_open_return_research,??formal L4 10D??????????????????/ST/??/???????????????????
20250815,20250818,SZSE.000563,000563.SZ,陕国投A,1,0.996482784154017,0.018934409179390755,6,0.206,D:/work/quant/quant_mcp/quant/main/config/prediction_manifests/executable_10d_open_return_l4_formal_20260617.json,stock_predict_data_model_agent_10d_topgate_fusion_20260622_executable_10d_open_return_research,??formal L4 10D??????????????????/ST/??/???????????????????
20250815,20250818,SZSE.000750,000750.SZ,国海证券,2,0.996482784154017,0.020842113485396264,6,0.206,D:/work/quant/quant_mcp/quant/main/config/prediction_manifests/executable_10d_open_return_l4_formal_20260617.json,stock_predict_data_model_agent_10d_topgate_fusion_20260622_executable_10d_open_return_research,??formal L4 10D??????????????????/ST/??/???????????????????
20250815,20250818,SZSE.000959,000959.SZ,首钢股份,3,0.996482784154017,0.03353510756398977,6,0.2,D:/work/quant/quant_mcp/quant/main/config/prediction_manifests/executable_10d_open_return_l4_formal_20260617.json,stock_predict_data_model_agent_10d_topgate_fusion_20260622_executable_10d_open_return_research,??formal L4 10D??????????????????/ST/??/???????????????????
20250815,20250818,SZSE.000785,000785.SZ,居然智家,4,0.996482784154017,0.03737201279713418,6,0.194,D:/work/quant/quant_mcp/quant/main/config/prediction_manifests/executable_10d_open_return_l4_formal_20260617.json,stock_predict_data_model_agent_10d_topgate_fusion_20260622_executable_10d_open_return_research,??formal L4 10D??????????????????/ST/??/???????????????????
20250815,20250818,SZSE.000958,000958.SZ,电投产融,5,0.9911144020733061,0.015413137786636845,6,0.194,D:/work/quant/quant_mcp/quant/main/config/prediction_manifests/executable_10d_open_return_l4_formal_20260617.json,stock_predict_data_model_agent_10d_topgate_fusion_20260622_executable_10d_open_return_research,??formal L4 10D??????????????????/ST/??/???????????????????
20250818,20250819,SHSE.601985,601985.SH,中国核电,1,1.0096296296296297,0.00932622195103486,6,0.206,D:/work/quant/quant_mcp/quant/main/config/prediction_manifests/executable_10d_open_return_l4_formal_20260617.json,stock_predict_data_model_agent_10d_topgate_fusion_20260622_executable_10d_open_return_research,??formal L4 10D??????????????????/ST/??/???????????????????
20250818,20250819,SZSE.000725,000725.SZ,京东方A,2,1.0095092592592592,0.013037974924305331,6,0.206,D:/work/quant/quant_mcp/quant/main/config/prediction_manifests/executable_10d_open_return_l4_formal_20260617.json,stock_predict_data_model_agent_10d_topgate_fusion_20260622_executable_10d_open_return_research,??formal L4 10D??????????????????/ST/??/???????????????????
20250818,20250819,SHSE.601816,601816.SH,京沪高铁,3,1.009425925925926,0.012452275184611427,6,0.2,D:/work/quant/quant_mcp/quant/main/config/prediction_manifests/executable_10d_open_return_l4_formal_20260617.json,stock_predict_data_model_agent_10d_topgate_fusion_20260622_executable_10d_open_return_research,??formal L4 10D??????????????????/ST/??/???????????????????
20250818,20250819,SHSE.601077,601077.SH,渝农商行,4,1.00905,0.024040389979087806,6,0.194,D:/work/quant/quant_mcp/quant/main/config/prediction_manifests/executable_10d_open_return_l4_formal_20260617.json,stock_predict_data_model_agent_10d_topgate_fusion_20260622_executable_10d_open_return_research,??formal L4 10D??????????????????/ST/??/???????????????????
20250818,20250819,SHSE.601838,601838.SH,成都银行,5,1.0088277777777779,0.02100387875372464,6,0.194,D:/work/quant/quant_mcp/quant/main/config/prediction_manifests/executable_10d_open_return_l4_formal_20260617.json,stock_predict_data_model_agent_10d_topgate_fusion_20260622_executable_10d_open_return_research,??formal L4 10D??????????????????/ST/??/???????????????????
20250819,20250820,SHSE.601816,601816.SH,京沪高铁,1,1.01,0.012902571992392737,6,0.206,D:/work/quant/quant_mcp/quant/main/config/prediction_manifests/executable_10d_open_return_l4_formal_20260617.json,stock_predict_data_model_agent_10d_topgate_fusion_20260622_executable_10d_open_return_research,??formal L4 10D??????????????????/ST/??/???????????????????
20250819,20250820,SHSE.601838,601838.SH,成都银行,2,1.0084249491023505,0.019995035846806685,6,0.206,D:/work/quant/quant_mcp/quant/main/config/prediction_manifests/executable_10d_open_return_l4_formal_20260617.json,stock_predict_data_model_agent_10d_topgate_fusion_20260622_executable_10d_open_return_research,??formal L4 10D??????????????????/ST/??/???????????????????
20250819,20250820,SZSE.000725,000725.SZ,京东方A,3,1.0073921895243383,0.012722646657699593,6,0.2,D:/work/quant/quant_mcp/quant/main/config/prediction_manifests/executable_10d_open_return_l4_formal_20260617.json,stock_predict_data_model_agent_10d_topgate_fusion_20260622_executable_10d_open_return_research,??formal L4 10D??????????????????/ST/??/???????????????????
20250819,20250820,SHSE.600919,600919.SH,江苏银行,4,1.0067499537294096,0.02065686817957339,6,0.194,D:/work/quant/quant_mcp/quant/main/config/prediction_manifests/executable_10d_open_return_l4_formal_20260617.json,stock_predict_data_model_agent_10d_topgate_fusion_20260622_executable_10d_open_return_research,??formal L4 10D??????????????????/ST/??/???????????????????
20250819,20250820,SHSE.601985,601985.SH,中国核电,5,0.9964834351286322,0.009050782714668556,6,0.194,D:/work/quant/quant_mcp/quant/main/config/prediction_manifests/executable_10d_open_return_l4_formal_20260617.json,stock_predict_data_model_agent_10d_topgate_fusion_20260622_executable_10d_open_return_research,??formal L4 10D??????????????????/ST/??/???????????????????
20250820,20250821,SHSE.601816,601816.SH,京沪高铁,1,1.0092519903721533,0.012927100987649067,6,0.206,D:/work/quant/quant_mcp/quant/main/config/prediction_manifests/executable_10d_open_return_l4_formal_20260617.json,stock_predict_data_model_agent_10d_topgate_fusion_20260622_executable_10d_open_return_research,??formal L4 10D??????????????????/ST/??/???????????????????
20250820,20250821,SHSE.601838,601838.SH,成都银行,2,1.0086521014626921,0.020294794593494314,6,0.206,D:/work/quant/quant_mcp/quant/main/config/prediction_manifests/executable_10d_open_return_l4_formal_20260617.json,stock_predict_data_model_agent_10d_topgate_fusion_20260622_executable_10d_open_return_research,??formal L4 10D??????????????????/ST/??/???????????????????
20250820,20250821,SHSE.601919,601919.SH,中远海控,3,0.9968524347343085,0.016462982567653398,6,0.2,D:/work/quant/quant_mcp/quant/main/config/prediction_manifests/executable_10d_open_return_l4_formal_20260617.json,stock_predict_data_model_agent_10d_topgate_fusion_20260622_executable_10d_open_return_research,??formal L4 10D??????????????????/ST/??/???????????????????
20250820,20250821,SHSE.600941,600941.SH,中国移动,4,0.9955563784484355,0.010158748687006728,6,0.194,D:/work/quant/quant_mcp/quant/main/config/prediction_manifests/executable_10d_open_return_l4_formal_20260617.json,stock_predict_data_model_agent_10d_topgate_fusion_20260622_executable_10d_open_return_research,??formal L4 10D??????????????????/ST/??/???????????????????
20250820,20250821,SZSE.000725,000725.SZ,京东方A,5,0.9925939640807258,0.013216957083840698,6,0.194,D:/work/quant/quant_mcp/quant/main/config/prediction_manifests/executable_10d_open_return_l4_formal_20260617.json,stock_predict_data_model_agent_10d_topgate_fusion_20260622_executable_10d_open_return_research,??formal L4 10D??????????????????/ST/??/???????????????????
20250821,20250822,SHSE.605499,605499.SH,东鹏饮料,1,1.009219096965211,0.02817672993970497,6,0.206,D:/work/quant/quant_mcp/quant/main/config/prediction_manifests/executable_10d_open_return_l4_formal_20260617.json,stock_predict_data_model_agent_10d_topgate_fusion_20260622_executable_10d_open_return_research,??formal L4 10D??????????????????/ST/??/???????????????????
20250821,20250822,SZSE.300760,300760.SZ,迈瑞医疗,2,1.0084955588452997,0.025438518079133613,6,0.206,D:/work/quant/quant_mcp/quant/main/config/prediction_manifests/executable_10d_open_return_l4_formal_20260617.json,stock_predict_data_model_agent_10d_topgate_fusion_20260622_executable_10d_open_return_research,??formal L4 10D??????????????????/ST/??/???????????????????
20250821,20250822,SHSE.688692,688692.SH,达梦数据,3,1.0076350851221318,0.036101490932743736,6,0.2,D:/work/quant/quant_mcp/quant/main/config/prediction_manifests/executable_10d_open_return_l4_formal_20260617.json,stock_predict_data_model_agent_10d_topgate_fusion_20260622_executable_10d_open_return_research,??formal L4 10D??????????????????/ST/??/???????????????????
20250821,20250822,SHSE.688506,688506.SH,百利天恒,4,1.007059585492228,0.049058348129920215,6,0.194,D:/work/quant/quant_mcp/quant/main/config/prediction_manifests/executable_10d_open_return_l4_formal_20260617.json,stock_predict_data_model_agent_10d_topgate_fusion_20260622_executable_10d_open_return_research,??formal L4 10D??????????????????/ST/??/???????????????????
20250821,20250822,SHSE.688256,688256.SH,寒武纪,5,1.0061935603256846,0.05606612466348184,6,0.194,D:/work/quant/quant_mcp/quant/main/config/prediction_manifests/executable_10d_open_return_l4_formal_20260617.json,stock_predict_data_model_agent_10d_topgate_fusion_20260622_executable_10d_open_return_research,??formal L4 10D??????????????????/ST/??/???????????????????
20250822,20250825,SHSE.601816,601816.SH,京沪高铁,1,1.0092599444958372,0.012429000480600616,6,0.206,D:/work/quant/quant_mcp/quant/main/config/prediction_manifests/executable_10d_open_return_l4_formal_20260617.json,stock_predict_data_model_agent_10d_topgate_fusion_20260622_executable_10d_open_return_research,??formal L4 10D??????????????????/ST/??/???????????????????
20250822,20250825,SHSE.601838,601838.SH,成都银行,2,1.0076965772432933,0.02050639930851086,6,0.206,D:/work/quant/quant_mcp/quant/main/config/prediction_manifests/executable_10d_open_return_l4_formal_20260617.json,stock_predict_data_model_agent_10d_topgate_fusion_20260622_executable_10d_open_return_research,??formal L4 10D??????????????????/ST/??/???????????????????
20250822,20250825,SHSE.601919,601919.SH,中远海控,3,0.9966697502312674,0.015092766977989024,6,0.2,D:/work/quant/quant_mcp/quant/main/config/prediction_manifests/executable_10d_open_return_l4_formal_20260617.json,stock_predict_data_model_agent_10d_topgate_fusion_20260622_executable_10d_open_return_research,??formal L4 10D??????????????????/ST/??/???????????????????
20250822,20250825,SZSE.000825,000825.SZ,太钢不锈,4,0.9957446808510638,0.02415726514707355,6,0.194,D:/work/quant/quant_mcp/quant/main/config/prediction_manifests/executable_10d_open_return_l4_formal_20260617.json,stock_predict_data_model_agent_10d_topgate_fusion_20260622_executable_10d_open_return_research,??formal L4 10D??????????????????/ST/??/???????????????????
20250822,20250825,SHSE.601111,601111.SH,中国国航,5,0.9951896392229417,0.014459459618690815,6,0.194,D:/work/quant/quant_mcp/quant/main/config/prediction_manifests/executable_10d_open_return_l4_formal_20260617.json,stock_predict_data_model_agent_10d_topgate_fusion_20260622_executable_10d_open_return_research,??formal L4 10D??????????????????/ST/??/???????????????????
20250825,20250826,SHSE.601816,601816.SH,京沪高铁,1,1.0094449583718779,0.012151682974178556,6,0.206,D:/work/quant/quant_mcp/quant/main/config/prediction_manifests/executable_10d_open_return_l4_formal_20260617.json,stock_predict_data_model_agent_10d_topgate_fusion_20260622_executable_10d_open_return_research,??formal L4 10D??????????????????/ST/??/???????????????????
20250825,20250826,SHSE.600598,600598.SH,北大荒,2,0.9951896392229417,0.0198556435365226,6,0.206,D:/work/quant/quant_mcp/quant/main/config/prediction_manifests/executable_10d_open_return_l4_formal_20260617.json,stock_predict_data_model_agent_10d_topgate_fusion_20260622_executable_10d_open_return_research,??formal L4 10D??????????????????/ST/??/???????????????????
20250825,20250826,SHSE.600161,600161.SH,天坛生物,3,0.9944495837187789,0.022248998010231797,6,0.2,D:/work/quant/quant_mcp/quant/main/config/prediction_manifests/executable_10d_open_return_l4_formal_20260617.json,stock_predict_data_model_agent_10d_topgate_fusion_20260622_executable_10d_open_return_research,??formal L4 10D??????????????????/ST/??/???????????????????
20250825,20250826,SHSE.600511,600511.SH,国药股份,4,0.9927844588344126,0.012844941043833342,6,0.194,D:/work/quant/quant_mcp/quant/main/config/prediction_manifests/executable_10d_open_return_l4_formal_20260617.json,stock_predict_data_model_agent_10d_topgate_fusion_20260622_executable_10d_open_return_research,??formal L4 10D??????????????????/ST/??/???????????????????
20250825,20250826,SZSE.300347,300347.SZ,泰格医药,5,0.9925994449583718,0.045659139882520884,6,0.194,D:/work/quant/quant_mcp/quant/main/config/prediction_manifests/executable_10d_open_return_l4_formal_20260617.json,stock_predict_data_model_agent_10d_topgate_fusion_20260622_executable_10d_open_return_research,??formal L4 10D??????????????????/ST/??/???????????????????
20250826,20250827,SHSE.601816,601816.SH,京沪高铁,1,1.0096300406955234,0.012106759973335058,6,0.206,D:/work/quant/quant_mcp/quant/main/config/prediction_manifests/executable_10d_open_return_l4_formal_20260617.json,stock_predict_data_model_agent_10d_topgate_fusion_20260622_executable_10d_open_return_research,??formal L4 10D??????????????????/ST/??/???????????????????
20250826,20250827,SHSE.600598,600598.SH,北大荒,2,0.9953755086940437,0.01979058547956985,6,0.206,D:/work/quant/quant_mcp/quant/main/config/prediction_manifests/executable_10d_open_return_l4_formal_20260617.json,stock_predict_data_model_agent_10d_topgate_fusion_20260622_executable_10d_open_return_research,??formal L4 10D??????????????????/ST/??/???????????????????
20250826,20250827,SHSE.600161,600161.SH,天坛生物,3,0.9946355900850906,0.02204179371572416,6,0.2,D:/work/quant/quant_mcp/quant/main/config/prediction_manifests/executable_10d_open_return_l4_formal_20260617.json,stock_predict_data_model_agent_10d_topgate_fusion_20260622_executable_10d_open_return_research,??formal L4 10D??????????????????/ST/??/???????????????????
20250826,20250827,SHSE.601838,601838.SH,成都银行,4,0.9905660377358491,0.02021276464553084,6,0.194,D:/work/quant/quant_mcp/quant/main/config/prediction_manifests/executable_10d_open_return_l4_formal_20260617.json,stock_predict_data_model_agent_10d_topgate_fusion_20260622_executable_10d_open_return_research,??formal L4 10D??????????????????/ST/??/???????????????????
20250826,20250827,SHSE.600919,600919.SH,江苏银行,5,0.98834628190899,0.02127982756900208,6,0.194,D:/work/quant/quant_mcp/quant/main/config/prediction_manifests/executable_10d_open_return_l4_formal_20260617.json,stock_predict_data_model_agent_10d_topgate_fusion_20260622_executable_10d_open_return_research,??formal L4 10D??????????????????/ST/??/???????????????????
20250827,20250828,SHSE.601816,601816.SH,京沪高铁,1,1.0088866284446087,0.012949032730779032,6,0.206,D:/work/quant/quant_mcp/quant/main/config/prediction_manifests/executable_10d_open_return_l4_formal_20260617.json,stock_predict_data_model_agent_10d_topgate_fusion_20260622_executable_10d_open_return_research,??formal L4 10D??????????????????/ST/??/???????????????????
20250827,20250828,SHSE.601229,601229.SH,上海银行,2,0.9931570186794896,0.017976882142275365,6,0.206,D:/work/quant/quant_mcp/quant/main/config/prediction_manifests/executable_10d_open_return_l4_formal_20260617.json,stock_predict_data_model_agent_10d_topgate_fusion_20260622_executable_10d_open_return_research,??formal L4 10D??????????????????/ST/??/???????????????????
20250827,20250828,SHSE.600161,600161.SH,天坛生物,3,0.9905677825041612,0.0220327243846525,6,0.2,D:/work/quant/quant_mcp/quant/main/config/prediction_manifests/executable_10d_open_return_l4_formal_20260617.json,stock_predict_data_model_agent_10d_topgate_fusion_20260622_executable_10d_open_return_research,??formal L4 10D??????????????????/ST/??/???????????????????
20250827,20250828,SZSE.300677,300677.SZ,英科医疗,4,0.9876086554466432,0.05910286757080111,6,0.194,D:/work/quant/quant_mcp/quant/main/config/prediction_manifests/executable_10d_open_return_l4_formal_20260617.json,stock_predict_data_model_agent_10d_topgate_fusion_20260622_executable_10d_open_return_research,??formal L4 10D??????????????????/ST/??/???????????????????
20250827,20250828,SHSE.600998,600998.SH,九州通,5,0.9844645829480303,0.019375337930827394,6,0.194,D:/work/quant/quant_mcp/quant/main/config/prediction_manifests/executable_10d_open_return_l4_formal_20260617.json,stock_predict_data_model_agent_10d_topgate_fusion_20260622_executable_10d_open_return_research,??formal L4 10D??????????????????/ST/??/???????????????????
20250828,20250829,SZSE.001965,001965.SZ,招商公路,1,0.9950073964497042,0.015518866986102005,6,0.206,D:/work/quant/quant_mcp/quant/main/config/prediction_manifests/executable_10d_open_return_l4_formal_20260617.json,stock_predict_data_model_agent_10d_topgate_fusion_20260622_executable_10d_open_return_research,??formal L4 10D??????????????????/ST/??/???????????????????
20250828,20250829,SHSE.601225,601225.SH,陕西煤业,2,0.9874260355029586,0.029193316651623342,6,0.206,D:/work/quant/quant_mcp/quant/main/config/prediction_manifests/executable_10d_open_return_l4_formal_20260617.json,stock_predict_data_model_agent_10d_topgate_fusion_20260622_executable_10d_open_return_research,??formal L4 10D??????????????????/ST/??/???????????????????
20250828,20250829,SZSE.000429,000429.SZ,粤高速A,3,0.979844674556213,0.011232187764197706,6,0.2,D:/work/quant/quant_mcp/quant/main/config/prediction_manifests/executable_10d_open_return_l4_formal_20260617.json,stock_predict_data_model_agent_10d_topgate_fusion_20260622_executable_10d_open_return_research,??formal L4 10D??????????????????/ST/??/???????????????????
20250828,20250829,SHSE.600919,600919.SH,江苏银行,4,0.9774408284023669,0.021415636532252775,6,0.194,D:/work/quant/quant_mcp/quant/main/config/prediction_manifests/executable_10d_open_return_l4_formal_20260617.json,stock_predict_data_model_agent_10d_topgate_fusion_20260622_executable_10d_open_return_research,??formal L4 10D??????????????????/ST/??/???????????????????
20250828,20250829,SHSE.601816,601816.SH,京沪高铁,5,0.9770710059171598,0.012902571992392737,6,0.194,D:/work/quant/quant_mcp/quant/main/config/prediction_manifests/executable_10d_open_return_l4_formal_20260617.json,stock_predict_data_model_agent_10d_topgate_fusion_20260622_executable_10d_open_return_research,??formal L4 10D??????????????????/ST/??/???????????????????
20250829,20250901,SZSE.001965,001965.SZ,招商公路,1,1.009422756706753,0.01647454348520719,6,0.206,D:/work/quant/quant_mcp/quant/main/config/prediction_manifests/executable_10d_open_return_l4_formal_20260617.json,stock_predict_data_model_agent_10d_topgate_fusion_20260622_executable_10d_open_return_research,??formal L4 10D??????????????????/ST/??/???????????????????
20250829,20250901,SHSE.601006,601006.SH,大秦铁路,2,1.0092506938020351,0.007765730686962708,6,0.206,D:/work/quant/quant_mcp/quant/main/config/prediction_manifests/executable_10d_open_return_l4_formal_20260617.json,stock_predict_data_model_agent_10d_topgate_fusion_20260622_executable_10d_open_return_research,??formal L4 10D??????????????????/ST/??/???????????????????
20250829,20250901,SZSE.000651,000651.SZ,格力电器,3,1.0085069380203515,0.019380779088338344,6,0.2,D:/work/quant/quant_mcp/quant/main/config/prediction_manifests/executable_10d_open_return_l4_formal_20260617.json,stock_predict_data_model_agent_10d_topgate_fusion_20260622_executable_10d_open_return_research,??formal L4 10D??????????????????/ST/??/???????????????????
20250829,20250901,SHSE.603596,603596.SH,伯特利,4,1.008149861239593,0.03723001850979679,6,0.194,D:/work/quant/quant_mcp/quant/main/config/prediction_manifests/executable_10d_open_return_l4_formal_20260617.json,stock_predict_data_model_agent_10d_topgate_fusion_20260622_executable_10d_open_return_research,??formal L4 10D??????????????????/ST/??/???????????????????
20250829,20250901,SHSE.601816,601816.SH,京沪高铁,5,0.9964847363552266,0.013482574329117192,6,0.194,D:/work/quant/quant_mcp/quant/main/config/prediction_manifests/executable_10d_open_return_l4_formal_20260617.json,stock_predict_data_model_agent_10d_topgate_fusion_20260622_executable_10d_open_return_research,??formal L4 10D??????????????????/ST/??/???????????????????
20250901,20250902,SHSE.601006,601006.SH,大秦铁路,1,1.008704902867715,0.009075562357494979,6,0.206,D:/work/quant/quant_mcp/quant/main/config/prediction_manifests/executable_10d_open_return_l4_formal_20260617.json,stock_predict_data_model_agent_10d_topgate_fusion_20260622_executable_10d_open_return_research,??formal L4 10D??????????????????/ST/??/???????????????????
20250901,20250902,SHSE.600674,600674.SH,川投能源,2,1.008486586493987,0.011194540225016491,6,0.206,D:/work/quant/quant_mcp/quant/main/config/prediction_manifests/executable_10d_open_return_l4_formal_20260617.json,stock_predict_data_model_agent_10d_topgate_fusion_20260622_executable_10d_open_return_research,??formal L4 10D??????????????????/ST/??/???????????????????
20250901,20250902,SHSE.601019,601019.SH,山东出版,3,1.0082978723404254,0.01762638013786521,6,0.2,D:/work/quant/quant_mcp/quant/main/config/prediction_manifests/executable_10d_open_return_l4_formal_20260617.json,stock_predict_data_model_agent_10d_topgate_fusion_20260622_executable_10d_open_return_research,??formal L4 10D??????????????????/ST/??/???????????????????
20250901,20250902,SHSE.601328,601328.SH,交通银行,4,0.9974098057354301,0.01717615860474824,6,0.194,D:/work/quant/quant_mcp/quant/main/config/prediction_manifests/executable_10d_open_return_l4_formal_20260617.json,stock_predict_data_model_agent_10d_topgate_fusion_20260622_executable_10d_open_return_research,??formal L4 10D??????????????????/ST/??/???????????????????
20250901,20250902,SZSE.000651,000651.SZ,格力电器,5,0.9972247918593895,0.02086875031291624,6,0.194,D:/work/quant/quant_mcp/quant/main/config/prediction_manifests/executable_10d_open_return_l4_formal_20260617.json,stock_predict_data_model_agent_10d_topgate_fusion_20260622_executable_10d_open_return_research,??formal L4 10D??????????????????/ST/??/???????????????????
20250902,20250903,SHSE.600519,600519.SH,贵州茅台,1,1.0081687014428413,0.013986119802732287,6,0.206,D:/work/quant/quant_mcp/quant/main/config/prediction_manifests/executable_10d_open_return_l4_formal_20260617.json,stock_predict_data_model_agent_10d_topgate_fusion_20260622_executable_10d_open_return_research,??formal L4 10D??????????????????/ST/??/???????????????????
20250902,20250903,SZSE.300972,300972.SZ,万辰集团,2,1.0075064742878284,0.05538265274938631,6,0.206,D:/work/quant/quant_mcp/quant/main/config/prediction_manifests/executable_10d_open_return_l4_formal_20260617.json,stock_predict_data_model_agent_10d_topgate_fusion_20260622_executable_10d_open_return_research,??formal L4 10D??????????????????/ST/??/???????????????????
20250902,20250903,SHSE.688256,688256.SH,寒武纪,3,1.0065057343692194,0.06949661782754435,6,0.2,D:/work/quant/quant_mcp/quant/main/config/prediction_manifests/executable_10d_open_return_l4_formal_20260617.json,stock_predict_data_model_agent_10d_topgate_fusion_20260622_executable_10d_open_return_research,??formal L4 10D??????????????????/ST/??/???????????????????
20250902,20250903,SHSE.603444,603444.SH,吉比特,4,1.0061857195708472,0.04483189513042771,6,0.194,D:/work/quant/quant_mcp/quant/main/config/prediction_manifests/executable_10d_open_return_l4_formal_20260617.json,stock_predict_data_model_agent_10d_topgate_fusion_20260622_executable_10d_open_return_research,??formal L4 10D??????????????????/ST/??/???????????????????
20250902,20250903,SHSE.601100,601100.SH,恒立液压,5,0.9974102848686645,0.03552929971901237,6,0.194,D:/work/quant/quant_mcp/quant/main/config/prediction_manifests/executable_10d_open_return_l4_formal_20260617.json,stock_predict_data_model_agent_10d_topgate_fusion_20260622_executable_10d_open_return_research,??formal L4 10D??????????????????/ST/??/???????????????????
20250903,20250904,SHSE.601058,601058.SH,赛轮轮胎,1,0.996301775147929,0.025486432168172143,6,0.206,D:/work/quant/quant_mcp/quant/main/config/prediction_manifests/executable_10d_open_return_l4_formal_20260617.json,stock_predict_data_model_agent_10d_topgate_fusion_20260622_executable_10d_open_return_research,??formal L4 10D??????????????????/ST/??/???????????????????
20250904,20250905,SHSE.601225,601225.SH,陕西煤业,1,0.997040872942482,0.027852062988234758,6,0.206,D:/work/quant/quant_mcp/quant/main/config/prediction_manifests/executable_10d_open_return_l4_formal_20260617.json,stock_predict_data_model_agent_10d_topgate_fusion_20260622_executable_10d_open_return_research,??formal L4 10D??????????????????/ST/??/???????????????????
20250904,20250905,SHSE.600737,600737.SH,中粮糖业,2,0.9805807286850379,0.063923581288106,6,0.206,D:/work/quant/quant_mcp/quant/main/config/prediction_manifests/executable_10d_open_return_l4_formal_20260617.json,stock_predict_data_model_agent_10d_topgate_fusion_20260622_executable_10d_open_return_research,??formal L4 10D??????????????????/ST/??/???????????????????
20250904,20250905,SHSE.601816,601816.SH,京沪高铁,3,0.971333456630294,0.015472256495078275,6,0.2,D:/work/quant/quant_mcp/quant/main/config/prediction_manifests/executable_10d_open_return_l4_formal_20260617.json,stock_predict_data_model_agent_10d_topgate_fusion_20260622_executable_10d_open_return_research,??formal L4 10D??????????????????/ST/??/???????????????????
20250904,20250905,SHSE.600795,600795.SH,国电电力,4,0.9691141113371555,0.018686733059526024,6,0.194,D:/work/quant/quant_mcp/quant/main/config/prediction_manifests/executable_10d_open_return_l4_formal_20260617.json,stock_predict_data_model_agent_10d_topgate_fusion_20260622_executable_10d_open_return_research,??formal L4 10D??????????????????/ST/??/???????????????????
20250904,20250905,SHSE.603225,603225.SH,新凤鸣,5,0.9641205844275939,0.039194629279888045,6,0.194,D:/work/quant/quant_mcp/quant/main/config/prediction_manifests/executable_10d_open_return_l4_formal_20260617.json,stock_predict_data_model_agent_10d_topgate_fusion_20260622_executable_10d_open_return_research,??formal L4 10D??????????????????/ST/??/???????????????????
20250905,20250908,SHSE.600737,600737.SH,中粮糖业,1,0.9818786982248521,0.06515836206261316,6,0.206,D:/work/quant/quant_mcp/quant/main/config/prediction_manifests/executable_10d_open_return_l4_formal_20260617.json,stock_predict_data_model_agent_10d_topgate_fusion_20260622_executable_10d_open_return_research,??formal L4 10D??????????????????/ST/??/???????????????????
20250905,20250908,SHSE.600795,600795.SH,国电电力,2,0.9713387573964497,0.018874932796641864,6,0.206,D:/work/quant/quant_mcp/quant/main/config/prediction_manifests/executable_10d_open_return_l4_formal_20260617.json,stock_predict_data_model_agent_10d_topgate_fusion_20260622_executable_10d_open_return_research,??formal L4 10D??????????????????/ST/??/???????????????????
20250905,20250908,SHSE.688256,688256.SH,寒武纪,3,0.9681952662721893,0.09512080752772983,6,0.2,D:/work/quant/quant_mcp/quant/main/config/prediction_manifests/executable_10d_open_return_l4_formal_20260617.json,stock_predict_data_model_agent_10d_topgate_fusion_20260622_executable_10d_open_return_research,??formal L4 10D??????????????????/ST/??/???????????????????
20250905,20250908,SHSE.603225,603225.SH,新凤鸣,4,0.9663461538461539,0.039927103002893455,6,0.194,D:/work/quant/quant_mcp/quant/main/config/prediction_manifests/executable_10d_open_return_l4_formal_20260617.json,stock_predict_data_model_agent_10d_topgate_fusion_20260622_executable_10d_open_return_research,??formal L4 10D??????????????????/ST/??/???????????????????
20250905,20250908,SZSE.000617,000617.SZ,中油资本,5,0.9654215976331361,0.07245393131608993,6,0.194,D:/work/quant/quant_mcp/quant/main/config/prediction_manifests/executable_10d_open_return_l4_formal_20260617.json,stock_predict_data_model_agent_10d_topgate_fusion_20260622_executable_10d_open_return_research,??formal L4 10D??????????????????/ST/??/???????????????????
20250908,20250909,SZSE.300347,300347.SZ,泰格医药,1,1.0087707948243994,0.043830924577822894,6,0.206,D:/work/quant/quant_mcp/quant/main/config/prediction_manifests/executable_10d_open_return_l4_formal_20260617.json,stock_predict_data_model_agent_10d_topgate_fusion_20260622_executable_10d_open_return_research,??formal L4 10D??????????????????/ST/??/???????????????????
20250908,20250909,SZSE.002265,002265.SZ,建设工业,2,0.9859519408502773,0.08031508947130074,6,0.206,D:/work/quant/quant_mcp/quant/main/config/prediction_manifests/executable_10d_open_return_l4_formal_20260617.json,stock_predict_data_model_agent_10d_topgate_fusion_20260622_executable_10d_open_return_research,??formal L4 10D??????????????????/ST/??/???????????????????
20250908,20250909,SHSE.600795,600795.SH,国电电力,3,0.9602587800369686,0.018959480730053192,6,0.2,D:/work/quant/quant_mcp/quant/main/config/prediction_manifests/executable_10d_open_return_l4_formal_20260617.json,stock_predict_data_model_agent_10d_topgate_fusion_20260622_executable_10d_open_return_research,??formal L4 10D??????????????????/ST/??/???????????????????
20250908,20250909,SHSE.600737,600737.SH,中粮糖业,4,0.9571164510166359,0.06506511527309766,6,0.194,D:/work/quant/quant_mcp/quant/main/config/prediction_manifests/executable_10d_open_return_l4_formal_20260617.json,stock_predict_data_model_agent_10d_topgate_fusion_20260622_executable_10d_open_return_research,??formal L4 10D??????????????????/ST/??/???????????????????
20250908,20250909,SZSE.002600,002600.SZ,领益智造,5,0.9512014787430684,0.06745733769549297,6,0.194,D:/work/quant/quant_mcp/quant/main/config/prediction_manifests/executable_10d_open_return_l4_formal_20260617.json,stock_predict_data_model_agent_10d_topgate_fusion_20260622_executable_10d_open_return_research,??formal L4 10D??????????????????/ST/??/???????????????????
20250909,20250910,SZSE.002265,002265.SZ,建设工业,1,1.0081519127702827,0.08125850067990507,6,0.206,D:/work/quant/quant_mcp/quant/main/config/prediction_manifests/executable_10d_open_return_l4_formal_20260617.json,stock_predict_data_model_agent_10d_topgate_fusion_20260622_executable_10d_open_return_research,??formal L4 10D??????????????????/ST/??/???????????????????
20250909,20250910,SZSE.002926,002926.SZ,华西证券,2,0.9963038255405655,0.03736203413112088,6,0.206,D:/work/quant/quant_mcp/quant/main/config/prediction_manifests/executable_10d_open_return_l4_formal_20260617.json,stock_predict_data_model_agent_10d_topgate_fusion_20260622_executable_10d_open_return_research,??formal L4 10D??????????????????/ST/??/???????????????????
20250909,20250910,SZSE.002126,002126.SZ,银轮股份,3,0.9950101644797634,0.06790264159637456,6,0.2,D:/work/quant/quant_mcp/quant/main/config/prediction_manifests/executable_10d_open_return_l4_formal_20260617.json,stock_predict_data_model_agent_10d_topgate_fusion_20260622_executable_10d_open_return_research,??formal L4 10D??????????????????/ST/??/???????????????????
20250909,20250910,SHSE.600737,600737.SH,中粮糖业,4,0.9804102753649973,0.06682779623968696,6,0.194,D:/work/quant/quant_mcp/quant/main/config/prediction_manifests/executable_10d_open_return_l4_formal_20260617.json,stock_predict_data_model_agent_10d_topgate_fusion_20260622_executable_10d_open_return_research,??formal L4 10D??????????????????/ST/??/???????????????????
20250909,20250910,SZSE.002600,002600.SZ,领益智造,5,0.9800406579190538,0.0701088235284372,6,0.194,D:/work/quant/quant_mcp/quant/main/config/prediction_manifests/executable_10d_open_return_l4_formal_20260617.json,stock_predict_data_model_agent_10d_topgate_fusion_20260622_executable_10d_open_return_research,??formal L4 10D??????????????????/ST/??/???????????????????
20250910,20250911,SZSE.002265,002265.SZ,建设工业,1,1.0083280990208756,0.07694761554006772,6,0.206,D:/work/quant/quant_mcp/quant/main/config/prediction_manifests/executable_10d_open_return_l4_formal_20260617.json,stock_predict_data_model_agent_10d_topgate_fusion_20260622_executable_10d_open_return_research,??formal L4 10D??????????????????/ST/??/???????????????????
20250910,20250911,SHSE.600967,600967.SH,内蒙一机,2,0.9942730463698504,0.09172413725758424,6,0.206,D:/work/quant/quant_mcp/quant/main/config/prediction_manifests/executable_10d_open_return_l4_formal_20260617.json,stock_predict_data_model_agent_10d_topgate_fusion_20260622_executable_10d_open_return_research,??formal L4 10D??????????????????/ST/??/???????????????????
20250910,20250911,SZSE.002600,002600.SZ,领益智造,3,0.9809717347127286,0.07135036782395163,6,0.2,D:/work/quant/quant_mcp/quant/main/config/prediction_manifests/executable_10d_open_return_l4_formal_20260617.json,stock_predict_data_model_agent_10d_topgate_fusion_20260622_executable_10d_open_return_research,??formal L4 10D??????????????????/ST/??/???????????????????
20250910,20250911,SHSE.600737,600737.SH,中粮糖业,4,0.9794938111952707,0.0655296300712858,6,0.194,D:/work/quant/quant_mcp/quant/main/config/prediction_manifests/executable_10d_open_return_l4_formal_20260617.json,stock_predict_data_model_agent_10d_topgate_fusion_20260622_executable_10d_open_return_research,??formal L4 10D??????????????????/ST/??/???????????????????
20250910,20250911,SZSE.002202,002202.SZ,金风科技,5,0.9757990024016258,0.03645723708861019,6,0.194,D:/work/quant/quant_mcp/quant/main/config/prediction_manifests/executable_10d_open_return_l4_formal_20260617.json,stock_predict_data_model_agent_10d_topgate_fusion_20260622_executable_10d_open_return_research,??formal L4 10D??????????????????/ST/??/???????????????????
20250911,20250912,SHSE.688506,688506.SH,百利天恒,1,1.0094344853077064,0.0779755745811024,6,0.206,D:/work/quant/quant_mcp/quant/main/config/prediction_manifests/executable_10d_open_return_l4_formal_20260617.json,stock_predict_data_model_agent_10d_topgate_fusion_20260622_executable_10d_open_return_research,??formal L4 10D??????????????????/ST/??/???????????????????
20250911,20250912,SZSE.300347,300347.SZ,泰格医药,2,1.008227684346701,0.05292388011592586,6,0.206,D:/work/quant/quant_mcp/quant/main/config/prediction_manifests/executable_10d_open_return_l4_formal_20260617.json,stock_predict_data_model_agent_10d_topgate_fusion_20260622_executable_10d_open_return_research,??formal L4 10D??????????????????/ST/??/???????????????????
20250911,20250912,SHSE.601212,601212.SH,白银有色,3,1.0081463685085936,0.06374345838303491,6,0.2,D:/work/quant/quant_mcp/quant/main/config/prediction_manifests/executable_10d_open_return_l4_formal_20260617.json,stock_predict_data_model_agent_10d_topgate_fusion_20260622_executable_10d_open_return_research,??formal L4 10D??????????????????/ST/??/???????????????????
20250911,20250912,SHSE.600941,600941.SH,中国移动,4,0.9963038255405655,0.012126918780788325,6,0.194,D:/work/quant/quant_mcp/quant/main/config/prediction_manifests/executable_10d_open_return_l4_formal_20260617.json,stock_predict_data_model_agent_10d_topgate_fusion_20260622_executable_10d_open_return_research,??formal L4 10D??????????????????/ST/??/???????????????????
20250911,20250912,SHSE.601018,601018.SH,宁波港,5,0.9937165034189613,0.014875033728200145,6,0.194,D:/work/quant/quant_mcp/quant/main/config/prediction_manifests/executable_10d_open_return_l4_formal_20260617.json,stock_predict_data_model_agent_10d_topgate_fusion_20260622_executable_10d_open_return_research,??formal L4 10D??????????????????/ST/??/???????????????????
20250912,20250915,SZSE.300347,300347.SZ,泰格医药,1,1.007954377539712,0.053507621509072976,6,0.206,D:/work/quant/quant_mcp/quant/main/config/prediction_manifests/executable_10d_open_return_l4_formal_20260617.json,stock_predict_data_model_agent_10d_topgate_fusion_20260622_executable_10d_open_return_research,??formal L4 10D??????????????????/ST/??/???????????????????
20250912,20250915,SHSE.600941,600941.SH,中国移动,2,0.9974141115626154,0.012235411911130966,6,0.206,D:/work/quant/quant_mcp/quant/main/config/prediction_manifests/executable_10d_open_return_l4_formal_20260617.json,stock_predict_data_model_agent_10d_topgate_fusion_20260622_executable_10d_open_return_research,??formal L4 10D??????????????????/ST/??/???????????????????
20250912,20250915,SHSE.600377,600377.SH,宁沪高速,3,0.9968599926117473,0.01361538499366095,6,0.2,D:/work/quant/quant_mcp/quant/main/config/prediction_manifests/executable_10d_open_return_l4_formal_20260617.json,stock_predict_data_model_agent_10d_topgate_fusion_20260622_executable_10d_open_return_research,??formal L4 10D??????????????????/ST/??/???????????????????
20250915,20250916,SZSE.300347,300347.SZ,泰格医药,1,1.0089504804138951,0.05281690171994864,6,0.206,D:/work/quant/quant_mcp/quant/main/config/prediction_manifests/executable_10d_open_return_l4_formal_20260617.json,stock_predict_data_model_agent_10d_topgate_fusion_20260622_executable_10d_open_return_research,??formal L4 10D??????????????????/ST/??/???????????????????
20250915,20250916,SHSE.600941,600941.SH,中国移动,2,0.9964892830746489,0.012673932458541096,6,0.206,D:/work/quant/quant_mcp/quant/main/config/prediction_manifests/executable_10d_open_return_l4_formal_20260617.json,stock_predict_data_model_agent_10d_topgate_fusion_20260622_executable_10d_open_return_research,??formal L4 10D??????????????????/ST/??/???????????????????
20250915,20250916,SHSE.600601,600601.SH,方正科技,3,0.9950110864745011,0.0668482828671065,6,0.2,D:/work/quant/quant_mcp/quant/main/config/prediction_manifests/executable_10d_open_return_l4_formal_20260617.json,stock_predict_data_model_agent_10d_topgate_fusion_20260622_executable_10d_open_return_research,??formal L4 10D??????????????????/ST/??/???????????????????
20250915,20250916,SZSE.000596,000596.SZ,古井贡酒,4,0.9942719881744272,0.04203353484904056,6,0.194,D:/work/quant/quant_mcp/quant/main/config/prediction_manifests/executable_10d_open_return_l4_formal_20260617.json,stock_predict_data_model_agent_10d_topgate_fusion_20260622_executable_10d_open_return_research,??formal L4 10D??????????????????/ST/??/???????????????????
20250915,20250916,SZSE.002304,002304.SZ,洋河股份,5,0.9769031781226903,0.025058923442473794,6,0.194,D:/work/quant/quant_mcp/quant/main/config/prediction_manifests/executable_10d_open_return_l4_formal_20260617.json,stock_predict_data_model_agent_10d_topgate_fusion_20260622_executable_10d_open_return_research,??formal L4 10D??????????????????/ST/??/???????????????????
20250916,20250917,SHSE.600027,600027.SH,华电国际,1,1.008560606060606,0.018232128899124324,6,0.206,D:/work/quant/quant_mcp/quant/main/config/prediction_manifests/executable_10d_open_return_l4_formal_20260617.json,stock_predict_data_model_agent_10d_topgate_fusion_20260622_executable_10d_open_return_research,??formal L4 10D??????????????????/ST/??/???????????????????
20250916,20250917,SHSE.600060,600060.SH,海信视像,2,1.0078446045824094,0.023965350296045827,6,0.206,D:/work/quant/quant_mcp/quant/main/config/prediction_manifests/executable_10d_open_return_l4_formal_20260617.json,stock_predict_data_model_agent_10d_topgate_fusion_20260622_executable_10d_open_return_research,??formal L4 10D??????????????????/ST/??/???????????????????
20250916,20250917,SZSE.300347,300347.SZ,泰格医药,3,0.9972283813747228,0.051667488615116074,6,0.2,D:/work/quant/quant_mcp/quant/main/config/prediction_manifests/executable_10d_open_return_l4_formal_20260617.json,stock_predict_data_model_agent_10d_topgate_fusion_20260622_executable_10d_open_return_research,??formal L4 10D??????????????????/ST/??/???????????????????
20250916,20250917,SHSE.600989,600989.SH,宝丰能源,4,0.9963045084996305,0.028705958326435712,6,0.194,D:/work/quant/quant_mcp/quant/main/config/prediction_manifests/executable_10d_open_return_l4_formal_20260617.json,stock_predict_data_model_agent_10d_topgate_fusion_20260622_executable_10d_open_return_research,??formal L4 10D??????????????????/ST/??/???????????????????
20250916,20250917,SHSE.600346,600346.SH,恒力石化,5,0.9959349593495935,0.03619687104671692,6,0.194,D:/work/quant/quant_mcp/quant/main/config/prediction_manifests/executable_10d_open_return_l4_formal_20260617.json,stock_predict_data_model_agent_10d_topgate_fusion_20260622_executable_10d_open_return_research,??formal L4 10D??????????????????/ST/??/???????????????????
20250917,20250918,SHSE.600989,600989.SH,宝丰能源,1,0.9964886342635373,0.02843908314391005,6,0.206,D:/work/quant/quant_mcp/quant/main/config/prediction_manifests/executable_10d_open_return_l4_formal_20260617.json,stock_predict_data_model_agent_10d_topgate_fusion_20260622_executable_10d_open_return_research,??formal L4 10D??????????????????/ST/??/???????????????????
20250917,20250918,SZSE.300347,300347.SZ,泰格医药,2,0.9951949732027352,0.051021254137578825,6,0.206,D:/work/quant/quant_mcp/quant/main/config/prediction_manifests/executable_10d_open_return_l4_formal_20260617.json,stock_predict_data_model_agent_10d_topgate_fusion_20260622_executable_10d_open_return_research,??formal L4 10D??????????????????/ST/??/???????????????????
20250917,20250918,SZSE.000895,000895.SZ,双汇发展,3,0.9948253557567918,0.015577818570949226,6,0.2,D:/work/quant/quant_mcp/quant/main/config/prediction_manifests/executable_10d_open_return_l4_formal_20260617.json,stock_predict_data_model_agent_10d_topgate_fusion_20260622_executable_10d_open_return_research,??formal L4 10D??????????????????/ST/??/???????????????????
20250918,20250919,SHSE.601128,601128.SH,常熟银行,1,1.01,0.0237435361605853,6,0.206,D:/work/quant/quant_mcp/quant/main/config/prediction_manifests/executable_10d_open_return_l4_formal_20260617.json,stock_predict_data_model_agent_10d_topgate_fusion_20260622_executable_10d_open_return_research,??formal L4 10D??????????????????/ST/??/???????????????????
20250918,20250919,SHSE.600999,600999.SH,招商证券,2,1.0087966728280962,0.026486804507001905,6,0.206,D:/work/quant/quant_mcp/quant/main/config/prediction_manifests/executable_10d_open_return_l4_formal_20260617.json,stock_predict_data_model_agent_10d_topgate_fusion_20260622_executable_10d_open_return_research,??formal L4 10D??????????????????/ST/??/???????????????????
20250918,20250919,SHSE.600030,600030.SH,中信证券,3,0.9970425138632163,0.027833897413178283,6,0.2,D:/work/quant/quant_mcp/quant/main/config/prediction_manifests/executable_10d_open_return_l4_formal_20260617.json,stock_predict_data_model_agent_10d_topgate_fusion_20260622_executable_10d_open_return_research,??formal L4 10D??????????????????/ST/??/???????????????????
20250918,20250919,SHSE.601808,601808.SH,中海油服,4,0.9951940850277264,0.01850741611998928,6,0.194,D:/work/quant/quant_mcp/quant/main/config/prediction_manifests/executable_10d_open_return_l4_formal_20260617.json,stock_predict_data_model_agent_10d_topgate_fusion_20260622_executable_10d_open_return_research,??formal L4 10D??????????????????/ST/??/???????????????????
20250918,20250919,SHSE.601288,601288.SH,农业银行,5,0.9944547134935305,0.026366872303119723,6,0.194,D:/work/quant/quant_mcp/quant/main/config/prediction_manifests/executable_10d_open_return_l4_formal_20260617.json,stock_predict_data_model_agent_10d_topgate_fusion_20260622_executable_10d_open_return_research,??formal L4 10D??????????????????/ST/??/???????????????????
20250919,20250922,SZSE.000429,000429.SZ,粤高速A,1,1.00890059127864,0.016822430159343017,6,0.206,D:/work/quant/quant_mcp/quant/main/config/prediction_manifests/executable_10d_open_return_l4_formal_20260617.json,stock_predict_data_model_agent_10d_topgate_fusion_20260622_executable_10d_open_return_research,??formal L4 10D??????????????????/ST/??/???????????????????
20250919,20250922,SZSE.000933,000933.SZ,神火股份,2,1.008109756097561,0.03589457639412895,6,0.206,D:/work/quant/quant_mcp/quant/main/config/prediction_manifests/executable_10d_open_return_l4_formal_20260617.json,stock_predict_data_model_agent_10d_topgate_fusion_20260622_executable_10d_open_return_research,??formal L4 10D??????????????????/ST/??/???????????????????
20250919,20250922,SHSE.600415,600415.SH,小商品城,3,1.0071286031042128,0.046461306352885,6,0.2,D:/work/quant/quant_mcp/quant/main/config/prediction_manifests/executable_10d_open_return_l4_formal_20260617.json,stock_predict_data_model_agent_10d_topgate_fusion_20260622_executable_10d_open_return_research,??formal L4 10D??????????????????/ST/??/???????????????????
20250919,20250922,SHSE.600862,600862.SH,中航高科,4,1.0071045824094604,0.024298662897798213,6,0.194,D:/work/quant/quant_mcp/quant/main/config/prediction_manifests/executable_10d_open_return_l4_formal_20260617.json,stock_predict_data_model_agent_10d_topgate_fusion_20260622_executable_10d_open_return_research,??formal L4 10D??????????????????/ST/??/???????????????????
20250919,20250922,SHSE.600660,600660.SH,福耀玻璃,5,0.9955654101995566,0.026205882058619727,6,0.194,D:/work/quant/quant_mcp/quant/main/config/prediction_manifests/executable_10d_open_return_l4_formal_20260617.json,stock_predict_data_model_agent_10d_topgate_fusion_20260622_executable_10d_open_return_research,??formal L4 10D??????????????????/ST/??/???????????????????
20250922,20250923,SZSE.000429,000429.SZ,粤高速A,1,1.0089922337278106,0.017486085099160113,6,0.206,D:/work/quant/quant_mcp/quant/main/config/prediction_manifests/executable_10d_open_return_l4_formal_20260617.json,stock_predict_data_model_agent_10d_topgate_fusion_20260622_executable_10d_open_return_research,??formal L4 10D??????????????????/ST/??/???????????????????
20250922,20250923,SHSE.600905,600905.SH,三峡能源,2,1.0075203402366864,0.010588235728206793,6,0.206,D:/work/quant/quant_mcp/quant/main/config/prediction_manifests/executable_10d_open_return_l4_formal_20260617.json,stock_predict_data_model_agent_10d_topgate_fusion_20260622_executable_10d_open_return_research,??formal L4 10D??????????????????/ST/??/???????????????????
20250922,20250923,SHSE.688772,688772.SH,珠海冠宇,3,0.9974112426035503,0.06512733212567069,6,0.2,D:/work/quant/quant_mcp/quant/main/config/prediction_manifests/executable_10d_open_return_l4_formal_20260617.json,stock_predict_data_model_agent_10d_topgate_fusion_20260622_executable_10d_open_return_research,??formal L4 10D??????????????????/ST/??/???????????????????
20250922,20250923,SHSE.601009,601009.SH,南京银行,4,0.996301775147929,0.02289232321646616,6,0.194,D:/work/quant/quant_mcp/quant/main/config/prediction_manifests/executable_10d_open_return_l4_formal_20260617.json,stock_predict_data_model_agent_10d_topgate_fusion_20260622_executable_10d_open_return_research,??formal L4 10D??????????????????/ST/??/???????????????????
20250922,20250923,SHSE.600601,600601.SH,方正科技,5,0.9957470414201184,0.07233949165265592,6,0.194,D:/work/quant/quant_mcp/quant/main/config/prediction_manifests/executable_10d_open_return_l4_formal_20260617.json,stock_predict_data_model_agent_10d_topgate_fusion_20260622_executable_10d_open_return_research,??formal L4 10D??????????????????/ST/??/???????????????????
20250923,20250924,SZSE.000429,000429.SZ,粤高速A,1,1.0078998891762099,0.018060661625236913,6,0.206,D:/work/quant/quant_mcp/quant/main/config/prediction_manifests/executable_10d_open_return_l4_formal_20260617.json,stock_predict_data_model_agent_10d_topgate_fusion_20260622_executable_10d_open_return_research,??formal L4 10D??????????????????/ST/??/???????????????????
20250923,20250924,SHSE.601233,601233.SH,桐昆股份,2,0.9963058736608792,0.039766084206973605,6,0.206,D:/work/quant/quant_mcp/quant/main/config/prediction_manifests/executable_10d_open_return_l4_formal_20260617.json,stock_predict_data_model_agent_10d_topgate_fusion_20260622_executable_10d_open_return_research,??formal L4 10D??????????????????/ST/??/???????????????????
20250923,20250924,SHSE.688166,688166.SH,博瑞医药,3,0.9959364610269671,0.09860283526238275,6,0.2,D:/work/quant/quant_mcp/quant/main/config/prediction_manifests/executable_10d_open_return_l4_formal_20260617.json,stock_predict_data_model_agent_10d_topgate_fusion_20260622_executable_10d_open_return_research,??formal L4 10D??????????????????/ST/??/???????????????????
20250924,20250925,SZSE.000429,000429.SZ,粤高速A,1,0.9940872135994088,0.019000000104904508,6,0.206,D:/work/quant/quant_mcp/quant/main/config/prediction_manifests/executable_10d_open_return_l4_formal_20260617.json,stock_predict_data_model_agent_10d_topgate_fusion_20260622_executable_10d_open_return_research,??formal L4 10D??????????????????/ST/??/???????????????????
20250924,20250925,SHSE.688295,688295.SH,中复神鹰,2,0.9937176644493718,0.05053451849259395,6,0.206,D:/work/quant/quant_mcp/quant/main/config/prediction_manifests/executable_10d_open_return_l4_formal_20260617.json,stock_predict_data_model_agent_10d_topgate_fusion_20260622_executable_10d_open_return_research,??formal L4 10D??????????????????/ST/??/???????????????????
20250924,20250925,SZSE.002128,002128.SZ,电投能源,3,0.9935328898743533,0.02864716695145693,6,0.2,D:/work/quant/quant_mcp/quant/main/config/prediction_manifests/executable_10d_open_return_l4_formal_20260617.json,stock_predict_data_model_agent_10d_topgate_fusion_20260622_executable_10d_open_return_research,??formal L4 10D??????????????????/ST/??/???????????????????
20250924,20250925,SZSE.300832,300832.SZ,新产业,4,0.9933481152993349,0.039184719399801095,6,0.194,D:/work/quant/quant_mcp/quant/main/config/prediction_manifests/executable_10d_open_return_l4_formal_20260617.json,stock_predict_data_model_agent_10d_topgate_fusion_20260622_executable_10d_open_return_research,??formal L4 10D??????????????????/ST/??/???????????????????
20250924,20250925,SHSE.601233,601233.SH,桐昆股份,5,0.9920546932742055,0.03844791259791813,6,0.194,D:/work/quant/quant_mcp/quant/main/config/prediction_manifests/executable_10d_open_return_l4_formal_20260617.json,stock_predict_data_model_agent_10d_topgate_fusion_20260622_executable_10d_open_return_research,??formal L4 10D??????????????????/ST/??/???????????????????
20250925,20250926,SHSE.601233,601233.SH,桐昆股份,1,1.008714918759232,0.03634751687204111,6,0.206,D:/work/quant/quant_mcp/quant/main/config/prediction_manifests/executable_10d_open_return_l4_formal_20260617.json,stock_predict_data_model_agent_10d_topgate_fusion_20260622_executable_10d_open_return_research,??formal L4 10D??????????????????/ST/??/???????????????????
20250925,20250926,SZSE.003022,003022.SZ,联泓新科,2,1.0078748153618906,0.0495500007106476,6,0.206,D:/work/quant/quant_mcp/quant/main/config/prediction_manifests/executable_10d_open_return_l4_formal_20260617.json,stock_predict_data_model_agent_10d_topgate_fusion_20260622_executable_10d_open_return_research,??formal L4 10D??????????????????/ST/??/???????????????????
20250925,20250926,SZSE.000429,000429.SZ,粤高速A,3,0.9955686853766618,0.01931290614225632,6,0.2,D:/work/quant/quant_mcp/quant/main/config/prediction_manifests/executable_10d_open_return_l4_formal_20260617.json,stock_predict_data_model_agent_10d_topgate_fusion_20260622_executable_10d_open_return_research,??formal L4 10D??????????????????/ST/??/???????????????????
20250925,20250926,SHSE.600760,600760.SH,中航沈飞,4,0.9940915805022157,0.0403178275241669,6,0.194,D:/work/quant/quant_mcp/quant/main/config/prediction_manifests/executable_10d_open_return_l4_formal_20260617.json,stock_predict_data_model_agent_10d_topgate_fusion_20260622_executable_10d_open_return_research,??formal L4 10D??????????????????/ST/??/???????????????????
20250925,20250926,SZSE.000895,000895.SZ,双汇发展,5,0.9931683899556869,0.015370737166292756,6,0.194,D:/work/quant/quant_mcp/quant/main/config/prediction_manifests/executable_10d_open_return_l4_formal_20260617.json,stock_predict_data_model_agent_10d_topgate_fusion_20260622_executable_10d_open_return_research,??formal L4 10D??????????????????/ST/??/???????????????????
20250926,20250929,SHSE.600066,600066.SH,宇通客车,1,1.0077908050221567,0.03432217731326468,6,0.206,D:/work/quant/quant_mcp/quant/main/config/prediction_manifests/executable_10d_open_return_l4_formal_20260617.json,stock_predict_data_model_agent_10d_topgate_fusion_20260622_executable_10d_open_return_research,??formal L4 10D??????????????????/ST/??/???????????????????
20250926,20250929,SZSE.000895,000895.SZ,双汇发展,2,0.9859675036927622,0.014837890790794095,6,0.206,D:/work/quant/quant_mcp/quant/main/config/prediction_manifests/executable_10d_open_return_l4_formal_20260617.json,stock_predict_data_model_agent_10d_topgate_fusion_20260622_executable_10d_open_return_research,??formal L4 10D??????????????????/ST/??/???????????????????
20250926,20250929,SHSE.600967,600967.SH,内蒙一机,3,0.9763663220088626,0.05793347992673986,6,0.2,D:/work/quant/quant_mcp/quant/main/config/prediction_manifests/executable_10d_open_return_l4_formal_20260617.json,stock_predict_data_model_agent_10d_topgate_fusion_20260622_executable_10d_open_return_research,??formal L4 10D??????????????????/ST/??/???????????????????
20250926,20250929,SHSE.603786,603786.SH,科博达,4,0.9586410635155096,0.04780970890763547,6,0.194,D:/work/quant/quant_mcp/quant/main/config/prediction_manifests/executable_10d_open_return_l4_formal_20260617.json,stock_predict_data_model_agent_10d_topgate_fusion_20260622_executable_10d_open_return_research,??formal L4 10D??????????????????/ST/??/???????????????????
20250929,20250930,SHSE.600521,600521.SH,华海药业,1,1.0070504527813713,0.06470449392744501,6,0.206,D:/work/quant/quant_mcp/quant/main/config/prediction_manifests/executable_10d_open_return_l4_formal_20260617.json,stock_predict_data_model_agent_10d_topgate_fusion_20260622_executable_10d_open_return_research,??formal L4 10D??????????????????/ST/??/???????????????????
20250929,20250930,SZSE.001965,001965.SZ,招商公路,2,0.9913139900203289,0.018186423349206105,6,0.206,D:/work/quant/quant_mcp/quant/main/config/prediction_manifests/executable_10d_open_return_l4_formal_20260617.json,stock_predict_data_model_agent_10d_topgate_fusion_20260622_executable_10d_open_return_research,??formal L4 10D??????????????????/ST/??/???????????????????
20250929,20250930,SHSE.600967,600967.SH,内蒙一机,3,0.9854001108852338,0.05441176517026665,6,0.2,D:/work/quant/quant_mcp/quant/main/config/prediction_manifests/executable_10d_open_return_l4_formal_20260617.json,stock_predict_data_model_agent_10d_topgate_fusion_20260622_executable_10d_open_return_research,??formal L4 10D??????????????????/ST/??/???????????????????
20250929,20250930,SZSE.000883,000883.SZ,湖北能源,4,0.9613749768989096,0.01206140378830793,6,0.194,D:/work/quant/quant_mcp/quant/main/config/prediction_manifests/executable_10d_open_return_l4_formal_20260617.json,stock_predict_data_model_agent_10d_topgate_fusion_20260622_executable_10d_open_return_research,??formal L4 10D??????????????????/ST/??/???????????????????
20250929,20250930,SZSE.002265,002265.SZ,建设工业,5,0.9582332286083903,0.0525680281557326,6,0.194,D:/work/quant/quant_mcp/quant/main/config/prediction_manifests/executable_10d_open_return_l4_formal_20260617.json,stock_predict_data_model_agent_10d_topgate_fusion_20260622_executable_10d_open_return_research,??formal L4 10D??????????????????/ST/??/???????????????????
20250930,20251009,SHSE.601899,601899.SH,紫金矿业,1,0.9964905799778352,0.037095446094837996,6,0.206,D:/work/quant/quant_mcp/quant/main/config/prediction_manifests/executable_10d_open_return_l4_formal_20260617.json,stock_predict_data_model_agent_10d_topgate_fusion_20260622_executable_10d_open_return_research,??formal L4 10D??????????????????/ST/??/???????????????????
20250930,20251009,SHSE.600660,600660.SH,福耀玻璃,2,0.9961211673439232,0.026535863368079612,6,0.206,D:/work/quant/quant_mcp/quant/main/config/prediction_manifests/executable_10d_open_return_l4_formal_20260617.json,stock_predict_data_model_agent_10d_topgate_fusion_20260622_executable_10d_open_return_research,??formal L4 10D??????????????????/ST/??/???????????????????
20250930,20251009,SZSE.300604,300604.SZ,长川科技,3,0.9957517547100111,0.05868303310131239,6,0.2,D:/work/quant/quant_mcp/quant/main/config/prediction_manifests/executable_10d_open_return_l4_formal_20260617.json,stock_predict_data_model_agent_10d_topgate_fusion_20260622_executable_10d_open_return_research,??formal L4 10D??????????????????/ST/??/???????????????????
20250930,20251009,SHSE.600398,600398.SH,海澜之家,4,0.9933505725895826,0.022179391118041316,6,0.194,D:/work/quant/quant_mcp/quant/main/config/prediction_manifests/executable_10d_open_return_l4_formal_20260617.json,stock_predict_data_model_agent_10d_topgate_fusion_20260622_executable_10d_open_return_research,??formal L4 10D??????????????????/ST/??/???????????????????
20251009,20251010,SHSE.603786,603786.SH,科博达,1,1.0071312384473197,0.055529561868250664,6,0.206,D:/work/quant/quant_mcp/quant/main/config/prediction_manifests/executable_10d_open_return_l4_formal_20260617.json,stock_predict_data_model_agent_10d_topgate_fusion_20260622_executable_10d_open_return_research,??formal L4 10D??????????????????/ST/??/???????????????????
20251009,20251010,SZSE.300347,300347.SZ,泰格医药,2,0.9964879852125693,0.05143208662446014,6,0.206,D:/work/quant/quant_mcp/quant/main/config/prediction_manifests/executable_10d_open_return_l4_formal_20260617.json,stock_predict_data_model_agent_10d_topgate_fusion_20260622_executable_10d_open_return_research,??formal L4 10D??????????????????/ST/??/???????????????????
20251009,20251010,SHSE.603179,603179.SH,新泉股份,3,0.9929759704251386,0.07503842584119046,6,0.2,D:/work/quant/quant_mcp/quant/main/config/prediction_manifests/executable_10d_open_return_l4_formal_20260617.json,stock_predict_data_model_agent_10d_topgate_fusion_20260622_executable_10d_open_return_research,??formal L4 10D??????????????????/ST/??/???????????????????
20251009,20251010,SHSE.600660,600660.SH,福耀玻璃,4,0.9927911275415896,0.027559795810217634,6,0.194,D:/work/quant/quant_mcp/quant/main/config/prediction_manifests/executable_10d_open_return_l4_formal_20260617.json,stock_predict_data_model_agent_10d_topgate_fusion_20260622_executable_10d_open_return_research,??formal L4 10D??????????????????/ST/??/???????????????????
20251009,20251010,SHSE.600398,600398.SH,海澜之家,5,0.9918669131238448,0.022790318560563388,6,0.194,D:/work/quant/quant_mcp/quant/main/config/prediction_manifests/executable_10d_open_return_l4_formal_20260617.json,stock_predict_data_model_agent_10d_topgate_fusion_20260622_executable_10d_open_return_research,??formal L4 10D??????????????????/ST/??/???????????????????
20251010,20251013,SHSE.603179,603179.SH,新泉股份,1,1.00924995381489,0.07641775840771277,6,0.206,D:/work/quant/quant_mcp/quant/main/config/prediction_manifests/executable_10d_open_return_l4_formal_20260617.json,stock_predict_data_model_agent_10d_topgate_fusion_20260622_executable_10d_open_return_research,??formal L4 10D??????????????????/ST/??/???????????????????
20251010,20251013,SHSE.603786,603786.SH,科博达,2,1.0087031221134306,0.05877264882069515,6,0.206,D:/work/quant/quant_mcp/quant/main/config/prediction_manifests/executable_10d_open_return_l4_formal_20260617.json,stock_predict_data_model_agent_10d_topgate_fusion_20260622_executable_10d_open_return_research,??formal L4 10D??????????????????/ST/??/???????????????????
20251010,20251013,SHSE.601825,601825.SH,沪农商行,3,1.0065582856087198,0.01613810187362022,6,0.2,D:/work/quant/quant_mcp/quant/main/config/prediction_manifests/executable_10d_open_return_l4_formal_20260617.json,stock_predict_data_model_agent_10d_topgate_fusion_20260622_executable_10d_open_return_research,??formal L4 10D??????????????????/ST/??/???????????????????
20251010,20251013,SHSE.601168,601168.SH,西部矿业,4,0.9963051912063551,0.03727696885500893,6,0.194,D:/work/quant/quant_mcp/quant/main/config/prediction_manifests/executable_10d_open_return_l4_formal_20260617.json,stock_predict_data_model_agent_10d_topgate_fusion_20260622_executable_10d_open_return_research,??formal L4 10D??????????????????/ST/??/???????????????????
20251010,20251013,SHSE.601899,601899.SH,紫金矿业,5,0.9961204507666728,0.03874959239814598,6,0.194,D:/work/quant/quant_mcp/quant/main/config/prediction_manifests/executable_10d_open_return_l4_formal_20260617.json,stock_predict_data_model_agent_10d_topgate_fusion_20260622_executable_10d_open_return_research,??formal L4 10D??????????????????/ST/??/???????????????????
20251013,20251014,SHSE.688617,688617.SH,惠泰医疗,1,1.0096029547553094,0.030852213695561174,6,0.206,D:/work/quant/quant_mcp/quant/main/config/prediction_manifests/executable_10d_open_return_l4_formal_20260617.json,stock_predict_data_model_agent_10d_topgate_fusion_20260622_executable_10d_open_return_research,??formal L4 10D??????????????????/ST/??/???????????????????
20251013,20251014,SHSE.603338,603338.SH,浙江鼎力,2,0.9951985226223453,0.03491727020994747,6,0.206,D:/work/quant/quant_mcp/quant/main/config/prediction_manifests/executable_10d_open_return_l4_formal_20260617.json,stock_predict_data_model_agent_10d_topgate_fusion_20260622_executable_10d_open_return_research,??formal L4 10D??????????????????/ST/??/???????????????????
20251013,20251014,SHSE.601899,601899.SH,紫金矿业,3,0.9924284395198523,0.03847667474549801,6,0.2,D:/work/quant/quant_mcp/quant/main/config/prediction_manifests/executable_10d_open_return_l4_formal_20260617.json,stock_predict_data_model_agent_10d_topgate_fusion_20260622_executable_10d_open_return_research,??formal L4 10D??????????????????/ST/??/???????????????????
20251013,20251014,SZSE.000630,000630.SZ,铜陵有色,4,0.991320406278855,0.047082008899021616,6,0.194,D:/work/quant/quant_mcp/quant/main/config/prediction_manifests/executable_10d_open_return_l4_formal_20260617.json,stock_predict_data_model_agent_10d_topgate_fusion_20260622_executable_10d_open_return_research,??formal L4 10D??????????????????/ST/??/???????????????????
20251013,20251014,SHSE.601168,601168.SH,西部矿业,5,0.9850415512465374,0.03945674064829903,6,0.194,D:/work/quant/quant_mcp/quant/main/config/prediction_manifests/executable_10d_open_return_l4_formal_20260617.json,stock_predict_data_model_agent_10d_topgate_fusion_20260622_executable_10d_open_return_research,??formal L4 10D??????????????????/ST/??/???????????????????
20251014,20251015,SHSE.603179,603179.SH,新泉股份,1,1.0092559084194976,0.09317989598037871,6,0.206,D:/work/quant/quant_mcp/quant/main/config/prediction_manifests/executable_10d_open_return_l4_formal_20260617.json,stock_predict_data_model_agent_10d_topgate_fusion_20260622_executable_10d_open_return_research,??formal L4 10D??????????????????/ST/??/???????????????????
20251014,20251015,SHSE.600380,600380.SH,健康元,2,0.9964918759231906,0.028241124638452023,6,0.206,D:/work/quant/quant_mcp/quant/main/config/prediction_manifests/executable_10d_open_return_l4_formal_20260617.json,stock_predict_data_model_agent_10d_topgate_fusion_20260622_executable_10d_open_return_research,??formal L4 10D??????????????????/ST/??/???????????????????
20251014,20251015,SZSE.003021,003021.SZ,兆威机电,3,0.9950147710487445,0.06816964515522622,6,0.2,D:/work/quant/quant_mcp/quant/main/config/prediction_manifests/executable_10d_open_return_l4_formal_20260617.json,stock_predict_data_model_agent_10d_topgate_fusion_20260622_executable_10d_open_return_research,??formal L4 10D??????????????????/ST/??/???????????????????
20251014,20251015,SZSE.002384,002384.SZ,东山精密,4,0.9948301329394387,0.08637705261095574,6,0.194,D:/work/quant/quant_mcp/quant/main/config/prediction_manifests/executable_10d_open_return_l4_formal_20260617.json,stock_predict_data_model_agent_10d_topgate_fusion_20260622_executable_10d_open_return_research,??formal L4 10D??????????????????/ST/??/???????????????????
20251014,20251015,SZSE.002080,002080.SZ,中材科技,5,0.994645494830133,0.06447925591065252,6,0.194,D:/work/quant/quant_mcp/quant/main/config/prediction_manifests/executable_10d_open_return_l4_formal_20260617.json,stock_predict_data_model_agent_10d_topgate_fusion_20260622_executable_10d_open_return_research,??formal L4 10D??????????????????/ST/??/???????????????????
20251015,20251016,SZSE.000651,000651.SZ,格力电器,1,1.0071381093057608,0.014355588954069076,6,0.206,D:/work/quant/quant_mcp/quant/main/config/prediction_manifests/executable_10d_open_return_l4_formal_20260617.json,stock_predict_data_model_agent_10d_topgate_fusion_20260622_executable_10d_open_return_research,??formal L4 10D??????????????????/ST/??/???????????????????
20251015,20251016,SHSE.600380,600380.SH,健康元,2,1.00669682422452,0.02652563124242162,6,0.206,D:/work/quant/quant_mcp/quant/main/config/prediction_manifests/executable_10d_open_return_l4_formal_20260617.json,stock_predict_data_model_agent_10d_topgate_fusion_20260622_executable_10d_open_return_research,??formal L4 10D??????????????????/ST/??/???????????????????
20251015,20251016,SHSE.601061,601061.SH,中信金属,3,0.9933530280649926,0.03331748158426163,6,0.2,D:/work/quant/quant_mcp/quant/main/config/prediction_manifests/executable_10d_open_return_l4_formal_20260617.json,stock_predict_data_model_agent_10d_topgate_fusion_20260622_executable_10d_open_return_research,??formal L4 10D??????????????????/ST/??/???????????????????
20251015,20251016,SHSE.600312,600312.SH,平高电气,4,0.9772895125553914,0.026115023903426477,6,0.194,D:/work/quant/quant_mcp/quant/main/config/prediction_manifests/executable_10d_open_return_l4_formal_20260617.json,stock_predict_data_model_agent_10d_topgate_fusion_20260622_executable_10d_open_return_research,??formal L4 10D??????????????????/ST/??/???????????????????
20251015,20251016,SHSE.600977,600977.SH,中国电影,5,0.9667651403249631,0.09736649340628326,6,0.194,D:/work/quant/quant_mcp/quant/main/config/prediction_manifests/executable_10d_open_return_l4_formal_20260617.json,stock_predict_data_model_agent_10d_topgate_fusion_20260622_executable_10d_open_return_research,??formal L4 10D??????????????????/ST/??/???????????????????
20251016,20251017,SHSE.688192,688192.SH,迪哲医药,1,1.0069077490774907,0.05180365659362034,6,0.206,D:/work/quant/quant_mcp/quant/main/config/prediction_manifests/executable_10d_open_return_l4_formal_20260617.json,stock_predict_data_model_agent_10d_topgate_fusion_20260622_executable_10d_open_return_research,??formal L4 10D??????????????????/ST/??/???????????????????
20251016,20251017,SHSE.600166,600166.SH,福田汽车,2,0.9950184501845019,0.02870036123276849,6,0.206,D:/work/quant/quant_mcp/quant/main/config/prediction_manifests/executable_10d_open_return_l4_formal_20260617.json,stock_predict_data_model_agent_10d_topgate_fusion_20260622_executable_10d_open_return_research,??formal L4 10D??????????????????/ST/??/???????????????????
20251016,20251017,SHSE.600406,600406.SH,国电南瑞,3,0.9915129151291513,0.01909288745345201,6,0.2,D:/work/quant/quant_mcp/quant/main/config/prediction_manifests/executable_10d_open_return_l4_formal_20260617.json,stock_predict_data_model_agent_10d_topgate_fusion_20260622_executable_10d_open_return_research,??formal L4 10D??????????????????/ST/??/???????????????????
20251016,20251017,SZSE.002294,002294.SZ,信立泰,4,0.9880073800738007,0.05105478691273209,6,0.194,D:/work/quant/quant_mcp/quant/main/config/prediction_manifests/executable_10d_open_return_l4_formal_20260617.json,stock_predict_data_model_agent_10d_topgate_fusion_20260622_executable_10d_open_return_research,??formal L4 10D??????????????????/ST/??/???????????????????
20251016,20251017,SHSE.600977,600977.SH,中国电影,5,0.9677121771217713,0.09325925522141265,6,0.194,D:/work/quant/quant_mcp/quant/main/config/prediction_manifests/executable_10d_open_return_l4_formal_20260617.json,stock_predict_data_model_agent_10d_topgate_fusion_20260622_executable_10d_open_return_research,??formal L4 10D??????????????????/ST/??/???????????????????
20251017,20251020,SHSE.603338,603338.SH,浙江鼎力,1,0.9940992070809515,0.038545341046545605,6,0.206,D:/work/quant/quant_mcp/quant/main/config/prediction_manifests/executable_10d_open_return_l4_formal_20260617.json,stock_predict_data_model_agent_10d_topgate_fusion_20260622_executable_10d_open_return_research,??formal L4 10D??????????????????/ST/??/???????????????????
20251017,20251020,SHSE.600977,600977.SH,中国电影,2,0.9843260188087775,0.09271147921336292,6,0.206,D:/work/quant/quant_mcp/quant/main/config/prediction_manifests/executable_10d_open_return_l4_formal_20260617.json,stock_predict_data_model_agent_10d_topgate_fusion_20260622_executable_10d_open_return_research,??formal L4 10D??????????????????/ST/??/???????????????????
20251017,20251020,SHSE.600027,600027.SH,华电国际,3,0.9830352203577356,0.016381753968416755,6,0.2,D:/work/quant/quant_mcp/quant/main/config/prediction_manifests/executable_10d_open_return_l4_formal_20260617.json,stock_predict_data_model_agent_10d_topgate_fusion_20260622_executable_10d_open_return_research,??formal L4 10D??????????????????/ST/??/???????????????????
20251017,20251020,SHSE.600848,600848.SH,上海临港,4,0.9762124285450857,0.051489920867285,6,0.194,D:/work/quant/quant_mcp/quant/main/config/prediction_manifests/executable_10d_open_return_l4_formal_20260617.json,stock_predict_data_model_agent_10d_topgate_fusion_20260622_executable_10d_open_return_research,??formal L4 10D??????????????????/ST/??/???????????????????
20251017,20251020,SZSE.000429,000429.SZ,粤高速A,5,0.9739996312004425,0.019201030320262786,6,0.194,D:/work/quant/quant_mcp/quant/main/config/prediction_manifests/executable_10d_open_return_l4_formal_20260617.json,stock_predict_data_model_agent_10d_topgate_fusion_20260622_executable_10d_open_return_research,??formal L4 10D??????????????????/ST/??/???????????????????
20251020,20251021,SHSE.600977,600977.SH,中国电影,1,0.9913316119513095,0.08572490818570477,6,0.206,D:/work/quant/quant_mcp/quant/main/config/prediction_manifests/executable_10d_open_return_l4_formal_20260617.json,stock_predict_data_model_agent_10d_topgate_fusion_20260622_executable_10d_open_return_research,??formal L4 10D??????????????????/ST/??/???????????????????
20251020,20251021,SHSE.600848,600848.SH,上海临港,2,0.9727037993360383,0.052988213789441935,6,0.206,D:/work/quant/quant_mcp/quant/main/config/prediction_manifests/executable_10d_open_return_l4_formal_20260617.json,stock_predict_data_model_agent_10d_topgate_fusion_20260622_executable_10d_open_return_research,??formal L4 10D??????????????????/ST/??/???????????????????
20251020,20251021,SZSE.000429,000429.SZ,粤高速A,3,0.9723349317594984,0.019613732878621743,6,0.2,D:/work/quant/quant_mcp/quant/main/config/prediction_manifests/executable_10d_open_return_l4_formal_20260617.json,stock_predict_data_model_agent_10d_topgate_fusion_20260622_executable_10d_open_return_research,??formal L4 10D??????????????????/ST/??/???????????????????
20251020,20251021,SZSE.000708,000708.SZ,中信特钢,4,0.9621910734046477,0.026926120000816425,6,0.194,D:/work/quant/quant_mcp/quant/main/config/prediction_manifests/executable_10d_open_return_l4_formal_20260617.json,stock_predict_data_model_agent_10d_topgate_fusion_20260622_executable_10d_open_return_research,??formal L4 10D??????????????????/ST/??/???????????????????
20251020,20251021,SHSE.600642,600642.SH,申能股份,5,0.9579490962744375,0.013641975246921872,6,0.194,D:/work/quant/quant_mcp/quant/main/config/prediction_manifests/executable_10d_open_return_l4_formal_20260617.json,stock_predict_data_model_agent_10d_topgate_fusion_20260622_executable_10d_open_return_research,??formal L4 10D??????????????????/ST/??/???????????????????
20251021,20251022,SZSE.000683,000683.SZ,博源化工,1,1.007242206235012,0.03425324759864462,6,0.206,D:/work/quant/quant_mcp/quant/main/config/prediction_manifests/executable_10d_open_return_l4_formal_20260617.json,stock_predict_data_model_agent_10d_topgate_fusion_20260622_executable_10d_open_return_research,??formal L4 10D??????????????????/ST/??/???????????????????
20251021,20251022,SHSE.600977,600977.SH,中国电影,2,0.98985427042981,0.07852422760355193,6,0.206,D:/work/quant/quant_mcp/quant/main/config/prediction_manifests/executable_10d_open_return_l4_formal_20260617.json,stock_predict_data_model_agent_10d_topgate_fusion_20260622_executable_10d_open_return_research,??formal L4 10D??????????????????/ST/??/???????????????????
20251021,20251022,SHSE.600848,600848.SH,上海临港,3,0.9581258070466704,0.05408510876407254,6,0.2,D:/work/quant/quant_mcp/quant/main/config/prediction_manifests/executable_10d_open_return_l4_formal_20260617.json,stock_predict_data_model_agent_10d_topgate_fusion_20260622_executable_10d_open_return_research,??formal L4 10D??????????????????/ST/??/???????????????????
20251022,20251023,SHSE.688192,688192.SH,迪哲医药,1,1.0094097030068254,0.0553069381162313,6,0.206,D:/work/quant/quant_mcp/quant/main/config/prediction_manifests/executable_10d_open_return_l4_formal_20260617.json,stock_predict_data_model_agent_10d_topgate_fusion_20260622_executable_10d_open_return_research,??formal L4 10D??????????????????/ST/??/???????????????????
20251022,20251023,SHSE.600436,600436.SH,片仔癀,2,1.0090038738240177,0.014961576850138289,6,0.206,D:/work/quant/quant_mcp/quant/main/config/prediction_manifests/executable_10d_open_return_l4_formal_20260617.json,stock_predict_data_model_agent_10d_topgate_fusion_20260622_executable_10d_open_return_research,??formal L4 10D??????????????????/ST/??/???????????????????
20251022,20251023,SHSE.688166,688166.SH,博瑞医药,3,1.0075982291090204,0.09837495105612998,6,0.2,D:/work/quant/quant_mcp/quant/main/config/prediction_manifests/executable_10d_open_return_l4_formal_20260617.json,stock_predict_data_model_agent_10d_topgate_fusion_20260622_executable_10d_open_return_research,??formal L4 10D??????????????????/ST/??/???????????????????
20251022,20251023,SZSE.000683,000683.SZ,博源化工,4,1.007074340527578,0.03287337823723659,6,0.194,D:/work/quant/quant_mcp/quant/main/config/prediction_manifests/executable_10d_open_return_l4_formal_20260617.json,stock_predict_data_model_agent_10d_topgate_fusion_20260622_executable_10d_open_return_research,??formal L4 10D??????????????????/ST/??/???????????????????
20251022,20251023,SZSE.301498,301498.SZ,乖宝宠物,5,0.9974174506548608,0.037457607418170676,6,0.194,D:/work/quant/quant_mcp/quant/main/config/prediction_manifests/executable_10d_open_return_l4_formal_20260617.json,stock_predict_data_model_agent_10d_topgate_fusion_20260622_executable_10d_open_return_research,??formal L4 10D??????????????????/ST/??/???????????????????
20251023,20251024,SHSE.688166,688166.SH,博瑞医药,1,1.0099926240088513,0.09697436409097641,6,0.206,D:/work/quant/quant_mcp/quant/main/config/prediction_manifests/executable_10d_open_return_l4_formal_20260617.json,stock_predict_data_model_agent_10d_topgate_fusion_20260622_executable_10d_open_return_research,??formal L4 10D??????????????????/ST/??/???????????????????
20251023,20251024,SHSE.600521,600521.SH,华海药业,2,0.9859856168172598,0.04945946161700531,6,0.206,D:/work/quant/quant_mcp/quant/main/config/prediction_manifests/executable_10d_open_return_l4_formal_20260617.json,stock_predict_data_model_agent_10d_topgate_fusion_20260622_executable_10d_open_return_research,??formal L4 10D??????????????????/ST/??/???????????????????
20251023,20251024,SHSE.600848,600848.SH,上海临港,3,0.9815600221279734,0.05776699263983063,6,0.2,D:/work/quant/quant_mcp/quant/main/config/prediction_manifests/executable_10d_open_return_l4_formal_20260617.json,stock_predict_data_model_agent_10d_topgate_fusion_20260622_executable_10d_open_return_research,??formal L4 10D??????????????????/ST/??/???????????????????
20251023,20251024,SZSE.000429,000429.SZ,粤高速A,4,0.9759358288770054,0.020593292790638183,6,0.194,D:/work/quant/quant_mcp/quant/main/config/prediction_manifests/executable_10d_open_return_l4_formal_20260617.json,stock_predict_data_model_agent_10d_topgate_fusion_20260622_executable_10d_open_return_research,??formal L4 10D??????????????????/ST/??/???????????????????
20251023,20251024,SHSE.600295,600295.SH,鄂尔多斯,5,0.9719712336345196,0.02822736107202552,6,0.194,D:/work/quant/quant_mcp/quant/main/config/prediction_manifests/executable_10d_open_return_l4_formal_20260617.json,stock_predict_data_model_agent_10d_topgate_fusion_20260622_executable_10d_open_return_research,??formal L4 10D??????????????????/ST/??/???????????????????
20251024,20251027,SZSE.000513,000513.SZ,丽珠集团,1,0.9974188790560472,0.021224993254925772,6,0.206,D:/work/quant/quant_mcp/quant/main/config/prediction_manifests/executable_10d_open_return_l4_formal_20260617.json,stock_predict_data_model_agent_10d_topgate_fusion_20260622_executable_10d_open_return_research,??formal L4 10D??????????????????/ST/??/???????????????????
20251024,20251027,SZSE.301498,301498.SZ,乖宝宠物,2,0.9966814159292036,0.04933986458177392,6,0.206,D:/work/quant/quant_mcp/quant/main/config/prediction_manifests/executable_10d_open_return_l4_formal_20260617.json,stock_predict_data_model_agent_10d_topgate_fusion_20260622_executable_10d_open_return_research,??formal L4 10D??????????????????/ST/??/???????????????????
20251024,20251027,SHSE.688166,688166.SH,博瑞医药,3,0.995575221238938,0.08864623900587347,6,0.2,D:/work/quant/quant_mcp/quant/main/config/prediction_manifests/executable_10d_open_return_l4_formal_20260617.json,stock_predict_data_model_agent_10d_topgate_fusion_20260622_executable_10d_open_return_research,??formal L4 10D??????????????????/ST/??/???????????????????
20251024,20251027,SHSE.600115,600115.SH,中国东航,4,0.9931784660766961,0.0312371151305067,6,0.194,D:/work/quant/quant_mcp/quant/main/config/prediction_manifests/executable_10d_open_return_l4_formal_20260617.json,stock_predict_data_model_agent_10d_topgate_fusion_20260622_executable_10d_open_return_research,??formal L4 10D??????????????????/ST/??/???????????????????
20251024,20251027,SHSE.601857,601857.SH,中国石油,5,0.9918879056047197,0.0178256073534462,6,0.194,D:/work/quant/quant_mcp/quant/main/config/prediction_manifests/executable_10d_open_return_l4_formal_20260617.json,stock_predict_data_model_agent_10d_topgate_fusion_20260622_executable_10d_open_return_research,??formal L4 10D??????????????????/ST/??/???????????????????
20251027,20251028,SHSE.688617,688617.SH,惠泰医疗,1,1.0095150285819656,0.044016740214453454,6,0.206,D:/work/quant/quant_mcp/quant/main/config/prediction_manifests/executable_10d_open_return_l4_formal_20260617.json,stock_predict_data_model_agent_10d_topgate_fusion_20260622_executable_10d_open_return_research,??formal L4 10D??????????????????/ST/??/???????????????????
20251027,20251028,SZSE.002461,002461.SZ,珠江啤酒,2,1.0082647980822423,0.02155389162374252,6,0.206,D:/work/quant/quant_mcp/quant/main/config/prediction_manifests/executable_10d_open_return_l4_formal_20260617.json,stock_predict_data_model_agent_10d_topgate_fusion_20260622_executable_10d_open_return_research,??formal L4 10D??????????????????/ST/??/???????????????????
20251027,20251028,SZSE.301498,301498.SZ,乖宝宠物,3,1.0079273464871843,0.049737566570229236,6,0.2,D:/work/quant/quant_mcp/quant/main/config/prediction_manifests/executable_10d_open_return_l4_formal_20260617.json,stock_predict_data_model_agent_10d_topgate_fusion_20260622_executable_10d_open_return_research,??formal L4 10D??????????????????/ST/??/???????????????????
20251027,20251028,SHSE.600161,600161.SH,天坛生物,4,1.0068467637838834,0.012555141110099886,6,0.194,D:/work/quant/quant_mcp/quant/main/config/prediction_manifests/executable_10d_open_return_l4_formal_20260617.json,stock_predict_data_model_agent_10d_topgate_fusion_20260622_executable_10d_open_return_research,??formal L4 10D??????????????????/ST/??/???????????????????
20251027,20251028,SHSE.603707,603707.SH,健友股份,5,1.0066937119675456,0.02269441032090951,6,0.194,D:/work/quant/quant_mcp/quant/main/config/prediction_manifests/executable_10d_open_return_l4_formal_20260617.json,stock_predict_data_model_agent_10d_topgate_fusion_20260622_executable_10d_open_return_research,??formal L4 10D??????????????????/ST/??/???????????????????
20251028,20251029,SZSE.002773,002773.SZ,康弘药业,1,1.0083573008849558,0.040061059275691625,6,0.206,D:/work/quant/quant_mcp/quant/main/config/prediction_manifests/executable_10d_open_return_l4_formal_20260617.json,stock_predict_data_model_agent_10d_topgate_fusion_20260622_executable_10d_open_return_research,??formal L4 10D??????????????????/ST/??/???????????????????
20251028,20251029,SZSE.301498,301498.SZ,乖宝宠物,2,1.0078235619469027,0.04813409200863053,6,0.206,D:/work/quant/quant_mcp/quant/main/config/prediction_manifests/executable_10d_open_return_l4_formal_20260617.json,stock_predict_data_model_agent_10d_topgate_fusion_20260622_executable_10d_open_return_research,??formal L4 10D??????????????????/ST/??/???????????????????
20251028,20251029,SHSE.600600,600600.SH,青岛啤酒,3,1.0068473451327433,0.013204656619009755,6,0.2,D:/work/quant/quant_mcp/quant/main/config/prediction_manifests/executable_10d_open_return_l4_formal_20260617.json,stock_predict_data_model_agent_10d_topgate_fusion_20260622_executable_10d_open_return_research,??formal L4 10D??????????????????/ST/??/???????????????????
20251028,20251029,SZSE.002078,002078.SZ,太阳纸业,4,1.0066924778761062,0.023711803987801403,6,0.194,D:/work/quant/quant_mcp/quant/main/config/prediction_manifests/executable_10d_open_return_l4_formal_20260617.json,stock_predict_data_model_agent_10d_topgate_fusion_20260622_executable_10d_open_return_research,??formal L4 10D??????????????????/ST/??/???????????????????
20251028,20251029,SHSE.601921,601921.SH,浙版传媒,5,0.9966814159292036,0.017412935146947122,6,0.194,D:/work/quant/quant_mcp/quant/main/config/prediction_manifests/executable_10d_open_return_l4_formal_20260617.json,stock_predict_data_model_agent_10d_topgate_fusion_20260622_executable_10d_open_return_research,??formal L4 10D??????????????????/ST/??/???????????????????
20251029,20251030,SHSE.601838,601838.SH,成都银行,1,1.0079664454277286,0.02445811260987427,6,0.206,D:/work/quant/quant_mcp/quant/main/config/prediction_manifests/executable_10d_open_return_l4_formal_20260617.json,stock_predict_data_model_agent_10d_topgate_fusion_20260622_executable_10d_open_return_research,??formal L4 10D??????????????????/ST/??/???????????????????
20251029,20251030,SZSE.002773,002773.SZ,康弘药业,2,1.007536873156342,0.0382678040302036,6,0.206,D:/work/quant/quant_mcp/quant/main/config/prediction_manifests/executable_10d_open_return_l4_formal_20260617.json,stock_predict_data_model_agent_10d_topgate_fusion_20260622_executable_10d_open_return_research,??formal L4 10D??????????????????/ST/??/???????????????????
20251029,20251030,SZSE.301498,301498.SZ,乖宝宠物,3,1.0074225663716814,0.04809341550888434,6,0.2,D:/work/quant/quant_mcp/quant/main/config/prediction_manifests/executable_10d_open_return_l4_formal_20260617.json,stock_predict_data_model_agent_10d_topgate_fusion_20260622_executable_10d_open_return_research,??formal L4 10D??????????????????/ST/??/???????????????????
20251029,20251030,SHSE.600161,600161.SH,天坛生物,4,1.0073478982300885,0.012903930130750314,6,0.194,D:/work/quant/quant_mcp/quant/main/config/prediction_manifests/executable_10d_open_return_l4_formal_20260617.json,stock_predict_data_model_agent_10d_topgate_fusion_20260622_executable_10d_open_return_research,??formal L4 10D??????????????????/ST/??/???????????????????
20251029,20251030,SHSE.603589,603589.SH,口子窖,5,0.9974188790560472,0.012337260723433968,6,0.194,D:/work/quant/quant_mcp/quant/main/config/prediction_manifests/executable_10d_open_return_l4_formal_20260617.json,stock_predict_data_model_agent_10d_topgate_fusion_20260622_executable_10d_open_return_research,??formal L4 10D??????????????????/ST/??/???????????????????
20251030,20251031,SHSE.601928,601928.SH,凤凰传媒,1,1.009308500829799,0.0162911265675495,6,0.206,D:/work/quant/quant_mcp/quant/main/config/prediction_manifests/executable_10d_open_return_l4_formal_20260617.json,stock_predict_data_model_agent_10d_topgate_fusion_20260622_executable_10d_open_return_research,??formal L4 10D??????????????????/ST/??/???????????????????
20251030,20251031,SHSE.601009,601009.SH,南京银行,2,1.0088917573298912,0.02390759109156302,6,0.206,D:/work/quant/quant_mcp/quant/main/config/prediction_manifests/executable_10d_open_return_l4_formal_20260617.json,stock_predict_data_model_agent_10d_topgate_fusion_20260622_executable_10d_open_return_research,??formal L4 10D??????????????????/ST/??/???????????????????
20251030,20251031,SZSE.002773,002773.SZ,康弘药业,3,1.0068652037617556,0.038033906064621086,6,0.2,D:/work/quant/quant_mcp/quant/main/config/prediction_manifests/executable_10d_open_return_l4_formal_20260617.json,stock_predict_data_model_agent_10d_topgate_fusion_20260622_executable_10d_open_return_research,??formal L4 10D??????????????????/ST/??/???????????????????
20251030,20251031,SHSE.603589,603589.SH,口子窖,4,0.9968652037617555,0.012488423084612519,6,0.194,D:/work/quant/quant_mcp/quant/main/config/prediction_manifests/executable_10d_open_return_l4_formal_20260617.json,stock_predict_data_model_agent_10d_topgate_fusion_20260622_executable_10d_open_return_research,??formal L4 10D??????????????????/ST/??/???????????????????
20251030,20251031,SZSE.300529,300529.SZ,健帆生物,5,0.996496404204315,0.020197315752844048,6,0.194,D:/work/quant/quant_mcp/quant/main/config/prediction_manifests/executable_10d_open_return_l4_formal_20260617.json,stock_predict_data_model_agent_10d_topgate_fusion_20260622_executable_10d_open_return_research,??formal L4 10D??????????????????/ST/??/???????????????????
20251031,20251103,SHSE.688169,688169.SH,石头科技,1,1.0094469026548671,0.04950428381987331,6,0.206,D:/work/quant/quant_mcp/quant/main/config/prediction_manifests/executable_10d_open_return_l4_formal_20260617.json,stock_predict_data_model_agent_10d_topgate_fusion_20260622_executable_10d_open_return_research,??formal L4 10D??????????????????/ST/??/???????????????????
20251031,20251103,SHSE.601333,601333.SH,广深铁路,2,1.0089491150442478,0.026143791482539615,6,0.206,D:/work/quant/quant_mcp/quant/main/config/prediction_manifests/executable_10d_open_return_l4_formal_20260617.json,stock_predict_data_model_agent_10d_topgate_fusion_20260622_executable_10d_open_return_research,??formal L4 10D??????????????????/ST/??/???????????????????
20251031,20251103,SHSE.603589,603589.SH,口子窖,3,1.0079424778761061,0.012538557777359523,6,0.2,D:/work/quant/quant_mcp/quant/main/config/prediction_manifests/executable_10d_open_return_l4_formal_20260617.json,stock_predict_data_model_agent_10d_topgate_fusion_20260622_executable_10d_open_return_research,??formal L4 10D??????????????????/ST/??/???????????????????
20251031,20251103,SHSE.688266,688266.SH,泽璟制药,4,1.0072658554572271,0.0683866026124581,6,0.194,D:/work/quant/quant_mcp/quant/main/config/prediction_manifests/executable_10d_open_return_l4_formal_20260617.json,stock_predict_data_model_agent_10d_topgate_fusion_20260622_executable_10d_open_return_research,??formal L4 10D??????????????????/ST/??/???????????????????
20251031,20251103,SZSE.000858,000858.SZ,五粮液,5,0.9963126843657817,0.013744826113886836,6,0.194,D:/work/quant/quant_mcp/quant/main/config/prediction_manifests/executable_10d_open_return_l4_formal_20260617.json,stock_predict_data_model_agent_10d_topgate_fusion_20260622_executable_10d_open_return_research,??formal L4 10D??????????????????/ST/??/???????????????????
20251103,20251104,SHSE.601816,601816.SH,京沪高铁,1,1.008558791006266,0.012693333440460456,6,0.206,D:/work/quant/quant_mcp/quant/main/config/prediction_manifests/executable_10d_open_return_l4_formal_20260617.json,stock_predict_data_model_agent_10d_topgate_fusion_20260622_executable_10d_open_return_research,??formal L4 10D??????????????????/ST/??/???????????????????
20251103,20251104,SHSE.603589,603589.SH,口子窖,2,0.9964983413195724,0.012265023139378346,6,0.206,D:/work/quant/quant_mcp/quant/main/config/prediction_manifests/executable_10d_open_return_l4_formal_20260617.json,stock_predict_data_model_agent_10d_topgate_fusion_20260622_executable_10d_open_return_research,??formal L4 10D??????????????????/ST/??/???????????????????
20251103,20251104,SZSE.002594,002594.SZ,比亚迪,3,0.9963140434942868,0.022745985265610162,6,0.2,D:/work/quant/quant_mcp/quant/main/config/prediction_manifests/executable_10d_open_return_l4_formal_20260617.json,stock_predict_data_model_agent_10d_topgate_fusion_20260622_executable_10d_open_return_research,??formal L4 10D??????????????????/ST/??/???????????????????
20251103,20251104,SHSE.688169,688169.SH,石头科技,4,0.9959454478437154,0.05350385615174989,6,0.194,D:/work/quant/quant_mcp/quant/main/config/prediction_manifests/executable_10d_open_return_l4_formal_20260617.json,stock_predict_data_model_agent_10d_topgate_fusion_20260622_executable_10d_open_return_research,??formal L4 10D??????????????????/ST/??/???????????????????
20251103,20251104,SZSE.002203,002203.SZ,海亮股份,5,0.9955768521931441,0.044863015710133985,6,0.194,D:/work/quant/quant_mcp/quant/main/config/prediction_manifests/executable_10d_open_return_l4_formal_20260617.json,stock_predict_data_model_agent_10d_topgate_fusion_20260622_executable_10d_open_return_research,??formal L4 10D??????????????????/ST/??/???????????????????
20251104,20251105,SHSE.601816,601816.SH,京沪高铁,1,1.0086417250276447,0.012318618908792019,6,0.206,D:/work/quant/quant_mcp/quant/main/config/prediction_manifests/executable_10d_open_return_l4_formal_20260617.json,stock_predict_data_model_agent_10d_topgate_fusion_20260622_executable_10d_open_return_research,??formal L4 10D??????????????????/ST/??/???????????????????
20251104,20251105,SZSE.002773,002773.SZ,康弘药业,2,0.952082565425728,0.04523367296747084,6,0.206,D:/work/quant/quant_mcp/quant/main/config/prediction_manifests/executable_10d_open_return_l4_formal_20260617.json,stock_predict_data_model_agent_10d_topgate_fusion_20260622_executable_10d_open_return_research,??formal L4 10D??????????????????/ST/??/???????????????????
20251105,20251106,SHSE.601816,601816.SH,京沪高铁,1,0.9968669369701437,0.012059616856921794,6,0.206,D:/work/quant/quant_mcp/quant/main/config/prediction_manifests/executable_10d_open_return_l4_formal_20260617.json,stock_predict_data_model_agent_10d_topgate_fusion_20260622_executable_10d_open_return_research,??formal L4 10D??????????????????/ST/??/???????????????????
20251105,20251106,SHSE.600007,600007.SH,中国国贸,2,0.9953925543678585,0.012352652529724513,6,0.206,D:/work/quant/quant_mcp/quant/main/config/prediction_manifests/executable_10d_open_return_l4_formal_20260617.json,stock_predict_data_model_agent_10d_topgate_fusion_20260622_executable_10d_open_return_research,??formal L4 10D??????????????????/ST/??/???????????????????
20251105,20251106,SZSE.003816,003816.SZ,中国广核,3,0.9944710652414301,0.026108374017367025,6,0.2,D:/work/quant/quant_mcp/quant/main/config/prediction_manifests/executable_10d_open_return_l4_formal_20260617.json,stock_predict_data_model_agent_10d_topgate_fusion_20260622_executable_10d_open_return_research,??formal L4 10D??????????????????/ST/??/???????????????????
20251105,20251106,SHSE.600015,600015.SH,华夏银行,4,0.9939181717655732,0.01796003871404929,6,0.194,D:/work/quant/quant_mcp/quant/main/config/prediction_manifests/executable_10d_open_return_l4_formal_20260617.json,stock_predict_data_model_agent_10d_topgate_fusion_20260622_executable_10d_open_return_research,??formal L4 10D??????????????????/ST/??/???????????????????
20251105,20251106,SHSE.603707,603707.SH,健友股份,5,0.9937338739402876,0.021717976051294382,6,0.194,D:/work/quant/quant_mcp/quant/main/config/prediction_manifests/executable_10d_open_return_l4_formal_20260617.json,stock_predict_data_model_agent_10d_topgate_fusion_20260622_executable_10d_open_return_research,??formal L4 10D??????????????????/ST/??/???????????????????
20251106,20251107,SHSE.601816,601816.SH,京沪高铁,1,1.0075783265757463,0.011848369272446715,6,0.206,D:/work/quant/quant_mcp/quant/main/config/prediction_manifests/executable_10d_open_return_l4_formal_20260617.json,stock_predict_data_model_agent_10d_topgate_fusion_20260622_executable_10d_open_return_research,??formal L4 10D??????????????????/ST/??/???????????????????
20251106,20251107,SZSE.003816,003816.SZ,中国广核,2,0.9944710652414301,0.02445255415979441,6,0.206,D:/work/quant/quant_mcp/quant/main/config/prediction_manifests/executable_10d_open_return_l4_formal_20260617.json,stock_predict_data_model_agent_10d_topgate_fusion_20260622_executable_10d_open_return_research,??formal L4 10D??????????????????/ST/??/???????????????????
20251106,20251107,SZSE.001965,001965.SZ,招商公路,3,0.9942867674161445,0.018221154669399543,6,0.2,D:/work/quant/quant_mcp/quant/main/config/prediction_manifests/executable_10d_open_return_l4_formal_20260617.json,stock_predict_data_model_agent_10d_topgate_fusion_20260622_executable_10d_open_return_research,??formal L4 10D??????????????????/ST/??/???????????????????
20251106,20251107,SHSE.600886,600886.SH,国投电力,4,0.9941024695908588,0.019400952916389224,6,0.194,D:/work/quant/quant_mcp/quant/main/config/prediction_manifests/executable_10d_open_return_l4_formal_20260617.json,stock_predict_data_model_agent_10d_topgate_fusion_20260622_executable_10d_open_return_research,??formal L4 10D??????????????????/ST/??/???????????????????
20251106,20251107,SHSE.601169,601169.SH,北京银行,5,0.9939181717655732,0.01766256649017975,6,0.194,D:/work/quant/quant_mcp/quant/main/config/prediction_manifests/executable_10d_open_return_l4_formal_20260617.json,stock_predict_data_model_agent_10d_topgate_fusion_20260622_executable_10d_open_return_research,??formal L4 10D??????????????????/ST/??/???????????????????
20251107,20251110,SHSE.601816,601816.SH,京沪高铁,1,1.0076584377302875,0.011756238763551703,6,0.206,D:/work/quant/quant_mcp/quant/main/config/prediction_manifests/executable_10d_open_return_l4_formal_20260617.json,stock_predict_data_model_agent_10d_topgate_fusion_20260622_executable_10d_open_return_research,??formal L4 10D??????????????????/ST/??/???????????????????
20251107,20251110,SHSE.600582,600582.SH,天地科技,2,0.9974207811348563,0.018482316148585098,6,0.206,D:/work/quant/quant_mcp/quant/main/config/prediction_manifests/executable_10d_open_return_l4_formal_20260617.json,stock_predict_data_model_agent_10d_topgate_fusion_20260622_executable_10d_open_return_research,??formal L4 10D??????????????????/ST/??/???????????????????
20251107,20251110,SZSE.001391,001391.SZ,国货航,3,0.9952100221075902,0.008805512778774496,6,0.2,D:/work/quant/quant_mcp/quant/main/config/prediction_manifests/executable_10d_open_return_l4_formal_20260617.json,stock_predict_data_model_agent_10d_topgate_fusion_20260622_executable_10d_open_return_research,??formal L4 10D??????????????????/ST/??/???????????????????
20251107,20251110,SHSE.601088,601088.SH,中国神华,4,0.9942888725128961,0.02274176730874546,6,0.194,D:/work/quant/quant_mcp/quant/main/config/prediction_manifests/executable_10d_open_return_l4_formal_20260617.json,stock_predict_data_model_agent_10d_topgate_fusion_20260622_executable_10d_open_return_research,??formal L4 10D??????????????????/ST/??/???????????????????
20251107,20251110,SZSE.003816,003816.SZ,中国广核,5,0.9922623434045689,0.024209244676160462,6,0.194,D:/work/quant/quant_mcp/quant/main/config/prediction_manifests/executable_10d_open_return_l4_formal_20260617.json,stock_predict_data_model_agent_10d_topgate_fusion_20260622_executable_10d_open_return_research,??formal L4 10D??????????????????/ST/??/???????????????????
20251110,20251111,SHSE.600415,600415.SH,小商品城,1,0.9968698213956914,0.039478473934821415,6,0.206,D:/work/quant/quant_mcp/quant/main/config/prediction_manifests/executable_10d_open_return_l4_formal_20260617.json,stock_predict_data_model_agent_10d_topgate_fusion_20260622_executable_10d_open_return_research,??formal L4 10D??????????????????/ST/??/???????????????????
20251110,20251111,SHSE.600157,600157.SH,永泰能源,2,0.9959491806297183,0.02848484888087682,6,0.206,D:/work/quant/quant_mcp/quant/main/config/prediction_manifests/executable_10d_open_return_l4_formal_20260617.json,stock_predict_data_model_agent_10d_topgate_fusion_20260622_executable_10d_open_return_research,??formal L4 10D??????????????????/ST/??/???????????????????
20251110,20251111,SHSE.601918,601918.SH,新集能源,3,0.9953967961701344,0.028238042513615304,6,0.2,D:/work/quant/quant_mcp/quant/main/config/prediction_manifests/executable_10d_open_return_l4_formal_20260617.json,stock_predict_data_model_agent_10d_topgate_fusion_20260622_executable_10d_open_return_research,??formal L4 10D??????????????????/ST/??/???????????????????
20251110,20251111,SHSE.600582,600582.SH,天地科技,4,0.9941078990977721,0.01750824067854357,6,0.194,D:/work/quant/quant_mcp/quant/main/config/prediction_manifests/executable_10d_open_return_l4_formal_20260617.json,stock_predict_data_model_agent_10d_topgate_fusion_20260622_executable_10d_open_return_research,??formal L4 10D??????????????????/ST/??/???????????????????
20251110,20251111,SZSE.003816,003816.SZ,中国广核,5,0.9935555146381881,0.02372262570889256,6,0.194,D:/work/quant/quant_mcp/quant/main/config/prediction_manifests/executable_10d_open_return_l4_formal_20260617.json,stock_predict_data_model_agent_10d_topgate_fusion_20260622_executable_10d_open_return_research,??formal L4 10D??????????????????/ST/??/???????????????????
20251111,20251112,SZSE.002625,002625.SZ,光启技术,1,0.9965022091310751,0.03901219313696994,6,0.206,D:/work/quant/quant_mcp/quant/main/config/prediction_manifests/executable_10d_open_return_l4_formal_20260617.json,stock_predict_data_model_agent_10d_topgate_fusion_20260622_executable_10d_open_return_research,??formal L4 10D??????????????????/ST/??/???????????????????
20251111,20251112,SHSE.600582,600582.SH,天地科技,2,0.9941089837997055,0.01730849334065911,6,0.206,D:/work/quant/quant_mcp/quant/main/config/prediction_manifests/executable_10d_open_return_l4_formal_20260617.json,stock_predict_data_model_agent_10d_topgate_fusion_20260622_executable_10d_open_return_research,??formal L4 10D??????????????????/ST/??/???????????????????
20251111,20251112,SHSE.600803,600803.SH,新奥股份,3,0.9937407952871871,0.018648502069766655,6,0.2,D:/work/quant/quant_mcp/quant/main/config/prediction_manifests/executable_10d_open_return_l4_formal_20260617.json,stock_predict_data_model_agent_10d_topgate_fusion_20260622_executable_10d_open_return_research,??formal L4 10D??????????????????/ST/??/???????????????????
20251111,20251112,SHSE.601939,601939.SH,建设银行,4,0.9924521354933726,0.019077635335918268,6,0.194,D:/work/quant/quant_mcp/quant/main/config/prediction_manifests/executable_10d_open_return_l4_formal_20260617.json,stock_predict_data_model_agent_10d_topgate_fusion_20260622_executable_10d_open_return_research,??formal L4 10D??????????????????/ST/??/???????????????????
20251111,20251112,SHSE.601918,601918.SH,新集能源,5,0.9922680412371134,0.02875958898083319,6,0.194,D:/work/quant/quant_mcp/quant/main/config/prediction_manifests/executable_10d_open_return_l4_formal_20260617.json,stock_predict_data_model_agent_10d_topgate_fusion_20260622_executable_10d_open_return_research,??formal L4 10D??????????????????/ST/??/???????????????????
20251112,20251113,SHSE.601918,601918.SH,新集能源,1,0.9952153110047847,0.029034125424731282,6,0.206,D:/work/quant/quant_mcp/quant/main/config/prediction_manifests/executable_10d_open_return_l4_formal_20260617.json,stock_predict_data_model_agent_10d_topgate_fusion_20260622_executable_10d_open_return_research,??formal L4 10D??????????????????/ST/??/???????????????????
20251112,20251113,SHSE.601088,601088.SH,中国神华,2,0.9946632315053368,0.02222136279692502,6,0.206,D:/work/quant/quant_mcp/quant/main/config/prediction_manifests/executable_10d_open_return_l4_formal_20260617.json,stock_predict_data_model_agent_10d_topgate_fusion_20260622_executable_10d_open_return_research,??formal L4 10D??????????????????/ST/??/???????????????????
20251112,20251113,SZSE.002142,002142.SZ,宁波银行,3,0.9937430990062569,0.018342839499565843,6,0.2,D:/work/quant/quant_mcp/quant/main/config/prediction_manifests/executable_10d_open_return_l4_formal_20260617.json,stock_predict_data_model_agent_10d_topgate_fusion_20260622_executable_10d_open_return_research,??formal L4 10D??????????????????/ST/??/???????????????????
20251112,20251113,SHSE.600582,600582.SH,天地科技,4,0.9935590725064409,0.017222807559398392,6,0.194,D:/work/quant/quant_mcp/quant/main/config/prediction_manifests/executable_10d_open_return_l4_formal_20260617.json,stock_predict_data_model_agent_10d_topgate_fusion_20260622_executable_10d_open_return_research,??formal L4 10D??????????????????/ST/??/???????????????????
20251112,20251113,SHSE.601098,601098.SH,中南传媒,5,0.9915347810084653,0.011925349678618616,6,0.194,D:/work/quant/quant_mcp/quant/main/config/prediction_manifests/executable_10d_open_return_l4_formal_20260617.json,stock_predict_data_model_agent_10d_topgate_fusion_20260622_executable_10d_open_return_research,??formal L4 10D??????????????????/ST/??/???????????????????
20251113,20251114,SHSE.600926,600926.SH,杭州银行,1,1.007450763850543,0.016551174858634984,6,0.206,D:/work/quant/quant_mcp/quant/main/config/prediction_manifests/executable_10d_open_return_l4_formal_20260617.json,stock_predict_data_model_agent_10d_topgate_fusion_20260622_executable_10d_open_return_research,??formal L4 10D??????????????????/ST/??/???????????????????
20251113,20251114,SHSE.601918,601918.SH,新集能源,2,0.9942941284741396,0.029266398206616334,6,0.206,D:/work/quant/quant_mcp/quant/main/config/prediction_manifests/executable_10d_open_return_l4_formal_20260617.json,stock_predict_data_model_agent_10d_topgate_fusion_20260622_executable_10d_open_return_research,??formal L4 10D??????????????????/ST/??/???????????????????
20251113,20251114,SZSE.002142,002142.SZ,宁波银行,3,0.9930057058715258,0.018311348813663936,6,0.2,D:/work/quant/quant_mcp/quant/main/config/prediction_manifests/executable_10d_open_return_l4_formal_20260617.json,stock_predict_data_model_agent_10d_topgate_fusion_20260622_executable_10d_open_return_research,??formal L4 10D??????????????????/ST/??/???????????????????
20251113,20251114,SHSE.600886,600886.SH,国投电力,4,0.9915332228971102,0.017655367036390316,6,0.194,D:/work/quant/quant_mcp/quant/main/config/prediction_manifests/executable_10d_open_return_l4_formal_20260617.json,stock_predict_data_model_agent_10d_topgate_fusion_20260622_executable_10d_open_return_research,??formal L4 10D??????????????????/ST/??/???????????????????
20251113,20251114,SZSE.001965,001965.SZ,招商公路,5,0.9913491625253082,0.01715976201769722,6,0.194,D:/work/quant/quant_mcp/quant/main/config/prediction_manifests/executable_10d_open_return_l4_formal_20260617.json,stock_predict_data_model_agent_10d_topgate_fusion_20260622_executable_10d_open_return_research,??formal L4 10D??????????????????/ST/??/???????????????????
20251114,20251117,SHSE.601868,601868.SH,中国能建,1,1.007842018044559,0.015020575642468493,6,0.206,D:/work/quant/quant_mcp/quant/main/config/prediction_manifests/executable_10d_open_return_l4_formal_20260617.json,stock_predict_data_model_agent_10d_topgate_fusion_20260622_executable_10d_open_return_research,??formal L4 10D??????????????????/ST/??/???????????????????
20251114,20251117,SHSE.601006,601006.SH,大秦铁路,2,1.0070631559565457,0.008108581359545753,6,0.206,D:/work/quant/quant_mcp/quant/main/config/prediction_manifests/executable_10d_open_return_l4_formal_20260617.json,stock_predict_data_model_agent_10d_topgate_fusion_20260622_executable_10d_open_return_research,??formal L4 10D??????????????????/ST/??/???????????????????
20251114,20251117,SHSE.600901,600901.SH,江苏金租,3,0.9957650524765237,0.02113508387853867,6,0.2,D:/work/quant/quant_mcp/quant/main/config/prediction_manifests/executable_10d_open_return_l4_formal_20260617.json,stock_predict_data_model_agent_10d_topgate_fusion_20260622_executable_10d_open_return_research,??formal L4 10D??????????????????/ST/??/???????????????????
20251114,20251117,SHSE.600886,600886.SH,国投电力,4,0.995580924323329,0.018368079512456763,6,0.194,D:/work/quant/quant_mcp/quant/main/config/prediction_manifests/executable_10d_open_return_l4_formal_20260617.json,stock_predict_data_model_agent_10d_topgate_fusion_20260622_executable_10d_open_return_research,??formal L4 10D??????????????????/ST/??/???????????????????
20251114,20251117,SHSE.600029,600029.SH,南方航空,5,0.9953967961701344,0.03185595764663277,6,0.194,D:/work/quant/quant_mcp/quant/main/config/prediction_manifests/executable_10d_open_return_l4_formal_20260617.json,stock_predict_data_model_agent_10d_topgate_fusion_20260622_executable_10d_open_return_research,??formal L4 10D??????????????????/ST/??/???????????????????
20251117,20251118,SHSE.601186,601186.SH,中国铁建,1,1.0090110497237568,0.01055625813824184,6,0.206,D:/work/quant/quant_mcp/quant/main/config/prediction_manifests/executable_10d_open_return_l4_formal_20260617.json,stock_predict_data_model_agent_10d_topgate_fusion_20260622_executable_10d_open_return_research,??formal L4 10D??????????????????/ST/??/???????????????????
20251117,20251118,SZSE.300003,300003.SZ,乐普医疗,2,1.00755985267035,0.038633580882679194,6,0.206,D:/work/quant/quant_mcp/quant/main/config/prediction_manifests/executable_10d_open_return_l4_formal_20260617.json,stock_predict_data_model_agent_10d_topgate_fusion_20260622_executable_10d_open_return_research,??formal L4 10D??????????????????/ST/??/???????????????????
20251117,20251118,SHSE.601918,601918.SH,新集能源,3,0.9966850828729282,0.02990504665919708,6,0.2,D:/work/quant/quant_mcp/quant/main/config/prediction_manifests/executable_10d_open_return_l4_formal_20260617.json,stock_predict_data_model_agent_10d_topgate_fusion_20260622_executable_10d_open_return_research,??formal L4 10D??????????????????/ST/??/???????????????????
20251117,20251118,SHSE.600901,600901.SH,江苏金租,4,0.9952117863720074,0.02191768612475577,6,0.194,D:/work/quant/quant_mcp/quant/main/config/prediction_manifests/executable_10d_open_return_l4_formal_20260617.json,stock_predict_data_model_agent_10d_topgate_fusion_20260622_executable_10d_open_return_research,??formal L4 10D??????????????????/ST/??/???????????????????
20251117,20251118,SHSE.601098,601098.SH,中南传媒,5,0.9948434622467771,0.011525704370277928,6,0.194,D:/work/quant/quant_mcp/quant/main/config/prediction_manifests/executable_10d_open_return_l4_formal_20260617.json,stock_predict_data_model_agent_10d_topgate_fusion_20260622_executable_10d_open_return_research,??formal L4 10D??????????????????/ST/??/???????????????????
20251118,20251119,SZSE.000983,000983.SZ,山西焦煤,1,1.00735137124977,0.026591168178161526,6,0.206,D:/work/quant/quant_mcp/quant/main/config/prediction_manifests/executable_10d_open_return_l4_formal_20260617.json,stock_predict_data_model_agent_10d_topgate_fusion_20260622_executable_10d_open_return_research,??formal L4 10D??????????????????/ST/??/???????????????????
20251118,20251119,SHSE.688027,688027.SH,国盾量子,2,0.9970550340511688,0.07811808536692713,6,0.206,D:/work/quant/quant_mcp/quant/main/config/prediction_manifests/executable_10d_open_return_l4_formal_20260617.json,stock_predict_data_model_agent_10d_topgate_fusion_20260622_executable_10d_open_return_research,??formal L4 10D??????????????????/ST/??/???????????????????
20251118,20251119,SZSE.000425,000425.SZ,徐工机械,3,0.9968709736793668,0.03471810437473356,6,0.2,D:/work/quant/quant_mcp/quant/main/config/prediction_manifests/executable_10d_open_return_l4_formal_20260617.json,stock_predict_data_model_agent_10d_topgate_fusion_20260622_executable_10d_open_return_research,??formal L4 10D??????????????????/ST/??/???????????????????
20251118,20251119,SHSE.600901,600901.SH,江苏金租,4,0.9933738266151297,0.02153908672856543,6,0.194,D:/work/quant/quant_mcp/quant/main/config/prediction_manifests/executable_10d_open_return_l4_formal_20260617.json,stock_predict_data_model_agent_10d_topgate_fusion_20260622_executable_10d_open_return_research,??formal L4 10D??????????????????/ST/??/???????????????????
20251118,20251119,SHSE.688266,688266.SH,泽璟制药,5,0.992821645499724,0.06357255122727191,6,0.194,D:/work/quant/quant_mcp/quant/main/config/prediction_manifests/executable_10d_open_return_l4_formal_20260617.json,stock_predict_data_model_agent_10d_topgate_fusion_20260622_executable_10d_open_return_research,??formal L4 10D??????????????????/ST/??/???????????????????
20251119,20251120,SHSE.601799,601799.SH,星宇股份,1,0.995216191352346,0.019417863005138754,6,0.206,D:/work/quant/quant_mcp/quant/main/config/prediction_manifests/executable_10d_open_return_l4_formal_20260617.json,stock_predict_data_model_agent_10d_topgate_fusion_20260622_executable_10d_open_return_research,??formal L4 10D??????????????????/ST/??/???????????????????
20251119,20251120,SZSE.000725,000725.SZ,京东方A,2,0.9527138914443423,0.012372449467226342,6,0.206,D:/work/quant/quant_mcp/quant/main/config/prediction_manifests/executable_10d_open_return_l4_formal_20260617.json,stock_predict_data_model_agent_10d_topgate_fusion_20260622_executable_10d_open_return_research,??formal L4 10D??????????????????/ST/??/???????????????????
20251120,20251121,SHSE.600363,600363.SH,联创光电,1,1.0066562384983437,0.03334240588989827,6,0.206,D:/work/quant/quant_mcp/quant/main/config/prediction_manifests/executable_10d_open_return_l4_formal_20260617.json,stock_predict_data_model_agent_10d_topgate_fusion_20260622_executable_10d_open_return_research,??formal L4 10D??????????????????/ST/??/???????????????????
20251120,20251121,SHSE.601799,601799.SH,星宇股份,2,0.9972396025027604,0.019040867472044955,6,0.206,D:/work/quant/quant_mcp/quant/main/config/prediction_manifests/executable_10d_open_return_l4_formal_20260617.json,stock_predict_data_model_agent_10d_topgate_fusion_20260622_executable_10d_open_return_research,??formal L4 10D??????????????????/ST/??/???????????????????
20251120,20251121,SHSE.601127,601127.SH,赛力斯,3,0.9585940375414059,0.034376178642110386,6,0.2,D:/work/quant/quant_mcp/quant/main/config/prediction_manifests/executable_10d_open_return_l4_formal_20260617.json,stock_predict_data_model_agent_10d_topgate_fusion_20260622_executable_10d_open_return_research,??formal L4 10D??????????????????/ST/??/???????????????????
20251120,20251121,SZSE.000063,000063.SZ,中兴通讯,4,0.957857931542142,0.039691251636348325,6,0.194,D:/work/quant/quant_mcp/quant/main/config/prediction_manifests/executable_10d_open_return_l4_formal_20260617.json,stock_predict_data_model_agent_10d_topgate_fusion_20260622_executable_10d_open_return_research,??formal L4 10D??????????????????/ST/??/???????????????????
20251121,20251124,SZSE.002085,002085.SZ,万丰奥威,1,0.9939304763656428,0.0269508205226119,6,0.206,D:/work/quant/quant_mcp/quant/main/config/prediction_manifests/executable_10d_open_return_l4_formal_20260617.json,stock_predict_data_model_agent_10d_topgate_fusion_20260622_executable_10d_open_return_research,??formal L4 10D??????????????????/ST/??/???????????????????
20251121,20251124,SZSE.000063,000063.SZ,中兴通讯,2,0.9928269266139416,0.03988705142179318,6,0.206,D:/work/quant/quant_mcp/quant/main/config/prediction_manifests/executable_10d_open_return_l4_formal_20260617.json,stock_predict_data_model_agent_10d_topgate_fusion_20260622_executable_10d_open_return_research,??formal L4 10D??????????????????/ST/??/???????????????????
20251121,20251124,SHSE.601127,601127.SH,赛力斯,3,0.9906198271105389,0.03533008378977041,6,0.2,D:/work/quant/quant_mcp/quant/main/config/prediction_manifests/executable_10d_open_return_l4_formal_20260617.json,stock_predict_data_model_agent_10d_topgate_fusion_20260622_executable_10d_open_return_research,??formal L4 10D??????????????????/ST/??/???????????????????
20251121,20251124,SHSE.688608,688608.SH,恒玄科技,4,0.9852860033106493,0.046665166263490966,6,0.194,D:/work/quant/quant_mcp/quant/main/config/prediction_manifests/executable_10d_open_return_l4_formal_20260617.json,stock_predict_data_model_agent_10d_topgate_fusion_20260622_executable_10d_open_return_research,??formal L4 10D??????????????????/ST/??/???????????????????
20251121,20251124,SHSE.688052,688052.SH,纳芯微,5,0.9845503034761817,0.04158754070175496,6,0.194,D:/work/quant/quant_mcp/quant/main/config/prediction_manifests/executable_10d_open_return_l4_formal_20260617.json,stock_predict_data_model_agent_10d_topgate_fusion_20260622_executable_10d_open_return_research,??formal L4 10D??????????????????/ST/??/???????????????????
20251124,20251125,SZSE.002648,002648.SZ,卫星化学,1,0.9935578869869317,0.025420259131670262,6,0.206,D:/work/quant/quant_mcp/quant/main/config/prediction_manifests/executable_10d_open_return_l4_formal_20260617.json,stock_predict_data_model_agent_10d_topgate_fusion_20260622_executable_10d_open_return_research,??formal L4 10D??????????????????/ST/??/???????????????????
20251124,20251125,SHSE.600741,600741.SH,华域汽车,2,0.9933738266151297,0.022532298365264575,6,0.206,D:/work/quant/quant_mcp/quant/main/config/prediction_manifests/executable_10d_open_return_l4_formal_20260617.json,stock_predict_data_model_agent_10d_topgate_fusion_20260622_executable_10d_open_return_research,??formal L4 10D??????????????????/ST/??/???????????????????
20251124,20251125,SZSE.002085,002085.SZ,万丰奥威,3,0.99245352475612,0.026204238920274955,6,0.2,D:/work/quant/quant_mcp/quant/main/config/prediction_manifests/executable_10d_open_return_l4_formal_20260617.json,stock_predict_data_model_agent_10d_topgate_fusion_20260622_executable_10d_open_return_research,??formal L4 10D??????????????????/ST/??/???????????????????
20251124,20251125,SHSE.601633,601633.SH,长城汽车,4,0.9913491625253082,0.018507394250866383,6,0.194,D:/work/quant/quant_mcp/quant/main/config/prediction_manifests/executable_10d_open_return_l4_formal_20260617.json,stock_predict_data_model_agent_10d_topgate_fusion_20260622_executable_10d_open_return_research,??formal L4 10D??????????????????/ST/??/???????????????????
20251124,20251125,SHSE.688608,688608.SH,恒玄科技,5,0.9867476532302595,0.04240427582521392,6,0.194,D:/work/quant/quant_mcp/quant/main/config/prediction_manifests/executable_10d_open_return_l4_formal_20260617.json,stock_predict_data_model_agent_10d_topgate_fusion_20260622_executable_10d_open_return_research,??formal L4 10D??????????????????/ST/??/???????????????????
20251125,20251126,SZSE.002938,002938.SZ,鹏鼎控股,1,0.981403056527343,0.048919926900317066,6,0.206,D:/work/quant/quant_mcp/quant/main/config/prediction_manifests/executable_10d_open_return_l4_formal_20260617.json,stock_predict_data_model_agent_10d_topgate_fusion_20260622_executable_10d_open_return_research,??formal L4 10D??????????????????/ST/??/???????????????????
20251125,20251126,SZSE.000088,000088.SZ,盐田港,2,0.9808506720677591,0.013116672733922129,6,0.206,D:/work/quant/quant_mcp/quant/main/config/prediction_manifests/executable_10d_open_return_l4_formal_20260617.json,stock_predict_data_model_agent_10d_topgate_fusion_20260622_executable_10d_open_return_research,??formal L4 10D??????????????????/ST/??/???????????????????
20251125,20251126,SHSE.601127,601127.SH,赛力斯,3,0.9806665439145645,0.033996826847057196,6,0.2,D:/work/quant/quant_mcp/quant/main/config/prediction_manifests/executable_10d_open_return_l4_formal_20260617.json,stock_predict_data_model_agent_10d_topgate_fusion_20260622_executable_10d_open_return_research,??formal L4 10D??????????????????/ST/??/???????????????????
20251125,20251126,SZSE.002600,002600.SZ,领益智造,4,0.98048241576137,0.03551991529807393,6,0.194,D:/work/quant/quant_mcp/quant/main/config/prediction_manifests/executable_10d_open_return_l4_formal_20260617.json,stock_predict_data_model_agent_10d_topgate_fusion_20260622_executable_10d_open_return_research,??formal L4 10D??????????????????/ST/??/???????????????????
20251125,20251126,SHSE.601138,601138.SH,工业富联,5,0.9742220585527527,0.0778837107202406,6,0.194,D:/work/quant/quant_mcp/quant/main/config/prediction_manifests/executable_10d_open_return_l4_formal_20260617.json,stock_predict_data_model_agent_10d_topgate_fusion_20260622_executable_10d_open_return_research,??formal L4 10D??????????????????/ST/??/???????????????????
20251126,20251127,SHSE.600516,600516.SH,方大炭素,1,1.0099207957266532,0.06981279276466663,6,0.206,D:/work/quant/quant_mcp/quant/main/config/prediction_manifests/executable_10d_open_return_l4_formal_20260617.json,stock_predict_data_model_agent_10d_topgate_fusion_20260622_executable_10d_open_return_research,??formal L4 10D??????????????????/ST/??/???????????????????
20251126,20251127,SHSE.601877,601877.SH,正泰电器,2,0.9955792963713391,0.05219773329305751,6,0.206,D:/work/quant/quant_mcp/quant/main/config/prediction_manifests/executable_10d_open_return_l4_formal_20260617.json,stock_predict_data_model_agent_10d_topgate_fusion_20260622_executable_10d_open_return_research,??formal L4 10D??????????????????/ST/??/???????????????????
20251126,20251127,SZSE.002600,002600.SZ,领益智造,3,0.9830539694234666,0.03527016593003221,6,0.2,D:/work/quant/quant_mcp/quant/main/config/prediction_manifests/executable_10d_open_return_l4_formal_20260617.json,stock_predict_data_model_agent_10d_topgate_fusion_20260622_executable_10d_open_return_research,??formal L4 10D??????????????????/ST/??/???????????????????
20251126,20251127,SHSE.601127,601127.SH,赛力斯,4,0.9795542457174433,0.03248597742384122,6,0.194,D:/work/quant/quant_mcp/quant/main/config/prediction_manifests/executable_10d_open_return_l4_formal_20260617.json,stock_predict_data_model_agent_10d_topgate_fusion_20260622_executable_10d_open_return_research,??formal L4 10D??????????????????/ST/??/???????????????????
20251126,20251127,SHSE.601360,601360.SH,三六零,5,0.9755019340578376,0.058023489972483994,6,0.194,D:/work/quant/quant_mcp/quant/main/config/prediction_manifests/executable_10d_open_return_l4_formal_20260617.json,stock_predict_data_model_agent_10d_topgate_fusion_20260622_executable_10d_open_return_research,??formal L4 10D??????????????????/ST/??/???????????????????
20251127,20251128,SZSE.300347,300347.SZ,泰格医药,1,0.9944741204641738,0.03727538916400924,6,0.206,D:/work/quant/quant_mcp/quant/main/config/prediction_manifests/executable_10d_open_return_l4_formal_20260617.json,stock_predict_data_model_agent_10d_topgate_fusion_20260622_executable_10d_open_return_research,??formal L4 10D??????????????????/ST/??/???????????????????
20251127,20251128,SHSE.600549,600549.SH,厦门钨业,2,0.9918953766807883,0.03883051433077881,6,0.206,D:/work/quant/quant_mcp/quant/main/config/prediction_manifests/executable_10d_open_return_l4_formal_20260617.json,stock_predict_data_model_agent_10d_topgate_fusion_20260622_executable_10d_open_return_research,??formal L4 10D??????????????????/ST/??/???????????????????
20251127,20251128,SHSE.600516,600516.SH,方大炭素,3,0.9915269847117333,0.07003179560377952,6,0.2,D:/work/quant/quant_mcp/quant/main/config/prediction_manifests/executable_10d_open_return_l4_formal_20260617.json,stock_predict_data_model_agent_10d_topgate_fusion_20260622_executable_10d_open_return_research,??formal L4 10D??????????????????/ST/??/???????????????????
20251127,20251128,SHSE.688002,688002.SH,睿创微纳,4,0.9898692208509855,0.03835325353178084,6,0.194,D:/work/quant/quant_mcp/quant/main/config/prediction_manifests/executable_10d_open_return_l4_formal_20260617.json,stock_predict_data_model_agent_10d_topgate_fusion_20260622_executable_10d_open_return_research,??formal L4 10D??????????????????/ST/??/???????????????????
20251127,20251128,SHSE.603606,603606.SH,东方电缆,5,0.9871062810830724,0.03282290664695584,6,0.194,D:/work/quant/quant_mcp/quant/main/config/prediction_manifests/executable_10d_open_return_l4_formal_20260617.json,stock_predict_data_model_agent_10d_topgate_fusion_20260622_executable_10d_open_return_research,??formal L4 10D??????????????????/ST/??/???????????????????
20251128,20251201,SHSE.688617,688617.SH,惠泰医疗,1,1.0093920412675017,0.03564779383904544,6,0.206,D:/work/quant/quant_mcp/quant/main/config/prediction_manifests/executable_10d_open_return_l4_formal_20260617.json,stock_predict_data_model_agent_10d_topgate_fusion_20260622_executable_10d_open_return_research,??formal L4 10D??????????????????/ST/??/???????????????????
20251128,20251201,SHSE.603392,603392.SH,万泰生物,2,1.0085980103168755,0.01951270165952918,6,0.206,D:/work/quant/quant_mcp/quant/main/config/prediction_manifests/executable_10d_open_return_l4_formal_20260617.json,stock_predict_data_model_agent_10d_topgate_fusion_20260622_executable_10d_open_return_research,??formal L4 10D??????????????????/ST/??/???????????????????
20251128,20251201,SHSE.601139,601139.SH,深圳燃气,3,1.0068754605747974,0.013829787432396861,6,0.2,D:/work/quant/quant_mcp/quant/main/config/prediction_manifests/executable_10d_open_return_l4_formal_20260617.json,stock_predict_data_model_agent_10d_topgate_fusion_20260622_executable_10d_open_return_research,??formal L4 10D??????????????????/ST/??/???????????????????
20251128,20251201,SHSE.688322,688322.SH,奥比中光,4,0.9972365512159175,0.04071921619076018,6,0.194,D:/work/quant/quant_mcp/quant/main/config/prediction_manifests/executable_10d_open_return_l4_formal_20260617.json,stock_predict_data_model_agent_10d_topgate_fusion_20260622_executable_10d_open_return_research,??formal L4 10D??????????????????/ST/??/???????????????????
20251128,20251201,SHSE.603606,603606.SH,东方电缆,5,0.9966838614591009,0.03262111924062728,6,0.194,D:/work/quant/quant_mcp/quant/main/config/prediction_manifests/executable_10d_open_return_l4_formal_20260617.json,stock_predict_data_model_agent_10d_topgate_fusion_20260622_executable_10d_open_return_research,??formal L4 10D??????????????????/ST/??/???????????????????
20251201,20251202,SHSE.688617,688617.SH,惠泰医疗,1,1.0094786293294031,0.03482375430965745,6,0.206,D:/work/quant/quant_mcp/quant/main/config/prediction_manifests/executable_10d_open_return_l4_formal_20260617.json,stock_predict_data_model_agent_10d_topgate_fusion_20260622_executable_10d_open_return_research,??formal L4 10D??????????????????/ST/??/???????????????????
20251201,20251202,SHSE.603392,603392.SH,万泰生物,2,1.0094325718496684,0.02002038680841966,6,0.206,D:/work/quant/quant_mcp/quant/main/config/prediction_manifests/executable_10d_open_return_l4_formal_20260617.json,stock_predict_data_model_agent_10d_topgate_fusion_20260622_executable_10d_open_return_research,??formal L4 10D??????????????????/ST/??/???????????????????
20251201,20251202,SHSE.688169,688169.SH,石头科技,3,1.0075810611643332,0.027865045616093903,6,0.2,D:/work/quant/quant_mcp/quant/main/config/prediction_manifests/executable_10d_open_return_l4_formal_20260617.json,stock_predict_data_model_agent_10d_topgate_fusion_20260622_executable_10d_open_return_research,??formal L4 10D??????????????????/ST/??/???????????????????
20251201,20251202,SHSE.601162,601162.SH,天风证券,4,1.007063375092115,0.019955156474121168,6,0.194,D:/work/quant/quant_mcp/quant/main/config/prediction_manifests/executable_10d_open_return_l4_formal_20260617.json,stock_predict_data_model_agent_10d_topgate_fusion_20260622_executable_10d_open_return_research,??formal L4 10D??????????????????/ST/??/???????????????????
20251201,20251202,SHSE.688349,688349.SH,三一重能,5,1.0068680913780397,0.03681041222530326,6,0.194,D:/work/quant/quant_mcp/quant/main/config/prediction_manifests/executable_10d_open_return_l4_formal_20260617.json,stock_predict_data_model_agent_10d_topgate_fusion_20260622_executable_10d_open_return_research,??formal L4 10D??????????????????/ST/??/???????????????????
20251202,20251203,SHSE.688617,688617.SH,惠泰医疗,1,1.0082047505063523,0.034260573066620476,6,0.206,D:/work/quant/quant_mcp/quant/main/config/prediction_manifests/executable_10d_open_return_l4_formal_20260617.json,stock_predict_data_model_agent_10d_topgate_fusion_20260622_executable_10d_open_return_research,??formal L4 10D??????????????????/ST/??/???????????????????
20251202,20251203,SHSE.603392,603392.SH,万泰生物,2,1.0079303995580924,0.02117362840120517,6,0.206,D:/work/quant/quant_mcp/quant/main/config/prediction_manifests/executable_10d_open_return_l4_formal_20260617.json,stock_predict_data_model_agent_10d_topgate_fusion_20260622_executable_10d_open_return_research,??formal L4 10D??????????????????/ST/??/???????????????????
20251202,20251203,SHSE.600161,600161.SH,天坛生物,3,1.0072030933529736,0.012142441150473525,6,0.2,D:/work/quant/quant_mcp/quant/main/config/prediction_manifests/executable_10d_open_return_l4_formal_20260617.json,stock_predict_data_model_agent_10d_topgate_fusion_20260622_executable_10d_open_return_research,??formal L4 10D??????????????????/ST/??/???????????????????
20251202,20251203,SZSE.002352,002352.SZ,顺丰控股,4,1.0071165531209723,0.012648451581105837,6,0.194,D:/work/quant/quant_mcp/quant/main/config/prediction_manifests/executable_10d_open_return_l4_formal_20260617.json,stock_predict_data_model_agent_10d_topgate_fusion_20260622_executable_10d_open_return_research,??formal L4 10D??????????????????/ST/??/???????????????????
20251202,20251203,SHSE.600362,600362.SH,江西铜业,5,0.9944761554041613,0.03641176591637569,6,0.194,D:/work/quant/quant_mcp/quant/main/config/prediction_manifests/executable_10d_open_return_l4_formal_20260617.json,stock_predict_data_model_agent_10d_topgate_fusion_20260622_executable_10d_open_return_research,??formal L4 10D??????????????????/ST/??/???????????????????
20251203,20251204,SZSE.003031,003031.SZ,中瓷电子,1,1.0097940040463491,0.017020643206517055,6,0.206,D:/work/quant/quant_mcp/quant/main/config/prediction_manifests/executable_10d_open_return_l4_formal_20260617.json,stock_predict_data_model_agent_10d_topgate_fusion_20260622_executable_10d_open_return_research,??formal L4 10D??????????????????/ST/??/???????????????????
20251203,20251204,SHSE.688617,688617.SH,惠泰医疗,2,1.0087888541475079,0.0317667921848759,6,0.206,D:/work/quant/quant_mcp/quant/main/config/prediction_manifests/executable_10d_open_return_l4_formal_20260617.json,stock_predict_data_model_agent_10d_topgate_fusion_20260622_executable_10d_open_return_research,??formal L4 10D??????????????????/ST/??/???????????????????
20251203,20251204,SHSE.603392,603392.SH,万泰生物,3,1.0083023726319662,0.022441111839462697,6,0.2,D:/work/quant/quant_mcp/quant/main/config/prediction_manifests/executable_10d_open_return_l4_formal_20260617.json,stock_predict_data_model_agent_10d_topgate_fusion_20260622_executable_10d_open_return_research,??formal L4 10D??????????????????/ST/??/???????????????????
20251203,20251204,SZSE.302132,302132.SZ,中航成飞,4,1.0071491631414384,0.02457113386282011,6,0.194,D:/work/quant/quant_mcp/quant/main/config/prediction_manifests/executable_10d_open_return_l4_formal_20260617.json,stock_predict_data_model_agent_10d_topgate_fusion_20260622_executable_10d_open_return_research,??formal L4 10D??????????????????/ST/??/???????????????????
20251203,20251204,SHSE.600588,600588.SH,用友网络,5,0.9966893507448961,0.037003742725415165,6,0.194,D:/work/quant/quant_mcp/quant/main/config/prediction_manifests/executable_10d_open_return_l4_formal_20260617.json,stock_predict_data_model_agent_10d_topgate_fusion_20260622_executable_10d_open_return_research,??formal L4 10D??????????????????/ST/??/???????????????????
20251204,20251205,SZSE.000750,000750.SZ,国海证券,1,0.995216191352346,0.015031026393993077,6,0.206,D:/work/quant/quant_mcp/quant/main/config/prediction_manifests/executable_10d_open_return_l4_formal_20260617.json,stock_predict_data_model_agent_10d_topgate_fusion_20260622_executable_10d_open_return_research,??formal L4 10D??????????????????/ST/??/???????????????????
20251204,20251205,SZSE.000563,000563.SZ,陕国投A,2,0.995216191352346,0.019021045346934034,6,0.206,D:/work/quant/quant_mcp/quant/main/config/prediction_manifests/executable_10d_open_return_l4_formal_20260617.json,stock_predict_data_model_agent_10d_topgate_fusion_20260622_executable_10d_open_return_research,??formal L4 10D??????????????????/ST/??/???????????????????
20251204,20251205,SZSE.000959,000959.SZ,首钢股份,3,0.995216191352346,0.03018017903296533,6,0.2,D:/work/quant/quant_mcp/quant/main/config/prediction_manifests/executable_10d_open_return_l4_formal_20260617.json,stock_predict_data_model_agent_10d_topgate_fusion_20260622_executable_10d_open_return_research,??formal L4 10D??????????????????/ST/??/???????????????????
20251204,20251205,SZSE.000785,000785.SZ,居然智家,4,0.995216191352346,0.03155339823832765,6,0.194,D:/work/quant/quant_mcp/quant/main/config/prediction_manifests/executable_10d_open_return_l4_formal_20260617.json,stock_predict_data_model_agent_10d_topgate_fusion_20260622_executable_10d_open_return_research,??formal L4 10D??????????????????/ST/??/???????????????????
20251204,20251205,SZSE.000027,000027.SZ,深圳能源,5,0.9899724011039558,0.014114113391763179,6,0.194,D:/work/quant/quant_mcp/quant/main/config/prediction_manifests/executable_10d_open_return_l4_formal_20260617.json,stock_predict_data_model_agent_10d_topgate_fusion_20260622_executable_10d_open_return_research,??formal L4 10D??????????????????/ST/??/???????????????????
20251205,20251208,SZSE.000750,000750.SZ,国海证券,1,0.9956745812626542,0.015688524811387963,6,0.206,D:/work/quant/quant_mcp/quant/main/config/prediction_manifests/executable_10d_open_return_l4_formal_20260617.json,stock_predict_data_model_agent_10d_topgate_fusion_20260622_executable_10d_open_return_research,??formal L4 10D??????????????????/ST/??/???????????????????
20251205,20251208,SZSE.000563,000563.SZ,陕国投A,2,0.9956745812626542,0.01951652011200276,6,0.206,D:/work/quant/quant_mcp/quant/main/config/prediction_manifests/executable_10d_open_return_l4_formal_20260617.json,stock_predict_data_model_agent_10d_topgate_fusion_20260622_executable_10d_open_return_research,??formal L4 10D??????????????????/ST/??/???????????????????
20251205,20251208,SZSE.000959,000959.SZ,首钢股份,3,0.9956745812626542,0.029490019491582312,6,0.2,D:/work/quant/quant_mcp/quant/main/config/prediction_manifests/executable_10d_open_return_l4_formal_20260617.json,stock_predict_data_model_agent_10d_topgate_fusion_20260622_executable_10d_open_return_research,??formal L4 10D??????????????????/ST/??/???????????????????
20251205,20251208,SZSE.000002,000002.SZ,万科A,4,0.9956745812626542,0.03060606298259826,6,0.194,D:/work/quant/quant_mcp/quant/main/config/prediction_manifests/executable_10d_open_return_l4_formal_20260617.json,stock_predict_data_model_agent_10d_topgate_fusion_20260622_executable_10d_open_return_research,??formal L4 10D??????????????????/ST/??/???????????????????
20251205,20251208,SZSE.000785,000785.SZ,居然智家,5,0.9956745812626542,0.03194888156384752,6,0.194,D:/work/quant/quant_mcp/quant/main/config/prediction_manifests/executable_10d_open_return_l4_formal_20260617.json,stock_predict_data_model_agent_10d_topgate_fusion_20260622_executable_10d_open_return_research,??formal L4 10D??????????????????/ST/??/???????????????????
20251208,20251209,SHSE.601880,601880.SH,辽港股份,1,1.0085206991720332,0.020370370835462743,6,0.206,D:/work/quant/quant_mcp/quant/main/config/prediction_manifests/executable_10d_open_return_l4_formal_20260617.json,stock_predict_data_model_agent_10d_topgate_fusion_20260622_executable_10d_open_return_research,??formal L4 10D??????????????????/ST/??/???????????????????
20251208,20251209,SHSE.600050,600050.SH,中国联通,2,0.9957681692732291,0.010787992782849806,6,0.206,D:/work/quant/quant_mcp/quant/main/config/prediction_manifests/executable_10d_open_return_l4_formal_20260617.json,stock_predict_data_model_agent_10d_topgate_fusion_20260622_executable_10d_open_return_research,??formal L4 10D??????????????????/ST/??/???????????????????
20251208,20251209,SHSE.600941,600941.SH,中国移动,3,0.9955841766329346,0.011343377946355102,6,0.2,D:/work/quant/quant_mcp/quant/main/config/prediction_manifests/executable_10d_open_return_l4_formal_20260617.json,stock_predict_data_model_agent_10d_topgate_fusion_20260622_executable_10d_open_return_research,??formal L4 10D??????????????????/ST/??/???????????????????
20251208,20251209,SHSE.600546,600546.SH,山煤国际,4,0.9944802207911684,0.02995168919836859,6,0.194,D:/work/quant/quant_mcp/quant/main/config/prediction_manifests/executable_10d_open_return_l4_formal_20260617.json,stock_predict_data_model_agent_10d_topgate_fusion_20260622_executable_10d_open_return_research,??formal L4 10D??????????????????/ST/??/???????????????????
20251208,20251209,SZSE.300999,300999.SZ,金龙鱼,5,0.993376264949402,0.02182717440839111,6,0.194,D:/work/quant/quant_mcp/quant/main/config/prediction_manifests/executable_10d_open_return_l4_formal_20260617.json,stock_predict_data_model_agent_10d_topgate_fusion_20260622_executable_10d_open_return_research,??formal L4 10D??????????????????/ST/??/???????????????????
20251209,20251210,SHSE.600871,600871.SH,石化油服,1,0.9957681692732291,0.0454128426460393,6,0.206,D:/work/quant/quant_mcp/quant/main/config/prediction_manifests/executable_10d_open_return_l4_formal_20260617.json,stock_predict_data_model_agent_10d_topgate_fusion_20260622_executable_10d_open_return_research,??formal L4 10D??????????????????/ST/??/???????????????????
20251209,20251210,SHSE.600519,600519.SH,贵州茅台,2,0.9948482060717572,0.011762586437891616,6,0.206,D:/work/quant/quant_mcp/quant/main/config/prediction_manifests/executable_10d_open_return_l4_formal_20260617.json,stock_predict_data_model_agent_10d_topgate_fusion_20260622_executable_10d_open_return_research,??formal L4 10D??????????????????/ST/??/???????????????????
20251209,20251210,SHSE.600177,600177.SH,雅戈尔,3,0.9946642134314627,0.015356978402659649,6,0.2,D:/work/quant/quant_mcp/quant/main/config/prediction_manifests/executable_10d_open_return_l4_formal_20260617.json,stock_predict_data_model_agent_10d_topgate_fusion_20260622_executable_10d_open_return_research,??formal L4 10D??????????????????/ST/??/???????????????????
20251209,20251210,SZSE.000858,000858.SZ,五粮液,4,0.9939282428702851,0.014236113600957103,6,0.194,D:/work/quant/quant_mcp/quant/main/config/prediction_manifests/executable_10d_open_return_l4_formal_20260617.json,stock_predict_data_model_agent_10d_topgate_fusion_20260622_executable_10d_open_return_research,??formal L4 10D??????????????????/ST/??/???????????????????
20251209,20251210,SHSE.688166,688166.SH,博瑞医药,5,0.9920883164673413,0.03810335020466062,6,0.194,D:/work/quant/quant_mcp/quant/main/config/prediction_manifests/executable_10d_open_return_l4_formal_20260617.json,stock_predict_data_model_agent_10d_topgate_fusion_20260622_executable_10d_open_return_research,??formal L4 10D??????????????????/ST/??/???????????????????
20251210,20251211,SHSE.600282,600282.SH,南钢股份,1,1.009350147275405,0.03333235063871647,6,0.206,D:/work/quant/quant_mcp/quant/main/config/prediction_manifests/executable_10d_open_return_l4_formal_20260617.json,stock_predict_data_model_agent_10d_topgate_fusion_20260622_executable_10d_open_return_research,??formal L4 10D??????????????????/ST/??/???????????????????
20251210,20251211,SHSE.601991,601991.SH,大唐发电,2,0.9968703976435935,0.018450241820651653,6,0.206,D:/work/quant/quant_mcp/quant/main/config/prediction_manifests/executable_10d_open_return_l4_formal_20260617.json,stock_predict_data_model_agent_10d_topgate_fusion_20260622_executable_10d_open_return_research,??formal L4 10D??????????????????/ST/??/???????????????????
20251210,20251211,SHSE.601001,601001.SH,晋控煤业,3,0.9963181148748159,0.03424515534329013,6,0.2,D:/work/quant/quant_mcp/quant/main/config/prediction_manifests/executable_10d_open_return_l4_formal_20260617.json,stock_predict_data_model_agent_10d_topgate_fusion_20260622_executable_10d_open_return_research,??formal L4 10D??????????????????/ST/??/???????????????????
20251210,20251211,SHSE.601919,601919.SH,中远海控,4,0.9957658321060383,0.013362357101106257,6,0.194,D:/work/quant/quant_mcp/quant/main/config/prediction_manifests/executable_10d_open_return_l4_formal_20260617.json,stock_predict_data_model_agent_10d_topgate_fusion_20260622_executable_10d_open_return_research,??formal L4 10D??????????????????/ST/??/???????????????????
20251210,20251211,SZSE.002568,002568.SZ,百润股份,5,0.9953976435935199,0.022551734147168913,6,0.194,D:/work/quant/quant_mcp/quant/main/config/prediction_manifests/executable_10d_open_return_l4_formal_20260617.json,stock_predict_data_model_agent_10d_topgate_fusion_20260622_executable_10d_open_return_research,??formal L4 10D??????????????????/ST/??/???????????????????
20251211,20251212,SZSE.002422,002422.SZ,科伦药业,1,1.0094333026678934,0.029368568178000425,6,0.206,D:/work/quant/quant_mcp/quant/main/config/prediction_manifests/executable_10d_open_return_l4_formal_20260617.json,stock_predict_data_model_agent_10d_topgate_fusion_20260622_executable_10d_open_return_research,??formal L4 10D??????????????????/ST/??/???????????????????
20251211,20251212,SHSE.600688,600688.SH,上海石化,2,0.9970561177552898,0.016853932753540954,6,0.206,D:/work/quant/quant_mcp/quant/main/config/prediction_manifests/executable_10d_open_return_l4_formal_20260617.json,stock_predict_data_model_agent_10d_topgate_fusion_20260622_executable_10d_open_return_research,??formal L4 10D??????????????????/ST/??/???????????????????
20251211,20251212,SHSE.600332,600332.SH,白云山,3,0.9944802207911684,0.010877193894557302,6,0.2,D:/work/quant/quant_mcp/quant/main/config/prediction_manifests/executable_10d_open_return_l4_formal_20260617.json,stock_predict_data_model_agent_10d_topgate_fusion_20260622_executable_10d_open_return_research,??formal L4 10D??????????????????/ST/??/???????????????????
20251211,20251212,SZSE.000063,000063.SZ,中兴通讯,4,0.9937442502299908,0.044949765578840804,6,0.194,D:/work/quant/quant_mcp/quant/main/config/prediction_manifests/executable_10d_open_return_l4_formal_20260617.json,stock_predict_data_model_agent_10d_topgate_fusion_20260622_executable_10d_open_return_research,??formal L4 10D??????????????????/ST/??/???????????????????
20251211,20251212,SZSE.300070,300070.SZ,碧水源,5,0.9935602575896965,0.019221105107164904,6,0.194,D:/work/quant/quant_mcp/quant/main/config/prediction_manifests/executable_10d_open_return_l4_formal_20260617.json,stock_predict_data_model_agent_10d_topgate_fusion_20260622_executable_10d_open_return_research,??formal L4 10D??????????????????/ST/??/???????????????????
20251212,20251215,SHSE.600886,600886.SH,国投电力,1,1.00991355526945,0.014534883378378976,6,0.206,D:/work/quant/quant_mcp/quant/main/config/prediction_manifests/executable_10d_open_return_l4_formal_20260617.json,stock_predict_data_model_agent_10d_topgate_fusion_20260622_executable_10d_open_return_research,??formal L4 10D??????????????????/ST/??/???????????????????
20251212,20251215,SHSE.603019,603019.SH,中科曙光,2,1.0092514254184293,0.041899910303885624,6,0.206,D:/work/quant/quant_mcp/quant/main/config/prediction_manifests/executable_10d_open_return_l4_formal_20260617.json,stock_predict_data_model_agent_10d_topgate_fusion_20260622_executable_10d_open_return_research,??formal L4 10D??????????????????/ST/??/???????????????????
20251212,20251215,SHSE.600282,600282.SH,南钢股份,3,1.0084219238550671,0.03357548217201369,6,0.2,D:/work/quant/quant_mcp/quant/main/config/prediction_manifests/executable_10d_open_return_l4_formal_20260617.json,stock_predict_data_model_agent_10d_topgate_fusion_20260622_executable_10d_open_return_research,??formal L4 10D??????????????????/ST/??/???????????????????
20251212,20251215,SZSE.000750,000750.SZ,国海证券,4,0.9942063638035682,0.01678571477278817,6,0.194,D:/work/quant/quant_mcp/quant/main/config/prediction_manifests/executable_10d_open_return_l4_formal_20260617.json,stock_predict_data_model_agent_10d_topgate_fusion_20260622_executable_10d_open_return_research,??formal L4 10D??????????????????/ST/??/???????????????????
20251212,20251215,SZSE.000563,000563.SZ,陕国投A,5,0.9942063638035682,0.01997035053839546,6,0.194,D:/work/quant/quant_mcp/quant/main/config/prediction_manifests/executable_10d_open_return_l4_formal_20260617.json,stock_predict_data_model_agent_10d_topgate_fusion_20260622_executable_10d_open_return_research,??formal L4 10D??????????????????/ST/??/???????????????????
20251215,20251216,SHSE.600886,600886.SH,国投电力,1,1.0096633554083885,0.014463111809553151,6,0.206,D:/work/quant/quant_mcp/quant/main/config/prediction_manifests/executable_10d_open_return_l4_formal_20260617.json,stock_predict_data_model_agent_10d_topgate_fusion_20260622_executable_10d_open_return_research,??formal L4 10D??????????????????/ST/??/???????????????????
20251215,20251216,SZSE.000750,000750.SZ,国海证券,2,0.9949411331861663,0.016904762634332823,6,0.206,D:/work/quant/quant_mcp/quant/main/config/prediction_manifests/executable_10d_open_return_l4_formal_20260617.json,stock_predict_data_model_agent_10d_topgate_fusion_20260622_executable_10d_open_return_research,??formal L4 10D??????????????????/ST/??/???????????????????
20251215,20251216,SZSE.000563,000563.SZ,陕国投A,3,0.9949411331861663,0.02028952542572198,6,0.2,D:/work/quant/quant_mcp/quant/main/config/prediction_manifests/executable_10d_open_return_l4_formal_20260617.json,stock_predict_data_model_agent_10d_topgate_fusion_20260622_executable_10d_open_return_research,??formal L4 10D??????????????????/ST/??/???????????????????
20251215,20251216,SZSE.000959,000959.SZ,首钢股份,4,0.9949411331861663,0.031435078322382674,6,0.194,D:/work/quant/quant_mcp/quant/main/config/prediction_manifests/executable_10d_open_return_l4_formal_20260617.json,stock_predict_data_model_agent_10d_topgate_fusion_20260622_executable_10d_open_return_research,??formal L4 10D??????????????????/ST/??/???????????????????
20251215,20251216,SZSE.000785,000785.SZ,居然智家,5,0.9949411331861663,0.0392976592119945,6,0.194,D:/work/quant/quant_mcp/quant/main/config/prediction_manifests/executable_10d_open_return_l4_formal_20260617.json,stock_predict_data_model_agent_10d_topgate_fusion_20260622_executable_10d_open_return_research,??formal L4 10D??????????????????/ST/??/???????????????????
20251216,20251217,SZSE.000750,000750.SZ,国海证券,1,0.9929201912467819,0.016947115728368736,6,0.206,D:/work/quant/quant_mcp/quant/main/config/prediction_manifests/executable_10d_open_return_l4_formal_20260617.json,stock_predict_data_model_agent_10d_topgate_fusion_20260622_executable_10d_open_return_research,??formal L4 10D??????????????????/ST/??/???????????????????
20251216,20251217,SZSE.000563,000563.SZ,陕国投A,2,0.9929201912467819,0.020240417421916766,6,0.206,D:/work/quant/quant_mcp/quant/main/config/prediction_manifests/executable_10d_open_return_l4_formal_20260617.json,stock_predict_data_model_agent_10d_topgate_fusion_20260622_executable_10d_open_return_research,??formal L4 10D??????????????????/ST/??/???????????????????
20251216,20251217,SZSE.000959,000959.SZ,首钢股份,3,0.9929201912467819,0.030919538648204223,6,0.2,D:/work/quant/quant_mcp/quant/main/config/prediction_manifests/executable_10d_open_return_l4_formal_20260617.json,stock_predict_data_model_agent_10d_topgate_fusion_20260622_executable_10d_open_return_research,??formal L4 10D??????????????????/ST/??/???????????????????
20251216,20251217,SZSE.000785,000785.SZ,居然智家,4,0.9929201912467819,0.04022801350162551,6,0.194,D:/work/quant/quant_mcp/quant/main/config/prediction_manifests/executable_10d_open_return_l4_formal_20260617.json,stock_predict_data_model_agent_10d_topgate_fusion_20260622_executable_10d_open_return_research,??formal L4 10D??????????????????/ST/??/???????????????????
20251216,20251217,SZSE.000002,000002.SZ,万科A,5,0.9929201912467819,0.040643867484124914,6,0.194,D:/work/quant/quant_mcp/quant/main/config/prediction_manifests/executable_10d_open_return_l4_formal_20260617.json,stock_predict_data_model_agent_10d_topgate_fusion_20260622_executable_10d_open_return_research,??formal L4 10D??????????????????/ST/??/???????????????????
20251217,20251218,SZSE.000750,000750.SZ,国海证券,1,0.9939327082184225,0.017380952306563655,6,0.206,D:/work/quant/quant_mcp/quant/main/config/prediction_manifests/executable_10d_open_return_l4_formal_20260617.json,stock_predict_data_model_agent_10d_topgate_fusion_20260622_executable_10d_open_return_research,??formal L4 10D??????????????????/ST/??/???????????????????
20251217,20251218,SZSE.000563,000563.SZ,陕国投A,2,0.9939327082184225,0.020652603866677215,6,0.206,D:/work/quant/quant_mcp/quant/main/config/prediction_manifests/executable_10d_open_return_l4_formal_20260617.json,stock_predict_data_model_agent_10d_topgate_fusion_20260622_executable_10d_open_return_research,??formal L4 10D??????????????????/ST/??/???????????????????
20251217,20251218,SZSE.000959,000959.SZ,首钢股份,3,0.9939327082184225,0.031249998436434195,6,0.2,D:/work/quant/quant_mcp/quant/main/config/prediction_manifests/executable_10d_open_return_l4_formal_20260617.json,stock_predict_data_model_agent_10d_topgate_fusion_20260622_executable_10d_open_return_research,??formal L4 10D??????????????????/ST/??/???????????????????
20251217,20251218,SZSE.000785,000785.SZ,居然智家,4,0.9939327082184225,0.0407166138580976,6,0.194,D:/work/quant/quant_mcp/quant/main/config/prediction_manifests/executable_10d_open_return_l4_formal_20260617.json,stock_predict_data_model_agent_10d_topgate_fusion_20260622_executable_10d_open_return_research,??formal L4 10D??????????????????/ST/??/???????????????????
20251217,20251218,SZSE.000002,000002.SZ,万科A,5,0.9939327082184225,0.0411290323607782,6,0.194,D:/work/quant/quant_mcp/quant/main/config/prediction_manifests/executable_10d_open_return_l4_formal_20260617.json,stock_predict_data_model_agent_10d_topgate_fusion_20260622_executable_10d_open_return_research,??formal L4 10D??????????????????/ST/??/???????????????????
20251218,20251219,SZSE.000750,000750.SZ,国海证券,1,0.9942116868798236,0.016947115728368736,6,0.206,D:/work/quant/quant_mcp/quant/main/config/prediction_manifests/executable_10d_open_return_l4_formal_20260617.json,stock_predict_data_model_agent_10d_topgate_fusion_20260622_executable_10d_open_return_research,??formal L4 10D??????????????????/ST/??/???????????????????
20251218,20251219,SZSE.000563,000563.SZ,陕国投A,2,0.9942116868798236,0.02057277147977487,6,0.206,D:/work/quant/quant_mcp/quant/main/config/prediction_manifests/executable_10d_open_return_l4_formal_20260617.json,stock_predict_data_model_agent_10d_topgate_fusion_20260622_executable_10d_open_return_research,??formal L4 10D??????????????????/ST/??/???????????????????
20251218,20251219,SZSE.000959,000959.SZ,首钢股份,3,0.9942116868798236,0.031136360157342217,6,0.2,D:/work/quant/quant_mcp/quant/main/config/prediction_manifests/executable_10d_open_return_l4_formal_20260617.json,stock_predict_data_model_agent_10d_topgate_fusion_20260622_executable_10d_open_return_research,??formal L4 10D??????????????????/ST/??/???????????????????
20251218,20251219,SZSE.000002,000002.SZ,万科A,4,0.9942116868798236,0.04045174686258406,6,0.194,D:/work/quant/quant_mcp/quant/main/config/prediction_manifests/executable_10d_open_return_l4_formal_20260617.json,stock_predict_data_model_agent_10d_topgate_fusion_20260622_executable_10d_open_return_research,??formal L4 10D??????????????????/ST/??/???????????????????
20251218,20251219,SZSE.000785,000785.SZ,居然智家,5,0.9942116868798236,0.0409385116346874,6,0.194,D:/work/quant/quant_mcp/quant/main/config/prediction_manifests/executable_10d_open_return_l4_formal_20260617.json,stock_predict_data_model_agent_10d_topgate_fusion_20260622_executable_10d_open_return_research,??formal L4 10D??????????????????/ST/??/???????????????????
20251219,20251222,SHSE.603833,603833.SH,欧派家居,1,1.0088807204557986,0.024976297362963376,6,0.206,D:/work/quant/quant_mcp/quant/main/config/prediction_manifests/executable_10d_open_return_l4_formal_20260617.json,stock_predict_data_model_agent_10d_topgate_fusion_20260622_executable_10d_open_return_research,??formal L4 10D??????????????????/ST/??/???????????????????
20251219,20251222,SHSE.603939,603939.SH,益丰药房,2,1.0075978680389635,0.027532646164678678,6,0.206,D:/work/quant/quant_mcp/quant/main/config/prediction_manifests/executable_10d_open_return_l4_formal_20260617.json,stock_predict_data_model_agent_10d_topgate_fusion_20260622_executable_10d_open_return_research,??formal L4 10D??????????????????/ST/??/???????????????????
20251219,20251222,SHSE.600282,600282.SH,南钢股份,3,0.9965079948538872,0.03239212051378801,6,0.2,D:/work/quant/quant_mcp/quant/main/config/prediction_manifests/executable_10d_open_return_l4_formal_20260617.json,stock_predict_data_model_agent_10d_topgate_fusion_20260622_executable_10d_open_return_research,??formal L4 10D??????????????????/ST/??/???????????????????
20251219,20251222,SHSE.600050,600050.SH,中国联通,4,0.9946700974085646,0.01131528010477956,6,0.194,D:/work/quant/quant_mcp/quant/main/config/prediction_manifests/executable_10d_open_return_l4_formal_20260617.json,stock_predict_data_model_agent_10d_topgate_fusion_20260622_executable_10d_open_return_research,??formal L4 10D??????????????????/ST/??/???????????????????
20251219,20251222,SZSE.000750,000750.SZ,国海证券,5,0.9889726153280647,0.01572103972306546,6,0.194,D:/work/quant/quant_mcp/quant/main/config/prediction_manifests/executable_10d_open_return_l4_formal_20260617.json,stock_predict_data_model_agent_10d_topgate_fusion_20260622_executable_10d_open_return_research,??formal L4 10D??????????????????/ST/??/???????????????????
20251222,20251223,SHSE.600282,600282.SH,南钢股份,1,1.008767702777267,0.03360079185196771,6,0.206,D:/work/quant/quant_mcp/quant/main/config/prediction_manifests/executable_10d_open_return_l4_formal_20260617.json,stock_predict_data_model_agent_10d_topgate_fusion_20260622_executable_10d_open_return_research,??formal L4 10D??????????????????/ST/??/???????????????????
20251222,20251223,SHSE.600339,600339.SH,中油工程,2,1.0080632701857644,0.015119761335558854,6,0.206,D:/work/quant/quant_mcp/quant/main/config/prediction_manifests/executable_10d_open_return_l4_formal_20260617.json,stock_predict_data_model_agent_10d_topgate_fusion_20260622_executable_10d_open_return_research,??formal L4 10D??????????????????/ST/??/???????????????????
20251222,20251223,SHSE.603833,603833.SH,欧派家居,3,0.9954018760345779,0.02424900414037961,6,0.2,D:/work/quant/quant_mcp/quant/main/config/prediction_manifests/executable_10d_open_return_l4_formal_20260617.json,stock_predict_data_model_agent_10d_topgate_fusion_20260622_executable_10d_open_return_research,??formal L4 10D??????????????????/ST/??/???????????????????
20251222,20251223,SHSE.601766,601766.SH,中国中车,4,0.9919073018208571,0.017080291434582978,6,0.194,D:/work/quant/quant_mcp/quant/main/config/prediction_manifests/executable_10d_open_return_l4_formal_20260617.json,stock_predict_data_model_agent_10d_topgate_fusion_20260622_executable_10d_open_return_research,??formal L4 10D??????????????????/ST/??/???????????????????
20251222,20251223,SHSE.600602,600602.SH,云赛智联,5,0.9913555269450064,0.024759749960478396,6,0.194,D:/work/quant/quant_mcp/quant/main/config/prediction_manifests/executable_10d_open_return_l4_formal_20260617.json,stock_predict_data_model_agent_10d_topgate_fusion_20260622_executable_10d_open_return_research,??formal L4 10D??????????????????/ST/??/???????????????????
20251223,20251224,SZSE.002244,002244.SZ,滨江集团,1,1.008608967291437,0.03752535699919376,6,0.206,D:/work/quant/quant_mcp/quant/main/config/prediction_manifests/executable_10d_open_return_l4_formal_20260617.json,stock_predict_data_model_agent_10d_topgate_fusion_20260622_executable_10d_open_return_research,??formal L4 10D??????????????????/ST/??/???????????????????
20251223,20251224,SHSE.600008,600008.SH,首创环保,2,1.0069423006247704,0.010463721704326745,6,0.206,D:/work/quant/quant_mcp/quant/main/config/prediction_manifests/executable_10d_open_return_l4_formal_20260617.json,stock_predict_data_model_agent_10d_topgate_fusion_20260622_executable_10d_open_return_research,??formal L4 10D??????????????????/ST/??/???????????????????
20251223,20251224,SHSE.601916,601916.SH,浙商银行,3,0.9974274163910327,0.015131579418945386,6,0.2,D:/work/quant/quant_mcp/quant/main/config/prediction_manifests/executable_10d_open_return_l4_formal_20260617.json,stock_predict_data_model_agent_10d_topgate_fusion_20260622_executable_10d_open_return_research,??formal L4 10D??????????????????/ST/??/???????????????????
20251223,20251224,SHSE.600282,600282.SH,南钢股份,4,0.9965086365306872,0.0317460049011871,6,0.194,D:/work/quant/quant_mcp/quant/main/config/prediction_manifests/executable_10d_open_return_l4_formal_20260617.json,stock_predict_data_model_agent_10d_topgate_fusion_20260622_executable_10d_open_return_research,??formal L4 10D??????????????????/ST/??/???????????????????
20251223,20251224,SHSE.603833,603833.SH,欧派家居,5,0.9948548327820654,0.023205666461526213,6,0.194,D:/work/quant/quant_mcp/quant/main/config/prediction_manifests/executable_10d_open_return_l4_formal_20260617.json,stock_predict_data_model_agent_10d_topgate_fusion_20260622_executable_10d_open_return_research,??formal L4 10D??????????????????/ST/??/???????????????????
20251224,20251225,SHSE.600282,600282.SH,南钢股份,1,1.0083229243203526,0.03160431763337567,6,0.206,D:/work/quant/quant_mcp/quant/main/config/prediction_manifests/executable_10d_open_return_l4_formal_20260617.json,stock_predict_data_model_agent_10d_topgate_fusion_20260622_executable_10d_open_return_research,??formal L4 10D??????????????????/ST/??/???????????????????
20251224,20251225,SHSE.600886,600886.SH,国投电力,2,1.006359294636297,0.013787991364365112,6,0.206,D:/work/quant/quant_mcp/quant/main/config/prediction_manifests/executable_10d_open_return_l4_formal_20260617.json,stock_predict_data_model_agent_10d_topgate_fusion_20260622_executable_10d_open_return_research,??formal L4 10D??????????????????/ST/??/???????????????????
20251224,20251225,SHSE.603833,603833.SH,欧派家居,3,0.995775165319618,0.0227003742879593,6,0.2,D:/work/quant/quant_mcp/quant/main/config/prediction_manifests/executable_10d_open_return_l4_formal_20260617.json,stock_predict_data_model_agent_10d_topgate_fusion_20260622_executable_10d_open_return_research,??formal L4 10D??????????????????/ST/??/???????????????????
20251224,20251225,SHSE.600655,600655.SH,豫园股份,4,0.9924687729610581,0.019523809866734188,6,0.194,D:/work/quant/quant_mcp/quant/main/config/prediction_manifests/executable_10d_open_return_l4_formal_20260617.json,stock_predict_data_model_agent_10d_topgate_fusion_20260622_executable_10d_open_return_research,??formal L4 10D??????????????????/ST/??/???????????????????
20251224,20251225,SZSE.002244,002244.SZ,滨江集团,5,0.9922850844966936,0.03406313923738281,6,0.194,D:/work/quant/quant_mcp/quant/main/config/prediction_manifests/executable_10d_open_return_l4_formal_20260617.json,stock_predict_data_model_agent_10d_topgate_fusion_20260622_executable_10d_open_return_research,??formal L4 10D??????????????????/ST/??/???????????????????
20251225,20251226,SHSE.603786,603786.SH,科博达,1,1.009730126675234,0.042850488819236345,6,0.206,D:/work/quant/quant_mcp/quant/main/config/prediction_manifests/executable_10d_open_return_l4_formal_20260617.json,stock_predict_data_model_agent_10d_topgate_fusion_20260622_executable_10d_open_return_research,??formal L4 10D??????????????????/ST/??/???????????????????
20251225,20251226,SHSE.601916,601916.SH,浙商银行,2,1.0078667156232788,0.014144737735801473,6,0.206,D:/work/quant/quant_mcp/quant/main/config/prediction_manifests/executable_10d_open_return_l4_formal_20260617.json,stock_predict_data_model_agent_10d_topgate_fusion_20260622_executable_10d_open_return_research,??formal L4 10D??????????????????/ST/??/???????????????????
20251225,20251226,SHSE.601018,601018.SH,宁波港,3,1.0071892785019276,0.015311336138501191,6,0.2,D:/work/quant/quant_mcp/quant/main/config/prediction_manifests/executable_10d_open_return_l4_formal_20260617.json,stock_predict_data_model_agent_10d_topgate_fusion_20260622_executable_10d_open_return_research,??formal L4 10D??????????????????/ST/??/???????????????????
20251225,20251226,SHSE.600886,600886.SH,国投电力,4,0.997246190563613,0.01319910508740803,6,0.194,D:/work/quant/quant_mcp/quant/main/config/prediction_manifests/executable_10d_open_return_l4_formal_20260617.json,stock_predict_data_model_agent_10d_topgate_fusion_20260622_executable_10d_open_return_research,??formal L4 10D??????????????????/ST/??/???????????????????
20251225,20251226,SHSE.600282,600282.SH,南钢股份,5,0.9924729208738755,0.031383089171624655,6,0.194,D:/work/quant/quant_mcp/quant/main/config/prediction_manifests/executable_10d_open_return_l4_formal_20260617.json,stock_predict_data_model_agent_10d_topgate_fusion_20260622_executable_10d_open_return_research,??formal L4 10D??????????????????/ST/??/???????????????????
20251226,20251229,SHSE.603786,603786.SH,科博达,1,1.009919206757253,0.04299410234540388,6,0.206,D:/work/quant/quant_mcp/quant/main/config/prediction_manifests/executable_10d_open_return_l4_formal_20260617.json,stock_predict_data_model_agent_10d_topgate_fusion_20260622_executable_10d_open_return_research,??formal L4 10D??????????????????/ST/??/???????????????????
20251226,20251229,SHSE.601880,601880.SH,辽港股份,2,1.0082611090708777,0.017701863758197964,6,0.206,D:/work/quant/quant_mcp/quant/main/config/prediction_manifests/executable_10d_open_return_l4_formal_20260617.json,stock_predict_data_model_agent_10d_topgate_fusion_20260622_executable_10d_open_return_research,??formal L4 10D??????????????????/ST/??/???????????????????
20251226,20251229,SHSE.600008,600008.SH,首创环保,3,1.0079324274697026,0.010230774457501436,6,0.2,D:/work/quant/quant_mcp/quant/main/config/prediction_manifests/executable_10d_open_return_l4_formal_20260617.json,stock_predict_data_model_agent_10d_topgate_fusion_20260622_executable_10d_open_return_research,??formal L4 10D??????????????????/ST/??/???????????????????
20251226,20251229,SHSE.600886,600886.SH,国投电力,4,1.0076441424899008,0.01274217579052085,6,0.194,D:/work/quant/quant_mcp/quant/main/config/prediction_manifests/executable_10d_open_return_l4_formal_20260617.json,stock_predict_data_model_agent_10d_topgate_fusion_20260622_executable_10d_open_return_research,??formal L4 10D??????????????????/ST/??/???????????????????
20251226,20251229,SHSE.601717,601717.SH,中创智领,5,0.9915534337128168,0.02650651712039752,6,0.194,D:/work/quant/quant_mcp/quant/main/config/prediction_manifests/executable_10d_open_return_l4_formal_20260617.json,stock_predict_data_model_agent_10d_topgate_fusion_20260622_executable_10d_open_return_research,??formal L4 10D??????????????????/ST/??/???????????????????
20251229,20251230,SHSE.600415,600415.SH,小商品城,1,1.0077771659324524,0.025659913519813334,6,0.206,D:/work/quant/quant_mcp/quant/main/config/prediction_manifests/executable_10d_open_return_l4_formal_20260617.json,stock_predict_data_model_agent_10d_topgate_fusion_20260622_executable_10d_open_return_research,??formal L4 10D??????????????????/ST/??/???????????????????
20251229,20251230,SHSE.600886,600886.SH,国投电力,2,1.0064702643171806,0.013371211462540325,6,0.206,D:/work/quant/quant_mcp/quant/main/config/prediction_manifests/executable_10d_open_return_l4_formal_20260617.json,stock_predict_data_model_agent_10d_topgate_fusion_20260622_executable_10d_open_return_research,??formal L4 10D??????????????????/ST/??/???????????????????
20251229,20251230,SHSE.600023,600023.SH,浙能电力,3,0.993208516886931,0.011354581705053433,6,0.2,D:/work/quant/quant_mcp/quant/main/config/prediction_manifests/executable_10d_open_return_l4_formal_20260617.json,stock_predict_data_model_agent_10d_topgate_fusion_20260622_executable_10d_open_return_research,??formal L4 10D??????????????????/ST/??/???????????????????
20251229,20251230,SZSE.002608,002608.SZ,江苏国信,4,0.9930249632892805,0.014077024791170397,6,0.194,D:/work/quant/quant_mcp/quant/main/config/prediction_manifests/executable_10d_open_return_l4_formal_20260617.json,stock_predict_data_model_agent_10d_topgate_fusion_20260622_executable_10d_open_return_research,??formal L4 10D??????????????????/ST/??/???????????????????
20251229,20251230,SHSE.601018,601018.SH,宁波港,5,0.9889867841409692,0.014245634421505884,6,0.194,D:/work/quant/quant_mcp/quant/main/config/prediction_manifests/executable_10d_open_return_l4_formal_20260617.json,stock_predict_data_model_agent_10d_topgate_fusion_20260622_executable_10d_open_return_research,??formal L4 10D??????????????????/ST/??/???????????????????
20251230,20251231,SHSE.600415,600415.SH,小商品城,1,1.0072440366972477,0.027126654440844316,6,0.206,D:/work/quant/quant_mcp/quant/main/config/prediction_manifests/executable_10d_open_return_l4_formal_20260617.json,stock_predict_data_model_agent_10d_topgate_fusion_20260622_executable_10d_open_return_research,??formal L4 10D??????????????????/ST/??/???????????????????
20251230,20251231,SHSE.600008,600008.SH,首创环保,2,0.9970642201834863,0.010333082104508182,6,0.206,D:/work/quant/quant_mcp/quant/main/config/prediction_manifests/executable_10d_open_return_l4_formal_20260617.json,stock_predict_data_model_agent_10d_topgate_fusion_20260622_executable_10d_open_return_research,??formal L4 10D??????????????????/ST/??/???????????????????
20251230,20251231,SHSE.600606,600606.SH,绿地控股,3,0.9968807339449541,0.024085366993620492,6,0.2,D:/work/quant/quant_mcp/quant/main/config/prediction_manifests/executable_10d_open_return_l4_formal_20260617.json,stock_predict_data_model_agent_10d_topgate_fusion_20260622_executable_10d_open_return_research,??formal L4 10D??????????????????/ST/??/???????????????????
20251230,20251231,SHSE.603858,603858.SH,步长制药,4,0.9944954128440368,0.015159236023078124,6,0.194,D:/work/quant/quant_mcp/quant/main/config/prediction_manifests/executable_10d_open_return_l4_formal_20260617.json,stock_predict_data_model_agent_10d_topgate_fusion_20260622_executable_10d_open_return_research,??formal L4 10D??????????????????/ST/??/???????????????????
20251230,20251231,SZSE.001391,001391.SZ,国货航,5,0.9895412844036697,0.0109634549817888,6,0.194,D:/work/quant/quant_mcp/quant/main/config/prediction_manifests/executable_10d_open_return_l4_formal_20260617.json,stock_predict_data_model_agent_10d_topgate_fusion_20260622_executable_10d_open_return_research,??formal L4 10D??????????????????/ST/??/???????????????????
20251231,20260105,SHSE.600905,600905.SH,三峡能源,1,1.0076316272243626,0.0069682149113865464,6,0.206,D:/work/quant/quant_mcp/quant/main/config/prediction_manifests/executable_10d_open_return_l4_formal_20260617.json,stock_predict_data_model_agent_10d_topgate_fusion_20260622_executable_10d_open_return_research,??formal L4 10D??????????????????/ST/??/???????????????????
20251231,20260105,SHSE.600008,600008.SH,首创环保,2,1.007178499357916,0.009998667344716017,6,0.206,D:/work/quant/quant_mcp/quant/main/config/prediction_manifests/executable_10d_open_return_l4_formal_20260617.json,stock_predict_data_model_agent_10d_topgate_fusion_20260622_executable_10d_open_return_research,??formal L4 10D??????????????????/ST/??/???????????????????
20251231,20260105,SHSE.601169,601169.SH,北京银行,3,0.997431663914878,0.009854014999904124,6,0.2,D:/work/quant/quant_mcp/quant/main/config/prediction_manifests/executable_10d_open_return_l4_formal_20260617.json,stock_predict_data_model_agent_10d_topgate_fusion_20260622_executable_10d_open_return_research,??formal L4 10D??????????????????/ST/??/???????????????????
20251231,20260105,SHSE.601006,601006.SH,大秦铁路,4,0.9972482113373693,0.009593023162196278,6,0.194,D:/work/quant/quant_mcp/quant/main/config/prediction_manifests/executable_10d_open_return_l4_formal_20260617.json,stock_predict_data_model_agent_10d_topgate_fusion_20260622_executable_10d_open_return_research,??formal L4 10D??????????????????/ST/??/???????????????????
20251231,20260105,SHSE.601816,601816.SH,京沪高铁,5,0.9970647587598606,0.011359223559456661,6,0.194,D:/work/quant/quant_mcp/quant/main/config/prediction_manifests/executable_10d_open_return_l4_formal_20260617.json,stock_predict_data_model_agent_10d_topgate_fusion_20260622_executable_10d_open_return_research,??formal L4 10D??????????????????/ST/??/???????????????????
20260105,20260106,SHSE.601916,601916.SH,浙商银行,1,1.006547422491286,0.012171053144089167,6,0.206,D:/work/quant/quant_mcp/quant/main/config/prediction_manifests/executable_10d_open_return_l4_formal_20260617.json,stock_predict_data_model_agent_10d_topgate_fusion_20260622_executable_10d_open_return_research,??formal L4 10D??????????????????/ST/??/???????????????????
20260105,20260106,SHSE.600157,600157.SH,永泰能源,2,0.996147495872317,0.021835442633618096,6,0.206,D:/work/quant/quant_mcp/quant/main/config/prediction_manifests/executable_10d_open_return_l4_formal_20260617.json,stock_predict_data_model_agent_10d_topgate_fusion_20260622_executable_10d_open_return_research,??formal L4 10D??????????????????/ST/??/???????????????????
20260105,20260106,SHSE.600795,600795.SH,国电电力,3,0.9954136855622822,0.02878486226401198,6,0.2,D:/work/quant/quant_mcp/quant/main/config/prediction_manifests/executable_10d_open_return_l4_formal_20260617.json,stock_predict_data_model_agent_10d_topgate_fusion_20260622_executable_10d_open_return_research,??formal L4 10D??????????????????/ST/??/???????????????????
20260105,20260106,SHSE.600720,600720.SH,中交设计,4,0.9928453494771602,0.010027471937919747,6,0.194,D:/work/quant/quant_mcp/quant/main/config/prediction_manifests/executable_10d_open_return_l4_formal_20260617.json,stock_predict_data_model_agent_10d_topgate_fusion_20260622_executable_10d_open_return_research,??formal L4 10D??????????????????/ST/??/???????????????????
20260105,20260106,SHSE.603899,603899.SH,晨光股份,5,0.9915611814345991,0.014371776321025183,6,0.194,D:/work/quant/quant_mcp/quant/main/config/prediction_manifests/executable_10d_open_return_l4_formal_20260617.json,stock_predict_data_model_agent_10d_topgate_fusion_20260622_executable_10d_open_return_research,??formal L4 10D??????????????????/ST/??/???????????????????
20260106,20260107,SHSE.600795,600795.SH,国电电力,1,0.9970658353200074,0.028700001189990568,6,0.206,D:/work/quant/quant_mcp/quant/main/config/prediction_manifests/executable_10d_open_return_l4_formal_20260617.json,stock_predict_data_model_agent_10d_topgate_fusion_20260622_executable_10d_open_return_research,??formal L4 10D??????????????????/ST/??/???????????????????
20260106,20260107,SHSE.601916,601916.SH,浙商银行,2,0.9959655235650101,0.011311475491910857,6,0.206,D:/work/quant/quant_mcp/quant/main/config/prediction_manifests/executable_10d_open_return_l4_formal_20260617.json,stock_predict_data_model_agent_10d_topgate_fusion_20260622_executable_10d_open_return_research,??formal L4 10D??????????????????/ST/??/???????????????????
20260106,20260107,SHSE.603833,603833.SH,欧派家居,3,0.9715752796625711,0.020847547076189146,6,0.2,D:/work/quant/quant_mcp/quant/main/config/prediction_manifests/executable_10d_open_return_l4_formal_20260617.json,stock_predict_data_model_agent_10d_topgate_fusion_20260622_executable_10d_open_return_research,??formal L4 10D??????????????????/ST/??/???????????????????
20260107,20260108,SZSE.000883,000883.SZ,湖北能源,1,0.9966996699669967,0.00787746119818192,6,0.206,D:/work/quant/quant_mcp/quant/main/config/prediction_manifests/executable_10d_open_return_l4_formal_20260617.json,stock_predict_data_model_agent_10d_topgate_fusion_20260622_executable_10d_open_return_research,??formal L4 10D??????????????????/ST/??/???????????????????
20260107,20260108,SHSE.600795,600795.SH,国电电力,2,0.9965163182984965,0.028243512046468394,6,0.206,D:/work/quant/quant_mcp/quant/main/config/prediction_manifests/executable_10d_open_return_l4_formal_20260617.json,stock_predict_data_model_agent_10d_topgate_fusion_20260622_executable_10d_open_return_research,??formal L4 10D??????????????????/ST/??/???????????????????
20260107,20260108,SHSE.601916,601916.SH,浙商银行,3,0.995049504950495,0.010855263416280963,6,0.2,D:/work/quant/quant_mcp/quant/main/config/prediction_manifests/executable_10d_open_return_l4_formal_20260617.json,stock_predict_data_model_agent_10d_topgate_fusion_20260622_executable_10d_open_return_research,??formal L4 10D??????????????????/ST/??/???????????????????
20260107,20260108,SZSE.000895,000895.SZ,双汇发展,4,0.9911991199119912,0.01435186024017492,6,0.194,D:/work/quant/quant_mcp/quant/main/config/prediction_manifests/executable_10d_open_return_l4_formal_20260617.json,stock_predict_data_model_agent_10d_topgate_fusion_20260622_executable_10d_open_return_research,??formal L4 10D??????????????????/ST/??/???????????????????
20260107,20260108,SHSE.600803,600803.SH,新奥股份,5,0.991015768243491,0.027379173123709664,6,0.194,D:/work/quant/quant_mcp/quant/main/config/prediction_manifests/executable_10d_open_return_l4_formal_20260617.json,stock_predict_data_model_agent_10d_topgate_fusion_20260622_executable_10d_open_return_research,??formal L4 10D??????????????????/ST/??/???????????????????
20260108,20260109,SHSE.601333,601333.SH,广深铁路,1,0.9974326059050064,0.012211221734983598,6,0.206,D:/work/quant/quant_mcp/quant/main/config/prediction_manifests/executable_10d_open_return_l4_formal_20260617.json,stock_predict_data_model_agent_10d_topgate_fusion_20260622_executable_10d_open_return_research,??formal L4 10D??????????????????/ST/??/???????????????????
20260108,20260109,SHSE.601916,601916.SH,浙商银行,2,0.9966990647350082,0.010396040042665198,6,0.206,D:/work/quant/quant_mcp/quant/main/config/prediction_manifests/executable_10d_open_return_l4_formal_20260617.json,stock_predict_data_model_agent_10d_topgate_fusion_20260622_executable_10d_open_return_research,??formal L4 10D??????????????????/ST/??/???????????????????
20260108,20260109,SHSE.600887,600887.SH,伊利股份,3,0.9961489088575096,0.016947727410256554,6,0.2,D:/work/quant/quant_mcp/quant/main/config/prediction_manifests/executable_10d_open_return_l4_formal_20260617.json,stock_predict_data_model_agent_10d_topgate_fusion_20260622_executable_10d_open_return_research,??formal L4 10D??????????????????/ST/??/???????????????????
20260108,20260109,SHSE.600795,600795.SH,国电电力,4,0.9900971942050247,0.02786720651229156,6,0.194,D:/work/quant/quant_mcp/quant/main/config/prediction_manifests/executable_10d_open_return_l4_formal_20260617.json,stock_predict_data_model_agent_10d_topgate_fusion_20260622_executable_10d_open_return_research,??formal L4 10D??????????????????/ST/??/???????????????????
20260108,20260109,SHSE.603833,603833.SH,欧派家居,5,0.975609756097561,0.021562901623098197,6,0.194,D:/work/quant/quant_mcp/quant/main/config/prediction_manifests/executable_10d_open_return_l4_formal_20260617.json,stock_predict_data_model_agent_10d_topgate_fusion_20260622_executable_10d_open_return_research,??formal L4 10D??????????????????/ST/??/???????????????????
20260109,20260112,SHSE.601916,601916.SH,浙商银行,1,0.9961489088575096,0.009900990136274138,6,0.206,D:/work/quant/quant_mcp/quant/main/config/prediction_manifests/executable_10d_open_return_l4_formal_20260617.json,stock_predict_data_model_agent_10d_topgate_fusion_20260622_executable_10d_open_return_research,??formal L4 10D??????????????????/ST/??/???????????????????
20260109,20260112,SHSE.600887,600887.SH,伊利股份,2,0.9952319823950119,0.016900728622748183,6,0.206,D:/work/quant/quant_mcp/quant/main/config/prediction_manifests/executable_10d_open_return_l4_formal_20260617.json,stock_predict_data_model_agent_10d_topgate_fusion_20260622_executable_10d_open_return_research,??formal L4 10D??????????????????/ST/??/???????????????????
20260109,20260112,SHSE.600578,600578.SH,京能电力,3,0.9917476618375206,0.0310091744357428,6,0.2,D:/work/quant/quant_mcp/quant/main/config/prediction_manifests/executable_10d_open_return_l4_formal_20260617.json,stock_predict_data_model_agent_10d_topgate_fusion_20260622_executable_10d_open_return_research,??formal L4 10D??????????????????/ST/??/???????????????????
20260109,20260112,SHSE.600363,600363.SH,联创光电,4,0.9910141206675225,0.04367925877312809,6,0.194,D:/work/quant/quant_mcp/quant/main/config/prediction_manifests/executable_10d_open_return_l4_formal_20260617.json,stock_predict_data_model_agent_10d_topgate_fusion_20260622_executable_10d_open_return_research,??formal L4 10D??????????????????/ST/??/???????????????????
20260112,20260113,SZSE.002831,002831.SZ,裕同科技,1,0.9965156794425087,0.027669942195268565,6,0.206,D:/work/quant/quant_mcp/quant/main/config/prediction_manifests/executable_10d_open_return_l4_formal_20260617.json,stock_predict_data_model_agent_10d_topgate_fusion_20260622_executable_10d_open_return_research,??formal L4 10D??????????????????/ST/??/???????????????????
20260112,20260113,SHSE.600438,600438.SH,通威股份,2,0.9871630295250321,0.03140573489977012,6,0.206,D:/work/quant/quant_mcp/quant/main/config/prediction_manifests/executable_10d_open_return_l4_formal_20260617.json,stock_predict_data_model_agent_10d_topgate_fusion_20260622_executable_10d_open_return_research,??formal L4 10D??????????????????/ST/??/???????????????????
20260112,20260113,SHSE.600887,600887.SH,伊利股份,3,0.9754263708050614,0.01707014433806109,6,0.2,D:/work/quant/quant_mcp/quant/main/config/prediction_manifests/executable_10d_open_return_l4_formal_20260617.json,stock_predict_data_model_agent_10d_topgate_fusion_20260622_executable_10d_open_return_research,??formal L4 10D??????????????????/ST/??/???????????????????
20260112,20260113,SHSE.688278,688278.SH,特宝生物,4,0.9677241885200807,0.030951152410689502,6,0.194,D:/work/quant/quant_mcp/quant/main/config/prediction_manifests/executable_10d_open_return_l4_formal_20260617.json,stock_predict_data_model_agent_10d_topgate_fusion_20260622_executable_10d_open_return_research,??formal L4 10D??????????????????/ST/??/???????????????????
20260112,20260113,SZSE.001391,001391.SZ,国货航,5,0.9640564826700898,0.012108730955984366,6,0.194,D:/work/quant/quant_mcp/quant/main/config/prediction_manifests/executable_10d_open_return_l4_formal_20260617.json,stock_predict_data_model_agent_10d_topgate_fusion_20260622_executable_10d_open_return_research,??formal L4 10D??????????????????/ST/??/???????????????????
20260113,20260114,SZSE.002831,002831.SZ,裕同科技,1,1.0063606316562614,0.02772917517905329,6,0.206,D:/work/quant/quant_mcp/quant/main/config/prediction_manifests/executable_10d_open_return_l4_formal_20260617.json,stock_predict_data_model_agent_10d_topgate_fusion_20260622_executable_10d_open_return_research,??formal L4 10D??????????????????/ST/??/???????????????????
20260113,20260114,SZSE.002294,002294.SZ,信立泰,2,0.9970620639001102,0.040730654623303005,6,0.206,D:/work/quant/quant_mcp/quant/main/config/prediction_manifests/executable_10d_open_return_l4_formal_20260617.json,stock_predict_data_model_agent_10d_topgate_fusion_20260622_executable_10d_open_return_research,??formal L4 10D??????????????????/ST/??/???????????????????
20260113,20260114,SHSE.601916,601916.SH,浙商银行,3,0.9966948218876239,0.008717105414948752,6,0.2,D:/work/quant/quant_mcp/quant/main/config/prediction_manifests/executable_10d_open_return_l4_formal_20260617.json,stock_predict_data_model_agent_10d_topgate_fusion_20260622_executable_10d_open_return_research,??formal L4 10D??????????????????/ST/??/???????????????????
20260113,20260114,SZSE.000333,000333.SZ,美的集团,4,0.9946749908189497,0.018917322230699706,6,0.194,D:/work/quant/quant_mcp/quant/main/config/prediction_manifests/executable_10d_open_return_l4_formal_20260617.json,stock_predict_data_model_agent_10d_topgate_fusion_20260622_executable_10d_open_return_research,??formal L4 10D??????????????????/ST/??/???????????????????
20260113,20260114,SHSE.603225,603225.SH,新凤鸣,5,0.9922879177377892,0.047930338262542664,6,0.194,D:/work/quant/quant_mcp/quant/main/config/prediction_manifests/executable_10d_open_return_l4_formal_20260617.json,stock_predict_data_model_agent_10d_topgate_fusion_20260622_executable_10d_open_return_research,??formal L4 10D??????????????????/ST/??/???????????????????
20260114,20260115,SZSE.002831,002831.SZ,裕同科技,1,1.0067345814977973,0.027663638739224325,6,0.206,D:/work/quant/quant_mcp/quant/main/config/prediction_manifests/executable_10d_open_return_l4_formal_20260617.json,stock_predict_data_model_agent_10d_topgate_fusion_20260622_executable_10d_open_return_research,??formal L4 10D??????????????????/ST/??/???????????????????
20260114,20260115,SHSE.600690,600690.SH,海尔智家,2,0.9965124816446402,0.017161588977882034,6,0.206,D:/work/quant/quant_mcp/quant/main/config/prediction_manifests/executable_10d_open_return_l4_formal_20260617.json,stock_predict_data_model_agent_10d_topgate_fusion_20260622_executable_10d_open_return_research,??formal L4 10D??????????????????/ST/??/???????????????????
20260114,20260115,SHSE.603129,603129.SH,春风动力,3,0.9950440528634361,0.03396348121883592,6,0.2,D:/work/quant/quant_mcp/quant/main/config/prediction_manifests/executable_10d_open_return_l4_formal_20260617.json,stock_predict_data_model_agent_10d_topgate_fusion_20260622_executable_10d_open_return_research,??formal L4 10D??????????????????/ST/??/???????????????????
20260114,20260115,SHSE.603737,603737.SH,三棵树,4,0.9946769456681351,0.03209088803444679,6,0.194,D:/work/quant/quant_mcp/quant/main/config/prediction_manifests/executable_10d_open_return_l4_formal_20260617.json,stock_predict_data_model_agent_10d_topgate_fusion_20260622_executable_10d_open_return_research,??formal L4 10D??????????????????/ST/??/???????????????????
20260114,20260115,SHSE.601169,601169.SH,北京银行,5,0.9937591776798825,0.009944237960405587,6,0.194,D:/work/quant/quant_mcp/quant/main/config/prediction_manifests/executable_10d_open_return_l4_formal_20260617.json,stock_predict_data_model_agent_10d_topgate_fusion_20260622_executable_10d_open_return_research,??formal L4 10D??????????????????/ST/??/???????????????????
20260115,20260116,SHSE.601333,601333.SH,广深铁路,1,1.007117960007338,0.01171617243778917,6,0.206,D:/work/quant/quant_mcp/quant/main/config/prediction_manifests/executable_10d_open_return_l4_formal_20260617.json,stock_predict_data_model_agent_10d_topgate_fusion_20260622_executable_10d_open_return_research,??formal L4 10D??????????????????/ST/??/???????????????????
20260115,20260116,SZSE.002831,002831.SZ,裕同科技,2,1.0063979086406165,0.027927583368033315,6,0.206,D:/work/quant/quant_mcp/quant/main/config/prediction_manifests/executable_10d_open_return_l4_formal_20260617.json,stock_predict_data_model_agent_10d_topgate_fusion_20260622_executable_10d_open_return_research,??formal L4 10D??????????????????/ST/??/???????????????????
20260115,20260116,SZSE.300979,300979.SZ,华利集团,3,0.997431663914878,0.021807604223212446,6,0.2,D:/work/quant/quant_mcp/quant/main/config/prediction_manifests/executable_10d_open_return_l4_formal_20260617.json,stock_predict_data_model_agent_10d_topgate_fusion_20260622_executable_10d_open_return_research,??formal L4 10D??????????????????/ST/??/???????????????????
20260115,20260116,SHSE.600690,600690.SH,海尔智家,4,0.9959640432948083,0.017060418699604053,6,0.194,D:/work/quant/quant_mcp/quant/main/config/prediction_manifests/executable_10d_open_return_l4_formal_20260617.json,stock_predict_data_model_agent_10d_topgate_fusion_20260622_executable_10d_open_return_research,??formal L4 10D??????????????????/ST/??/???????????????????
20260115,20260116,SZSE.002465,002465.SZ,海格通信,5,0.9946798752522473,0.05500834182826766,6,0.194,D:/work/quant/quant_mcp/quant/main/config/prediction_manifests/executable_10d_open_return_l4_formal_20260617.json,stock_predict_data_model_agent_10d_topgate_fusion_20260622_executable_10d_open_return_research,??formal L4 10D??????????????????/ST/??/???????????????????
20260116,20260119,SHSE.601186,601186.SH,中国铁建,1,0.9968830216354969,0.010557768562629388,6,0.206,D:/work/quant/quant_mcp/quant/main/config/prediction_manifests/executable_10d_open_return_l4_formal_20260617.json,stock_predict_data_model_agent_10d_topgate_fusion_20260622_executable_10d_open_return_research,??formal L4 10D??????????????????/ST/??/???????????????????
20260116,20260119,SZSE.002831,002831.SZ,裕同科技,2,0.9965163182984965,0.029680498894755075,6,0.206,D:/work/quant/quant_mcp/quant/main/config/prediction_manifests/executable_10d_open_return_l4_formal_20260617.json,stock_predict_data_model_agent_10d_topgate_fusion_20260622_executable_10d_open_return_research,??formal L4 10D??????????????????/ST/??/???????????????????
20260116,20260119,SHSE.601816,601816.SH,京沪高铁,3,0.9952328566189952,0.011794355234794926,6,0.2,D:/work/quant/quant_mcp/quant/main/config/prediction_manifests/executable_10d_open_return_l4_formal_20260617.json,stock_predict_data_model_agent_10d_topgate_fusion_20260622_executable_10d_open_return_research,??formal L4 10D??????????????????/ST/??/???????????????????
20260116,20260119,SHSE.600690,600690.SH,海尔智家,4,0.9935826916024936,0.01597276230566762,6,0.194,D:/work/quant/quant_mcp/quant/main/config/prediction_manifests/executable_10d_open_return_l4_formal_20260617.json,stock_predict_data_model_agent_10d_topgate_fusion_20260622_executable_10d_open_return_research,??formal L4 10D??????????????????/ST/??/???????????????????
20260116,20260119,SHSE.603766,603766.SH,隆鑫通用,5,0.9932159882654932,0.03225160330843871,6,0.194,D:/work/quant/quant_mcp/quant/main/config/prediction_manifests/executable_10d_open_return_l4_formal_20260617.json,stock_predict_data_model_agent_10d_topgate_fusion_20260622_executable_10d_open_return_research,??formal L4 10D??????????????????/ST/??/???????????????????
20260119,20260120,SHSE.600153,600153.SH,建发股份,1,1.0075861436950146,0.017637654692000744,6,0.206,D:/work/quant/quant_mcp/quant/main/config/prediction_manifests/executable_10d_open_return_l4_formal_20260617.json,stock_predict_data_model_agent_10d_topgate_fusion_20260622_executable_10d_open_return_research,??formal L4 10D??????????????????/ST/??/???????????????????
20260119,20260120,SHSE.600690,600690.SH,海尔智家,2,1.0063728005865102,0.01599845785328614,6,0.206,D:/work/quant/quant_mcp/quant/main/config/prediction_manifests/executable_10d_open_return_l4_formal_20260617.json,stock_predict_data_model_agent_10d_topgate_fusion_20260622_executable_10d_open_return_research,??formal L4 10D??????????????????/ST/??/???????????????????
20260119,20260120,SHSE.600157,600157.SH,永泰能源,3,0.9970674486803519,0.023765432700801694,6,0.2,D:/work/quant/quant_mcp/quant/main/config/prediction_manifests/executable_10d_open_return_l4_formal_20260617.json,stock_predict_data_model_agent_10d_topgate_fusion_20260622_executable_10d_open_return_research,??formal L4 10D??????????????????/ST/??/???????????????????
20260119,20260120,SHSE.601916,601916.SH,浙商银行,4,0.9967008797653959,0.007046979843155292,6,0.194,D:/work/quant/quant_mcp/quant/main/config/prediction_manifests/executable_10d_open_return_l4_formal_20260617.json,stock_predict_data_model_agent_10d_topgate_fusion_20260622_executable_10d_open_return_research,??formal L4 10D??????????????????/ST/??/???????????????????
20260119,20260120,SHSE.601838,601838.SH,成都银行,5,0.9963343108504399,0.011578266395481564,6,0.194,D:/work/quant/quant_mcp/quant/main/config/prediction_manifests/executable_10d_open_return_l4_formal_20260617.json,stock_predict_data_model_agent_10d_topgate_fusion_20260622_executable_10d_open_return_research,??formal L4 10D??????????????????/ST/??/???????????????????
20260120,20260121,SHSE.600153,600153.SH,建发股份,1,1.0075737044497344,0.018472680599306273,6,0.206,D:/work/quant/quant_mcp/quant/main/config/prediction_manifests/executable_10d_open_return_l4_formal_20260617.json,stock_predict_data_model_agent_10d_topgate_fusion_20260622_executable_10d_open_return_research,??formal L4 10D??????????????????/ST/??/???????????????????
20260120,20260121,SHSE.601816,601816.SH,京沪高铁,2,1.0069602636879693,0.012100000569457967,6,0.206,D:/work/quant/quant_mcp/quant/main/config/prediction_manifests/executable_10d_open_return_l4_formal_20260617.json,stock_predict_data_model_agent_10d_topgate_fusion_20260622_executable_10d_open_return_research,??formal L4 10D??????????????????/ST/??/???????????????????
20260120,20260121,SHSE.601838,601838.SH,成都银行,3,0.9957883171580296,0.01239021353271931,6,0.2,D:/work/quant/quant_mcp/quant/main/config/prediction_manifests/executable_10d_open_return_l4_formal_20260617.json,stock_predict_data_model_agent_10d_topgate_fusion_20260622_executable_10d_open_return_research,??formal L4 10D??????????????????/ST/??/???????????????????
20260120,20260121,SHSE.600803,600803.SH,新奥股份,4,0.9928584508331807,0.02175879460725212,6,0.194,D:/work/quant/quant_mcp/quant/main/config/prediction_manifests/executable_10d_open_return_l4_formal_20260617.json,stock_predict_data_model_agent_10d_topgate_fusion_20260622_executable_10d_open_return_research,??formal L4 10D??????????????????/ST/??/???????????????????
20260120,20260121,SHSE.600690,600690.SH,海尔智家,5,0.9776597692730269,0.01597801457933015,6,0.194,D:/work/quant/quant_mcp/quant/main/config/prediction_manifests/executable_10d_open_return_l4_formal_20260617.json,stock_predict_data_model_agent_10d_topgate_fusion_20260622_executable_10d_open_return_research,??formal L4 10D??????????????????/ST/??/???????????????????
20260121,20260122,SHSE.601816,601816.SH,京沪高铁,1,0.9972522440007328,0.012627292091105932,6,0.206,D:/work/quant/quant_mcp/quant/main/config/prediction_manifests/executable_10d_open_return_l4_formal_20260617.json,stock_predict_data_model_agent_10d_topgate_fusion_20260622_executable_10d_open_return_research,??formal L4 10D??????????????????/ST/??/???????????????????
20260121,20260122,SHSE.601838,601838.SH,成都银行,2,0.9970690602674482,0.01313613124231142,6,0.206,D:/work/quant/quant_mcp/quant/main/config/prediction_manifests/executable_10d_open_return_l4_formal_20260617.json,stock_predict_data_model_agent_10d_topgate_fusion_20260622_executable_10d_open_return_research,??formal L4 10D??????????????????/ST/??/???????????????????
20260121,20260122,SHSE.600153,600153.SH,建发股份,3,0.9968858765341637,0.01953456540609399,6,0.2,D:/work/quant/quant_mcp/quant/main/config/prediction_manifests/executable_10d_open_return_l4_formal_20260617.json,stock_predict_data_model_agent_10d_topgate_fusion_20260622_executable_10d_open_return_research,??formal L4 10D??????????????????/ST/??/???????????????????
20260121,20260122,SZSE.002131,002131.SZ,利欧股份,4,0.9946876717347499,0.049252321840398974,6,0.194,D:/work/quant/quant_mcp/quant/main/config/prediction_manifests/executable_10d_open_return_l4_formal_20260617.json,stock_predict_data_model_agent_10d_topgate_fusion_20260622_executable_10d_open_return_research,??formal L4 10D??????????????????/ST/??/???????????????????
20260121,20260122,SZSE.000596,000596.SZ,古井贡酒,5,0.9921230994687672,0.025377111578729038,6,0.194,D:/work/quant/quant_mcp/quant/main/config/prediction_manifests/executable_10d_open_return_l4_formal_20260617.json,stock_predict_data_model_agent_10d_topgate_fusion_20260622_executable_10d_open_return_research,??formal L4 10D??????????????????/ST/??/???????????????????
20260122,20260123,SHSE.601916,601916.SH,浙商银行,1,1.0072678996520785,0.00760135168217774,6,0.206,D:/work/quant/quant_mcp/quant/main/config/prediction_manifests/executable_10d_open_return_l4_formal_20260617.json,stock_predict_data_model_agent_10d_topgate_fusion_20260622_executable_10d_open_return_research,??formal L4 10D??????????????????/ST/??/???????????????????
20260122,20260123,SHSE.600930,600930.SH,华电新能,2,1.0063211865958614,0.01003266443336901,6,0.206,D:/work/quant/quant_mcp/quant/main/config/prediction_manifests/executable_10d_open_return_l4_formal_20260617.json,stock_predict_data_model_agent_10d_topgate_fusion_20260622_executable_10d_open_return_research,??formal L4 10D??????????????????/ST/??/???????????????????
20260122,20260123,SHSE.601816,601816.SH,京沪高铁,3,0.9974363669657572,0.012906504954152234,6,0.2,D:/work/quant/quant_mcp/quant/main/config/prediction_manifests/executable_10d_open_return_l4_formal_20260617.json,stock_predict_data_model_agent_10d_topgate_fusion_20260622_executable_10d_open_return_research,??formal L4 10D??????????????????/ST/??/???????????????????
20260122,20260123,SHSE.600153,600153.SH,建发股份,4,0.9972532503204541,0.0198297543401889,6,0.194,D:/work/quant/quant_mcp/quant/main/config/prediction_manifests/executable_10d_open_return_l4_formal_20260617.json,stock_predict_data_model_agent_10d_topgate_fusion_20260622_executable_10d_open_return_research,??formal L4 10D??????????????????/ST/??/???????????????????
20260122,20260123,SZSE.002131,002131.SZ,利欧股份,5,0.9948727339315143,0.059739215667427424,6,0.194,D:/work/quant/quant_mcp/quant/main/config/prediction_manifests/executable_10d_open_return_l4_formal_20260617.json,stock_predict_data_model_agent_10d_topgate_fusion_20260622_executable_10d_open_return_research,??formal L4 10D??????????????????/ST/??/???????????????????
20260123,20260126,SHSE.601166,601166.SH,兴业银行,1,1.0060508971072868,0.02039084692256214,6,0.206,D:/work/quant/quant_mcp/quant/main/config/prediction_manifests/executable_10d_open_return_l4_formal_20260617.json,stock_predict_data_model_agent_10d_topgate_fusion_20260622_executable_10d_open_return_research,??formal L4 10D??????????????????/ST/??/???????????????????
20260123,20260126,SHSE.601816,601816.SH,京沪高铁,2,0.9972537532039546,0.013087936226189123,6,0.206,D:/work/quant/quant_mcp/quant/main/config/prediction_manifests/executable_10d_open_return_l4_formal_20260617.json,stock_predict_data_model_agent_10d_topgate_fusion_20260622_executable_10d_open_return_research,??formal L4 10D??????????????????/ST/??/???????????????????
20260123,20260126,SHSE.600153,600153.SH,建发股份,3,0.9968875869644819,0.019275794008463253,6,0.2,D:/work/quant/quant_mcp/quant/main/config/prediction_manifests/executable_10d_open_return_l4_formal_20260617.json,stock_predict_data_model_agent_10d_topgate_fusion_20260622_executable_10d_open_return_research,??formal L4 10D??????????????????/ST/??/???????????????????
20260123,20260126,SHSE.600900,600900.SH,长江电力,4,0.9952398388868546,0.010673195859249873,6,0.194,D:/work/quant/quant_mcp/quant/main/config/prediction_manifests/executable_10d_open_return_l4_formal_20260617.json,stock_predict_data_model_agent_10d_topgate_fusion_20260622_executable_10d_open_return_research,??formal L4 10D??????????????????/ST/??/???????????????????
20260123,20260126,SHSE.601328,601328.SH,交通银行,5,0.9946905895276456,0.016039157580870354,6,0.194,D:/work/quant/quant_mcp/quant/main/config/prediction_manifests/executable_10d_open_return_l4_formal_20260617.json,stock_predict_data_model_agent_10d_topgate_fusion_20260622_executable_10d_open_return_research,??formal L4 10D??????????????????/ST/??/???????????????????
20260126,20260127,SHSE.601916,601916.SH,浙商银行,1,1.0079758197472064,0.007823129245082302,6,0.206,D:/work/quant/quant_mcp/quant/main/config/prediction_manifests/executable_10d_open_return_l4_formal_20260617.json,stock_predict_data_model_agent_10d_topgate_fusion_20260622_executable_10d_open_return_research,??formal L4 10D??????????????????/ST/??/???????????????????
20260126,20260127,SHSE.600036,600036.SH,招商银行,2,1.0064901996702693,0.017184376671424532,6,0.206,D:/work/quant/quant_mcp/quant/main/config/prediction_manifests/executable_10d_open_return_l4_formal_20260617.json,stock_predict_data_model_agent_10d_topgate_fusion_20260622_executable_10d_open_return_research,??formal L4 10D??????????????????/ST/??/???????????????????
20260126,20260127,SHSE.600153,600153.SH,建发股份,3,0.9972522440007328,0.019775143284590836,6,0.2,D:/work/quant/quant_mcp/quant/main/config/prediction_manifests/executable_10d_open_return_l4_formal_20260617.json,stock_predict_data_model_agent_10d_topgate_fusion_20260622_executable_10d_open_return_research,??formal L4 10D??????????????????/ST/??/???????????????????
20260126,20260127,SHSE.601816,601816.SH,京沪高铁,4,0.9961531416010259,0.013663968713124438,6,0.194,D:/work/quant/quant_mcp/quant/main/config/prediction_manifests/executable_10d_open_return_l4_formal_20260617.json,stock_predict_data_model_agent_10d_topgate_fusion_20260622_executable_10d_open_return_research,??formal L4 10D??????????????????/ST/??/???????????????????
20260126,20260127,SHSE.601328,601328.SH,交通银行,5,0.9959699578677413,0.016415663269148385,6,0.194,D:/work/quant/quant_mcp/quant/main/config/prediction_manifests/executable_10d_open_return_l4_formal_20260617.json,stock_predict_data_model_agent_10d_topgate_fusion_20260622_executable_10d_open_return_research,??formal L4 10D??????????????????/ST/??/???????????????????
20260127,20260128,SHSE.600036,600036.SH,招商银行,1,0.9972522440007328,0.017655644644805173,6,0.206,D:/work/quant/quant_mcp/quant/main/config/prediction_manifests/executable_10d_open_return_l4_formal_20260617.json,stock_predict_data_model_agent_10d_topgate_fusion_20260622_executable_10d_open_return_research,??formal L4 10D??????????????????/ST/??/???????????????????
20260127,20260128,SHSE.600153,600153.SH,建发股份,2,0.9968858765341637,0.02069863090955515,6,0.206,D:/work/quant/quant_mcp/quant/main/config/prediction_manifests/executable_10d_open_return_l4_formal_20260617.json,stock_predict_data_model_agent_10d_topgate_fusion_20260622_executable_10d_open_return_research,??formal L4 10D??????????????????/ST/??/???????????????????
20260127,20260128,SHSE.601816,601816.SH,京沪高铁,3,0.9954204066678879,0.0140529539790187,6,0.2,D:/work/quant/quant_mcp/quant/main/config/prediction_manifests/executable_10d_open_return_l4_formal_20260617.json,stock_predict_data_model_agent_10d_topgate_fusion_20260622_executable_10d_open_return_research,??formal L4 10D??????????????????/ST/??/???????????????????
20260127,20260128,SHSE.601328,601328.SH,交通银行,4,0.9952372229346034,0.016944025091939496,6,0.194,D:/work/quant/quant_mcp/quant/main/config/prediction_manifests/executable_10d_open_return_l4_formal_20260617.json,stock_predict_data_model_agent_10d_topgate_fusion_20260622_executable_10d_open_return_research,??formal L4 10D??????????????????/ST/??/???????????????????
20260127,20260128,SHSE.601166,601166.SH,兴业银行,5,0.995054039201319,0.02134377867860035,6,0.194,D:/work/quant/quant_mcp/quant/main/config/prediction_manifests/executable_10d_open_return_l4_formal_20260617.json,stock_predict_data_model_agent_10d_topgate_fusion_20260622_executable_10d_open_return_research,??formal L4 10D??????????????????/ST/??/???????????????????
20260128,20260129,SZSE.300782,300782.SZ,卓胜微,1,1.008952380952381,0.04334950808463452,6,0.206,D:/work/quant/quant_mcp/quant/main/config/prediction_manifests/executable_10d_open_return_l4_formal_20260617.json,stock_predict_data_model_agent_10d_topgate_fusion_20260622_executable_10d_open_return_research,??formal L4 10D??????????????????/ST/??/???????????????????
20260128,20260129,SHSE.600018,600018.SH,上港集团,2,0.9963369963369964,0.015218181239307961,6,0.206,D:/work/quant/quant_mcp/quant/main/config/prediction_manifests/executable_10d_open_return_l4_formal_20260617.json,stock_predict_data_model_agent_10d_topgate_fusion_20260622_executable_10d_open_return_research,??formal L4 10D??????????????????/ST/??/???????????????????
20260128,20260129,SHSE.601916,601916.SH,浙商银行,3,0.9956043956043956,0.008247422646353586,6,0.2,D:/work/quant/quant_mcp/quant/main/config/prediction_manifests/executable_10d_open_return_l4_formal_20260617.json,stock_predict_data_model_agent_10d_topgate_fusion_20260622_executable_10d_open_return_research,??formal L4 10D??????????????????/ST/??/???????????????????
20260128,20260129,SHSE.600153,600153.SH,建发股份,4,0.9950549450549451,0.02128360016626536,6,0.194,D:/work/quant/quant_mcp/quant/main/config/prediction_manifests/executable_10d_open_return_l4_formal_20260617.json,stock_predict_data_model_agent_10d_topgate_fusion_20260622_executable_10d_open_return_research,??formal L4 10D??????????????????/ST/??/???????????????????
20260128,20260129,SHSE.601328,601328.SH,交通银行,5,0.993956043956044,0.016412214218829067,6,0.194,D:/work/quant/quant_mcp/quant/main/config/prediction_manifests/executable_10d_open_return_l4_formal_20260617.json,stock_predict_data_model_agent_10d_topgate_fusion_20260622_executable_10d_open_return_research,??formal L4 10D??????????????????/ST/??/???????????????????
20260129,20260130,SHSE.600018,600018.SH,上港集团,1,1.0070902765061345,0.015236946944449454,6,0.206,D:/work/quant/quant_mcp/quant/main/config/prediction_manifests/executable_10d_open_return_l4_formal_20260617.json,stock_predict_data_model_agent_10d_topgate_fusion_20260622_executable_10d_open_return_research,??formal L4 10D??????????????????/ST/??/???????????????????
20260129,20260130,SZSE.002311,002311.SZ,海大集团,2,0.9972532503204541,0.024836222743238427,6,0.206,D:/work/quant/quant_mcp/quant/main/config/prediction_manifests/executable_10d_open_return_l4_formal_20260617.json,stock_predict_data_model_agent_10d_topgate_fusion_20260622_executable_10d_open_return_research,??formal L4 10D??????????????????/ST/??/???????????????????
20260129,20260130,SHSE.601328,601328.SH,交通银行,3,0.9950558505768174,0.01651515204400385,6,0.2,D:/work/quant/quant_mcp/quant/main/config/prediction_manifests/executable_10d_open_return_l4_formal_20260617.json,stock_predict_data_model_agent_10d_topgate_fusion_20260622_executable_10d_open_return_research,??formal L4 10D??????????????????/ST/??/???????????????????
20260129,20260130,SHSE.601916,601916.SH,浙商银行,4,0.9945980589635598,0.008703071456428136,6,0.194,D:/work/quant/quant_mcp/quant/main/config/prediction_manifests/executable_10d_open_return_l4_formal_20260617.json,stock_predict_data_model_agent_10d_topgate_fusion_20260622_executable_10d_open_return_research,??formal L4 10D??????????????????/ST/??/???????????????????
20260129,20260130,SHSE.601816,601816.SH,京沪高铁,5,0.9945980589635598,0.014562120022866104,6,0.194,D:/work/quant/quant_mcp/quant/main/config/prediction_manifests/executable_10d_open_return_l4_formal_20260617.json,stock_predict_data_model_agent_10d_topgate_fusion_20260622_executable_10d_open_return_research,??formal L4 10D??????????????????/ST/??/???????????????????
20260130,20260202,SZSE.002311,002311.SZ,海大集团,1,1.007492673992674,0.02451951110979465,6,0.206,D:/work/quant/quant_mcp/quant/main/config/prediction_manifests/executable_10d_open_return_l4_formal_20260617.json,stock_predict_data_model_agent_10d_topgate_fusion_20260622_executable_10d_open_return_research,??formal L4 10D??????????????????/ST/??/???????????????????
20260130,20260202,SHSE.601212,601212.SH,白银有色,2,1.006606227106227,0.05716898446263415,6,0.206,D:/work/quant/quant_mcp/quant/main/config/prediction_manifests/executable_10d_open_return_l4_formal_20260617.json,stock_predict_data_model_agent_10d_topgate_fusion_20260622_executable_10d_open_return_research,??formal L4 10D??????????????????/ST/??/???????????????????
20260130,20260202,SHSE.600018,600018.SH,上港集团,3,0.9968864468864469,0.015509018295457165,6,0.2,D:/work/quant/quant_mcp/quant/main/config/prediction_manifests/executable_10d_open_return_l4_formal_20260617.json,stock_predict_data_model_agent_10d_topgate_fusion_20260622_executable_10d_open_return_research,??formal L4 10D??????????????????/ST/??/???????????????????
20260130,20260202,SHSE.601328,601328.SH,交通银行,4,0.9957875457875458,0.016767372805237733,6,0.194,D:/work/quant/quant_mcp/quant/main/config/prediction_manifests/executable_10d_open_return_l4_formal_20260617.json,stock_predict_data_model_agent_10d_topgate_fusion_20260622_executable_10d_open_return_research,??formal L4 10D??????????????????/ST/??/???????????????????
20260130,20260202,SHSE.601916,601916.SH,浙商银行,5,0.9953296703296703,0.009106528985324183,6,0.194,D:/work/quant/quant_mcp/quant/main/config/prediction_manifests/executable_10d_open_return_l4_formal_20260617.json,stock_predict_data_model_agent_10d_topgate_fusion_20260622_executable_10d_open_return_research,??formal L4 10D??????????????????/ST/??/???????????????????
20260202,20260203,SZSE.000708,000708.SZ,中信特钢,1,1.008161845477847,0.0302773067175395,6,0.206,D:/work/quant/quant_mcp/quant/main/config/prediction_manifests/executable_10d_open_return_l4_formal_20260617.json,stock_predict_data_model_agent_10d_topgate_fusion_20260622_executable_10d_open_return_research,??formal L4 10D??????????????????/ST/??/???????????????????
20260202,20260203,SHSE.601398,601398.SH,工商银行,2,1.0074862687660198,0.016802918223163443,6,0.206,D:/work/quant/quant_mcp/quant/main/config/prediction_manifests/executable_10d_open_return_l4_formal_20260617.json,stock_predict_data_model_agent_10d_topgate_fusion_20260622_executable_10d_open_return_research,??formal L4 10D??????????????????/ST/??/???????????????????
20260202,20260203,SZSE.002032,002032.SZ,苏泊尔,3,1.007321493958257,0.0140750177825205,6,0.2,D:/work/quant/quant_mcp/quant/main/config/prediction_manifests/executable_10d_open_return_l4_formal_20260617.json,stock_predict_data_model_agent_10d_topgate_fusion_20260622_executable_10d_open_return_research,??formal L4 10D??????????????????/ST/??/???????????????????
20260202,20260203,SHSE.600741,600741.SH,华域汽车,4,0.997436836323691,0.02422427679997411,6,0.194,D:/work/quant/quant_mcp/quant/main/config/prediction_manifests/executable_10d_open_return_l4_formal_20260617.json,stock_predict_data_model_agent_10d_topgate_fusion_20260622_executable_10d_open_return_research,??formal L4 10D??????????????????/ST/??/???????????????????
20260202,20260203,SZSE.002311,002311.SZ,海大集团,5,0.9972537532039546,0.025502831108958582,6,0.194,D:/work/quant/quant_mcp/quant/main/config/prediction_manifests/executable_10d_open_return_l4_formal_20260617.json,stock_predict_data_model_agent_10d_topgate_fusion_20260622_executable_10d_open_return_research,??formal L4 10D??????????????????/ST/??/???????????????????
20260203,20260204,SZSE.002032,002032.SZ,苏泊尔,1,0.9974373055097931,0.014736669493263065,6,0.206,D:/work/quant/quant_mcp/quant/main/config/prediction_manifests/executable_10d_open_return_l4_formal_20260617.json,stock_predict_data_model_agent_10d_topgate_fusion_20260622_executable_10d_open_return_research,??formal L4 10D??????????????????/ST/??/???????????????????
20260203,20260204,SHSE.601212,601212.SH,白银有色,2,0.9967051070840197,0.0794489648802993,6,0.206,D:/work/quant/quant_mcp/quant/main/config/prediction_manifests/executable_10d_open_return_l4_formal_20260617.json,stock_predict_data_model_agent_10d_topgate_fusion_20260622_executable_10d_open_return_research,??formal L4 10D??????????????????/ST/??/???????????????????
20260203,20260204,SHSE.601816,601816.SH,京沪高铁,3,0.9950576606260296,0.01642561960010124,6,0.2,D:/work/quant/quant_mcp/quant/main/config/prediction_manifests/executable_10d_open_return_l4_formal_20260617.json,stock_predict_data_model_agent_10d_topgate_fusion_20260622_executable_10d_open_return_research,??formal L4 10D??????????????????/ST/??/???????????????????
20260203,20260204,SHSE.601398,601398.SH,工商银行,4,0.9934102141680395,0.01789729400197566,6,0.194,D:/work/quant/quant_mcp/quant/main/config/prediction_manifests/executable_10d_open_return_l4_formal_20260617.json,stock_predict_data_model_agent_10d_topgate_fusion_20260622_executable_10d_open_return_research,??formal L4 10D??????????????????/ST/??/???????????????????
20260203,20260204,SHSE.601166,601166.SH,兴业银行,5,0.9924949661358228,0.02278743253150654,6,0.194,D:/work/quant/quant_mcp/quant/main/config/prediction_manifests/executable_10d_open_return_l4_formal_20260617.json,stock_predict_data_model_agent_10d_topgate_fusion_20260622_executable_10d_open_return_research,??formal L4 10D??????????????????/ST/??/???????????????????
20260204,20260205,SHSE.603707,603707.SH,健友股份,1,1.008892955169259,0.02052043268772292,6,0.206,D:/work/quant/quant_mcp/quant/main/config/prediction_manifests/executable_10d_open_return_l4_formal_20260617.json,stock_predict_data_model_agent_10d_topgate_fusion_20260622_executable_10d_open_return_research,??formal L4 10D??????????????????/ST/??/???????????????????
20260204,20260205,SHSE.601328,601328.SH,交通银行,2,1.0077310155535224,0.017466267045445252,6,0.206,D:/work/quant/quant_mcp/quant/main/config/prediction_manifests/executable_10d_open_return_l4_formal_20260617.json,stock_predict_data_model_agent_10d_topgate_fusion_20260622_executable_10d_open_return_research,??formal L4 10D??????????????????/ST/??/???????????????????
20260204,20260205,SHSE.601816,601816.SH,京沪高铁,3,0.9967063129002744,0.01653144185937713,6,0.2,D:/work/quant/quant_mcp/quant/main/config/prediction_manifests/executable_10d_open_return_l4_formal_20260617.json,stock_predict_data_model_agent_10d_topgate_fusion_20260622_executable_10d_open_return_research,??formal L4 10D??????????????????/ST/??/???????????????????
20260204,20260205,SHSE.601668,601668.SH,中国建筑,4,0.9699908508691675,0.01702334619597678,6,0.194,D:/work/quant/quant_mcp/quant/main/config/prediction_manifests/executable_10d_open_return_l4_formal_20260617.json,stock_predict_data_model_agent_10d_topgate_fusion_20260622_executable_10d_open_return_research,??formal L4 10D??????????????????/ST/??/???????????????????
20260204,20260205,SHSE.601166,601166.SH,兴业银行,5,0.9696248856358646,0.02236235708160272,6,0.194,D:/work/quant/quant_mcp/quant/main/config/prediction_manifests/executable_10d_open_return_l4_formal_20260617.json,stock_predict_data_model_agent_10d_topgate_fusion_20260622_executable_10d_open_return_research,??formal L4 10D??????????????????/ST/??/???????????????????
20260205,20260206,SZSE.002032,002032.SZ,苏泊尔,1,1.0083089311859443,0.015654458682167385,6,0.206,D:/work/quant/quant_mcp/quant/main/config/prediction_manifests/executable_10d_open_return_l4_formal_20260617.json,stock_predict_data_model_agent_10d_topgate_fusion_20260622_executable_10d_open_return_research,??formal L4 10D??????????????????/ST/??/???????????????????
20260205,20260206,SHSE.601328,601328.SH,交通银行,2,1.0075366032210835,0.017529586190809004,6,0.206,D:/work/quant/quant_mcp/quant/main/config/prediction_manifests/executable_10d_open_return_l4_formal_20260617.json,stock_predict_data_model_agent_10d_topgate_fusion_20260622_executable_10d_open_return_research,??formal L4 10D??????????????????/ST/??/???????????????????
20260205,20260206,SHSE.601816,601816.SH,京沪高铁,3,0.9972547584187409,0.016933869377016256,6,0.2,D:/work/quant/quant_mcp/quant/main/config/prediction_manifests/executable_10d_open_return_l4_formal_20260617.json,stock_predict_data_model_agent_10d_topgate_fusion_20260622_executable_10d_open_return_research,??formal L4 10D??????????????????/ST/??/???????????????????
20260205,20260206,SHSE.688278,688278.SH,特宝生物,4,0.9965226939970717,0.03552387495722695,6,0.194,D:/work/quant/quant_mcp/quant/main/config/prediction_manifests/executable_10d_open_return_l4_formal_20260617.json,stock_predict_data_model_agent_10d_topgate_fusion_20260622_executable_10d_open_return_research,??formal L4 10D??????????????????/ST/??/???????????????????
20260205,20260206,SHSE.600958,600958.SH,东方证券,5,0.9915812591508053,0.02074468052230786,6,0.194,D:/work/quant/quant_mcp/quant/main/config/prediction_manifests/executable_10d_open_return_l4_formal_20260617.json,stock_predict_data_model_agent_10d_topgate_fusion_20260622_executable_10d_open_return_research,??formal L4 10D??????????????????/ST/??/???????????????????
20260206,20260209,SHSE.603129,603129.SH,春风动力,1,0.9937774524158126,0.04602465531077744,6,0.206,D:/work/quant/quant_mcp/quant/main/config/prediction_manifests/executable_10d_open_return_l4_formal_20260617.json,stock_predict_data_model_agent_10d_topgate_fusion_20260622_executable_10d_open_return_research,??formal L4 10D??????????????????/ST/??/???????????????????
20260206,20260209,SHSE.601601,601601.SH,中国太保,2,0.9906661786237189,0.03723498894210001,6,0.206,D:/work/quant/quant_mcp/quant/main/config/prediction_manifests/executable_10d_open_return_l4_formal_20260617.json,stock_predict_data_model_agent_10d_topgate_fusion_20260622_executable_10d_open_return_research,??formal L4 10D??????????????????/ST/??/???????????????????
20260206,20260209,SHSE.600958,600958.SH,东方证券,3,0.9901171303074671,0.020821255446533807,6,0.2,D:/work/quant/quant_mcp/quant/main/config/prediction_manifests/executable_10d_open_return_l4_formal_20260617.json,stock_predict_data_model_agent_10d_topgate_fusion_20260622_executable_10d_open_return_research,??formal L4 10D??????????????????/ST/??/???????????????????
20260206,20260209,SHSE.600153,600153.SH,建发股份,4,0.9694363103953147,0.025525286582037468,6,0.194,D:/work/quant/quant_mcp/quant/main/config/prediction_manifests/executable_10d_open_return_l4_formal_20260617.json,stock_predict_data_model_agent_10d_topgate_fusion_20260622_executable_10d_open_return_research,??formal L4 10D??????????????????/ST/??/???????????????????
20260206,20260209,SHSE.601816,601816.SH,京沪高铁,5,0.9683382137628112,0.017203221328747437,6,0.194,D:/work/quant/quant_mcp/quant/main/config/prediction_manifests/executable_10d_open_return_l4_formal_20260617.json,stock_predict_data_model_agent_10d_topgate_fusion_20260622_executable_10d_open_return_research,??formal L4 10D??????????????????/ST/??/???????????????????
20260209,20260210,SHSE.600157,600157.SH,永泰能源,1,0.9957898590518031,0.028963415499247712,6,0.206,D:/work/quant/quant_mcp/quant/main/config/prediction_manifests/executable_10d_open_return_l4_formal_20260617.json,stock_predict_data_model_agent_10d_topgate_fusion_20260622_executable_10d_open_return_research,??formal L4 10D??????????????????/ST/??/???????????????????
20260209,20260210,SZSE.002683,002683.SZ,广东宏大,2,0.9902983708585027,0.05153865826535393,6,0.206,D:/work/quant/quant_mcp/quant/main/config/prediction_manifests/executable_10d_open_return_l4_formal_20260617.json,stock_predict_data_model_agent_10d_topgate_fusion_20260622_executable_10d_open_return_research,??formal L4 10D??????????????????/ST/??/???????????????????
20260210,20260211,SHSE.600820,600820.SH,隧道股份,1,0.9974396488661302,0.016666667475450078,6,0.206,D:/work/quant/quant_mcp/quant/main/config/prediction_manifests/executable_10d_open_return_l4_formal_20260617.json,stock_predict_data_model_agent_10d_topgate_fusion_20260622_executable_10d_open_return_research,??formal L4 10D??????????????????/ST/??/???????????????????
20260210,20260211,SHSE.601162,601162.SH,天风证券,2,0.9963423555230432,0.01814903770200491,6,0.206,D:/work/quant/quant_mcp/quant/main/config/prediction_manifests/executable_10d_open_return_l4_formal_20260617.json,stock_predict_data_model_agent_10d_topgate_fusion_20260622_executable_10d_open_return_research,??formal L4 10D??????????????????/ST/??/???????????????????
20260210,20260211,SHSE.601880,601880.SH,辽港股份,3,0.9961594732991953,0.022560976801065256,6,0.2,D:/work/quant/quant_mcp/quant/main/config/prediction_manifests/executable_10d_open_return_l4_formal_20260617.json,stock_predict_data_model_agent_10d_topgate_fusion_20260622_executable_10d_open_return_research,??formal L4 10D??????????????????/ST/??/???????????????????
20260210,20260211,SHSE.600023,600023.SH,浙能电力,4,0.9956108266276518,0.01348088619618971,6,0.194,D:/work/quant/quant_mcp/quant/main/config/prediction_manifests/executable_10d_open_return_l4_formal_20260617.json,stock_predict_data_model_agent_10d_topgate_fusion_20260622_executable_10d_open_return_research,??formal L4 10D??????????????????/ST/??/???????????????????
20260210,20260211,SHSE.601668,601668.SH,中国建筑,5,0.9674469641550841,0.018011810854971243,6,0.194,D:/work/quant/quant_mcp/quant/main/config/prediction_manifests/executable_10d_open_return_l4_formal_20260617.json,stock_predict_data_model_agent_10d_topgate_fusion_20260622_executable_10d_open_return_research,??formal L4 10D??????????????????/ST/??/???????????????????
20260211,20260212,SHSE.600820,600820.SH,隧道股份,1,0.9956100237790378,0.01618976027041044,6,0.206,D:/work/quant/quant_mcp/quant/main/config/prediction_manifests/executable_10d_open_return_l4_formal_20260617.json,stock_predict_data_model_agent_10d_topgate_fusion_20260622_executable_10d_open_return_research,??formal L4 10D??????????????????/ST/??/???????????????????
20260211,20260212,SHSE.600157,600157.SH,永泰能源,2,0.9943296140479239,0.027743903052503942,6,0.206,D:/work/quant/quant_mcp/quant/main/config/prediction_manifests/executable_10d_open_return_l4_formal_20260617.json,stock_predict_data_model_agent_10d_topgate_fusion_20260622_executable_10d_open_return_research,??formal L4 10D??????????????????/ST/??/???????????????????
20260211,20260212,SHSE.600930,600930.SH,华电新能,3,0.9941466983720505,0.010001688722522899,6,0.2,D:/work/quant/quant_mcp/quant/main/config/prediction_manifests/executable_10d_open_return_l4_formal_20260617.json,stock_predict_data_model_agent_10d_topgate_fusion_20260622_executable_10d_open_return_research,??formal L4 10D??????????????????/ST/??/???????????????????
20260211,20260212,SHSE.600023,600023.SH,浙能电力,4,0.9934150356685568,0.012349397865323674,6,0.194,D:/work/quant/quant_mcp/quant/main/config/prediction_manifests/executable_10d_open_return_l4_formal_20260617.json,stock_predict_data_model_agent_10d_topgate_fusion_20260622_executable_10d_open_return_research,??formal L4 10D??????????????????/ST/??/???????????????????
20260211,20260212,SHSE.600036,600036.SH,招商银行,5,0.9925004572891897,0.017105836844511564,6,0.194,D:/work/quant/quant_mcp/quant/main/config/prediction_manifests/executable_10d_open_return_l4_formal_20260617.json,stock_predict_data_model_agent_10d_topgate_fusion_20260622_executable_10d_open_return_research,??formal L4 10D??????????????????/ST/??/???????????????????
20260212,20260213,SHSE.600820,600820.SH,隧道股份,1,1.0076484560570071,0.016210045842506293,6,0.206,D:/work/quant/quant_mcp/quant/main/config/prediction_manifests/executable_10d_open_return_l4_formal_20260617.json,stock_predict_data_model_agent_10d_topgate_fusion_20260622_executable_10d_open_return_research,??formal L4 10D??????????????????/ST/??/???????????????????
20260212,20260213,SHSE.600023,600023.SH,浙能电力,2,0.9932395395578294,0.01237524871449377,6,0.206,D:/work/quant/quant_mcp/quant/main/config/prediction_manifests/executable_10d_open_return_l4_formal_20260617.json,stock_predict_data_model_agent_10d_topgate_fusion_20260622_executable_10d_open_return_research,??formal L4 10D??????????????????/ST/??/???????????????????
20260212,20260213,SHSE.600036,600036.SH,招商银行,3,0.9926913941165723,0.017645550339928154,6,0.2,D:/work/quant/quant_mcp/quant/main/config/prediction_manifests/executable_10d_open_return_l4_formal_20260617.json,stock_predict_data_model_agent_10d_topgate_fusion_20260622_executable_10d_open_return_research,??formal L4 10D??????????????????/ST/??/???????????????????
20260212,20260213,SHSE.688301,688301.SH,奕瑞科技,4,0.9904988123515439,0.06550841629385826,6,0.194,D:/work/quant/quant_mcp/quant/main/config/prediction_manifests/executable_10d_open_return_l4_formal_20260617.json,stock_predict_data_model_agent_10d_topgate_fusion_20260622_executable_10d_open_return_research,??formal L4 10D??????????????????/ST/??/???????????????????
20260212,20260213,SZSE.300832,300832.SZ,新产业,5,0.9872099397040015,0.02246186463574569,6,0.194,D:/work/quant/quant_mcp/quant/main/config/prediction_manifests/executable_10d_open_return_l4_formal_20260617.json,stock_predict_data_model_agent_10d_topgate_fusion_20260622_executable_10d_open_return_research,??formal L4 10D??????????????????/ST/??/???????????????????
20260213,20260224,SHSE.600030,600030.SH,中信证券,1,0.9967099250594041,0.014864144904604791,6,0.206,D:/work/quant/quant_mcp/quant/main/config/prediction_manifests/executable_10d_open_return_l4_formal_20260617.json,stock_predict_data_model_agent_10d_topgate_fusion_20260622_executable_10d_open_return_research,??formal L4 10D??????????????????/ST/??/???????????????????
20260213,20260224,SHSE.600036,600036.SH,招商银行,2,0.9937854140010967,0.017269440341482728,6,0.206,D:/work/quant/quant_mcp/quant/main/config/prediction_manifests/executable_10d_open_return_l4_formal_20260617.json,stock_predict_data_model_agent_10d_topgate_fusion_20260622_executable_10d_open_return_research,??formal L4 10D??????????????????/ST/??/???????????????????
20260213,20260224,SHSE.601088,601088.SH,中国神华,3,0.9884847377079145,0.029746683803041296,6,0.2,D:/work/quant/quant_mcp/quant/main/config/prediction_manifests/executable_10d_open_return_l4_formal_20260617.json,stock_predict_data_model_agent_10d_topgate_fusion_20260622_executable_10d_open_return_research,??formal L4 10D??????????????????/ST/??/???????????????????
20260213,20260224,SHSE.601058,601058.SH,赛轮轮胎,4,0.9883019557667703,0.03440326756679199,6,0.194,D:/work/quant/quant_mcp/quant/main/config/prediction_manifests/executable_10d_open_return_l4_formal_20260617.json,stock_predict_data_model_agent_10d_topgate_fusion_20260622_executable_10d_open_return_research,??formal L4 10D??????????????????/ST/??/???????????????????
20260213,20260224,SHSE.601059,601059.SH,信达证券,5,0.9616157923597148,0.00801913336722592,6,0.194,D:/work/quant/quant_mcp/quant/main/config/prediction_manifests/executable_10d_open_return_l4_formal_20260617.json,stock_predict_data_model_agent_10d_topgate_fusion_20260622_executable_10d_open_return_research,??formal L4 10D??????????????????/ST/??/???????????????????
20260224,20260225,SHSE.600030,600030.SH,中信证券,1,1.0070431286549708,0.014516678147772891,6,0.206,D:/work/quant/quant_mcp/quant/main/config/prediction_manifests/executable_10d_open_return_l4_formal_20260617.json,stock_predict_data_model_agent_10d_topgate_fusion_20260622_executable_10d_open_return_research,??formal L4 10D??????????????????/ST/??/???????????????????
20260224,20260225,SHSE.600905,600905.SH,三峡能源,2,0.9965277777777778,0.008557456940679229,6,0.206,D:/work/quant/quant_mcp/quant/main/config/prediction_manifests/executable_10d_open_return_l4_formal_20260617.json,stock_predict_data_model_agent_10d_topgate_fusion_20260622_executable_10d_open_return_research,??formal L4 10D??????????????????/ST/??/???????????????????
20260224,20260225,SZSE.002958,002958.SZ,青农商行,3,0.9961622807017544,0.018210861842837826,6,0.2,D:/work/quant/quant_mcp/quant/main/config/prediction_manifests/executable_10d_open_return_l4_formal_20260617.json,stock_predict_data_model_agent_10d_topgate_fusion_20260622_executable_10d_open_return_research,??formal L4 10D??????????????????/ST/??/???????????????????
20260224,20260225,SHSE.601916,601916.SH,浙商银行,4,0.9959795321637427,0.011616161406940703,6,0.194,D:/work/quant/quant_mcp/quant/main/config/prediction_manifests/executable_10d_open_return_l4_formal_20260617.json,stock_predict_data_model_agent_10d_topgate_fusion_20260622_executable_10d_open_return_research,??formal L4 10D??????????????????/ST/??/???????????????????
20260224,20260225,SHSE.600919,600919.SH,江苏银行,5,0.9948830409356725,0.01865310147939868,6,0.194,D:/work/quant/quant_mcp/quant/main/config/prediction_manifests/executable_10d_open_return_l4_formal_20260617.json,stock_predict_data_model_agent_10d_topgate_fusion_20260622_executable_10d_open_return_research,??formal L4 10D??????????????????/ST/??/???????????????????
20260225,20260226,SHSE.600030,600030.SH,中信证券,1,0.9972572682391662,0.014536785227062655,6,0.206,D:/work/quant/quant_mcp/quant/main/config/prediction_manifests/executable_10d_open_return_l4_formal_20260617.json,stock_predict_data_model_agent_10d_topgate_fusion_20260622_executable_10d_open_return_research,??formal L4 10D??????????????????/ST/??/???????????????????
20260225,20260226,SHSE.600919,600919.SH,江苏银行,2,0.9948802340464435,0.01851851848325268,6,0.206,D:/work/quant/quant_mcp/quant/main/config/prediction_manifests/executable_10d_open_return_l4_formal_20260617.json,stock_predict_data_model_agent_10d_topgate_fusion_20260622_executable_10d_open_return_research,??formal L4 10D??????????????????/ST/??/???????????????????
20260225,20260226,SHSE.600036,600036.SH,招商银行,3,0.9945145364783324,0.01735430667743233,6,0.2,D:/work/quant/quant_mcp/quant/main/config/prediction_manifests/executable_10d_open_return_l4_formal_20260617.json,stock_predict_data_model_agent_10d_topgate_fusion_20260622_executable_10d_open_return_research,??formal L4 10D??????????????????/ST/??/???????????????????
20260225,20260226,SZSE.002203,002203.SZ,海亮股份,4,0.9921375022856098,0.0475534110220054,6,0.194,D:/work/quant/quant_mcp/quant/main/config/prediction_manifests/executable_10d_open_return_l4_formal_20260617.json,stock_predict_data_model_agent_10d_topgate_fusion_20260622_executable_10d_open_return_research,??formal L4 10D??????????????????/ST/??/???????????????????
20260225,20260226,SHSE.601818,601818.SH,光大银行,5,0.9674529164381057,0.017734567299710808,6,0.194,D:/work/quant/quant_mcp/quant/main/config/prediction_manifests/executable_10d_open_return_l4_formal_20260617.json,stock_predict_data_model_agent_10d_topgate_fusion_20260622_executable_10d_open_return_research,??formal L4 10D??????????????????/ST/??/???????????????????
20260226,20260227,SHSE.601598,601598.SH,中国外运,1,0.9956116291826659,0.024023768040723124,6,0.206,D:/work/quant/quant_mcp/quant/main/config/prediction_manifests/executable_10d_open_return_l4_formal_20260617.json,stock_predict_data_model_agent_10d_topgate_fusion_20260622_executable_10d_open_return_research,??formal L4 10D??????????????????/ST/??/???????????????????
20260226,20260227,SZSE.001213,001213.SZ,中铁特货,2,0.9875662826842202,0.01638756047548618,6,0.206,D:/work/quant/quant_mcp/quant/main/config/prediction_manifests/executable_10d_open_return_l4_formal_20260617.json,stock_predict_data_model_agent_10d_topgate_fusion_20260622_executable_10d_open_return_research,??formal L4 10D??????????????????/ST/??/???????????????????
20260226,20260227,SHSE.600030,600030.SH,中信证券,3,0.9870177363320534,0.014975506583321913,6,0.2,D:/work/quant/quant_mcp/quant/main/config/prediction_manifests/executable_10d_open_return_l4_formal_20260617.json,stock_predict_data_model_agent_10d_topgate_fusion_20260622_executable_10d_open_return_research,??formal L4 10D??????????????????/ST/??/???????????????????
20260226,20260227,SHSE.600905,600905.SH,三峡能源,4,0.9864691899798866,0.008048780641557703,6,0.194,D:/work/quant/quant_mcp/quant/main/config/prediction_manifests/executable_10d_open_return_l4_formal_20260617.json,stock_predict_data_model_agent_10d_topgate_fusion_20260622_executable_10d_open_return_research,??formal L4 10D??????????????????/ST/??/???????????????????
20260226,20260227,SZSE.002465,002465.SZ,海格通信,5,0.9853720972755531,0.048745514056745896,6,0.194,D:/work/quant/quant_mcp/quant/main/config/prediction_manifests/executable_10d_open_return_l4_formal_20260617.json,stock_predict_data_model_agent_10d_topgate_fusion_20260622_executable_10d_open_return_research,??formal L4 10D??????????????????/ST/??/???????????????????
20260227,20260302,SHSE.601598,601598.SH,中国外运,1,0.9970744194551107,0.02315436076611249,6,0.206,D:/work/quant/quant_mcp/quant/main/config/prediction_manifests/executable_10d_open_return_l4_formal_20260617.json,stock_predict_data_model_agent_10d_topgate_fusion_20260622_executable_10d_open_return_research,??formal L4 10D??????????????????/ST/??/???????????????????
20260227,20260302,SZSE.001213,001213.SZ,中铁特货,2,0.9910404095812763,0.01591449019444079,6,0.206,D:/work/quant/quant_mcp/quant/main/config/prediction_manifests/executable_10d_open_return_l4_formal_20260617.json,stock_predict_data_model_agent_10d_topgate_fusion_20260622_executable_10d_open_return_research,??formal L4 10D??????????????????/ST/??/???????????????????
20260227,20260302,SHSE.601668,601668.SH,中国建筑,3,0.9897604680928872,0.017162697582910277,6,0.2,D:/work/quant/quant_mcp/quant/main/config/prediction_manifests/executable_10d_open_return_l4_formal_20260617.json,stock_predict_data_model_agent_10d_topgate_fusion_20260622_executable_10d_open_return_research,??formal L4 10D??????????????????/ST/??/???????????????????
20260227,20260302,SHSE.600642,600642.SH,申能股份,4,0.9881148290363869,0.015186915175500066,6,0.194,D:/work/quant/quant_mcp/quant/main/config/prediction_manifests/executable_10d_open_return_l4_formal_20260617.json,stock_predict_data_model_agent_10d_topgate_fusion_20260622_executable_10d_open_return_research,??formal L4 10D??????????????????/ST/??/???????????????????
20260227,20260302,SHSE.600016,600016.SH,民生银行,5,0.9877491314682757,0.01597938013409337,6,0.194,D:/work/quant/quant_mcp/quant/main/config/prediction_manifests/executable_10d_open_return_l4_formal_20260617.json,stock_predict_data_model_agent_10d_topgate_fusion_20260622_executable_10d_open_return_research,??formal L4 10D??????????????????/ST/??/???????????????????
20260302,20260303,SHSE.601668,601668.SH,中国建筑,1,0.9968910021945867,0.01746031723138193,6,0.206,D:/work/quant/quant_mcp/quant/main/config/prediction_manifests/executable_10d_open_return_l4_formal_20260617.json,stock_predict_data_model_agent_10d_topgate_fusion_20260622_executable_10d_open_return_research,??formal L4 10D??????????????????/ST/??/???????????????????
20260302,20260303,SHSE.600919,600919.SH,江苏银行,2,0.9932333577176299,0.018247128353818073,6,0.206,D:/work/quant/quant_mcp/quant/main/config/prediction_manifests/executable_10d_open_return_l4_formal_20260617.json,stock_predict_data_model_agent_10d_topgate_fusion_20260622_executable_10d_open_return_research,??formal L4 10D??????????????????/ST/??/???????????????????
20260302,20260303,SHSE.600926,600926.SH,杭州银行,3,0.993050475493782,0.020717262063759102,6,0.2,D:/work/quant/quant_mcp/quant/main/config/prediction_manifests/executable_10d_open_return_l4_formal_20260617.json,stock_predict_data_model_agent_10d_topgate_fusion_20260622_executable_10d_open_return_research,??formal L4 10D??????????????????/ST/??/???????????????????
20260302,20260303,SZSE.000895,000895.SZ,双汇发展,4,0.9928675932699341,0.014204534295524724,6,0.194,D:/work/quant/quant_mcp/quant/main/config/prediction_manifests/executable_10d_open_return_l4_formal_20260617.json,stock_predict_data_model_agent_10d_topgate_fusion_20260622_executable_10d_open_return_research,??formal L4 10D??????????????????/ST/??/???????????????????
20260302,20260303,SHSE.601021,601021.SH,春秋航空,5,0.9886613021214338,0.02920462936310923,6,0.194,D:/work/quant/quant_mcp/quant/main/config/prediction_manifests/executable_10d_open_return_l4_formal_20260617.json,stock_predict_data_model_agent_10d_topgate_fusion_20260622_executable_10d_open_return_research,??formal L4 10D??????????????????/ST/??/???????????????????
20260303,20260304,SHSE.601668,601668.SH,中国建筑,1,1.0075319926873858,0.01765873033036303,6,0.206,D:/work/quant/quant_mcp/quant/main/config/prediction_manifests/executable_10d_open_return_l4_formal_20260617.json,stock_predict_data_model_agent_10d_topgate_fusion_20260622_executable_10d_open_return_research,??formal L4 10D??????????????????/ST/??/???????????????????
20260303,20260304,SHSE.601456,601456.SH,国联民生,2,0.9970749542961609,0.01381100740594977,6,0.206,D:/work/quant/quant_mcp/quant/main/config/prediction_manifests/executable_10d_open_return_l4_formal_20260617.json,stock_predict_data_model_agent_10d_topgate_fusion_20260622_executable_10d_open_return_research,??formal L4 10D??????????????????/ST/??/???????????????????
20260303,20260304,SHSE.600919,600919.SH,江苏银行,3,0.993418647166362,0.018385864055908707,6,0.2,D:/work/quant/quant_mcp/quant/main/config/prediction_manifests/executable_10d_open_return_l4_formal_20260617.json,stock_predict_data_model_agent_10d_topgate_fusion_20260622_executable_10d_open_return_research,??formal L4 10D??????????????????/ST/??/???????????????????
20260303,20260304,SHSE.688772,688772.SH,珠海冠宇,4,0.9926873857404022,0.0359961890443536,6,0.194,D:/work/quant/quant_mcp/quant/main/config/prediction_manifests/executable_10d_open_return_l4_formal_20260617.json,stock_predict_data_model_agent_10d_topgate_fusion_20260622_executable_10d_open_return_research,??formal L4 10D??????????????????/ST/??/???????????????????
20260303,20260304,SHSE.688819,688819.SH,天能股份,5,0.9844606946983546,0.029644007519026093,6,0.194,D:/work/quant/quant_mcp/quant/main/config/prediction_manifests/executable_10d_open_return_l4_formal_20260617.json,stock_predict_data_model_agent_10d_topgate_fusion_20260622_executable_10d_open_return_research,??formal L4 10D??????????????????/ST/??/???????????????????
20260304,20260305,SHSE.601111,601111.SH,中国国航,1,1.0090131578947368,0.039537869700899175,6,0.206,D:/work/quant/quant_mcp/quant/main/config/prediction_manifests/executable_10d_open_return_l4_formal_20260617.json,stock_predict_data_model_agent_10d_topgate_fusion_20260622_executable_10d_open_return_research,??formal L4 10D??????????????????/ST/??/???????????????????
20260304,20260305,SZSE.300760,300760.SZ,迈瑞医疗,2,1.0079312865497077,0.018409651380201994,6,0.206,D:/work/quant/quant_mcp/quant/main/config/prediction_manifests/executable_10d_open_return_l4_formal_20260617.json,stock_predict_data_model_agent_10d_topgate_fusion_20260622_executable_10d_open_return_research,??formal L4 10D??????????????????/ST/??/???????????????????
20260304,20260305,SZSE.000728,000728.SZ,国元证券,3,0.9968932748538012,0.01829733061913218,6,0.2,D:/work/quant/quant_mcp/quant/main/config/prediction_manifests/executable_10d_open_return_l4_formal_20260617.json,stock_predict_data_model_agent_10d_topgate_fusion_20260622_executable_10d_open_return_research,??formal L4 10D??????????????????/ST/??/???????????????????
20260304,20260305,SHSE.688114,688114.SH,华大智造,4,0.9961622807017544,0.04417746625587515,6,0.194,D:/work/quant/quant_mcp/quant/main/config/prediction_manifests/executable_10d_open_return_l4_formal_20260617.json,stock_predict_data_model_agent_10d_topgate_fusion_20260622_executable_10d_open_return_research,??formal L4 10D??????????????????/ST/??/???????????????????
20260304,20260305,SHSE.601601,601601.SH,中国太保,5,0.9950657894736842,0.034221363694261264,6,0.194,D:/work/quant/quant_mcp/quant/main/config/prediction_manifests/executable_10d_open_return_l4_formal_20260617.json,stock_predict_data_model_agent_10d_topgate_fusion_20260622_executable_10d_open_return_research,??formal L4 10D??????????????????/ST/??/???????????????????
20260305,20260306,SZSE.002508,002508.SZ,老板电器,1,1.0091176470588237,0.031209420405634465,6,0.206,D:/work/quant/quant_mcp/quant/main/config/prediction_manifests/executable_10d_open_return_l4_formal_20260617.json,stock_predict_data_model_agent_10d_topgate_fusion_20260622_executable_10d_open_return_research,??formal L4 10D??????????????????/ST/??/???????????????????
20260305,20260306,SHSE.688615,688615.SH,合合信息,2,0.9936061381074168,0.059385598901996496,6,0.206,D:/work/quant/quant_mcp/quant/main/config/prediction_manifests/executable_10d_open_return_l4_formal_20260617.json,stock_predict_data_model_agent_10d_topgate_fusion_20260622_executable_10d_open_return_research,??formal L4 10D??????????????????/ST/??/???????????????????
20260305,20260306,SHSE.600606,600606.SH,绿地控股,3,0.9923273657289002,0.03364197415067058,6,0.2,D:/work/quant/quant_mcp/quant/main/config/prediction_manifests/executable_10d_open_return_l4_formal_20260617.json,stock_predict_data_model_agent_10d_topgate_fusion_20260622_executable_10d_open_return_research,??formal L4 10D??????????????????/ST/??/???????????????????
20260305,20260306,SHSE.688772,688772.SH,珠海冠宇,4,0.9866642309097552,0.03517164624852301,6,0.194,D:/work/quant/quant_mcp/quant/main/config/prediction_manifests/executable_10d_open_return_l4_formal_20260617.json,stock_predict_data_model_agent_10d_topgate_fusion_20260622_executable_10d_open_return_research,??formal L4 10D??????????????????/ST/??/???????????????????
20260305,20260306,SZSE.000895,000895.SZ,双汇发展,5,0.984106686152722,0.014205154808625105,6,0.194,D:/work/quant/quant_mcp/quant/main/config/prediction_manifests/executable_10d_open_return_l4_formal_20260617.json,stock_predict_data_model_agent_10d_topgate_fusion_20260622_executable_10d_open_return_research,??formal L4 10D??????????????????/ST/??/???????????????????
20260306,20260309,SHSE.688615,688615.SH,合合信息,1,0.9956164383561644,0.05342090596507063,6,0.206,D:/work/quant/quant_mcp/quant/main/config/prediction_manifests/executable_10d_open_return_l4_formal_20260617.json,stock_predict_data_model_agent_10d_topgate_fusion_20260622_executable_10d_open_return_research,??formal L4 10D??????????????????/ST/??/???????????????????
20260306,20260309,SZSE.002008,002008.SZ,大族激光,2,0.9910502283105023,0.051538676303008596,6,0.206,D:/work/quant/quant_mcp/quant/main/config/prediction_manifests/executable_10d_open_return_l4_formal_20260617.json,stock_predict_data_model_agent_10d_topgate_fusion_20260622_executable_10d_open_return_research,??formal L4 10D??????????????????/ST/??/???????????????????
20260306,20260309,SHSE.601888,601888.SH,中国中免,3,0.9892237442922375,0.042893496494198505,6,0.2,D:/work/quant/quant_mcp/quant/main/config/prediction_manifests/executable_10d_open_return_l4_formal_20260617.json,stock_predict_data_model_agent_10d_topgate_fusion_20260622_executable_10d_open_return_research,??formal L4 10D??????????????????/ST/??/???????????????????
20260306,20260309,SHSE.688506,688506.SH,百利天恒,4,0.9828310502283105,0.05039264892932294,6,0.194,D:/work/quant/quant_mcp/quant/main/config/prediction_manifests/executable_10d_open_return_l4_formal_20260617.json,stock_predict_data_model_agent_10d_topgate_fusion_20260622_executable_10d_open_return_research,??formal L4 10D??????????????????/ST/??/???????????????????
20260306,20260309,SHSE.688772,688772.SH,珠海冠宇,5,0.9819178082191781,0.03411522104350292,6,0.194,D:/work/quant/quant_mcp/quant/main/config/prediction_manifests/executable_10d_open_return_l4_formal_20260617.json,stock_predict_data_model_agent_10d_topgate_fusion_20260622_executable_10d_open_return_research,??formal L4 10D??????????????????/ST/??/???????????????????
20260309,20260310,SHSE.688819,688819.SH,天能股份,1,1.0092297864573827,0.02826289495764122,6,0.206,D:/work/quant/quant_mcp/quant/main/config/prediction_manifests/executable_10d_open_return_l4_formal_20260617.json,stock_predict_data_model_agent_10d_topgate_fusion_20260622_executable_10d_open_return_research,??formal L4 10D??????????????????/ST/??/???????????????????
20260309,20260310,SHSE.601021,601021.SH,春秋航空,2,1.009226136156233,0.03642857031447368,6,0.206,D:/work/quant/quant_mcp/quant/main/config/prediction_manifests/executable_10d_open_return_l4_formal_20260617.json,stock_predict_data_model_agent_10d_topgate_fusion_20260622_executable_10d_open_return_research,??formal L4 10D??????????????????/ST/??/???????????????????
20260309,20260310,SHSE.688615,688615.SH,合合信息,3,0.9926993977003102,0.05176011550264705,6,0.2,D:/work/quant/quant_mcp/quant/main/config/prediction_manifests/executable_10d_open_return_l4_formal_20260617.json,stock_predict_data_model_agent_10d_topgate_fusion_20260622_executable_10d_open_return_research,??formal L4 10D??????????????????/ST/??/???????????????????
20260309,20260310,SHSE.601888,601888.SH,中国中免,4,0.9866764008030663,0.04313581832142372,6,0.194,D:/work/quant/quant_mcp/quant/main/config/prediction_manifests/executable_10d_open_return_l4_formal_20260617.json,stock_predict_data_model_agent_10d_topgate_fusion_20260622_executable_10d_open_return_research,??formal L4 10D??????????????????/ST/??/???????????????????
20260309,20260310,SHSE.688772,688772.SH,珠海冠宇,5,0.9819310093082679,0.034049342942150465,6,0.194,D:/work/quant/quant_mcp/quant/main/config/prediction_manifests/executable_10d_open_return_l4_formal_20260617.json,stock_predict_data_model_agent_10d_topgate_fusion_20260622_executable_10d_open_return_research,??formal L4 10D??????????????????/ST/??/???????????????????
20260310,20260311,SHSE.688819,688819.SH,天能股份,1,1.0094924228592295,0.027078150599825674,6,0.206,D:/work/quant/quant_mcp/quant/main/config/prediction_manifests/executable_10d_open_return_l4_formal_20260617.json,stock_predict_data_model_agent_10d_topgate_fusion_20260622_executable_10d_open_return_research,??formal L4 10D??????????????????/ST/??/???????????????????
20260310,20260311,SHSE.601021,601021.SH,春秋航空,2,1.0092824538981195,0.03573325147225508,6,0.206,D:/work/quant/quant_mcp/quant/main/config/prediction_manifests/executable_10d_open_return_l4_formal_20260617.json,stock_predict_data_model_agent_10d_topgate_fusion_20260622_executable_10d_open_return_research,??formal L4 10D??????????????????/ST/??/???????????????????
20260310,20260311,SHSE.601888,601888.SH,中国中免,3,0.9883147708599598,0.04159150800843619,6,0.2,D:/work/quant/quant_mcp/quant/main/config/prediction_manifests/executable_10d_open_return_l4_formal_20260617.json,stock_predict_data_model_agent_10d_topgate_fusion_20260622_executable_10d_open_return_research,??formal L4 10D??????????????????/ST/??/???????????????????
20260310,20260311,SHSE.688615,688615.SH,合合信息,4,0.985758626985576,0.04865438067051893,6,0.194,D:/work/quant/quant_mcp/quant/main/config/prediction_manifests/executable_10d_open_return_l4_formal_20260617.json,stock_predict_data_model_agent_10d_topgate_fusion_20260622_executable_10d_open_return_research,??formal L4 10D??????????????????/ST/??/???????????????????
20260310,20260311,SZSE.002064,002064.SZ,华峰化学,5,0.9841153916377579,0.053016618859771346,6,0.194,D:/work/quant/quant_mcp/quant/main/config/prediction_manifests/executable_10d_open_return_l4_formal_20260617.json,stock_predict_data_model_agent_10d_topgate_fusion_20260622_executable_10d_open_return_research,??formal L4 10D??????????????????/ST/??/???????????????????
20260311,20260312,SHSE.601021,601021.SH,春秋航空,1,1.0079379562043795,0.03569669578665364,6,0.206,D:/work/quant/quant_mcp/quant/main/config/prediction_manifests/executable_10d_open_return_l4_formal_20260617.json,stock_predict_data_model_agent_10d_topgate_fusion_20260622_executable_10d_open_return_research,??formal L4 10D??????????????????/ST/??/???????????????????
20260311,20260312,SHSE.688819,688819.SH,天能股份,2,1.0077828467153285,0.026818476323129073,6,0.206,D:/work/quant/quant_mcp/quant/main/config/prediction_manifests/executable_10d_open_return_l4_formal_20260617.json,stock_predict_data_model_agent_10d_topgate_fusion_20260622_executable_10d_open_return_research,??formal L4 10D??????????????????/ST/??/???????????????????
20260311,20260312,SZSE.002262,002262.SZ,恩华药业,3,0.997080291970803,0.018578432464465944,6,0.2,D:/work/quant/quant_mcp/quant/main/config/prediction_manifests/executable_10d_open_return_l4_formal_20260617.json,stock_predict_data_model_agent_10d_topgate_fusion_20260622_executable_10d_open_return_research,??formal L4 10D??????????????????/ST/??/???????????????????
20260312,20260313,SHSE.600029,600029.SH,南方航空,1,0.9945255474452555,0.04699366886115106,6,0.206,D:/work/quant/quant_mcp/quant/main/config/prediction_manifests/executable_10d_open_return_l4_formal_20260617.json,stock_predict_data_model_agent_10d_topgate_fusion_20260622_executable_10d_open_return_research,??formal L4 10D??????????????????/ST/??/???????????????????
20260312,20260313,SHSE.600115,600115.SH,中国东航,2,0.9943430656934307,0.05426439339840077,6,0.206,D:/work/quant/quant_mcp/quant/main/config/prediction_manifests/executable_10d_open_return_l4_formal_20260617.json,stock_predict_data_model_agent_10d_topgate_fusion_20260622_executable_10d_open_return_research,??formal L4 10D??????????????????/ST/??/???????????????????
20260312,20260313,SHSE.601888,601888.SH,中国中免,3,0.9925182481751825,0.0415988616207318,6,0.2,D:/work/quant/quant_mcp/quant/main/config/prediction_manifests/executable_10d_open_return_l4_formal_20260617.json,stock_predict_data_model_agent_10d_topgate_fusion_20260622_executable_10d_open_return_research,??formal L4 10D??????????????????/ST/??/???????????????????
20260312,20260313,SHSE.601021,601021.SH,春秋航空,4,0.9919708029197081,0.03311634452680344,6,0.194,D:/work/quant/quant_mcp/quant/main/config/prediction_manifests/executable_10d_open_return_l4_formal_20260617.json,stock_predict_data_model_agent_10d_topgate_fusion_20260622_executable_10d_open_return_research,??formal L4 10D??????????????????/ST/??/???????????????????
20260312,20260313,SHSE.688615,688615.SH,合合信息,5,0.9908759124087592,0.046319376706714516,6,0.194,D:/work/quant/quant_mcp/quant/main/config/prediction_manifests/executable_10d_open_return_l4_formal_20260617.json,stock_predict_data_model_agent_10d_topgate_fusion_20260622_executable_10d_open_return_research,??formal L4 10D??????????????????/ST/??/???????????????????
20260313,20260316,SHSE.688615,688615.SH,合合信息,1,0.9968972440226319,0.04539224737885732,6,0.206,D:/work/quant/quant_mcp/quant/main/config/prediction_manifests/executable_10d_open_return_l4_formal_20260617.json,stock_predict_data_model_agent_10d_topgate_fusion_20260622_executable_10d_open_return_research,??formal L4 10D??????????????????/ST/??/???????????????????
20260313,20260316,SHSE.600115,600115.SH,中国东航,2,0.993246942872787,0.0536170256788838,6,0.206,D:/work/quant/quant_mcp/quant/main/config/prediction_manifests/executable_10d_open_return_l4_formal_20260617.json,stock_predict_data_model_agent_10d_topgate_fusion_20260622_executable_10d_open_return_research,??formal L4 10D??????????????????/ST/??/???????????????????
20260313,20260316,SHSE.601888,601888.SH,中国中免,3,0.9928819127578025,0.0407763669985914,6,0.2,D:/work/quant/quant_mcp/quant/main/config/prediction_manifests/executable_10d_open_return_l4_formal_20260617.json,stock_predict_data_model_agent_10d_topgate_fusion_20260622_executable_10d_open_return_research,??formal L4 10D??????????????????/ST/??/???????????????????
20260313,20260316,SHSE.600029,600029.SH,南方航空,4,0.992516882642818,0.04658187896410384,6,0.194,D:/work/quant/quant_mcp/quant/main/config/prediction_manifests/executable_10d_open_return_l4_formal_20260617.json,stock_predict_data_model_agent_10d_topgate_fusion_20260622_executable_10d_open_return_research,??formal L4 10D??????????????????/ST/??/???????????????????
20260313,20260316,SHSE.601021,601021.SH,春秋航空,5,0.9739003467786093,0.032977175423380585,6,0.194,D:/work/quant/quant_mcp/quant/main/config/prediction_manifests/executable_10d_open_return_l4_formal_20260617.json,stock_predict_data_model_agent_10d_topgate_fusion_20260622_executable_10d_open_return_research,??formal L4 10D??????????????????/ST/??/???????????????????
20260316,20260317,SHSE.688615,688615.SH,合合信息,1,0.9968966776195692,0.04454111879822863,6,0.206,D:/work/quant/quant_mcp/quant/main/config/prediction_manifests/executable_10d_open_return_l4_formal_20260617.json,stock_predict_data_model_agent_10d_topgate_fusion_20260622_executable_10d_open_return_research,??formal L4 10D??????????????????/ST/??/???????????????????
20260316,20260317,SHSE.600115,600115.SH,中国东航,2,0.9936108068638189,0.05405983053310676,6,0.206,D:/work/quant/quant_mcp/quant/main/config/prediction_manifests/executable_10d_open_return_l4_formal_20260617.json,stock_predict_data_model_agent_10d_topgate_fusion_20260622_executable_10d_open_return_research,??formal L4 10D??????????????????/ST/??/???????????????????
20260316,20260317,SHSE.600029,600029.SH,南方航空,3,0.9926980649872216,0.047811991497477654,6,0.2,D:/work/quant/quant_mcp/quant/main/config/prediction_manifests/executable_10d_open_return_l4_formal_20260617.json,stock_predict_data_model_agent_10d_topgate_fusion_20260622_executable_10d_open_return_research,??formal L4 10D??????????????????/ST/??/???????????????????
20260316,20260317,SHSE.601888,601888.SH,中国中免,4,0.9925155166119022,0.03909804206004107,6,0.194,D:/work/quant/quant_mcp/quant/main/config/prediction_manifests/executable_10d_open_return_l4_formal_20260617.json,stock_predict_data_model_agent_10d_topgate_fusion_20260622_executable_10d_open_return_research,??formal L4 10D??????????????????/ST/??/???????????????????
20260316,20260317,SHSE.603979,603979.SH,金诚信,5,0.9874041621029573,0.049422017338330175,6,0.194,D:/work/quant/quant_mcp/quant/main/config/prediction_manifests/executable_10d_open_return_l4_formal_20260617.json,stock_predict_data_model_agent_10d_topgate_fusion_20260622_executable_10d_open_return_research,??formal L4 10D??????????????????/ST/??/???????????????????
20260317,20260318,SHSE.601880,601880.SH,辽港股份,1,0.9974433893352812,0.028693183867764815,6,0.206,D:/work/quant/quant_mcp/quant/main/config/prediction_manifests/executable_10d_open_return_l4_formal_20260617.json,stock_predict_data_model_agent_10d_topgate_fusion_20260622_executable_10d_open_return_research,??formal L4 10D??????????????????/ST/??/???????????????????
20260317,20260318,SHSE.601555,601555.SH,东吴证券,2,0.9950693937180424,0.028971960424174888,6,0.206,D:/work/quant/quant_mcp/quant/main/config/prediction_manifests/executable_10d_open_return_l4_formal_20260617.json,stock_predict_data_model_agent_10d_topgate_fusion_20260622_executable_10d_open_return_research,??formal L4 10D??????????????????/ST/??/???????????????????
20260317,20260318,SHSE.688615,688615.SH,合合信息,3,0.9928780131482834,0.04460269441363659,6,0.2,D:/work/quant/quant_mcp/quant/main/config/prediction_manifests/executable_10d_open_return_l4_formal_20260617.json,stock_predict_data_model_agent_10d_topgate_fusion_20260622_executable_10d_open_return_research,??formal L4 10D??????????????????/ST/??/???????????????????
20260317,20260318,SHSE.600115,600115.SH,中国东航,4,0.9892257121986852,0.053164561736818626,6,0.194,D:/work/quant/quant_mcp/quant/main/config/prediction_manifests/executable_10d_open_return_l4_formal_20260617.json,stock_predict_data_model_agent_10d_topgate_fusion_20260622_executable_10d_open_return_research,??formal L4 10D??????????????????/ST/??/???????????????????
20260317,20260318,SHSE.601888,601888.SH,中国中免,5,0.9890430971512053,0.03657597830586336,6,0.194,D:/work/quant/quant_mcp/quant/main/config/prediction_manifests/executable_10d_open_return_l4_formal_20260617.json,stock_predict_data_model_agent_10d_topgate_fusion_20260622_executable_10d_open_return_research,??formal L4 10D??????????????????/ST/??/???????????????????
20260318,20260319,SHSE.600115,600115.SH,中国东航,1,0.9910534964396568,0.05267094351928927,6,0.206,D:/work/quant/quant_mcp/quant/main/config/prediction_manifests/executable_10d_open_return_l4_formal_20260617.json,stock_predict_data_model_agent_10d_topgate_fusion_20260622_executable_10d_open_return_research,??formal L4 10D??????????????????/ST/??/???????????????????
20260318,20260319,SHSE.600029,600029.SH,南方航空,2,0.9905057513237173,0.046551721340338824,6,0.206,D:/work/quant/quant_mcp/quant/main/config/prediction_manifests/executable_10d_open_return_l4_formal_20260617.json,stock_predict_data_model_agent_10d_topgate_fusion_20260622_executable_10d_open_return_research,??formal L4 10D??????????????????/ST/??/???????????????????
20260318,20260319,SHSE.601888,601888.SH,中国中免,3,0.9901405879130911,0.03532550569654243,6,0.2,D:/work/quant/quant_mcp/quant/main/config/prediction_manifests/executable_10d_open_return_l4_formal_20260617.json,stock_predict_data_model_agent_10d_topgate_fusion_20260622_executable_10d_open_return_research,??formal L4 10D??????????????????/ST/??/???????????????????
20260318,20260319,SZSE.002739,002739.SZ,儒意电影,4,0.9883147708599598,0.03446553399086433,6,0.194,D:/work/quant/quant_mcp/quant/main/config/prediction_manifests/executable_10d_open_return_l4_formal_20260617.json,stock_predict_data_model_agent_10d_topgate_fusion_20260622_executable_10d_open_return_research,??formal L4 10D??????????????????/ST/??/???????????????????
20260318,20260319,SHSE.603979,603979.SH,金诚信,5,0.9877670257440204,0.05141003562644848,6,0.194,D:/work/quant/quant_mcp/quant/main/config/prediction_manifests/executable_10d_open_return_l4_formal_20260617.json,stock_predict_data_model_agent_10d_topgate_fusion_20260622_executable_10d_open_return_research,??formal L4 10D??????????????????/ST/??/???????????????????
20260319,20260320,SHSE.603786,603786.SH,科博达,1,1.008347635566916,0.03591440844602291,6,0.206,D:/work/quant/quant_mcp/quant/main/config/prediction_manifests/executable_10d_open_return_l4_formal_20260617.json,stock_predict_data_model_agent_10d_topgate_fusion_20260622_executable_10d_open_return_research,??formal L4 10D??????????????????/ST/??/???????????????????
20260319,20260320,SHSE.688615,688615.SH,合合信息,2,0.9936096403140405,0.045525511883511394,6,0.206,D:/work/quant/quant_mcp/quant/main/config/prediction_manifests/executable_10d_open_return_l4_formal_20260617.json,stock_predict_data_model_agent_10d_topgate_fusion_20260622_executable_10d_open_return_research,??formal L4 10D??????????????????/ST/??/???????????????????
20260319,20260320,SHSE.603979,603979.SH,金诚信,3,0.9912360781449698,0.05341013303265479,6,0.2,D:/work/quant/quant_mcp/quant/main/config/prediction_manifests/executable_10d_open_return_l4_formal_20260617.json,stock_predict_data_model_agent_10d_topgate_fusion_20260622_executable_10d_open_return_research,??formal L4 10D??????????????????/ST/??/???????????????????
20260319,20260320,SHSE.601888,601888.SH,中国中免,4,0.9905057513237173,0.03523979995824034,6,0.194,D:/work/quant/quant_mcp/quant/main/config/prediction_manifests/executable_10d_open_return_l4_formal_20260617.json,stock_predict_data_model_agent_10d_topgate_fusion_20260622_executable_10d_open_return_research,??formal L4 10D??????????????????/ST/??/???????????????????
20260319,20260320,SZSE.002739,002739.SZ,儒意电影,5,0.989958006207778,0.029519919232126733,6,0.194,D:/work/quant/quant_mcp/quant/main/config/prediction_manifests/executable_10d_open_return_l4_formal_20260617.json,stock_predict_data_model_agent_10d_topgate_fusion_20260622_executable_10d_open_return_research,??formal L4 10D??????????????????/ST/??/???????????????????
20260320,20260323,SZSE.300857,300857.SZ,协创数据,1,0.9925155166119022,0.0854572157157796,6,0.206,D:/work/quant/quant_mcp/quant/main/config/prediction_manifests/executable_10d_open_return_l4_formal_20260617.json,stock_predict_data_model_agent_10d_topgate_fusion_20260622_executable_10d_open_return_research,??formal L4 10D??????????????????/ST/??/???????????????????
20260320,20260323,SHSE.688615,688615.SH,合合信息,2,0.9919678714859438,0.047445369691748104,6,0.206,D:/work/quant/quant_mcp/quant/main/config/prediction_manifests/executable_10d_open_return_l4_formal_20260617.json,stock_predict_data_model_agent_10d_topgate_fusion_20260622_executable_10d_open_return_research,??formal L4 10D??????????????????/ST/??/???????????????????
20260320,20260323,SHSE.603979,603979.SH,金诚信,3,0.9874041621029573,0.05381569539866678,6,0.2,D:/work/quant/quant_mcp/quant/main/config/prediction_manifests/executable_10d_open_return_l4_formal_20260617.json,stock_predict_data_model_agent_10d_topgate_fusion_20260622_executable_10d_open_return_research,??formal L4 10D??????????????????/ST/??/???????????????????
20260320,20260323,SHSE.601233,601233.SH,桐昆股份,4,0.9855786783497626,0.08212175252745435,6,0.194,D:/work/quant/quant_mcp/quant/main/config/prediction_manifests/executable_10d_open_return_l4_formal_20260617.json,stock_predict_data_model_agent_10d_topgate_fusion_20260622_executable_10d_open_return_research,??formal L4 10D??????????????????/ST/??/???????????????????
20260320,20260323,SHSE.600115,600115.SH,中国东航,5,0.9846659364731654,0.057274828320056946,6,0.194,D:/work/quant/quant_mcp/quant/main/config/prediction_manifests/executable_10d_open_return_l4_formal_20260617.json,stock_predict_data_model_agent_10d_topgate_fusion_20260622_executable_10d_open_return_research,??formal L4 10D??????????????????/ST/??/???????????????????
20260323,20260324,SHSE.603979,603979.SH,金诚信,1,0.997080291970803,0.05684867082848056,6,0.206,D:/work/quant/quant_mcp/quant/main/config/prediction_manifests/executable_10d_open_return_l4_formal_20260617.json,stock_predict_data_model_agent_10d_topgate_fusion_20260622_executable_10d_open_return_research,??formal L4 10D??????????????????/ST/??/???????????????????
20260323,20260324,SHSE.600115,600115.SH,中国东航,2,0.9948905109489051,0.06339949925375328,6,0.206,D:/work/quant/quant_mcp/quant/main/config/prediction_manifests/executable_10d_open_return_l4_formal_20260617.json,stock_predict_data_model_agent_10d_topgate_fusion_20260622_executable_10d_open_return_research,??formal L4 10D??????????????????/ST/??/???????????????????
20260323,20260324,SHSE.601212,601212.SH,白银有色,3,0.9936131386861314,0.07616823269810202,6,0.2,D:/work/quant/quant_mcp/quant/main/config/prediction_manifests/executable_10d_open_return_l4_formal_20260617.json,stock_predict_data_model_agent_10d_topgate_fusion_20260622_executable_10d_open_return_research,??formal L4 10D??????????????????/ST/??/???????????????????
20260323,20260324,SZSE.300251,300251.SZ,光线传媒,4,0.9923357664233576,0.05610575139054869,6,0.194,D:/work/quant/quant_mcp/quant/main/config/prediction_manifests/executable_10d_open_return_l4_formal_20260617.json,stock_predict_data_model_agent_10d_topgate_fusion_20260622_executable_10d_open_return_research,??formal L4 10D??????????????????/ST/??/???????????????????
20260323,20260324,SHSE.688615,688615.SH,合合信息,5,0.9917883211678832,0.049926042579691146,6,0.194,D:/work/quant/quant_mcp/quant/main/config/prediction_manifests/executable_10d_open_return_l4_formal_20260617.json,stock_predict_data_model_agent_10d_topgate_fusion_20260622_executable_10d_open_return_research,??formal L4 10D??????????????????/ST/??/???????????????????
20260324,20260325,SHSE.601100,601100.SH,恒立液压,1,1.009633077765608,0.050499999143419266,6,0.206,D:/work/quant/quant_mcp/quant/main/config/prediction_manifests/executable_10d_open_return_l4_formal_20260617.json,stock_predict_data_model_agent_10d_topgate_fusion_20260622_executable_10d_open_return_research,??formal L4 10D??????????????????/ST/??/???????????????????
20260324,20260325,SHSE.603979,603979.SH,金诚信,2,0.9914202263599854,0.05408505839945863,6,0.206,D:/work/quant/quant_mcp/quant/main/config/prediction_manifests/executable_10d_open_return_l4_formal_20260617.json,stock_predict_data_model_agent_10d_topgate_fusion_20260622_executable_10d_open_return_research,??formal L4 10D??????????????????/ST/??/???????????????????
20260324,20260325,SHSE.601899,601899.SH,紫金矿业,3,0.9801022270901789,0.045450307787430574,6,0.2,D:/work/quant/quant_mcp/quant/main/config/prediction_manifests/executable_10d_open_return_l4_formal_20260617.json,stock_predict_data_model_agent_10d_topgate_fusion_20260622_executable_10d_open_return_research,??formal L4 10D??????????????????/ST/??/???????????????????
20260324,20260325,SHSE.601689,601689.SH,拓普集团,4,0.979372033588901,0.033616662093366056,6,0.194,D:/work/quant/quant_mcp/quant/main/config/prediction_manifests/executable_10d_open_return_l4_formal_20260617.json,stock_predict_data_model_agent_10d_topgate_fusion_20260622_executable_10d_open_return_research,??formal L4 10D??????????????????/ST/??/???????????????????
20260324,20260325,SZSE.002402,002402.SZ,和而泰,5,0.9678714859437751,0.034341395989004854,6,0.194,D:/work/quant/quant_mcp/quant/main/config/prediction_manifests/executable_10d_open_return_l4_formal_20260617.json,stock_predict_data_model_agent_10d_topgate_fusion_20260622_executable_10d_open_return_research,??formal L4 10D??????????????????/ST/??/???????????????????
20260325,20260326,SHSE.603979,603979.SH,金诚信,1,0.9930644278152948,0.05268205740881764,6,0.206,D:/work/quant/quant_mcp/quant/main/config/prediction_manifests/executable_10d_open_return_l4_formal_20260617.json,stock_predict_data_model_agent_10d_topgate_fusion_20260622_executable_10d_open_return_research,??formal L4 10D??????????????????/ST/??/???????????????????
20260325,20260326,SHSE.600977,600977.SH,中国电影,2,0.9868589158605585,0.02699014541477572,6,0.206,D:/work/quant/quant_mcp/quant/main/config/prediction_manifests/executable_10d_open_return_l4_formal_20260617.json,stock_predict_data_model_agent_10d_topgate_fusion_20260622_executable_10d_open_return_research,??formal L4 10D??????????????????/ST/??/???????????????????
20260325,20260326,SZSE.002402,002402.SZ,和而泰,3,0.9846687351706516,0.03331089347288948,6,0.2,D:/work/quant/quant_mcp/quant/main/config/prediction_manifests/executable_10d_open_return_l4_formal_20260617.json,stock_predict_data_model_agent_10d_topgate_fusion_20260622_executable_10d_open_return_research,??formal L4 10D??????????????????/ST/??/???????????????????
20260325,20260326,SHSE.601100,601100.SH,恒立液压,4,0.9839386749406827,0.04919853687928779,6,0.194,D:/work/quant/quant_mcp/quant/main/config/prediction_manifests/executable_10d_open_return_l4_formal_20260617.json,stock_predict_data_model_agent_10d_topgate_fusion_20260622_executable_10d_open_return_research,??formal L4 10D??????????????????/ST/??/???????????????????
20260325,20260326,SHSE.601021,601021.SH,春秋航空,5,0.9779156780434386,0.03813725116886336,6,0.194,D:/work/quant/quant_mcp/quant/main/config/prediction_manifests/executable_10d_open_return_l4_formal_20260617.json,stock_predict_data_model_agent_10d_topgate_fusion_20260622_executable_10d_open_return_research,??formal L4 10D??????????????????/ST/??/???????????????????
20260326,20260327,SHSE.601689,601689.SH,拓普集团,1,0.9870390653523183,0.033811832625306085,6,0.206,D:/work/quant/quant_mcp/quant/main/config/prediction_manifests/executable_10d_open_return_l4_formal_20260617.json,stock_predict_data_model_agent_10d_topgate_fusion_20260622_executable_10d_open_return_research,??formal L4 10D??????????????????/ST/??/???????????????????
20260326,20260327,SHSE.688301,688301.SH,奕瑞科技,2,0.9868565169769989,0.07659490196282846,6,0.206,D:/work/quant/quant_mcp/quant/main/config/prediction_manifests/executable_10d_open_return_l4_formal_20260617.json,stock_predict_data_model_agent_10d_topgate_fusion_20260622_executable_10d_open_return_research,??formal L4 10D??????????????????/ST/??/???????????????????
20260326,20260327,SHSE.601021,601021.SH,春秋航空,3,0.9833880978459292,0.0389562566881598,6,0.2,D:/work/quant/quant_mcp/quant/main/config/prediction_manifests/executable_10d_open_return_l4_formal_20260617.json,stock_predict_data_model_agent_10d_topgate_fusion_20260622_executable_10d_open_return_research,??formal L4 10D??????????????????/ST/??/???????????????????
20260326,20260327,SZSE.300458,300458.SZ,全志科技,4,0.9828404527199708,0.040089419596562335,6,0.194,D:/work/quant/quant_mcp/quant/main/config/prediction_manifests/executable_10d_open_return_l4_formal_20260617.json,stock_predict_data_model_agent_10d_topgate_fusion_20260622_executable_10d_open_return_research,??formal L4 10D??????????????????/ST/??/???????????????????
20260326,20260327,SZSE.300251,300251.SZ,光线传媒,5,0.9680540343190945,0.03409829784563685,6,0.194,D:/work/quant/quant_mcp/quant/main/config/prediction_manifests/executable_10d_open_return_l4_formal_20260617.json,stock_predict_data_model_agent_10d_topgate_fusion_20260622_executable_10d_open_return_research,??formal L4 10D??????????????????/ST/??/???????????????????
20260327,20260330,SHSE.600690,600690.SH,海尔智家,1,0.9937899543378995,0.02703553949810601,6,0.206,D:/work/quant/quant_mcp/quant/main/config/prediction_manifests/executable_10d_open_return_l4_formal_20260617.json,stock_predict_data_model_agent_10d_topgate_fusion_20260622_executable_10d_open_return_research,??formal L4 10D??????????????????/ST/??/???????????????????
20260327,20260330,SZSE.300251,300251.SZ,光线传媒,2,0.9842922374429224,0.03322242794366195,6,0.206,D:/work/quant/quant_mcp/quant/main/config/prediction_manifests/executable_10d_open_return_l4_formal_20260617.json,stock_predict_data_model_agent_10d_topgate_fusion_20260622_executable_10d_open_return_research,??formal L4 10D??????????????????/ST/??/???????????????????
20260327,20260330,SHSE.688615,688615.SH,合合信息,3,0.9841095890410959,0.043415138707354264,6,0.2,D:/work/quant/quant_mcp/quant/main/config/prediction_manifests/executable_10d_open_return_l4_formal_20260617.json,stock_predict_data_model_agent_10d_topgate_fusion_20260622_executable_10d_open_return_research,??formal L4 10D??????????????????/ST/??/???????????????????
20260327,20260330,SHSE.600115,600115.SH,中国东航,4,0.9784474885844748,0.05839080922682671,6,0.194,D:/work/quant/quant_mcp/quant/main/config/prediction_manifests/executable_10d_open_return_l4_formal_20260617.json,stock_predict_data_model_agent_10d_topgate_fusion_20260622_executable_10d_open_return_research,??formal L4 10D??????????????????/ST/??/???????????????????
20260327,20260330,SHSE.600029,600029.SH,南方航空,5,0.977716894977169,0.04687500068329841,6,0.194,D:/work/quant/quant_mcp/quant/main/config/prediction_manifests/executable_10d_open_return_l4_formal_20260617.json,stock_predict_data_model_agent_10d_topgate_fusion_20260622_executable_10d_open_return_research,??formal L4 10D??????????????????/ST/??/???????????????????
20260330,20260331,SHSE.688615,688615.SH,合合信息,1,0.984469212497716,0.04231663623212452,6,0.206,D:/work/quant/quant_mcp/quant/main/config/prediction_manifests/executable_10d_open_return_l4_formal_20260617.json,stock_predict_data_model_agent_10d_topgate_fusion_20260622_executable_10d_open_return_research,??formal L4 10D??????????????????/ST/??/???????????????????
20260330,20260331,SZSE.300251,300251.SZ,光线传媒,2,0.9842864973506303,0.031067667796361047,6,0.206,D:/work/quant/quant_mcp/quant/main/config/prediction_manifests/executable_10d_open_return_l4_formal_20260617.json,stock_predict_data_model_agent_10d_topgate_fusion_20260622_executable_10d_open_return_research,??formal L4 10D??????????????????/ST/??/???????????????????
20260330,20260331,SHSE.600115,600115.SH,中国东航,3,0.9791704732322309,0.05528735965298652,6,0.2,D:/work/quant/quant_mcp/quant/main/config/prediction_manifests/executable_10d_open_return_l4_formal_20260617.json,stock_predict_data_model_agent_10d_topgate_fusion_20260622_executable_10d_open_return_research,??formal L4 10D??????????????????/ST/??/???????????????????
20260330,20260331,SHSE.603993,603993.SH,洛阳钼业,4,0.9696692855837749,0.055880400090106606,6,0.194,D:/work/quant/quant_mcp/quant/main/config/prediction_manifests/executable_10d_open_return_l4_formal_20260617.json,stock_predict_data_model_agent_10d_topgate_fusion_20260622_executable_10d_open_return_research,??formal L4 10D??????????????????/ST/??/???????????????????
20260330,20260331,SHSE.600515,600515.SH,海南机场,5,0.9693038552896035,0.026975476116566817,6,0.194,D:/work/quant/quant_mcp/quant/main/config/prediction_manifests/executable_10d_open_return_l4_formal_20260617.json,stock_predict_data_model_agent_10d_topgate_fusion_20260622_executable_10d_open_return_research,??formal L4 10D??????????????????/ST/??/???????????????????
20260331,20260401,SHSE.600690,600690.SH,海尔智家,1,0.9947060971157357,0.02911599846696872,6,0.206,D:/work/quant/quant_mcp/quant/main/config/prediction_manifests/executable_10d_open_return_l4_formal_20260617.json,stock_predict_data_model_agent_10d_topgate_fusion_20260622_executable_10d_open_return_research,??formal L4 10D??????????????????/ST/??/???????????????????
20260331,20260401,SZSE.002738,002738.SZ,中矿资源,2,0.9921504198612633,0.055504748951501925,6,0.206,D:/work/quant/quant_mcp/quant/main/config/prediction_manifests/executable_10d_open_return_l4_formal_20260617.json,stock_predict_data_model_agent_10d_topgate_fusion_20260622_executable_10d_open_return_research,??formal L4 10D??????????????????/ST/??/???????????????????
20260331,20260401,SHSE.601021,601021.SH,春秋航空,3,0.9897772909821103,0.036904760602636054,6,0.2,D:/work/quant/quant_mcp/quant/main/config/prediction_manifests/executable_10d_open_return_l4_formal_20260617.json,stock_predict_data_model_agent_10d_topgate_fusion_20260622_executable_10d_open_return_research,??formal L4 10D??????????????????/ST/??/???????????????????
20260331,20260401,SHSE.601916,601916.SH,浙商银行,4,0.9892296458561519,0.01783333375981386,6,0.194,D:/work/quant/quant_mcp/quant/main/config/prediction_manifests/executable_10d_open_return_l4_formal_20260617.json,stock_predict_data_model_agent_10d_topgate_fusion_20260622_executable_10d_open_return_research,??formal L4 10D??????????????????/ST/??/???????????????????
20260331,20260401,SHSE.601018,601018.SH,宁波港,5,0.9890470974808324,0.02787352684792084,6,0.194,D:/work/quant/quant_mcp/quant/main/config/prediction_manifests/executable_10d_open_return_l4_formal_20260617.json,stock_predict_data_model_agent_10d_topgate_fusion_20260622_executable_10d_open_return_research,??formal L4 10D??????????????????/ST/??/???????????????????
20260401,20260402,SZSE.002738,002738.SZ,中矿资源,1,0.9947089947089947,0.055329081245788336,6,0.206,D:/work/quant/quant_mcp/quant/main/config/prediction_manifests/executable_10d_open_return_l4_formal_20260617.json,stock_predict_data_model_agent_10d_topgate_fusion_20260622_executable_10d_open_return_research,??formal L4 10D??????????????????/ST/??/???????????????????
20260401,20260402,SHSE.600690,600690.SH,海尔智家,2,0.993796752417442,0.027581459633567153,6,0.206,D:/work/quant/quant_mcp/quant/main/config/prediction_manifests/executable_10d_open_return_l4_formal_20260617.json,stock_predict_data_model_agent_10d_topgate_fusion_20260622_executable_10d_open_return_research,??formal L4 10D??????????????????/ST/??/???????????????????
20260401,20260402,SHSE.601018,601018.SH,宁波港,3,0.9928845101258894,0.026970557279247125,6,0.2,D:/work/quant/quant_mcp/quant/main/config/prediction_manifests/executable_10d_open_return_l4_formal_20260617.json,stock_predict_data_model_agent_10d_topgate_fusion_20260622_executable_10d_open_return_research,??formal L4 10D??????????????????/ST/??/???????????????????
20260401,20260402,SHSE.688615,688615.SH,合合信息,4,0.9863163656267104,0.03769711459250332,6,0.194,D:/work/quant/quant_mcp/quant/main/config/prediction_manifests/executable_10d_open_return_l4_formal_20260617.json,stock_predict_data_model_agent_10d_topgate_fusion_20260622_executable_10d_open_return_research,??formal L4 10D??????????????????/ST/??/???????????????????
20260401,20260402,SZSE.000630,000630.SZ,铜陵有色,5,0.9846743295019157,0.0448269412412237,6,0.194,D:/work/quant/quant_mcp/quant/main/config/prediction_manifests/executable_10d_open_return_l4_formal_20260617.json,stock_predict_data_model_agent_10d_topgate_fusion_20260622_executable_10d_open_return_research,??formal L4 10D??????????????????/ST/??/???????????????????
20260402,20260403,SHSE.600690,600690.SH,海尔智家,1,0.9965334792921,0.028507952986122038,6,0.206,D:/work/quant/quant_mcp/quant/main/config/prediction_manifests/executable_10d_open_return_l4_formal_20260617.json,stock_predict_data_model_agent_10d_topgate_fusion_20260622_executable_10d_open_return_research,??formal L4 10D??????????????????/ST/??/???????????????????
20260402,20260403,SHSE.601021,601021.SH,春秋航空,2,0.993431855500821,0.03590312943533015,6,0.206,D:/work/quant/quant_mcp/quant/main/config/prediction_manifests/executable_10d_open_return_l4_formal_20260617.json,stock_predict_data_model_agent_10d_topgate_fusion_20260622_executable_10d_open_return_research,??formal L4 10D??????????????????/ST/??/???????????????????
20260402,20260403,SHSE.688563,688563.SH,航材股份,3,0.9930669585841999,0.03652476419032256,6,0.2,D:/work/quant/quant_mcp/quant/main/config/prediction_manifests/executable_10d_open_return_l4_formal_20260617.json,stock_predict_data_model_agent_10d_topgate_fusion_20260622_executable_10d_open_return_research,??formal L4 10D??????????????????/ST/??/???????????????????
20260402,20260403,SHSE.600885,600885.SH,宏发股份,4,0.9927020616675789,0.04226834096564696,6,0.194,D:/work/quant/quant_mcp/quant/main/config/prediction_manifests/executable_10d_open_return_l4_formal_20260617.json,stock_predict_data_model_agent_10d_topgate_fusion_20260622_executable_10d_open_return_research,??formal L4 10D??????????????????/ST/??/???????????????????
20260402,20260403,SHSE.601018,601018.SH,宁波港,5,0.989965334792921,0.02659200892953632,6,0.194,D:/work/quant/quant_mcp/quant/main/config/prediction_manifests/executable_10d_open_return_l4_formal_20260617.json,stock_predict_data_model_agent_10d_topgate_fusion_20260622_executable_10d_open_return_research,??formal L4 10D??????????????????/ST/??/???????????????????
20260403,20260407,SZSE.000408,000408.SZ,藏格矿业,1,0.9943451295147756,0.042604376565928394,6,0.206,D:/work/quant/quant_mcp/quant/main/config/prediction_manifests/executable_10d_open_return_l4_formal_20260617.json,stock_predict_data_model_agent_10d_topgate_fusion_20260622_executable_10d_open_return_research,??formal L4 10D??????????????????/ST/??/???????????????????
20260403,20260407,SZSE.300251,300251.SZ,光线传媒,2,0.9819408974826705,0.03167344536582352,6,0.206,D:/work/quant/quant_mcp/quant/main/config/prediction_manifests/executable_10d_open_return_l4_formal_20260617.json,stock_predict_data_model_agent_10d_topgate_fusion_20260622_executable_10d_open_return_research,??formal L4 10D??????????????????/ST/??/???????????????????
20260403,20260407,SZSE.300454,300454.SZ,深信服,3,0.9812112367748996,0.06255218876869537,6,0.2,D:/work/quant/quant_mcp/quant/main/config/prediction_manifests/executable_10d_open_return_l4_formal_20260617.json,stock_predict_data_model_agent_10d_topgate_fusion_20260622_executable_10d_open_return_research,??formal L4 10D??????????????????/ST/??/???????????????????
20260403,20260407,SHSE.601212,601212.SH,白银有色,4,0.9808464064210143,0.053617574317071565,6,0.194,D:/work/quant/quant_mcp/quant/main/config/prediction_manifests/executable_10d_open_return_l4_formal_20260617.json,stock_predict_data_model_agent_10d_topgate_fusion_20260622_executable_10d_open_return_research,??formal L4 10D??????????????????/ST/??/???????????????????
20260403,20260407,SHSE.688615,688615.SH,合合信息,5,0.9784750091207588,0.03978470436567297,6,0.194,D:/work/quant/quant_mcp/quant/main/config/prediction_manifests/executable_10d_open_return_l4_formal_20260617.json,stock_predict_data_model_agent_10d_topgate_fusion_20260622_executable_10d_open_return_research,??formal L4 10D??????????????????/ST/??/???????????????????
20260407,20260408,SZSE.300251,300251.SZ,光线传媒,1,0.9846743295019157,0.029762478892764312,6,0.206,D:/work/quant/quant_mcp/quant/main/config/prediction_manifests/executable_10d_open_return_l4_formal_20260617.json,stock_predict_data_model_agent_10d_topgate_fusion_20260622_executable_10d_open_return_research,??formal L4 10D??????????????????/ST/??/???????????????????
20260407,20260408,SZSE.300454,300454.SZ,深信服,2,0.9826673964604999,0.05680467310176791,6,0.206,D:/work/quant/quant_mcp/quant/main/config/prediction_manifests/executable_10d_open_return_l4_formal_20260617.json,stock_predict_data_model_agent_10d_topgate_fusion_20260622_executable_10d_open_return_research,??formal L4 10D??????????????????/ST/??/???????????????????
20260407,20260408,SHSE.688615,688615.SH,合合信息,3,0.9824849480021893,0.03809252324325096,6,0.2,D:/work/quant/quant_mcp/quant/main/config/prediction_manifests/executable_10d_open_return_l4_formal_20260617.json,stock_predict_data_model_agent_10d_topgate_fusion_20260622_executable_10d_open_return_research,??formal L4 10D??????????????????/ST/??/???????????????????
20260407,20260408,SHSE.601212,601212.SH,白银有色,4,0.9815727057106367,0.050510859314391435,6,0.194,D:/work/quant/quant_mcp/quant/main/config/prediction_manifests/executable_10d_open_return_l4_formal_20260617.json,stock_predict_data_model_agent_10d_topgate_fusion_20260622_executable_10d_open_return_research,??formal L4 10D??????????????????/ST/??/???????????????????
20260407,20260408,SHSE.600862,600862.SH,中航高科,5,0.9766465973362525,0.03660886219440908,6,0.194,D:/work/quant/quant_mcp/quant/main/config/prediction_manifests/executable_10d_open_return_l4_formal_20260617.json,stock_predict_data_model_agent_10d_topgate_fusion_20260622_executable_10d_open_return_research,??formal L4 10D??????????????????/ST/??/???????????????????
20260408,20260409,SHSE.688615,688615.SH,合合信息,1,0.9865135775469291,0.037076135345250866,6,0.206,D:/work/quant/quant_mcp/quant/main/config/prediction_manifests/executable_10d_open_return_l4_formal_20260617.json,stock_predict_data_model_agent_10d_topgate_fusion_20260622_executable_10d_open_return_research,??formal L4 10D??????????????????/ST/??/???????????????????
20260408,20260409,SHSE.600862,600862.SH,中航高科,2,0.9835975943138326,0.03464567010563738,6,0.206,D:/work/quant/quant_mcp/quant/main/config/prediction_manifests/executable_10d_open_return_l4_formal_20260617.json,stock_predict_data_model_agent_10d_topgate_fusion_20260622_executable_10d_open_return_research,??formal L4 10D??????????????????/ST/??/???????????????????
20260408,20260409,SHSE.600516,600516.SH,方大炭素,3,0.9792236194641881,0.045342703709516256,6,0.2,D:/work/quant/quant_mcp/quant/main/config/prediction_manifests/executable_10d_open_return_l4_formal_20260617.json,stock_predict_data_model_agent_10d_topgate_fusion_20260622_executable_10d_open_return_research,??formal L4 10D??????????????????/ST/??/???????????????????
20260408,20260409,SHSE.600765,600765.SH,中航重机,4,0.9763076362310916,0.03021787344454833,6,0.194,D:/work/quant/quant_mcp/quant/main/config/prediction_manifests/executable_10d_open_return_l4_formal_20260617.json,stock_predict_data_model_agent_10d_topgate_fusion_20260622_executable_10d_open_return_research,??formal L4 10D??????????????????/ST/??/???????????????????
20260408,20260409,SHSE.600685,600685.SH,中船防务,5,0.9743028977583379,0.03667953702481907,6,0.194,D:/work/quant/quant_mcp/quant/main/config/prediction_manifests/executable_10d_open_return_l4_formal_20260617.json,stock_predict_data_model_agent_10d_topgate_fusion_20260622_executable_10d_open_return_research,??formal L4 10D??????????????????/ST/??/???????????????????
20260409,20260410,SHSE.688615,688615.SH,合合信息,1,0.9897959183673469,0.03819489800554459,6,0.206,D:/work/quant/quant_mcp/quant/main/config/prediction_manifests/executable_10d_open_return_l4_formal_20260617.json,stock_predict_data_model_agent_10d_topgate_fusion_20260622_executable_10d_open_return_research,??formal L4 10D??????????????????/ST/??/???????????????????
20260409,20260410,SHSE.601916,601916.SH,浙商银行,2,0.986698250728863,0.017340067482210942,6,0.206,D:/work/quant/quant_mcp/quant/main/config/prediction_manifests/executable_10d_open_return_l4_formal_20260617.json,stock_predict_data_model_agent_10d_topgate_fusion_20260622_executable_10d_open_return_research,??formal L4 10D??????????????????/ST/??/???????????????????
20260409,20260410,SHSE.600516,600516.SH,方大炭素,3,0.9775874635568513,0.04341155325401136,6,0.2,D:/work/quant/quant_mcp/quant/main/config/prediction_manifests/executable_10d_open_return_l4_formal_20260617.json,stock_predict_data_model_agent_10d_topgate_fusion_20260622_executable_10d_open_return_research,??formal L4 10D??????????????????/ST/??/???????????????????
20260409,20260410,SHSE.600685,600685.SH,中船防务,4,0.9730320699708455,0.03634751744451797,6,0.194,D:/work/quant/quant_mcp/quant/main/config/prediction_manifests/executable_10d_open_return_l4_formal_20260617.json,stock_predict_data_model_agent_10d_topgate_fusion_20260622_executable_10d_open_return_research,??formal L4 10D??????????????????/ST/??/???????????????????
20260409,20260410,SHSE.601238,601238.SH,广汽集团,5,0.969569970845481,0.020502092445622143,6,0.194,D:/work/quant/quant_mcp/quant/main/config/prediction_manifests/executable_10d_open_return_l4_formal_20260617.json,stock_predict_data_model_agent_10d_topgate_fusion_20260622_executable_10d_open_return_research,??formal L4 10D??????????????????/ST/??/???????????????????
20260410,20260413,SHSE.601618,601618.SH,中国中冶,1,0.9967225054624909,0.021812079305300915,6,0.206,D:/work/quant/quant_mcp/quant/main/config/prediction_manifests/executable_10d_open_return_l4_formal_20260617.json,stock_predict_data_model_agent_10d_topgate_fusion_20260622_executable_10d_open_return_research,??formal L4 10D??????????????????/ST/??/???????????????????
20260410,20260413,SHSE.601818,601818.SH,光大银行,2,0.9963583394027676,0.014106583218642344,6,0.206,D:/work/quant/quant_mcp/quant/main/config/prediction_manifests/executable_10d_open_return_l4_formal_20260617.json,stock_predict_data_model_agent_10d_topgate_fusion_20260622_executable_10d_open_return_research,??formal L4 10D??????????????????/ST/??/???????????????????
20260410,20260413,SHSE.688615,688615.SH,合合信息,3,0.9910779315367808,0.03710025918065966,6,0.2,D:/work/quant/quant_mcp/quant/main/config/prediction_manifests/executable_10d_open_return_l4_formal_20260617.json,stock_predict_data_model_agent_10d_topgate_fusion_20260622_executable_10d_open_return_research,??formal L4 10D??????????????????/ST/??/???????????????????
20260410,20260413,SHSE.600905,600905.SH,三峡能源,4,0.9881646030589949,0.025425790728977778,6,0.194,D:/work/quant/quant_mcp/quant/main/config/prediction_manifests/executable_10d_open_return_l4_formal_20260617.json,stock_predict_data_model_agent_10d_topgate_fusion_20260622_executable_10d_open_return_research,??formal L4 10D??????????????????/ST/??/???????????????????
20260410,20260413,SHSE.600516,600516.SH,方大炭素,5,0.9761471230881282,0.04062500190855094,6,0.194,D:/work/quant/quant_mcp/quant/main/config/prediction_manifests/executable_10d_open_return_l4_formal_20260617.json,stock_predict_data_model_agent_10d_topgate_fusion_20260622_executable_10d_open_return_research,??formal L4 10D??????????????????/ST/??/???????????????????
20260413,20260414,SHSE.601916,601916.SH,浙商银行,1,1.0068008011653313,0.016385135680443925,6,0.206,D:/work/quant/quant_mcp/quant/main/config/prediction_manifests/executable_10d_open_return_l4_formal_20260617.json,stock_predict_data_model_agent_10d_topgate_fusion_20260622_executable_10d_open_return_research,??formal L4 10D??????????????????/ST/??/???????????????????
20260413,20260414,SHSE.600157,600157.SH,永泰能源,2,1.006536780772032,0.04335260386152193,6,0.206,D:/work/quant/quant_mcp/quant/main/config/prediction_manifests/executable_10d_open_return_l4_formal_20260617.json,stock_predict_data_model_agent_10d_topgate_fusion_20260622_executable_10d_open_return_research,??formal L4 10D??????????????????/ST/??/???????????????????
20260413,20260414,SHSE.688256,688256.SH,寒武纪,3,0.9945375091041515,0.043396301218070796,6,0.2,D:/work/quant/quant_mcp/quant/main/config/prediction_manifests/executable_10d_open_return_l4_formal_20260617.json,stock_predict_data_model_agent_10d_topgate_fusion_20260622_executable_10d_open_return_research,??formal L4 10D??????????????????/ST/??/???????????????????
20260413,20260414,SHSE.688615,688615.SH,合合信息,4,0.9927166788055353,0.03815739630283452,6,0.194,D:/work/quant/quant_mcp/quant/main/config/prediction_manifests/executable_10d_open_return_l4_formal_20260617.json,stock_predict_data_model_agent_10d_topgate_fusion_20260622_executable_10d_open_return_research,??formal L4 10D??????????????????/ST/??/???????????????????
20260413,20260414,SHSE.600016,600016.SH,民生银行,5,0.9898033503277495,0.015810809859192202,6,0.194,D:/work/quant/quant_mcp/quant/main/config/prediction_manifests/executable_10d_open_return_l4_formal_20260617.json,stock_predict_data_model_agent_10d_topgate_fusion_20260622_executable_10d_open_return_research,??formal L4 10D??????????????????/ST/??/???????????????????
20260414,20260415,SZSE.000408,000408.SZ,藏格矿业,1,1.0090791628753413,0.03722438256333184,6,0.206,D:/work/quant/quant_mcp/quant/main/config/prediction_manifests/executable_10d_open_return_l4_formal_20260617.json,stock_predict_data_model_agent_10d_topgate_fusion_20260622_executable_10d_open_return_research,??formal L4 10D??????????????????/ST/??/???????????????????
20260414,20260415,SHSE.600741,600741.SH,华域汽车,2,1.007619654231119,0.02419668831872644,6,0.206,D:/work/quant/quant_mcp/quant/main/config/prediction_manifests/executable_10d_open_return_l4_formal_20260617.json,stock_predict_data_model_agent_10d_topgate_fusion_20260622_executable_10d_open_return_research,??formal L4 10D??????????????????/ST/??/???????????????????
20260414,20260415,SHSE.688615,688615.SH,合合信息,3,0.9930846223839854,0.03793090499631577,6,0.2,D:/work/quant/quant_mcp/quant/main/config/prediction_manifests/executable_10d_open_return_l4_formal_20260617.json,stock_predict_data_model_agent_10d_topgate_fusion_20260622_executable_10d_open_return_research,??formal L4 10D??????????????????/ST/??/???????????????????
20260414,20260415,SHSE.688538,688538.SH,和辉光电,4,0.9909008189262967,0.02236842091504006,6,0.194,D:/work/quant/quant_mcp/quant/main/config/prediction_manifests/executable_10d_open_return_l4_formal_20260617.json,stock_predict_data_model_agent_10d_topgate_fusion_20260622_executable_10d_open_return_research,??formal L4 10D??????????????????/ST/??/???????????????????
20260414,20260415,SHSE.601818,601818.SH,光大银行,5,0.9888989990900819,0.013437500102781353,6,0.194,D:/work/quant/quant_mcp/quant/main/config/prediction_manifests/executable_10d_open_return_l4_formal_20260617.json,stock_predict_data_model_agent_10d_topgate_fusion_20260622_executable_10d_open_return_research,??formal L4 10D??????????????????/ST/??/???????????????????
20260415,20260416,SZSE.000408,000408.SZ,藏格矿业,1,1.0090551611141454,0.03726923033528783,6,0.206,D:/work/quant/quant_mcp/quant/main/config/prediction_manifests/executable_10d_open_return_l4_formal_20260617.json,stock_predict_data_model_agent_10d_topgate_fusion_20260622_executable_10d_open_return_research,??formal L4 10D??????????????????/ST/??/???????????????????
20260415,20260416,SHSE.688538,688538.SH,和辉光电,2,0.9972692517749864,0.02158590270053681,6,0.206,D:/work/quant/quant_mcp/quant/main/config/prediction_manifests/executable_10d_open_return_l4_formal_20260617.json,stock_predict_data_model_agent_10d_topgate_fusion_20260622_executable_10d_open_return_research,??formal L4 10D??????????????????/ST/??/???????????????????
20260415,20260416,SHSE.688615,688615.SH,合合信息,3,0.9919898052066266,0.03820933003507285,6,0.2,D:/work/quant/quant_mcp/quant/main/config/prediction_manifests/executable_10d_open_return_l4_formal_20260617.json,stock_predict_data_model_agent_10d_topgate_fusion_20260622_executable_10d_open_return_research,??formal L4 10D??????????????????/ST/??/???????????????????
20260415,20260416,SHSE.600016,600016.SH,民生银行,4,0.9890770070999454,0.015013404670506342,6,0.194,D:/work/quant/quant_mcp/quant/main/config/prediction_manifests/executable_10d_open_return_l4_formal_20260617.json,stock_predict_data_model_agent_10d_topgate_fusion_20260622_executable_10d_open_return_research,??formal L4 10D??????????????????/ST/??/???????????????????
20260415,20260416,SHSE.601333,601333.SH,广深铁路,5,0.9887129073366102,0.02442623121547903,6,0.194,D:/work/quant/quant_mcp/quant/main/config/prediction_manifests/executable_10d_open_return_l4_formal_20260617.json,stock_predict_data_model_agent_10d_topgate_fusion_20260622_executable_10d_open_return_research,??formal L4 10D??????????????????/ST/??/???????????????????
20260416,20260417,SZSE.000709,000709.SZ,河钢股份,1,1.0080753138075313,0.02703862775722563,6,0.206,D:/work/quant/quant_mcp/quant/main/config/prediction_manifests/executable_10d_open_return_l4_formal_20260617.json,stock_predict_data_model_agent_10d_topgate_fusion_20260622_executable_10d_open_return_research,??formal L4 10D??????????????????/ST/??/???????????????????
20260416,20260417,SHSE.688538,688538.SH,和辉光电,2,1.007347644169547,0.02127193071890627,6,0.206,D:/work/quant/quant_mcp/quant/main/config/prediction_manifests/executable_10d_open_return_l4_formal_20260617.json,stock_predict_data_model_agent_10d_topgate_fusion_20260622_executable_10d_open_return_research,??formal L4 10D??????????????????/ST/??/???????????????????
20260416,20260417,SHSE.601880,601880.SH,辽港股份,3,1.007163907585956,0.03190184223747468,6,0.2,D:/work/quant/quant_mcp/quant/main/config/prediction_manifests/executable_10d_open_return_l4_formal_20260617.json,stock_predict_data_model_agent_10d_topgate_fusion_20260622_executable_10d_open_return_research,??formal L4 10D??????????????????/ST/??/???????????????????
20260416,20260417,SHSE.688615,688615.SH,合合信息,4,0.9930871384391486,0.03731906936395434,6,0.194,D:/work/quant/quant_mcp/quant/main/config/prediction_manifests/executable_10d_open_return_l4_formal_20260617.json,stock_predict_data_model_agent_10d_topgate_fusion_20260622_executable_10d_open_return_research,??formal L4 10D??????????????????/ST/??/???????????????????
20260416,20260417,SHSE.601818,601818.SH,光大银行,5,0.9901764598872113,0.012499999391703983,6,0.194,D:/work/quant/quant_mcp/quant/main/config/prediction_manifests/executable_10d_open_return_l4_formal_20260617.json,stock_predict_data_model_agent_10d_topgate_fusion_20260622_executable_10d_open_return_research,??formal L4 10D??????????????????/ST/??/???????????????????
20260417,20260420,SZSE.000858,000858.SZ,五粮液,1,1.0074727074235807,0.016183977413213285,6,0.206,D:/work/quant/quant_mcp/quant/main/config/prediction_manifests/executable_10d_open_return_l4_formal_20260617.json,stock_predict_data_model_agent_10d_topgate_fusion_20260622_executable_10d_open_return_research,??formal L4 10D??????????????????/ST/??/???????????????????
20260417,20260420,SHSE.600016,600016.SH,民生银行,2,0.99108442503639,0.014420484610883005,6,0.206,D:/work/quant/quant_mcp/quant/main/config/prediction_manifests/executable_10d_open_return_l4_formal_20260617.json,stock_predict_data_model_agent_10d_topgate_fusion_20260622_executable_10d_open_return_research,??formal L4 10D??????????????????/ST/??/???????????????????
20260417,20260420,SZSE.002958,002958.SZ,青农商行,3,0.9909024745269287,0.020066888986620107,6,0.2,D:/work/quant/quant_mcp/quant/main/config/prediction_manifests/executable_10d_open_return_l4_formal_20260617.json,stock_predict_data_model_agent_10d_topgate_fusion_20260622_executable_10d_open_return_research,??formal L4 10D??????????????????/ST/??/???????????????????
20260417,20260420,SZSE.000807,000807.SZ,云铝股份,4,0.9899927219796215,0.03920002508654665,6,0.194,D:/work/quant/quant_mcp/quant/main/config/prediction_manifests/executable_10d_open_return_l4_formal_20260617.json,stock_predict_data_model_agent_10d_topgate_fusion_20260622_executable_10d_open_return_research,??formal L4 10D??????????????????/ST/??/???????????????????
20260417,20260420,SHSE.601916,601916.SH,浙商银行,5,0.9898107714701602,0.01506622520599998,6,0.194,D:/work/quant/quant_mcp/quant/main/config/prediction_manifests/executable_10d_open_return_l4_formal_20260617.json,stock_predict_data_model_agent_10d_topgate_fusion_20260622_executable_10d_open_return_research,??formal L4 10D??????????????????/ST/??/???????????????????
20260420,20260421,SHSE.603568,603568.SH,伟明环保,1,0.9969045884923525,0.04240728099604462,6,0.206,D:/work/quant/quant_mcp/quant/main/config/prediction_manifests/executable_10d_open_return_l4_formal_20260617.json,stock_predict_data_model_agent_10d_topgate_fusion_20260622_executable_10d_open_return_research,??formal L4 10D??????????????????/ST/??/???????????????????
20260420,20260421,SHSE.601333,601333.SH,广深铁路,2,0.9930808448652586,0.02359736171779941,6,0.206,D:/work/quant/quant_mcp/quant/main/config/prediction_manifests/executable_10d_open_return_l4_formal_20260617.json,stock_predict_data_model_agent_10d_topgate_fusion_20260622_executable_10d_open_return_research,??formal L4 10D??????????????????/ST/??/???????????????????
20260420,20260421,SHSE.600008,600008.SH,首创环保,3,0.9925345957756737,0.021381578712372756,6,0.2,D:/work/quant/quant_mcp/quant/main/config/prediction_manifests/executable_10d_open_return_l4_formal_20260617.json,stock_predict_data_model_agent_10d_topgate_fusion_20260622_executable_10d_open_return_research,??formal L4 10D??????????????????/ST/??/???????????????????
20260420,20260421,SHSE.688702,688702.SH,盛科通信,4,0.9905316824471959,0.062389774366839186,6,0.194,D:/work/quant/quant_mcp/quant/main/config/prediction_manifests/executable_10d_open_return_l4_formal_20260617.json,stock_predict_data_model_agent_10d_topgate_fusion_20260622_executable_10d_open_return_research,??formal L4 10D??????????????????/ST/??/???????????????????
20260420,20260421,SHSE.600016,600016.SH,民生银行,5,0.9848871085214858,0.01388140098956876,6,0.194,D:/work/quant/quant_mcp/quant/main/config/prediction_manifests/executable_10d_open_return_l4_formal_20260617.json,stock_predict_data_model_agent_10d_topgate_fusion_20260622_executable_10d_open_return_research,??formal L4 10D??????????????????/ST/??/???????????????????
20260421,20260422,SHSE.600436,600436.SH,片仔癀,1,1.0069947243951247,0.013173963659705263,6,0.206,D:/work/quant/quant_mcp/quant/main/config/prediction_manifests/executable_10d_open_return_l4_formal_20260617.json,stock_predict_data_model_agent_10d_topgate_fusion_20260622_executable_10d_open_return_research,??formal L4 10D??????????????????/ST/??/???????????????????
20260421,20260422,SHSE.601916,601916.SH,浙商银行,2,0.9963616518100782,0.013377926302766846,6,0.206,D:/work/quant/quant_mcp/quant/main/config/prediction_manifests/executable_10d_open_return_l4_formal_20260617.json,stock_predict_data_model_agent_10d_topgate_fusion_20260622_executable_10d_open_return_research,??formal L4 10D??????????????????/ST/??/???????????????????
20260421,20260422,SZSE.000728,000728.SZ,国元证券,3,0.995997816991086,0.023648647296961842,6,0.2,D:/work/quant/quant_mcp/quant/main/config/prediction_manifests/executable_10d_open_return_l4_formal_20260617.json,stock_predict_data_model_agent_10d_topgate_fusion_20260622_executable_10d_open_return_research,??formal L4 10D??????????????????/ST/??/???????????????????
20260421,20260422,SHSE.601818,601818.SH,光大银行,4,0.99581589958159,0.01069182413396893,6,0.194,D:/work/quant/quant_mcp/quant/main/config/prediction_manifests/executable_10d_open_return_l4_formal_20260617.json,stock_predict_data_model_agent_10d_topgate_fusion_20260622_executable_10d_open_return_research,??formal L4 10D??????????????????/ST/??/???????????????????
20260421,20260422,SHSE.601880,601880.SH,辽港股份,5,0.9954520647625977,0.027469137056792423,6,0.194,D:/work/quant/quant_mcp/quant/main/config/prediction_manifests/executable_10d_open_return_l4_formal_20260617.json,stock_predict_data_model_agent_10d_topgate_fusion_20260622_executable_10d_open_return_research,??formal L4 10D??????????????????/ST/??/???????????????????
20260422,20260423,SHSE.600298,600298.SH,安琪酵母,1,1.0094087684191377,0.026284015661689128,6,0.206,D:/work/quant/quant_mcp/quant/main/config/prediction_manifests/executable_10d_open_return_l4_formal_20260617.json,stock_predict_data_model_agent_10d_topgate_fusion_20260622_executable_10d_open_return_research,??formal L4 10D??????????????????/ST/??/???????????????????
20260422,20260423,SHSE.600436,600436.SH,片仔癀,2,1.0089630707658723,0.013398393154372737,6,0.206,D:/work/quant/quant_mcp/quant/main/config/prediction_manifests/executable_10d_open_return_l4_formal_20260617.json,stock_predict_data_model_agent_10d_topgate_fusion_20260622_executable_10d_open_return_research,??formal L4 10D??????????????????/ST/??/???????????????????
20260422,20260423,SHSE.688538,688538.SH,和辉光电,3,0.9961797344005822,0.018061674659465794,6,0.2,D:/work/quant/quant_mcp/quant/main/config/prediction_manifests/executable_10d_open_return_l4_formal_20260617.json,stock_predict_data_model_agent_10d_topgate_fusion_20260622_executable_10d_open_return_research,??formal L4 10D??????????????????/ST/??/???????????????????
20260422,20260423,SHSE.600157,600157.SH,永泰能源,4,0.995997816991086,0.03402366925068868,6,0.194,D:/work/quant/quant_mcp/quant/main/config/prediction_manifests/executable_10d_open_return_l4_formal_20260617.json,stock_predict_data_model_agent_10d_topgate_fusion_20260622_executable_10d_open_return_research,??formal L4 10D??????????????????/ST/??/???????????????????
20260422,20260423,SHSE.601333,601333.SH,广深铁路,5,0.9956339821720939,0.02009804070656986,6,0.194,D:/work/quant/quant_mcp/quant/main/config/prediction_manifests/executable_10d_open_return_l4_formal_20260617.json,stock_predict_data_model_agent_10d_topgate_fusion_20260622_executable_10d_open_return_research,??formal L4 10D??????????????????/ST/??/???????????????????
20260423,20260424,SHSE.600606,600606.SH,绿地控股,1,1.009129959956316,0.03259259159866051,6,0.206,D:/work/quant/quant_mcp/quant/main/config/prediction_manifests/executable_10d_open_return_l4_formal_20260617.json,stock_predict_data_model_agent_10d_topgate_fusion_20260622_executable_10d_open_return_research,??formal L4 10D??????????????????/ST/??/???????????????????
20260423,20260424,SHSE.600436,600436.SH,片仔癀,2,1.008299963596651,0.013417117578001982,6,0.206,D:/work/quant/quant_mcp/quant/main/config/prediction_manifests/executable_10d_open_return_l4_formal_20260617.json,stock_predict_data_model_agent_10d_topgate_fusion_20260622_executable_10d_open_return_research,??formal L4 10D??????????????????/ST/??/???????????????????
20260423,20260424,SHSE.600873,600873.SH,梅花生物,3,0.995085547870404,0.03004999962418763,6,0.2,D:/work/quant/quant_mcp/quant/main/config/prediction_manifests/executable_10d_open_return_l4_formal_20260617.json,stock_predict_data_model_agent_10d_topgate_fusion_20260622_executable_10d_open_return_research,??formal L4 10D??????????????????/ST/??/???????????????????
20260423,20260424,SZSE.300251,300251.SZ,光线传媒,4,0.9885329450309428,0.0455702125217685,6,0.194,D:/work/quant/quant_mcp/quant/main/config/prediction_manifests/executable_10d_open_return_l4_formal_20260617.json,stock_predict_data_model_agent_10d_topgate_fusion_20260622_executable_10d_open_return_research,??formal L4 10D??????????????????/ST/??/???????????????????
20260423,20260424,SHSE.601212,601212.SH,白银有色,5,0.9881689115398616,0.0429768047840102,6,0.194,D:/work/quant/quant_mcp/quant/main/config/prediction_manifests/executable_10d_open_return_l4_formal_20260617.json,stock_predict_data_model_agent_10d_topgate_fusion_20260622_executable_10d_open_return_research,??formal L4 10D??????????????????/ST/??/???????????????????
20260424,20260427,SHSE.600606,600606.SH,绿地控股,1,1.0086972343522562,0.03208955229127166,6,0.206,D:/work/quant/quant_mcp/quant/main/config/prediction_manifests/executable_10d_open_return_l4_formal_20260617.json,stock_predict_data_model_agent_10d_topgate_fusion_20260622_executable_10d_open_return_research,??formal L4 10D??????????????????/ST/??/???????????????????
20260424,20260427,SZSE.002429,002429.SZ,兆驰股份,2,0.9969068413391557,0.046988572281679915,6,0.206,D:/work/quant/quant_mcp/quant/main/config/prediction_manifests/executable_10d_open_return_l4_formal_20260617.json,stock_predict_data_model_agent_10d_topgate_fusion_20260622_executable_10d_open_return_research,??formal L4 10D??????????????????/ST/??/???????????????????
20260424,20260427,SHSE.600436,600436.SH,片仔癀,3,0.9967248908296943,0.013248977649122844,6,0.2,D:/work/quant/quant_mcp/quant/main/config/prediction_manifests/executable_10d_open_return_l4_formal_20260617.json,stock_predict_data_model_agent_10d_topgate_fusion_20260622_executable_10d_open_return_research,??formal L4 10D??????????????????/ST/??/???????????????????
20260424,20260427,SHSE.601818,601818.SH,光大银行,4,0.9950873362445415,0.008805031433008256,6,0.194,D:/work/quant/quant_mcp/quant/main/config/prediction_manifests/executable_10d_open_return_l4_formal_20260617.json,stock_predict_data_model_agent_10d_topgate_fusion_20260622_executable_10d_open_return_research,??formal L4 10D??????????????????/ST/??/???????????????????
20260424,20260427,SHSE.601916,601916.SH,浙商银行,5,0.9943595342066958,0.01165540515754612,6,0.194,D:/work/quant/quant_mcp/quant/main/config/prediction_manifests/executable_10d_open_return_l4_formal_20260617.json,stock_predict_data_model_agent_10d_topgate_fusion_20260622_executable_10d_open_return_research,??formal L4 10D??????????????????/ST/??/???????????????????
20260427,20260428,SHSE.600606,600606.SH,绿地控股,1,0.9952684258416743,0.03409090883807711,6,0.206,D:/work/quant/quant_mcp/quant/main/config/prediction_manifests/executable_10d_open_return_l4_formal_20260617.json,stock_predict_data_model_agent_10d_topgate_fusion_20260622_executable_10d_open_return_research,??formal L4 10D??????????????????/ST/??/???????????????????
20260427,20260428,SHSE.601000,601000.SH,唐山港,2,0.9938125568698817,0.027696078571180387,6,0.206,D:/work/quant/quant_mcp/quant/main/config/prediction_manifests/executable_10d_open_return_l4_formal_20260617.json,stock_predict_data_model_agent_10d_topgate_fusion_20260622_executable_10d_open_return_research,??formal L4 10D??????????????????/ST/??/???????????????????
20260427,20260428,SHSE.600436,600436.SH,片仔癀,3,0.9936305732484076,0.013381084996554193,6,0.2,D:/work/quant/quant_mcp/quant/main/config/prediction_manifests/executable_10d_open_return_l4_formal_20260617.json,stock_predict_data_model_agent_10d_topgate_fusion_20260622_executable_10d_open_return_research,??formal L4 10D??????????????????/ST/??/???????????????????
20260427,20260428,SHSE.601880,601880.SH,辽港股份,4,0.9923566878980892,0.021383649178980304,6,0.194,D:/work/quant/quant_mcp/quant/main/config/prediction_manifests/executable_10d_open_return_l4_formal_20260617.json,stock_predict_data_model_agent_10d_topgate_fusion_20260622_executable_10d_open_return_research,??formal L4 10D??????????????????/ST/??/???????????????????
20260427,20260428,SHSE.600016,600016.SH,民生银行,5,0.991992720655141,0.010561497404160404,6,0.194,D:/work/quant/quant_mcp/quant/main/config/prediction_manifests/executable_10d_open_return_l4_formal_20260617.json,stock_predict_data_model_agent_10d_topgate_fusion_20260622_executable_10d_open_return_research,??formal L4 10D??????????????????/ST/??/???????????????????
20260428,20260429,SHSE.600436,600436.SH,片仔癀,1,0.9952623906705539,0.013687611944539733,6,0.206,D:/work/quant/quant_mcp/quant/main/config/prediction_manifests/executable_10d_open_return_l4_formal_20260617.json,stock_predict_data_model_agent_10d_topgate_fusion_20260622_executable_10d_open_return_research,??formal L4 10D??????????????????/ST/??/???????????????????
20260428,20260429,SHSE.600741,600741.SH,华域汽车,2,0.9941690962099126,0.02289339998652626,6,0.206,D:/work/quant/quant_mcp/quant/main/config/prediction_manifests/executable_10d_open_return_l4_formal_20260617.json,stock_predict_data_model_agent_10d_topgate_fusion_20260622_executable_10d_open_return_research,??formal L4 10D??????????????????/ST/??/???????????????????
20260428,20260429,SHSE.601966,601966.SH,玲珑轮胎,3,0.9910714285714286,0.013847305678758002,6,0.2,D:/work/quant/quant_mcp/quant/main/config/prediction_manifests/executable_10d_open_return_l4_formal_20260617.json,stock_predict_data_model_agent_10d_topgate_fusion_20260622_executable_10d_open_return_research,??formal L4 10D??????????????????/ST/??/???????????????????
20260428,20260429,SHSE.603529,603529.SH,爱玛科技,4,0.9907069970845481,0.043639677113266655,6,0.194,D:/work/quant/quant_mcp/quant/main/config/prediction_manifests/executable_10d_open_return_l4_formal_20260617.json,stock_predict_data_model_agent_10d_topgate_fusion_20260622_executable_10d_open_return_research,??formal L4 10D??????????????????/ST/??/???????????????????
20260428,20260429,SHSE.601916,601916.SH,浙商银行,5,0.9901603498542274,0.010810811365222387,6,0.194,D:/work/quant/quant_mcp/quant/main/config/prediction_manifests/executable_10d_open_return_l4_formal_20260617.json,stock_predict_data_model_agent_10d_topgate_fusion_20260622_executable_10d_open_return_research,??formal L4 10D??????????????????/ST/??/???????????????????
20260429,20260430,SHSE.600436,600436.SH,片仔癀,1,0.9965214207250092,0.012776340989060341,6,0.206,D:/work/quant/quant_mcp/quant/main/config/prediction_manifests/executable_10d_open_return_l4_formal_20260617.json,stock_predict_data_model_agent_10d_topgate_fusion_20260622_executable_10d_open_return_research,??formal L4 10D??????????????????/ST/??/???????????????????
20260429,20260430,SHSE.600741,600741.SH,华域汽车,2,0.9957890882460637,0.020537578108636444,6,0.206,D:/work/quant/quant_mcp/quant/main/config/prediction_manifests/executable_10d_open_return_l4_formal_20260617.json,stock_predict_data_model_agent_10d_topgate_fusion_20260622_executable_10d_open_return_research,??formal L4 10D??????????????????/ST/??/???????????????????
20260429,20260430,SHSE.688278,688278.SH,特宝生物,3,0.9921274258513365,0.03464196266046635,6,0.2,D:/work/quant/quant_mcp/quant/main/config/prediction_manifests/executable_10d_open_return_l4_formal_20260617.json,stock_predict_data_model_agent_10d_topgate_fusion_20260622_executable_10d_open_return_research,??formal L4 10D??????????????????/ST/??/???????????????????
20260429,20260430,SZSE.300979,300979.SZ,华利集团,4,0.9910289271329183,0.02487552473677527,6,0.194,D:/work/quant/quant_mcp/quant/main/config/prediction_manifests/executable_10d_open_return_l4_formal_20260617.json,stock_predict_data_model_agent_10d_topgate_fusion_20260622_executable_10d_open_return_research,??formal L4 10D??????????????????/ST/??/???????????????????
20260429,20260430,SHSE.688122,688122.SH,西部超导,5,0.9886488465763457,0.04067122611755066,6,0.194,D:/work/quant/quant_mcp/quant/main/config/prediction_manifests/executable_10d_open_return_l4_formal_20260617.json,stock_predict_data_model_agent_10d_topgate_fusion_20260622_executable_10d_open_return_research,??formal L4 10D??????????????????/ST/??/???????????????????
20260430,20260506,SHSE.600000,600000.SH,浦发银行,1,0.9967032967032967,0.01618122948348152,6,0.206,D:/work/quant/quant_mcp/quant/main/config/prediction_manifests/executable_10d_open_return_l4_formal_20260617.json,stock_predict_data_model_agent_10d_topgate_fusion_20260622_executable_10d_open_return_research,??formal L4 10D??????????????????/ST/??/???????????????????
20260430,20260506,SZSE.000858,000858.SZ,五粮液,2,0.9957875457875458,0.014163576023073426,6,0.206,D:/work/quant/quant_mcp/quant/main/config/prediction_manifests/executable_10d_open_return_l4_formal_20260617.json,stock_predict_data_model_agent_10d_topgate_fusion_20260622_executable_10d_open_return_research,??formal L4 10D??????????????????/ST/??/???????????????????
20260430,20260506,SHSE.601166,601166.SH,兴业银行,3,0.9954212454212454,0.012147010995990411,6,0.2,D:/work/quant/quant_mcp/quant/main/config/prediction_manifests/executable_10d_open_return_l4_formal_20260617.json,stock_predict_data_model_agent_10d_topgate_fusion_20260622_executable_10d_open_return_research,??formal L4 10D??????????????????/ST/??/???????????????????
20260430,20260506,SHSE.603927,603927.SH,中科软,4,0.9945054945054945,0.021836926801118164,6,0.194,D:/work/quant/quant_mcp/quant/main/config/prediction_manifests/executable_10d_open_return_l4_formal_20260617.json,stock_predict_data_model_agent_10d_topgate_fusion_20260622_executable_10d_open_return_research,??formal L4 10D??????????????????/ST/??/???????????????????
20260430,20260506,SHSE.601818,601818.SH,光大银行,5,0.9930402930402931,0.007692307953548824,6,0.194,D:/work/quant/quant_mcp/quant/main/config/prediction_manifests/executable_10d_open_return_l4_formal_20260617.json,stock_predict_data_model_agent_10d_topgate_fusion_20260622_executable_10d_open_return_research,??formal L4 10D??????????????????/ST/??/???????????????????
20260506,20260507,SHSE.600741,600741.SH,华域汽车,1,1.008879781420765,0.021606274225444623,6,0.206,D:/work/quant/quant_mcp/quant/main/config/prediction_manifests/executable_10d_open_return_l4_formal_20260617.json,stock_predict_data_model_agent_10d_topgate_fusion_20260622_executable_10d_open_return_research,??formal L4 10D??????????????????/ST/??/???????????????????
20260506,20260507,SZSE.000733,000733.SZ,振华科技,2,1.0078069216757741,0.02672413732882648,6,0.206,D:/work/quant/quant_mcp/quant/main/config/prediction_manifests/executable_10d_open_return_l4_formal_20260617.json,stock_predict_data_model_agent_10d_topgate_fusion_20260622_executable_10d_open_return_research,??formal L4 10D??????????????????/ST/??/???????????????????
20260506,20260507,SHSE.688278,688278.SH,特宝生物,3,0.9954462659380692,0.037083569439463275,6,0.2,D:/work/quant/quant_mcp/quant/main/config/prediction_manifests/executable_10d_open_return_l4_formal_20260617.json,stock_predict_data_model_agent_10d_topgate_fusion_20260622_executable_10d_open_return_research,??formal L4 10D??????????????????/ST/??/???????????????????
20260506,20260507,SZSE.000858,000858.SZ,五粮液,4,0.9948998178506375,0.017938433953221956,6,0.194,D:/work/quant/quant_mcp/quant/main/config/prediction_manifests/executable_10d_open_return_l4_formal_20260617.json,stock_predict_data_model_agent_10d_topgate_fusion_20260622_executable_10d_open_return_research,??formal L4 10D??????????????????/ST/??/???????????????????
20260506,20260507,SHSE.600000,600000.SH,浦发银行,5,0.9927140255009107,0.016176469423135376,6,0.194,D:/work/quant/quant_mcp/quant/main/config/prediction_manifests/executable_10d_open_return_l4_formal_20260617.json,stock_predict_data_model_agent_10d_topgate_fusion_20260622_executable_10d_open_return_research,??formal L4 10D??????????????????/ST/??/???????????????????
20260507,20260508,SHSE.600803,600803.SH,新奥股份,1,0.9861642089932642,0.02658670697635411,6,0.206,D:/work/quant/quant_mcp/quant/main/config/prediction_manifests/executable_10d_open_return_l4_formal_20260617.json,stock_predict_data_model_agent_10d_topgate_fusion_20260622_executable_10d_open_return_research,??formal L4 10D??????????????????/ST/??/???????????????????
20260507,20260508,SHSE.600309,600309.SH,万华化学,2,0.983615510649918,0.03695752316813928,6,0.206,D:/work/quant/quant_mcp/quant/main/config/prediction_manifests/executable_10d_open_return_l4_formal_20260617.json,stock_predict_data_model_agent_10d_topgate_fusion_20260622_executable_10d_open_return_research,??formal L4 10D??????????????????/ST/??/???????????????????
20260507,20260508,SZSE.300487,300487.SZ,蓝晓科技,3,0.983251410886583,0.046630418228780036,6,0.2,D:/work/quant/quant_mcp/quant/main/config/prediction_manifests/executable_10d_open_return_l4_formal_20260617.json,stock_predict_data_model_agent_10d_topgate_fusion_20260622_executable_10d_open_return_research,??formal L4 10D??????????????????/ST/??/???????????????????
20260507,20260508,SHSE.601000,601000.SH,唐山港,4,0.9787001638448936,0.02647613817852301,6,0.194,D:/work/quant/quant_mcp/quant/main/config/prediction_manifests/executable_10d_open_return_l4_formal_20260617.json,stock_predict_data_model_agent_10d_topgate_fusion_20260622_executable_10d_open_return_research,??formal L4 10D??????????????????/ST/??/???????????????????
20260507,20260508,SZSE.000733,000733.SZ,振华科技,5,0.9657746222464956,0.026207369366724947,6,0.194,D:/work/quant/quant_mcp/quant/main/config/prediction_manifests/executable_10d_open_return_l4_formal_20260617.json,stock_predict_data_model_agent_10d_topgate_fusion_20260622_executable_10d_open_return_research,??formal L4 10D??????????????????/ST/??/???????????????????
20260508,20260511,SHSE.601162,601162.SH,天风证券,1,1.0098779821526134,0.026923075403108936,6,0.206,D:/work/quant/quant_mcp/quant/main/config/prediction_manifests/executable_10d_open_return_l4_formal_20260617.json,stock_predict_data_model_agent_10d_topgate_fusion_20260622_executable_10d_open_return_research,??formal L4 10D??????????????????/ST/??/???????????????????
20260508,20260511,SHSE.601108,601108.SH,财通证券,2,1.0093462028774358,0.02273809624254393,6,0.206,D:/work/quant/quant_mcp/quant/main/config/prediction_manifests/executable_10d_open_return_l4_formal_20260617.json,stock_predict_data_model_agent_10d_topgate_fusion_20260622_executable_10d_open_return_research,??formal L4 10D??????????????????/ST/??/???????????????????
20260508,20260511,SZSE.300251,300251.SZ,光线传媒,3,0.9936259333454744,0.04442923958009263,6,0.2,D:/work/quant/quant_mcp/quant/main/config/prediction_manifests/executable_10d_open_return_l4_formal_20260617.json,stock_predict_data_model_agent_10d_topgate_fusion_20260622_executable_10d_open_return_research,??formal L4 10D??????????????????/ST/??/???????????????????
20260508,20260511,SZSE.300487,300487.SZ,蓝晓科技,4,0.9928974685849572,0.04736027441877823,6,0.194,D:/work/quant/quant_mcp/quant/main/config/prediction_manifests/executable_10d_open_return_l4_formal_20260617.json,stock_predict_data_model_agent_10d_topgate_fusion_20260622_executable_10d_open_return_research,??formal L4 10D??????????????????/ST/??/???????????????????
20260508,20260511,SHSE.600016,600016.SH,民生银行,5,0.9856128209797851,0.008265582322206144,6,0.194,D:/work/quant/quant_mcp/quant/main/config/prediction_manifests/executable_10d_open_return_l4_formal_20260617.json,stock_predict_data_model_agent_10d_topgate_fusion_20260622_executable_10d_open_return_research,??formal L4 10D??????????????????/ST/??/???????????????????
20260511,20260512,SHSE.601162,601162.SH,天风证券,1,1.009919868876343,0.02597911206297612,6,0.206,D:/work/quant/quant_mcp/quant/main/config/prediction_manifests/executable_10d_open_return_l4_formal_20260617.json,stock_predict_data_model_agent_10d_topgate_fusion_20260622_executable_10d_open_return_research,??formal L4 10D??????????????????/ST/??/???????????????????
20260511,20260512,SZSE.300251,300251.SZ,光线传媒,2,0.9949007466763795,0.04282291797215775,6,0.206,D:/work/quant/quant_mcp/quant/main/config/prediction_manifests/executable_10d_open_return_l4_formal_20260617.json,stock_predict_data_model_agent_10d_topgate_fusion_20260622_executable_10d_open_return_research,??formal L4 10D??????????????????/ST/??/???????????????????
20260511,20260512,SHSE.601000,601000.SH,唐山港,3,0.9943543981059916,0.02744323807061103,6,0.2,D:/work/quant/quant_mcp/quant/main/config/prediction_manifests/executable_10d_open_return_l4_formal_20260617.json,stock_predict_data_model_agent_10d_topgate_fusion_20260622_executable_10d_open_return_research,??formal L4 10D??????????????????/ST/??/???????????????????
20260511,20260512,SZSE.300487,300487.SZ,蓝晓科技,4,0.9941722819158623,0.045653895595805474,6,0.194,D:/work/quant/quant_mcp/quant/main/config/prediction_manifests/executable_10d_open_return_l4_formal_20260617.json,stock_predict_data_model_agent_10d_topgate_fusion_20260622_executable_10d_open_return_research,??formal L4 10D??????????????????/ST/??/???????????????????
20260511,20260512,SHSE.600170,600170.SH,上海建工,5,0.9581132762702604,0.01520146381709548,6,0.194,D:/work/quant/quant_mcp/quant/main/config/prediction_manifests/executable_10d_open_return_l4_formal_20260617.json,stock_predict_data_model_agent_10d_topgate_fusion_20260622_executable_10d_open_return_research,??formal L4 10D??????????????????/ST/??/???????????????????
20260512,20260513,SHSE.601162,601162.SH,天风证券,1,1.0097322404371585,0.025654449199225892,6,0.206,D:/work/quant/quant_mcp/quant/main/config/prediction_manifests/executable_10d_open_return_l4_formal_20260617.json,stock_predict_data_model_agent_10d_topgate_fusion_20260622_executable_10d_open_return_research,??formal L4 10D??????????????????/ST/??/???????????????????
20260512,20260513,SHSE.600901,600901.SH,江苏金租,2,0.995264116575592,0.028883469592533167,6,0.206,D:/work/quant/quant_mcp/quant/main/config/prediction_manifests/executable_10d_open_return_l4_formal_20260617.json,stock_predict_data_model_agent_10d_topgate_fusion_20260622_executable_10d_open_return_research,??formal L4 10D??????????????????/ST/??/???????????????????
20260512,20260513,SZSE.300251,300251.SZ,光线传媒,3,0.9941712204007286,0.03967512619887148,6,0.2,D:/work/quant/quant_mcp/quant/main/config/prediction_manifests/executable_10d_open_return_l4_formal_20260617.json,stock_predict_data_model_agent_10d_topgate_fusion_20260622_executable_10d_open_return_research,??formal L4 10D??????????????????/ST/??/???????????????????
20260512,20260513,SHSE.601000,601000.SH,唐山港,4,0.9936247723132969,0.028209749274389365,6,0.194,D:/work/quant/quant_mcp/quant/main/config/prediction_manifests/executable_10d_open_return_l4_formal_20260617.json,stock_predict_data_model_agent_10d_topgate_fusion_20260622_executable_10d_open_return_research,??formal L4 10D??????????????????/ST/??/???????????????????
20260512,20260513,SZSE.300487,300487.SZ,蓝晓科技,5,0.9923497267759562,0.04459910676411905,6,0.194,D:/work/quant/quant_mcp/quant/main/config/prediction_manifests/executable_10d_open_return_l4_formal_20260617.json,stock_predict_data_model_agent_10d_topgate_fusion_20260622_executable_10d_open_return_research,??formal L4 10D??????????????????/ST/??/???????????????????
20260513,20260514,SHSE.601628,601628.SH,中国人寿,1,1.0087693427999271,0.02294407998822766,6,0.206,D:/work/quant/quant_mcp/quant/main/config/prediction_manifests/executable_10d_open_return_l4_formal_20260617.json,stock_predict_data_model_agent_10d_topgate_fusion_20260622_executable_10d_open_return_research,??formal L4 10D??????????????????/ST/??/???????????????????
20260513,20260514,SHSE.600901,600901.SH,江苏金租,2,0.9961769524849808,0.028949134250853353,6,0.206,D:/work/quant/quant_mcp/quant/main/config/prediction_manifests/executable_10d_open_return_l4_formal_20260617.json,stock_predict_data_model_agent_10d_topgate_fusion_20260622_executable_10d_open_return_research,??formal L4 10D??????????????????/ST/??/???????????????????
20260513,20260514,SZSE.300251,300251.SZ,光线传媒,3,0.9959949026033134,0.037585526875344,6,0.2,D:/work/quant/quant_mcp/quant/main/config/prediction_manifests/executable_10d_open_return_l4_formal_20260617.json,stock_predict_data_model_agent_10d_topgate_fusion_20260622_executable_10d_open_return_research,??formal L4 10D??????????????????/ST/??/???????????????????
20260513,20260514,SHSE.601000,601000.SH,唐山港,4,0.9949026033133078,0.028692213351645655,6,0.194,D:/work/quant/quant_mcp/quant/main/config/prediction_manifests/executable_10d_open_return_l4_formal_20260617.json,stock_predict_data_model_agent_10d_topgate_fusion_20260622_executable_10d_open_return_research,??formal L4 10D??????????????????/ST/??/???????????????????
20260513,20260514,SZSE.300487,300487.SZ,蓝晓科技,5,0.9943564536683052,0.04436530391143596,6,0.194,D:/work/quant/quant_mcp/quant/main/config/prediction_manifests/executable_10d_open_return_l4_formal_20260617.json,stock_predict_data_model_agent_10d_topgate_fusion_20260622_executable_10d_open_return_research,??formal L4 10D??????????????????/ST/??/???????????????????
20260514,20260515,SHSE.601000,601000.SH,唐山港,1,0.9958128527216458,0.028085527426853957,6,0.206,D:/work/quant/quant_mcp/quant/main/config/prediction_manifests/executable_10d_open_return_l4_formal_20260617.json,stock_predict_data_model_agent_10d_topgate_fusion_20260622_executable_10d_open_return_research,??formal L4 10D??????????????????/ST/??/???????????????????
20260514,20260515,SHSE.600901,600901.SH,江苏金租,2,0.9956308028399782,0.02892574778143251,6,0.206,D:/work/quant/quant_mcp/quant/main/config/prediction_manifests/executable_10d_open_return_l4_formal_20260617.json,stock_predict_data_model_agent_10d_topgate_fusion_20260622_executable_10d_open_return_research,??formal L4 10D??????????????????/ST/??/???????????????????
20260514,20260515,SZSE.300487,300487.SZ,蓝晓科技,3,0.9936282541416348,0.04513539777121595,6,0.2,D:/work/quant/quant_mcp/quant/main/config/prediction_manifests/executable_10d_open_return_l4_formal_20260617.json,stock_predict_data_model_agent_10d_topgate_fusion_20260622_executable_10d_open_return_research,??formal L4 10D??????????????????/ST/??/???????????????????
20260514,20260515,SZSE.002294,002294.SZ,信立泰,4,0.992718004733297,0.07729527922163584,6,0.194,D:/work/quant/quant_mcp/quant/main/config/prediction_manifests/executable_10d_open_return_l4_formal_20260617.json,stock_predict_data_model_agent_10d_topgate_fusion_20260622_executable_10d_open_return_research,??formal L4 10D??????????????????/ST/??/???????????????????
20260514,20260515,SZSE.300251,300251.SZ,光线传媒,5,0.9856180593482614,0.038821757873988214,6,0.194,D:/work/quant/quant_mcp/quant/main/config/prediction_manifests/executable_10d_open_return_l4_formal_20260617.json,stock_predict_data_model_agent_10d_topgate_fusion_20260622_executable_10d_open_return_research,??formal L4 10D??????????????????/ST/??/???????????????????
20260515,20260518,SHSE.600901,600901.SH,江苏金租,1,0.9956323930846224,0.029979511600652282,6,0.206,D:/work/quant/quant_mcp/quant/main/config/prediction_manifests/executable_10d_open_return_l4_formal_20260617.json,stock_predict_data_model_agent_10d_topgate_fusion_20260622_executable_10d_open_return_research,??formal L4 10D??????????????????/ST/??/???????????????????
20260515,20260518,SZSE.002294,002294.SZ,信立泰,2,0.9925386715195632,0.07808518387190876,6,0.206,D:/work/quant/quant_mcp/quant/main/config/prediction_manifests/executable_10d_open_return_l4_formal_20260617.json,stock_predict_data_model_agent_10d_topgate_fusion_20260622_executable_10d_open_return_research,??formal L4 10D??????????????????/ST/??/???????????????????
20260515,20260518,SZSE.300251,300251.SZ,光线传媒,3,0.9870791628753413,0.038190755221440484,6,0.2,D:/work/quant/quant_mcp/quant/main/config/prediction_manifests/executable_10d_open_return_l4_formal_20260617.json,stock_predict_data_model_agent_10d_topgate_fusion_20260622_executable_10d_open_return_research,??formal L4 10D??????????????????/ST/??/???????????????????
20260518,20260519,SZSE.002294,002294.SZ,信立泰,1,0.9923622476813966,0.07033935870335128,6,0.206,D:/work/quant/quant_mcp/quant/main/config/prediction_manifests/executable_10d_open_return_l4_formal_20260617.json,stock_predict_data_model_agent_10d_topgate_fusion_20260622_executable_10d_open_return_research,??formal L4 10D??????????????????/ST/??/???????????????????
20260518,20260519,SHSE.600039,600039.SH,四川路桥,2,0.9916348426986725,0.03743718554673624,6,0.206,D:/work/quant/quant_mcp/quant/main/config/prediction_manifests/executable_10d_open_return_l4_formal_20260617.json,stock_predict_data_model_agent_10d_topgate_fusion_20260622_executable_10d_open_return_research,??formal L4 10D??????????????????/ST/??/???????????????????
20260518,20260519,SZSE.300251,300251.SZ,光线传媒,3,0.9865430078196036,0.036069729437937376,6,0.2,D:/work/quant/quant_mcp/quant/main/config/prediction_manifests/executable_10d_open_return_l4_formal_20260617.json,stock_predict_data_model_agent_10d_topgate_fusion_20260622_executable_10d_open_return_research,??formal L4 10D??????????????????/ST/??/???????????????????
20260518,20260519,SHSE.601916,601916.SH,浙商银行,4,0.9645390070921985,0.008026756030843409,6,0.194,D:/work/quant/quant_mcp/quant/main/config/prediction_manifests/executable_10d_open_return_l4_formal_20260617.json,stock_predict_data_model_agent_10d_topgate_fusion_20260622_executable_10d_open_return_research,??formal L4 10D??????????????????/ST/??/???????????????????
20260519,20260520,SZSE.002294,002294.SZ,信立泰,1,0.9908991627229705,0.06047419260501705,6,0.206,D:/work/quant/quant_mcp/quant/main/config/prediction_manifests/executable_10d_open_return_l4_formal_20260617.json,stock_predict_data_model_agent_10d_topgate_fusion_20260622_executable_10d_open_return_research,??formal L4 10D??????????????????/ST/??/???????????????????
20260519,20260520,SZSE.300251,300251.SZ,光线传媒,2,0.9863487440844557,0.03670021057770111,6,0.206,D:/work/quant/quant_mcp/quant/main/config/prediction_manifests/executable_10d_open_return_l4_formal_20260617.json,stock_predict_data_model_agent_10d_topgate_fusion_20260622_executable_10d_open_return_research,??formal L4 10D??????????????????/ST/??/???????????????????
20260520,20260521,SZSE.002294,002294.SZ,信立泰,1,0.9923608584939978,0.05914914230140908,6,0.206,D:/work/quant/quant_mcp/quant/main/config/prediction_manifests/executable_10d_open_return_l4_formal_20260617.json,stock_predict_data_model_agent_10d_topgate_fusion_20260622_executable_10d_open_return_research,??formal L4 10D??????????????????/ST/??/???????????????????
20260520,20260521,SZSE.300251,300251.SZ,光线传媒,2,0.9867224445252819,0.0352965718977685,6,0.206,D:/work/quant/quant_mcp/quant/main/config/prediction_manifests/executable_10d_open_return_l4_formal_20260617.json,stock_predict_data_model_agent_10d_topgate_fusion_20260622_executable_10d_open_return_research,??formal L4 10D??????????????????/ST/??/???????????????????
20260520,20260521,SHSE.601128,601128.SH,常熟银行,3,0.9510731174972717,0.015001141958119158,6,0.2,D:/work/quant/quant_mcp/quant/main/config/prediction_manifests/executable_10d_open_return_l4_formal_20260617.json,stock_predict_data_model_agent_10d_topgate_fusion_20260622_executable_10d_open_return_research,??formal L4 10D??????????????????/ST/??/???????????????????
20260521,20260522,SZSE.002294,002294.SZ,信立泰,1,0.9918196691510635,0.05677681862029534,6,0.206,D:/work/quant/quant_mcp/quant/main/config/prediction_manifests/executable_10d_open_return_l4_formal_20260617.json,stock_predict_data_model_agent_10d_topgate_fusion_20260622_executable_10d_open_return_research,??formal L4 10D??????????????????/ST/??/???????????????????
20260521,20260522,SZSE.300251,300251.SZ,光线传媒,2,0.9887293219414652,0.037251165544814877,6,0.206,D:/work/quant/quant_mcp/quant/main/config/prediction_manifests/executable_10d_open_return_l4_formal_20260617.json,stock_predict_data_model_agent_10d_topgate_fusion_20260622_executable_10d_open_return_research,??formal L4 10D??????????????????/ST/??/???????????????????
20260521,20260522,SZSE.000100,000100.SZ,TCL科技,3,0.971823304853663,0.03196616062852633,6,0.2,D:/work/quant/quant_mcp/quant/main/config/prediction_manifests/executable_10d_open_return_l4_formal_20260617.json,stock_predict_data_model_agent_10d_topgate_fusion_20260622_executable_10d_open_return_research,??formal L4 10D??????????????????/ST/??/???????????????????
20260522,20260525,SHSE.688385,688385.SH,复旦微电,1,0.9861918604651163,0.06171759161310914,6,0.206,D:/work/quant/quant_mcp/quant/main/config/prediction_manifests/executable_10d_open_return_l4_formal_20260617.json,stock_predict_data_model_agent_10d_topgate_fusion_20260622_executable_10d_open_return_research,??formal L4 10D??????????????????/ST/??/???????????????????
20260522,20260525,SZSE.002294,002294.SZ,信立泰,2,0.9820130813953488,0.05568613339775716,6,0.206,D:/work/quant/quant_mcp/quant/main/config/prediction_manifests/executable_10d_open_return_l4_formal_20260617.json,stock_predict_data_model_agent_10d_topgate_fusion_20260622_executable_10d_open_return_research,??formal L4 10D??????????????????/ST/??/???????????????????
20260522,20260525,SHSE.688278,688278.SH,特宝生物,3,0.9776526162790697,0.03541379959005469,6,0.2,D:/work/quant/quant_mcp/quant/main/config/prediction_manifests/executable_10d_open_return_l4_formal_20260617.json,stock_predict_data_model_agent_10d_topgate_fusion_20260622_executable_10d_open_return_research,??formal L4 10D??????????????????/ST/??/???????????????????
20260525,20260526,SZSE.002294,002294.SZ,信立泰,1,0.9910973837209303,0.05388475328242134,6,0.206,D:/work/quant/quant_mcp/quant/main/config/prediction_manifests/executable_10d_open_return_l4_formal_20260617.json,stock_predict_data_model_agent_10d_topgate_fusion_20260622_executable_10d_open_return_research,??formal L4 10D??????????????????/ST/??/???????????????????
20260525,20260526,SHSE.601333,601333.SH,广深铁路,2,0.9618459302325582,0.020462046633474184,6,0.206,D:/work/quant/quant_mcp/quant/main/config/prediction_manifests/executable_10d_open_return_l4_formal_20260617.json,stock_predict_data_model_agent_10d_topgate_fusion_20260622_executable_10d_open_return_research,??formal L4 10D??????????????????/ST/??/???????????????????
20260525,20260526,SHSE.601880,601880.SH,辽港股份,3,0.958030523255814,0.01820987716802536,6,0.2,D:/work/quant/quant_mcp/quant/main/config/prediction_manifests/executable_10d_open_return_l4_formal_20260617.json,stock_predict_data_model_agent_10d_topgate_fusion_20260622_executable_10d_open_return_research,??formal L4 10D??????????????????/ST/??/???????????????????
20260526,20260527,SHSE.601916,601916.SH,浙商银行,1,0.9947311046511628,0.008249158091491902,6,0.206,D:/work/quant/quant_mcp/quant/main/config/prediction_manifests/executable_10d_open_return_l4_formal_20260617.json,stock_predict_data_model_agent_10d_topgate_fusion_20260622_executable_10d_open_return_research,??formal L4 10D??????????????????/ST/??/???????????????????
20260526,20260527,SZSE.002294,002294.SZ,信立泰,2,0.9909156976744186,0.05126056503898267,6,0.206,D:/work/quant/quant_mcp/quant/main/config/prediction_manifests/executable_10d_open_return_l4_formal_20260617.json,stock_predict_data_model_agent_10d_topgate_fusion_20260622_executable_10d_open_return_research,??formal L4 10D??????????????????/ST/??/???????????????????
20260526,20260527,SHSE.601567,601567.SH,三星电气,3,0.989280523255814,0.05035992282056467,6,0.2,D:/work/quant/quant_mcp/quant/main/config/prediction_manifests/executable_10d_open_return_l4_formal_20260617.json,stock_predict_data_model_agent_10d_topgate_fusion_20260622_executable_10d_open_return_research,??formal L4 10D??????????????????/ST/??/???????????????????
20260526,20260527,SHSE.601880,601880.SH,辽港股份,4,0.9878270348837209,0.018322981886285828,6,0.194,D:/work/quant/quant_mcp/quant/main/config/prediction_manifests/executable_10d_open_return_l4_formal_20260617.json,stock_predict_data_model_agent_10d_topgate_fusion_20260622_executable_10d_open_return_research,??formal L4 10D??????????????????/ST/??/???????????????????
20260526,20260527,SHSE.600016,600016.SH,民生银行,5,0.9758357558139535,0.009374999661631472,6,0.194,D:/work/quant/quant_mcp/quant/main/config/prediction_manifests/executable_10d_open_return_l4_formal_20260617.json,stock_predict_data_model_agent_10d_topgate_fusion_20260622_executable_10d_open_return_research,??formal L4 10D??????????????????/ST/??/???????????????????
20260527,20260528,SHSE.600606,600606.SH,绿地控股,1,1.009945513984744,0.05755395571357139,6,0.206,D:/work/quant/quant_mcp/quant/main/config/prediction_manifests/executable_10d_open_return_l4_formal_20260617.json,stock_predict_data_model_agent_10d_topgate_fusion_20260622_executable_10d_open_return_research,??formal L4 10D??????????????????/ST/??/???????????????????
20260527,20260528,SHSE.601818,601818.SH,光大银行,2,0.9960043588812205,0.010194175088081873,6,0.206,D:/work/quant/quant_mcp/quant/main/config/prediction_manifests/executable_10d_open_return_l4_formal_20260617.json,stock_predict_data_model_agent_10d_topgate_fusion_20260622_executable_10d_open_return_research,??formal L4 10D??????????????????/ST/??/???????????????????
20260527,20260528,SZSE.002294,002294.SZ,信立泰,3,0.9923719578641482,0.0525050683254423,6,0.2,D:/work/quant/quant_mcp/quant/main/config/prediction_manifests/executable_10d_open_return_l4_formal_20260617.json,stock_predict_data_model_agent_10d_topgate_fusion_20260622_executable_10d_open_return_research,??formal L4 10D??????????????????/ST/??/???????????????????
20260527,20260528,SHSE.601567,601567.SH,三星电气,4,0.9881946966945151,0.05008677463304727,6,0.194,D:/work/quant/quant_mcp/quant/main/config/prediction_manifests/executable_10d_open_return_l4_formal_20260617.json,stock_predict_data_model_agent_10d_topgate_fusion_20260622_executable_10d_open_return_research,??formal L4 10D??????????????????/ST/??/???????????????????
20260527,20260528,SZSE.300347,300347.SZ,泰格医药,5,0.9803850345078097,0.06052896894274712,6,0.194,D:/work/quant/quant_mcp/quant/main/config/prediction_manifests/executable_10d_open_return_l4_formal_20260617.json,stock_predict_data_model_agent_10d_topgate_fusion_20260622_executable_10d_open_return_research,??formal L4 10D??????????????????/ST/??/???????????????????
20260528,20260529,SHSE.601916,601916.SH,浙商银行,1,0.9958227388303669,0.008445946103773484,6,0.206,D:/work/quant/quant_mcp/quant/main/config/prediction_manifests/executable_10d_open_return_l4_formal_20260617.json,stock_predict_data_model_agent_10d_topgate_fusion_20260622_executable_10d_open_return_research,??formal L4 10D??????????????????/ST/??/???????????????????
20260528,20260529,SZSE.300972,300972.SZ,万辰集团,2,0.9943697784235379,0.06564439416122422,6,0.206,D:/work/quant/quant_mcp/quant/main/config/prediction_manifests/executable_10d_open_return_l4_formal_20260617.json,stock_predict_data_model_agent_10d_topgate_fusion_20260622_executable_10d_open_return_research,??formal L4 10D??????????????????/ST/??/???????????????????
20260528,20260529,SZSE.002294,002294.SZ,信立泰,3,0.9925535779150018,0.05453410761741038,6,0.2,D:/work/quant/quant_mcp/quant/main/config/prediction_manifests/executable_10d_open_return_l4_formal_20260617.json,stock_predict_data_model_agent_10d_topgate_fusion_20260622_executable_10d_open_return_research,??formal L4 10D??????????????????/ST/??/???????????????????
20260528,20260529,SHSE.601567,601567.SH,三星电气,4,0.9887395568470759,0.04503301677814526,6,0.194,D:/work/quant/quant_mcp/quant/main/config/prediction_manifests/executable_10d_open_return_l4_formal_20260617.json,stock_predict_data_model_agent_10d_topgate_fusion_20260622_executable_10d_open_return_research,??formal L4 10D??????????????????/ST/??/???????????????????
20260528,20260529,SZSE.300347,300347.SZ,泰格医药,5,0.9820196149654922,0.06158256842582883,6,0.194,D:/work/quant/quant_mcp/quant/main/config/prediction_manifests/executable_10d_open_return_l4_formal_20260617.json,stock_predict_data_model_agent_10d_topgate_fusion_20260622_executable_10d_open_return_research,??formal L4 10D??????????????????/ST/??/???????????????????
20260529,20260601,SZSE.300972,300972.SZ,万辰集团,1,0.9970940791863422,0.06492228509443303,6,0.206,D:/work/quant/quant_mcp/quant/main/config/prediction_manifests/executable_10d_open_return_l4_formal_20260617.json,stock_predict_data_model_agent_10d_topgate_fusion_20260622_executable_10d_open_return_research,??formal L4 10D??????????????????/ST/??/???????????????????
20260529,20260601,SZSE.000661,000661.SZ,长春高新,2,0.9968216491100618,0.028209596913838356,6,0.206,D:/work/quant/quant_mcp/quant/main/config/prediction_manifests/executable_10d_open_return_l4_formal_20260617.json,stock_predict_data_model_agent_10d_topgate_fusion_20260622_executable_10d_open_return_research,??formal L4 10D??????????????????/ST/??/???????????????????
20260529,20260601,SHSE.603606,603606.SH,东方电缆,3,0.9968216491100618,0.03908322069840781,6,0.2,D:/work/quant/quant_mcp/quant/main/config/prediction_manifests/executable_10d_open_return_l4_formal_20260617.json,stock_predict_data_model_agent_10d_topgate_fusion_20260622_executable_10d_open_return_research,??formal L4 10D??????????????????/ST/??/???????????????????
20260529,20260601,SHSE.600028,600028.SH,中国石化,4,0.9950962586269524,0.01670103127385027,6,0.194,D:/work/quant/quant_mcp/quant/main/config/prediction_manifests/executable_10d_open_return_l4_formal_20260617.json,stock_predict_data_model_agent_10d_topgate_fusion_20260622_executable_10d_open_return_research,??formal L4 10D??????????????????/ST/??/???????????????????
20260529,20260601,SZSE.002294,002294.SZ,信立泰,5,0.9929168180167091,0.05263644628624889,6,0.194,D:/work/quant/quant_mcp/quant/main/config/prediction_manifests/executable_10d_open_return_l4_formal_20260617.json,stock_predict_data_model_agent_10d_topgate_fusion_20260622_executable_10d_open_return_research,??formal L4 10D??????????????????/ST/??/???????????????????
20260601,20260602,SZSE.300972,300972.SZ,万辰集团,1,1.007156862745098,0.057894507199920696,6,0.206,D:/work/quant/quant_mcp/quant/main/config/prediction_manifests/executable_10d_open_return_l4_formal_20260617.json,stock_predict_data_model_agent_10d_topgate_fusion_20260622_executable_10d_open_return_research,??formal L4 10D??????????????????/ST/??/???????????????????
20260601,20260602,SHSE.600028,600028.SH,中国石化,2,0.9967320261437909,0.016016427719867842,6,0.206,D:/work/quant/quant_mcp/quant/main/config/prediction_manifests/executable_10d_open_return_l4_formal_20260617.json,stock_predict_data_model_agent_10d_topgate_fusion_20260622_executable_10d_open_return_research,??formal L4 10D??????????????????/ST/??/???????????????????
20260601,20260602,SHSE.600346,600346.SH,恒力石化,3,0.995279593318809,0.04932418066290007,6,0.2,D:/work/quant/quant_mcp/quant/main/config/prediction_manifests/executable_10d_open_return_l4_formal_20260617.json,stock_predict_data_model_agent_10d_topgate_fusion_20260622_executable_10d_open_return_research,??formal L4 10D??????????????????/ST/??/???????????????????
20260601,20260602,SZSE.002294,002294.SZ,信立泰,4,0.9914669571532316,0.053007926322104965,6,0.194,D:/work/quant/quant_mcp/quant/main/config/prediction_manifests/executable_10d_open_return_l4_formal_20260617.json,stock_predict_data_model_agent_10d_topgate_fusion_20260622_executable_10d_open_return_research,??formal L4 10D??????????????????/ST/??/???????????????????
20260601,20260602,SHSE.601567,601567.SH,三星电气,5,0.988562091503268,0.04249721026386413,6,0.194,D:/work/quant/quant_mcp/quant/main/config/prediction_manifests/executable_10d_open_return_l4_formal_20260617.json,stock_predict_data_model_agent_10d_topgate_fusion_20260622_executable_10d_open_return_research,??formal L4 10D??????????????????/ST/??/???????????????????
20260602,20260603,SZSE.300972,300972.SZ,万辰集团,1,1.0079498819684038,0.05660510390849779,6,0.206,D:/work/quant/quant_mcp/quant/main/config/prediction_manifests/executable_10d_open_return_l4_formal_20260617.json,stock_predict_data_model_agent_10d_topgate_fusion_20260622_executable_10d_open_return_research,??formal L4 10D??????????????????/ST/??/???????????????????
20260602,20260603,SHSE.603606,603606.SH,东方电缆,2,0.9969130197929907,0.040689906682450656,6,0.206,D:/work/quant/quant_mcp/quant/main/config/prediction_manifests/executable_10d_open_return_l4_formal_20260617.json,stock_predict_data_model_agent_10d_topgate_fusion_20260622_executable_10d_open_return_research,??formal L4 10D??????????????????/ST/??/???????????????????
20260602,20260603,SZSE.002294,002294.SZ,信立泰,3,0.9943708007989831,0.052323125180887047,6,0.2,D:/work/quant/quant_mcp/quant/main/config/prediction_manifests/executable_10d_open_return_l4_formal_20260617.json,stock_predict_data_model_agent_10d_topgate_fusion_20260622_executable_10d_open_return_research,??formal L4 10D??????????????????/ST/??/???????????????????
20260602,20260603,SHSE.601567,601567.SH,三星电气,4,0.9912838205919738,0.04338640008378295,6,0.194,D:/work/quant/quant_mcp/quant/main/config/prediction_manifests/executable_10d_open_return_l4_formal_20260617.json,stock_predict_data_model_agent_10d_topgate_fusion_20260622_executable_10d_open_return_research,??formal L4 10D??????????????????/ST/??/???????????????????
20260602,20260603,SHSE.600363,600363.SH,联创光电,5,0.9861993826039586,0.06835994220426662,6,0.194,D:/work/quant/quant_mcp/quant/main/config/prediction_manifests/executable_10d_open_return_l4_formal_20260617.json,stock_predict_data_model_agent_10d_topgate_fusion_20260622_executable_10d_open_return_research,??formal L4 10D??????????????????/ST/??/???????????????????
20260603,20260604,SZSE.300972,300972.SZ,万辰集团,1,1.0075376519687897,0.054418932278158486,6,0.206,D:/work/quant/quant_mcp/quant/main/config/prediction_manifests/executable_10d_open_return_l4_formal_20260617.json,stock_predict_data_model_agent_10d_topgate_fusion_20260622_executable_10d_open_return_research,??formal L4 10D??????????????????/ST/??/???????????????????
20260603,20260604,SHSE.601633,601633.SH,长城汽车,2,1.0070758483033933,0.02345497360825133,6,0.206,D:/work/quant/quant_mcp/quant/main/config/prediction_manifests/executable_10d_open_return_l4_formal_20260617.json,stock_predict_data_model_agent_10d_topgate_fusion_20260622_executable_10d_open_return_research,??formal L4 10D??????????????????/ST/??/???????????????????
20260603,20260604,SZSE.002294,002294.SZ,信立泰,3,0.9940119760479041,0.05229940847770531,6,0.2,D:/work/quant/quant_mcp/quant/main/config/prediction_manifests/executable_10d_open_return_l4_formal_20260617.json,stock_predict_data_model_agent_10d_topgate_fusion_20260622_executable_10d_open_return_research,??formal L4 10D??????????????????/ST/??/???????????????????
20260603,20260604,SHSE.601567,601567.SH,三星电气,4,0.9896570495372891,0.04360089153788038,6,0.194,D:/work/quant/quant_mcp/quant/main/config/prediction_manifests/executable_10d_open_return_l4_formal_20260617.json,stock_predict_data_model_agent_10d_topgate_fusion_20260622_executable_10d_open_return_research,??formal L4 10D??????????????????/ST/??/???????????????????
20260603,20260604,SHSE.600208,600208.SH,衢州发展,5,0.9822173834149882,0.0972602760451756,6,0.194,D:/work/quant/quant_mcp/quant/main/config/prediction_manifests/executable_10d_open_return_l4_formal_20260617.json,stock_predict_data_model_agent_10d_topgate_fusion_20260622_executable_10d_open_return_research,??formal L4 10D??????????????????/ST/??/???????????????????
20260604,20260605,SZSE.300972,300972.SZ,万辰集团,1,0.9969152603883142,0.05576842193160315,6,0.206,D:/work/quant/quant_mcp/quant/main/config/prediction_manifests/executable_10d_open_return_l4_formal_20260617.json,stock_predict_data_model_agent_10d_topgate_fusion_20260622_executable_10d_open_return_research,??formal L4 10D??????????????????/ST/??/???????????????????
20260604,20260605,SHSE.601633,601633.SH,长城汽车,2,0.9960079840319361,0.024639855614342565,6,0.206,D:/work/quant/quant_mcp/quant/main/config/prediction_manifests/executable_10d_open_return_l4_formal_20260617.json,stock_predict_data_model_agent_10d_topgate_fusion_20260622_executable_10d_open_return_research,??formal L4 10D??????????????????/ST/??/???????????????????
20260604,20260605,SZSE.002294,002294.SZ,信立泰,3,0.995100707675558,0.05186880386227714,6,0.2,D:/work/quant/quant_mcp/quant/main/config/prediction_manifests/executable_10d_open_return_l4_formal_20260617.json,stock_predict_data_model_agent_10d_topgate_fusion_20260622_executable_10d_open_return_research,??formal L4 10D??????????????????/ST/??/???????????????????
20260604,20260605,SHSE.600208,600208.SH,衢州发展,4,0.9882054073670841,0.09131944613150388,6,0.194,D:/work/quant/quant_mcp/quant/main/config/prediction_manifests/executable_10d_open_return_l4_formal_20260617.json,stock_predict_data_model_agent_10d_topgate_fusion_20260622_executable_10d_open_return_research,??formal L4 10D??????????????????/ST/??/???????????????????
20260604,20260605,SZSE.002738,002738.SZ,中矿资源,5,0.9869352204681546,0.06998321886411166,6,0.194,D:/work/quant/quant_mcp/quant/main/config/prediction_manifests/executable_10d_open_return_l4_formal_20260617.json,stock_predict_data_model_agent_10d_topgate_fusion_20260622_executable_10d_open_return_research,??formal L4 10D??????????????????/ST/??/???????????????????
20260605,20260608,SZSE.002294,002294.SZ,信立泰,1,0.9951033732317737,0.04920260479204211,6,0.206,D:/work/quant/quant_mcp/quant/main/config/prediction_manifests/executable_10d_open_return_l4_formal_20260617.json,stock_predict_data_model_agent_10d_topgate_fusion_20260622_executable_10d_open_return_research,??formal L4 10D??????????????????/ST/??/???????????????????
20260605,20260608,SHSE.600208,600208.SH,衢州发展,2,0.9912948857453754,0.08473684798472605,6,0.206,D:/work/quant/quant_mcp/quant/main/config/prediction_manifests/executable_10d_open_return_l4_formal_20260617.json,stock_predict_data_model_agent_10d_topgate_fusion_20260622_executable_10d_open_return_research,??formal L4 10D??????????????????/ST/??/???????????????????
20260605,20260608,SHSE.601567,601567.SH,三星电气,3,0.9896626768226333,0.04504750851486803,6,0.2,D:/work/quant/quant_mcp/quant/main/config/prediction_manifests/executable_10d_open_return_l4_formal_20260617.json,stock_predict_data_model_agent_10d_topgate_fusion_20260622_executable_10d_open_return_research,??formal L4 10D??????????????????/ST/??/???????????????????
20260605,20260608,SZSE.002738,002738.SZ,中矿资源,4,0.9863982589771491,0.06717817335566928,6,0.194,D:/work/quant/quant_mcp/quant/main/config/prediction_manifests/executable_10d_open_return_l4_formal_20260617.json,stock_predict_data_model_agent_10d_topgate_fusion_20260622_executable_10d_open_return_research,??formal L4 10D??????????????????/ST/??/???????????????????
20260605,20260608,SZSE.300347,300347.SZ,泰格医药,5,0.9825897714907508,0.05263361137544507,6,0.194,D:/work/quant/quant_mcp/quant/main/config/prediction_manifests/executable_10d_open_return_l4_formal_20260617.json,stock_predict_data_model_agent_10d_topgate_fusion_20260622_executable_10d_open_return_research,??formal L4 10D??????????????????/ST/??/???????????????????
20260608,20260609,SHSE.600606,600606.SH,绿地控股,1,1.0086473254759747,0.05071942446043165,6,0.206,D:/work/quant/quant_mcp/quant/main/config/prediction_manifests/executable_10d_open_return_l4_formal_20260617.json,stock_predict_data_model_agent_10d_topgate_fusion_20260622_executable_10d_open_return_research,??formal L4 10D??????????????????/ST/??/???????????????????
20260608,20260609,SZSE.001222,001222.SZ,源飞宠物,2,1.0084496826835903,0.03824728260869565,6,0.206,D:/work/quant/quant_mcp/quant/main/config/prediction_manifests/executable_10d_open_return_l4_formal_20260617.json,stock_predict_data_model_agent_10d_topgate_fusion_20260622_executable_10d_open_return_research,??formal L4 10D??????????????????/ST/??/???????????????????
20260608,20260609,SZSE.300106,300106.SZ,西部牧业,3,1.0082737987307344,0.08369652945924133,6,0.2,D:/work/quant/quant_mcp/quant/main/config/prediction_manifests/executable_10d_open_return_l4_formal_20260617.json,stock_predict_data_model_agent_10d_topgate_fusion_20260622_executable_10d_open_return_research,??formal L4 10D??????????????????/ST/??/???????????????????
20260608,20260609,SZSE.000802,000802.SZ,北京文化,4,1.0080489573889393,0.07259825327510917,6,0.194,D:/work/quant/quant_mcp/quant/main/config/prediction_manifests/executable_10d_open_return_l4_formal_20260617.json,stock_predict_data_model_agent_10d_topgate_fusion_20260622_executable_10d_open_return_research,??formal L4 10D??????????????????/ST/??/???????????????????
20260608,20260609,SZSE.002969,002969.SZ,嘉美包装,5,1.0076029011786038,0.09923891462607544,6,0.194,D:/work/quant/quant_mcp/quant/main/config/prediction_manifests/executable_10d_open_return_l4_formal_20260617.json,stock_predict_data_model_agent_10d_topgate_fusion_20260622_executable_10d_open_return_research,??formal L4 10D??????????????????/ST/??/???????????????????
20260609,20260610,SZSE.002487,002487.SZ,大金重工,1,1.0089084315503174,0.05729998370539351,6,0.206,D:/work/quant/quant_mcp/quant/main/config/prediction_manifests/executable_10d_open_return_l4_formal_20260617.json,stock_predict_data_model_agent_10d_topgate_fusion_20260622_executable_10d_open_return_research,??formal L4 10D??????????????????/ST/??/???????????????????
20260609,20260610,SZSE.001222,001222.SZ,源飞宠物,2,1.0088612873980054,0.03641522029372496,6,0.206,D:/work/quant/quant_mcp/quant/main/config/prediction_manifests/executable_10d_open_return_l4_formal_20260617.json,stock_predict_data_model_agent_10d_topgate_fusion_20260622_executable_10d_open_return_research,??formal L4 10D??????????????????/ST/??/???????????????????
20260609,20260610,SHSE.600606,600606.SH,绿地控股,3,1.0086999093381686,0.04927536231884059,6,0.2,D:/work/quant/quant_mcp/quant/main/config/prediction_manifests/executable_10d_open_return_l4_formal_20260617.json,stock_predict_data_model_agent_10d_topgate_fusion_20260622_executable_10d_open_return_research,??formal L4 10D??????????????????/ST/??/???????????????????
20260609,20260610,SZSE.300487,300487.SZ,蓝晓科技,4,1.0084406165004534,0.04899143672692675,6,0.194,D:/work/quant/quant_mcp/quant/main/config/prediction_manifests/executable_10d_open_return_l4_formal_20260617.json,stock_predict_data_model_agent_10d_topgate_fusion_20260622_executable_10d_open_return_research,??formal L4 10D??????????????????/ST/??/???????????????????
20260609,20260610,SZSE.002660,002660.SZ,茂硕电源,5,1.0076736174070717,0.05261044176706828,6,0.194,D:/work/quant/quant_mcp/quant/main/config/prediction_manifests/executable_10d_open_return_l4_formal_20260617.json,stock_predict_data_model_agent_10d_topgate_fusion_20260622_executable_10d_open_return_research,??formal L4 10D??????????????????/ST/??/???????????????????
20260610,20260611,SZSE.001222,001222.SZ,源飞宠物,1,1.0086375181422351,0.03658783783783783,6,0.206,D:/work/quant/quant_mcp/quant/main/config/prediction_manifests/executable_10d_open_return_l4_formal_20260617.json,stock_predict_data_model_agent_10d_topgate_fusion_20260622_executable_10d_open_return_research,??formal L4 10D??????????????????/ST/??/???????????????????
20260610,20260611,SHSE.688613,688613.SH,奥精医疗,2,1.0083164005805516,0.04402035623409669,6,0.206,D:/work/quant/quant_mcp/quant/main/config/prediction_manifests/executable_10d_open_return_l4_formal_20260617.json,stock_predict_data_model_agent_10d_topgate_fusion_20260622_executable_10d_open_return_research,??formal L4 10D??????????????????/ST/??/???????????????????
20260610,20260611,SHSE.688808,688808.SH,联讯仪器,3,1.0082746734397678,0.09247716789667897,6,0.2,D:/work/quant/quant_mcp/quant/main/config/prediction_manifests/executable_10d_open_return_l4_formal_20260617.json,stock_predict_data_model_agent_10d_topgate_fusion_20260622_executable_10d_open_return_research,??formal L4 10D??????????????????/ST/??/???????????????????
20260610,20260611,SHSE.600918,600918.SH,中泰证券,4,1.0080533381712626,0.02451923076923077,6,0.194,D:/work/quant/quant_mcp/quant/main/config/prediction_manifests/executable_10d_open_return_l4_formal_20260617.json,stock_predict_data_model_agent_10d_topgate_fusion_20260622_executable_10d_open_return_research,??formal L4 10D??????????????????/ST/??/???????????????????
20260610,20260611,SZSE.300642,300642.SZ,透景生命,5,1.00794267053701,0.04143647700701481,6,0.194,D:/work/quant/quant_mcp/quant/main/config/prediction_manifests/executable_10d_open_return_l4_formal_20260617.json,stock_predict_data_model_agent_10d_topgate_fusion_20260622_executable_10d_open_return_research,??formal L4 10D??????????????????/ST/??/???????????????????
20260611,20260612,SHSE.600518,600518.SH,康美药业,1,1.0090090744101634,0.036594202898550726,6,0.206,D:/work/quant/quant_mcp/quant/main/config/prediction_manifests/executable_10d_open_return_l4_formal_20260617.json,stock_predict_data_model_agent_10d_topgate_fusion_20260622_executable_10d_open_return_research,??formal L4 10D??????????????????/ST/??/???????????????????
20260611,20260612,SZSE.000882,000882.SZ,华联股份,2,1.007687840290381,0.04428571428571429,6,0.206,D:/work/quant/quant_mcp/quant/main/config/prediction_manifests/executable_10d_open_return_l4_formal_20260617.json,stock_predict_data_model_agent_10d_topgate_fusion_20260622_executable_10d_open_return_research,??formal L4 10D??????????????????/ST/??/???????????????????
20260611,20260612,SZSE.000876,000876.SZ,新希望,3,1.0076642468239565,0.028895612708018152,6,0.2,D:/work/quant/quant_mcp/quant/main/config/prediction_manifests/executable_10d_open_return_l4_formal_20260617.json,stock_predict_data_model_agent_10d_topgate_fusion_20260622_executable_10d_open_return_research,??formal L4 10D??????????????????/ST/??/???????????????????
20260611,20260612,SHSE.688808,688808.SH,联讯仪器,4,1.007502722323049,0.09375272479564033,6,0.194,D:/work/quant/quant_mcp/quant/main/config/prediction_manifests/executable_10d_open_return_l4_formal_20260617.json,stock_predict_data_model_agent_10d_topgate_fusion_20260622_executable_10d_open_return_research,??formal L4 10D??????????????????/ST/??/???????????????????
20260611,20260612,SZSE.300642,300642.SZ,透景生命,5,0.997459165154265,0.04168458498023715,6,0.194,D:/work/quant/quant_mcp/quant/main/config/prediction_manifests/executable_10d_open_return_l4_formal_20260617.json,stock_predict_data_model_agent_10d_topgate_fusion_20260622_executable_10d_open_return_research,??formal L4 10D??????????????????/ST/??/???????????????????
20260612,20260615,SZSE.000876,000876.SZ,新希望,1,1.0078297949555435,0.02981651376146789,6,0.206,D:/work/quant/quant_mcp/quant/main/config/prediction_manifests/executable_10d_open_return_l4_formal_20260617.json,stock_predict_data_model_agent_10d_topgate_fusion_20260622_executable_10d_open_return_research,??formal L4 10D??????????????????/ST/??/???????????????????
20260612,20260615,SHSE.603866,603866.SH,桃李面包,2,1.0077481400834694,0.0278609756097561,6,0.206,D:/work/quant/quant_mcp/quant/main/config/prediction_manifests/executable_10d_open_return_l4_formal_20260617.json,stock_predict_data_model_agent_10d_topgate_fusion_20260622_executable_10d_open_return_research,??formal L4 10D??????????????????/ST/??/???????????????????
20260612,20260615,SZSE.300487,300487.SZ,蓝晓科技,3,1.0075013609145345,0.0495311327831958,6,0.2,D:/work/quant/quant_mcp/quant/main/config/prediction_manifests/executable_10d_open_return_l4_formal_20260617.json,stock_predict_data_model_agent_10d_topgate_fusion_20260622_executable_10d_open_return_research,??formal L4 10D??????????????????/ST/??/???????????????????
20260612,20260615,SHSE.600918,600918.SH,中泰证券,4,0.9974596262021411,0.024906367041198505,6,0.194,D:/work/quant/quant_mcp/quant/main/config/prediction_manifests/executable_10d_open_return_l4_formal_20260617.json,stock_predict_data_model_agent_10d_topgate_fusion_20260622_executable_10d_open_return_research,??formal L4 10D??????????????????/ST/??/???????????????????
20260612,20260615,SZSE.300642,300642.SZ,透景生命,5,0.9972781709308656,0.04111660231660232,6,0.194,D:/work/quant/quant_mcp/quant/main/config/prediction_manifests/executable_10d_open_return_l4_formal_20260617.json,stock_predict_data_model_agent_10d_topgate_fusion_20260622_executable_10d_open_return_research,??formal L4 10D??????????????????/ST/??/???????????????????
20260615,20260616,SHSE.600518,600518.SH,康美药业,1,1.0091645477660733,0.03633093525179856,6,0.206,D:/work/quant/quant_mcp/quant/main/config/prediction_manifests/executable_10d_open_return_l4_formal_20260617.json,stock_predict_data_model_agent_10d_topgate_fusion_20260622_executable_10d_open_return_research,??formal L4 10D??????????????????/ST/??/???????????????????
20260615,20260616,SZSE.002482,002482.SZ,广田集团,2,1.008922993098438,0.04142857142857143,6,0.206,D:/work/quant/quant_mcp/quant/main/config/prediction_manifests/executable_10d_open_return_l4_formal_20260617.json,stock_predict_data_model_agent_10d_topgate_fusion_20260622_executable_10d_open_return_research,??formal L4 10D??????????????????/ST/??/???????????????????
20260615,20260616,SHSE.603409,603409.SH,汇通控股,3,1.0083636033418089,0.07030099263528658,6,0.2,D:/work/quant/quant_mcp/quant/main/config/prediction_manifests/executable_10d_open_return_l4_formal_20260617.json,stock_predict_data_model_agent_10d_topgate_fusion_20260622_executable_10d_open_return_research,??formal L4 10D??????????????????/ST/??/???????????????????
20260615,20260616,SZSE.000876,000876.SZ,新希望,4,1.0081729022884127,0.030167173252279637,6,0.194,D:/work/quant/quant_mcp/quant/main/config/prediction_manifests/executable_10d_open_return_l4_formal_20260617.json,stock_predict_data_model_agent_10d_topgate_fusion_20260622_executable_10d_open_return_research,??formal L4 10D??????????????????/ST/??/???????????????????
20260615,20260616,SHSE.600104,600104.SH,上汽集团,5,1.0079495096258626,0.02585727525486562,6,0.194,D:/work/quant/quant_mcp/quant/main/config/prediction_manifests/executable_10d_open_return_l4_formal_20260617.json,stock_predict_data_model_agent_10d_topgate_fusion_20260622_executable_10d_open_return_research,??formal L4 10D??????????????????/ST/??/???????????????????
20260616,20260617,SZSE.002482,002482.SZ,广田集团,1,1.009836749501179,0.0425,6,0.206,D:/work/quant/quant_mcp/quant/main/config/prediction_manifests/executable_10d_open_return_l4_formal_20260617.json,stock_predict_data_model_agent_10d_topgate_fusion_20260622_executable_10d_open_return_research,??formal L4 10D??????????????????/ST/??/???????????????????
20260616,20260617,SZSE.000876,000876.SZ,新希望,2,1.0078469073099945,0.030444785276073624,6,0.206,D:/work/quant/quant_mcp/quant/main/config/prediction_manifests/executable_10d_open_return_l4_formal_20260617.json,stock_predict_data_model_agent_10d_topgate_fusion_20260622_executable_10d_open_return_research,??formal L4 10D??????????????????/ST/??/???????????????????
20260616,20260617,SHSE.603409,603409.SH,汇通控股,3,1.0078215127879557,0.06928638792832444,6,0.2,D:/work/quant/quant_mcp/quant/main/config/prediction_manifests/executable_10d_open_return_l4_formal_20260617.json,stock_predict_data_model_agent_10d_topgate_fusion_20260622_executable_10d_open_return_research,??formal L4 10D??????????????????/ST/??/???????????????????
20260616,20260617,SHSE.600104,600104.SH,上汽集团,4,1.006890984944676,0.026056338028169014,6,0.194,D:/work/quant/quant_mcp/quant/main/config/prediction_manifests/executable_10d_open_return_l4_formal_20260617.json,stock_predict_data_model_agent_10d_topgate_fusion_20260622_executable_10d_open_return_research,??formal L4 10D??????????????????/ST/??/???????????????????
20260616,20260617,SHSE.603866,603866.SH,桃李面包,5,0.9972791583529839,0.030014184397163114,6,0.194,D:/work/quant/quant_mcp/quant/main/config/prediction_manifests/executable_10d_open_return_l4_formal_20260617.json,stock_predict_data_model_agent_10d_topgate_fusion_20260622_executable_10d_open_return_research,??formal L4 10D??????????????????/ST/??/???????????????????
20260617,20260618,SZSE.002482,002482.SZ,广田集团,1,1.0084879288437103,0.04343065693430656,6,0.206,D:/work/quant/quant_mcp/quant/main/config/prediction_manifests/executable_10d_open_return_l4_formal_20260617.json,stock_predict_data_model_agent_10d_topgate_fusion_20260622_executable_10d_open_return_research,??formal L4 10D??????????????????/ST/??/???????????????????
20260617,20260618,SZSE.000876,000876.SZ,新希望,2,0.9974587039390089,0.03219936708860759,6,0.206,D:/work/quant/quant_mcp/quant/main/config/prediction_manifests/executable_10d_open_return_l4_formal_20260617.json,stock_predict_data_model_agent_10d_topgate_fusion_20260622_executable_10d_open_return_research,??formal L4 10D??????????????????/ST/??/???????????????????
20260617,20260618,SZSE.000882,000882.SZ,华联股份,3,0.9972771827917952,0.04637681159420289,6,0.2,D:/work/quant/quant_mcp/quant/main/config/prediction_manifests/executable_10d_open_return_l4_formal_20260617.json,stock_predict_data_model_agent_10d_topgate_fusion_20260622_executable_10d_open_return_research,??formal L4 10D??????????????????/ST/??/???????????????????
20260617,20260618,SHSE.600104,600104.SH,上汽集团,4,0.9970956616445816,0.025852272727272727,6,0.194,D:/work/quant/quant_mcp/quant/main/config/prediction_manifests/executable_10d_open_return_l4_formal_20260617.json,stock_predict_data_model_agent_10d_topgate_fusion_20260622_executable_10d_open_return_research,??formal L4 10D??????????????????/ST/??/???????????????????
20260617,20260618,SHSE.603866,603866.SH,桃李面包,5,0.9967326193501543,0.03237745098039216,6,0.194,D:/work/quant/quant_mcp/quant/main/config/prediction_manifests/executable_10d_open_return_l4_formal_20260617.json,stock_predict_data_model_agent_10d_topgate_fusion_20260622_executable_10d_open_return_research,??formal L4 10D??????????????????/ST/??/???????????????????
20260618,20260622,SZSE.300747,300747.SZ,锐科激光,1,1.0090866170328672,0.07798390379278446,6,0.206,D:/work/quant/quant_mcp/quant/main/config/prediction_manifests/executable_10d_open_return_l4_formal_20260617.json,stock_predict_data_model_agent_10d_topgate_fusion_20260622_executable_10d_open_return_research,??formal L4 10D??????????????????/ST/??/???????????????????
20260618,20260622,SHSE.605358,605358.SH,立昂微,2,1.0088959506083166,0.07837606837606836,6,0.206,D:/work/quant/quant_mcp/quant/main/config/prediction_manifests/executable_10d_open_return_l4_formal_20260617.json,stock_predict_data_model_agent_10d_topgate_fusion_20260622_executable_10d_open_return_research,??formal L4 10D??????????????????/ST/??/???????????????????
20260618,20260622,SHSE.688059,688059.SH,华锐精密,3,1.0087452333393863,0.06336749065125541,6,0.2,D:/work/quant/quant_mcp/quant/main/config/prediction_manifests/executable_10d_open_return_l4_formal_20260617.json,stock_predict_data_model_agent_10d_topgate_fusion_20260622_executable_10d_open_return_research,??formal L4 10D??????????????????/ST/??/???????????????????
20260618,20260622,SHSE.600567,600567.SH,山鹰国际,4,1.0085763573633557,0.03984962406015037,6,0.194,D:/work/quant/quant_mcp/quant/main/config/prediction_manifests/executable_10d_open_return_l4_formal_20260617.json,stock_predict_data_model_agent_10d_topgate_fusion_20260622_executable_10d_open_return_research,??formal L4 10D??????????????????/ST/??/???????????????????
20260618,20260622,SZSE.300907,300907.SZ,康平科技,5,1.008049754857454,0.09481389014979573,6,0.194,D:/work/quant/quant_mcp/quant/main/config/prediction_manifests/executable_10d_open_return_l4_formal_20260617.json,stock_predict_data_model_agent_10d_topgate_fusion_20260622_executable_10d_open_return_research,??formal L4 10D??????????????????/ST/??/???????????????????
20260622,20260623,SHSE.688059,688059.SH,华锐精密,1,1.01,0.06217760982522438,6,0.206,D:/work/quant/quant_mcp/quant/main/config/prediction_manifests/executable_10d_open_return_l4_formal_20260617.json,stock_predict_data_model_agent_10d_topgate_fusion_20260622_executable_10d_open_return_research,??formal L4 10D??????????????????/ST/??/???????????????????
20260622,20260623,SHSE.688257,688257.SH,新锐股份,2,1.0098166969147004,0.06855330948121646,6,0.206,D:/work/quant/quant_mcp/quant/main/config/prediction_manifests/executable_10d_open_return_l4_formal_20260617.json,stock_predict_data_model_agent_10d_topgate_fusion_20260622_executable_10d_open_return_research,??formal L4 10D??????????????????/ST/??/???????????????????
20260622,20260623,SHSE.688322,688322.SH,奥比中光,3,1.009633393829401,0.0915963761324586,6,0.2,D:/work/quant/quant_mcp/quant/main/config/prediction_manifests/executable_10d_open_return_l4_formal_20260617.json,stock_predict_data_model_agent_10d_topgate_fusion_20260622_executable_10d_open_return_research,??formal L4 10D??????????????????/ST/??/???????????????????
20260622,20260623,SZSE.300964,300964.SZ,本川智能,4,1.0092667876588022,0.09167634706460548,6,0.194,D:/work/quant/quant_mcp/quant/main/config/prediction_manifests/executable_10d_open_return_l4_formal_20260617.json,stock_predict_data_model_agent_10d_topgate_fusion_20260622_executable_10d_open_return_research,??formal L4 10D??????????????????/ST/??/???????????????????
20260622,20260623,SHSE.688017,688017.SH,绿的谐波,5,1.0090834845735028,0.0938763316467926,6,0.194,D:/work/quant/quant_mcp/quant/main/config/prediction_manifests/executable_10d_open_return_l4_formal_20260617.json,stock_predict_data_model_agent_10d_topgate_fusion_20260622_executable_10d_open_return_research,??formal L4 10D??????????????????/ST/??/???????????????????
