signal_date,buy_date,symbol,stock_code,name,rank,pred_prob,atr_ratio,holding_days,target_pct,trade_date,pred_5d,pred_10d,total_mv,amount,turnover_rate,atr_qfq,close,pred_gap,pool_role,reweight_scale,base_target_pct,max_holding_days,risk_role,signal_score_exit_entry_ratio,signal_min_holding_days_before_score_exit,signal_score_continue_entry_ratio
20240604,20240605,SZSE.300163,300163.SZ,先锋新材,2,0.13654619455337524,,6,0.17548,20240604,0.05413400009274483,0.1369175910949707,54984.0,45739.937,9.7519,,1.1600000431915973,0.08278359100222588,weak,0.850000,0.20000,6,risk,,,
20240604,20240605,SHSE.600234,600234.SH,科新发展,3,0.08216769993305206,,6,0.42000,20240604,0.05661770701408386,0.12675349414348602,55129.4043,7937.341,1.8971,,2.0999999336116217,0.07013578712940216,weak,1.000000,0.42000,6,risk,,,
20240604,20240605,SHSE.603608,603608.SH,天创时尚,4,0.073703333735466,,6,0.20645,20240604,0.04251546412706375,0.112049400806427,108704.4683,12774.025,1.2091,,2.589999970558147,0.06953393667936325,weak,1.000000,0.20000,6,quality,,,
20240604,20240605,SZSE.300368,300368.SZ,汇金股份,5,0.07255689799785614,,6,0.14452,20240604,0.08570349216461182,0.16455815732479095,107904.4689,57231.119,5.2369,,2.040000005728364,0.07885466516017914,weak,1.000000,0.14000,6,risk,,,
20240605,20240606,SZSE.301105,301105.SZ,鸿铭股份,1,0.12514197826385498,,6,0.32686,20240605,0.01034350786358118,0.0279235877096653,124750.0,17336.662,4.8514,,24.94999879523169,0.017580079846084118,strong,1.000000,0.32000,6,base,,,
20240605,20240606,SHSE.600234,600234.SH,科新发展,2,0.05938578024506569,,6,0.20429,20240605,0.07642586529254913,0.12989597022533417,55654.4463,10756.06,2.4951,,2.119999932979352,0.053470104932785034,weak,1.000000,0.20000,6,quality,,,
20240605,20240606,SZSE.002197,002197.SZ,证通电子,3,0.055763039737939835,,6,0.12155,20240605,0.06458424031734467,0.12385294586420059,196596.137,163113.638,9.6929,,3.200000119384169,0.059268705546855927,weak,0.850000,0.14000,6,risk,,,
20240605,20240606,SHSE.603608,603608.SH,天创时尚,4,0.05432688072323799,,6,0.20429,20240605,0.044630203396081924,0.11071444302797318,110803.0102,12839.86,1.1622,,2.639999969989772,0.06608423963189125,weak,1.000000,0.20000,6,quality,,,
20240605,20240606,SZSE.300165,300165.SZ,天瑞仪器,5,0.046509772539138794,,6,0.14300,20240605,0.03497463837265968,0.11590785533189774,120904.8609,54783.639,5.6259,,2.4399999543732287,0.08093321695923805,weak,1.000000,0.14000,6,risk,,,
20240606,20240607,SHSE.600778,600778.SH,友好集团,1,0.08205222338438034,,6,0.20600,20240606,0.016667252406477928,0.04687406122684479,115563.2916,25070.274,2.1472,,3.7100000319427715,0.03020680882036686,weak,1.000000,0.20600,6,base,,,
20240606,20240607,SHSE.603041,603041.SH,美思德,2,0.07636323571205139,,6,0.20600,20240606,0.016307063400745392,0.04352261498570442,184979.1689,33873.103,1.8232,,9.80372953961444,0.02721555158495903,weak,1.000000,0.20600,6,risk,,,
20240606,20240607,SZSE.300851,300851.SZ,交大思诺,3,0.06992002576589584,,6,0.14000,20240606,0.011085220612585545,0.03478415682911873,194730.816,20524.37,2.0115,,21.191651876933356,0.023698936216533184,weak,1.000000,0.14000,6,risk,,,
20240606,20240607,SHSE.603900,603900.SH,莱绅通灵,4,0.05831748992204666,,6,0.20600,20240606,0.017935149371623993,0.07082769274711609,159792.3379,67480.248,4.218,,4.4799436406945885,0.052892543375492096,weak,1.000000,0.20600,6,base,,,
20240606,20240607,SHSE.688323,688323.SH,瑞华泰,5,0.05370577797293663,,6,0.14000,20240606,0.009270207956433296,0.05523393675684929,178020.1899,24612.861,1.364,,9.890000412525762,0.04596372880041599,weak,1.000000,0.14000,6,quality,,,
20240607,20240611,SZSE.300071,300071.SZ,福石控股,2,0.10969877988100052,,6,0.20600,20240607,0.027290144935250282,0.07132299244403839,192467.8497,56288.007,3.0591,,2.0300000208728717,0.04403284750878811,weak,1.000000,0.20600,6,risk,,,
20240607,20240611,SZSE.000633,000633.SZ,合金投资,3,0.09204324334859848,,6,0.14000,20240607,0.019898463040590286,0.05893886834383011,169061.6977,45378.204,2.7225,,4.390000053739337,0.03904040530323982,weak,1.000000,0.14000,6,base,,,
20240607,20240611,SZSE.300150,300150.SZ,世纪瑞尔,4,0.09204324334859848,,6,0.20600,20240607,0.021038619801402092,0.06254720687866211,152712.6798,32229.17,2.435,,2.6100000144534463,0.04150858707726002,weak,1.000000,0.20600,6,base,,,
20240607,20240611,SZSE.300329,300329.SZ,海伦钢琴,5,0.09204324334859848,,6,0.14000,20240607,0.020018145442008972,0.059781428426504135,94580.4037,27140.856,2.9135,,3.719964931871632,0.03976328298449516,weak,1.000000,0.14000,6,base,,,
20240611,20240612,SZSE.300266,300266.SZ,兴源环境,3,0.4980207085609436,,6,0.14000,20240611,0.020984675735235214,0.05177227407693863,192672.1069,30383.554,1.5757,,1.2400000464425647,0.030787598341703415,weak,1.000000,0.14000,6,risk,,,
20240611,20240612,SZSE.000510,000510.SZ,新金路,4,0.09895556420087814,,6,0.20000,20240611,0.02951361984014511,0.09334193915128708,172398.5779,54630.144,3.4129,,2.8299999813547614,0.06382831931114197,weak,1.000000,0.20000,6,base,,,
20240611,20240612,SHSE.600883,600883.SH,博闻科技,5,0.09557127207517624,,6,0.14000,20240611,0.022865818813443184,0.0570339597761631,136222.776,19322.743,1.422,,5.678203569203861,0.03416814096271992,weak,1.000000,0.14000,6,quality,,,
20240612,20240613,SZSE.002052,002052.SZ,同洲电子,2,0.47359582781791687,,6,0.42000,20240612,-0.07377620041370392,0.3441869616508484,62660.6143,4498.65,0.7179,,0.8399999802607041,0.4179631620645523,weak,1.000000,0.42000,6,risk,,,
20240612,20240613,SZSE.300266,300266.SZ,兴源环境,3,0.4663146734237671,,6,0.14000,20240612,0.025765573605895042,0.09466155618429184,198887.3362,28910.344,1.4613,,1.2800000479407119,0.0688959825783968,weak,1.000000,0.14000,6,risk,,,
20240612,20240613,SZSE.002742,002742.SZ,三圣股份,4,0.17113564908504486,,6,0.42000,20240612,-0.012239011935889721,0.0496530756354332,63072.0,2430.097,0.3854,,1.4599999407504467,0.06189208757132292,weak,1.000000,0.42000,6,quality,,,
20240612,20240613,SHSE.600530,600530.SH,交大昂立,5,0.0815185159444809,,6,0.42000,20240612,0.008515043184161186,0.04968990013003349,187530.64,199.771,0.0107,,2.4169391137618685,0.04117485694587231,weak,1.000000,0.42000,6,risk,,,
20240613,20240614,SZSE.300266,300266.SZ,兴源环境,3,0.45586928725242615,,6,0.14000,20240613,0.01855093240737915,0.12180265784263611,195779.7216,25399.797,1.3041,,1.2600000471916382,0.10325172543525696,weak,1.000000,0.14000,6,risk,,,
20240613,20240614,SZSE.300329,300329.SZ,海伦钢琴,4,0.0607663132250309,,6,0.20000,20240613,0.008147451095283031,0.04566865414381027,95339.0701,21029.925,2.2001,,3.7498042227689976,0.03752120304852724,weak,1.000000,0.20000,6,base,,,
20240613,20240614,SZSE.001231,001231.SZ,农心科技,5,0.05988900363445282,,6,0.14000,20240613,0.019183363765478134,0.04895312339067459,150300.0,20680.375,3.7558,,14.77664343204738,0.029769759625196457,weak,1.000000,0.14000,6,base,,,
20240614,20240617,SZSE.002490,002490.SZ,山东墨龙,3,0.06399325281381607,,6,0.14000,20240614,0.016984011977910995,0.08282700181007385,146804.1056,13238.002,1.339,,1.8399999193016097,0.06584298983216286,weak,1.000000,0.14000,6,quality,,,
20240614,20240617,SZSE.300165,300165.SZ,天瑞仪器,4,0.05701964348554611,,6,0.20000,20240614,0.03167722746729851,0.09951604902744293,116940.7671,42514.611,4.5721,,2.3599999558691884,0.06783882156014442,weak,1.000000,0.20000,6,base,,,
20240614,20240617,SHSE.603023,603023.SH,威帝股份,5,0.055488623678684235,,6,0.14000,20240614,0.02543218433856964,0.09109146893024445,105108.9239,25280.096,2.4402,,1.86999993910063,0.0656592845916748,weak,1.000000,0.14000,6,base,,,
20240617,20240618,SZSE.300511,300511.SZ,雪榕生物,3,0.07691752910614014,,6,0.14933,20240617,0.023856734856963158,0.11457104235887527,133673.2772,65968.877,5.9219,,2.68,0.09071430750191212,weak,1.000000,0.14000,6,risk,,,
20240617,20240618,SZSE.300839,300839.SZ,博汇股份,4,0.0682687908411026,,6,0.18133,20240617,0.03441077470779419,0.09842437505722046,137462.7358,82302.968,6.1262,,5.600000008823753,0.06401360034942627,weak,0.850000,0.20000,6,risk,,,
20240617,20240618,SZSE.300165,300165.SZ,天瑞仪器,5,0.05929381772875786,,6,0.14933,20240617,0.039710983633995056,0.10709933936595917,113967.6968,43181.46,4.6491,,2.299999956991158,0.06738835573196411,weak,1.000000,0.14000,6,base,,,
20240618,20240619,SZSE.300266,300266.SZ,兴源环境,2,0.4561895430088043,,6,0.21943,20240618,0.020038552582263947,0.12306056171655655,194225.9143,40737.245,2.0624,,1.2500000468171013,0.1030220091342926,weak,1.000000,0.20600,6,risk,,,
20240618,20240619,SZSE.002052,002052.SZ,同洲电子,3,0.3802777826786041,,6,0.12676,20240618,0.06226947158575058,0.1562771499156952,76087.8888,61869.626,8.1315,,1.0199999760308551,0.09400767832994461,weak,0.850000,0.14000,6,risk,,,
20240618,20240619,SZSE.300839,300839.SZ,博汇股份,4,0.07129773497581482,,6,0.21304,20240618,0.028390271589159966,0.09441053867340088,138690.0816,49742.909,3.7023,,5.650000008902536,0.06602026708424091,weak,1.000000,0.20000,6,base,,,
20240618,20240619,SZSE.300511,300511.SZ,雪榕生物,5,0.06970104575157166,,6,0.12676,20240618,0.013797731138765812,0.08456222712993622,140656.2096,77273.592,6.6235,,2.82,0.0707644959911704,weak,0.850000,0.14000,6,risk,,,
20240619,20240620,SZSE.002247,002247.SZ,聚力文化,3,0.2493666112422943,,6,0.14000,20240619,0.017484020441770554,0.09556598961353302,108060.4962,11235.578,1.3773,,1.2699999977595195,0.07808196917176247,weak,1.000000,0.14000,6,risk,,,
20240619,20240620,SZSE.300600,300600.SZ,国瑞科技,4,0.20061495900154114,,6,0.20600,20240619,0.029231516644358635,0.8166658282279968,169184.826,22489.384,1.7068,,5.749999896986538,0.7874343115836382,weak,1.000000,0.20600,6,risk,,,
20240619,20240620,SZSE.300511,300511.SZ,雪榕生物,5,0.07416656613349915,,6,0.14000,20240619,0.019879009574651718,0.09505189955234528,137164.7434,47002.664,4.0293,,2.75,0.07517288997769356,weak,1.000000,0.14000,6,risk,,,
20240620,20240621,SZSE.002052,002052.SZ,同洲电子,2,0.47675028443336487,,6,0.18133,20240620,0.043911125510931015,0.13931064307689667,75341.9291,50611.481,7.1423,,1.0099999762658467,0.09539951756596565,weak,0.850000,0.20000,6,risk,,,
20240620,20240621,SZSE.002247,002247.SZ,聚力文化,3,0.24190722405910492,,6,0.14933,20240620,0.01468479074537754,0.11139214783906937,104657.016,14483.517,1.8172,,1.229999997830086,0.09670735709369183,weak,1.000000,0.14000,6,risk,,,
20240620,20240621,SZSE.000506,000506.SZ,招金黄金,4,0.06723754853010178,,6,0.18133,20240620,0.06659951061010361,0.15327151119709015,111482.1313,117450.003,10.5526,,1.1999999912336343,0.08667200058698654,weak,0.850000,0.20000,6,risk,,,
20240620,20240621,SHSE.600671,600671.SH,天目药业,5,0.060887712985277176,,6,0.42000,20240620,0.004416583105921745,0.036894042044878006,94013.2992,1718.242,0.1801,,7.720000126121896,0.03247745893895626,weak,1.000000,0.42000,6,quality,,,
20240621,20240624,SZSE.000506,000506.SZ,招金黄金,4,0.4066286087036133,,6,0.20600,20240621,0.045609019696712494,0.15142083168029785,117056.2379,48638.802,4.2366,,1.259999990795316,0.10581181198358536,weak,1.000000,0.20600,6,risk,,,
20240621,20240624,SZSE.300300,300300.SZ,海峡创新,5,0.24594002962112427,,6,0.14000,20240621,0.040253814309835434,0.10187402367591858,85356.4239,16884.873,1.9746,,1.2800000344479416,0.061620209366083145,weak,1.000000,0.14000,6,quality,,,
20240624,20240625,SZSE.300717,300717.SZ,华信新材,3,0.0310237854719162,,6,0.32000,20240624,0.015409898944199085,0.03165041655302048,160020.675,53167.252,3.3251,,15.254136064592476,0.016240517608821392,strong,1.000000,0.32000,6,base,,,
20240624,20240625,SZSE.002141,002141.SZ,贤丰控股,1,0.09801290184259415,,6,0.20600,20240624,0.01822383515536785,0.11463857442140579,102119.0867,32473.816,3.3024,,0.9000000017040466,0.09641473926603794,weak,1.000000,0.20600,6,risk,,,
20240624,20240625,SHSE.600671,600671.SH,天目药业,2,0.03573664650321007,,6,0.42000,20240624,0.007067411206662655,0.03327782452106476,93891.5203,1138.332,0.1211,,7.710000125958526,0.026210413314402103,weak,1.000000,0.42000,6,quality,,,
20240624,20240625,SHSE.600802,600802.SH,福建水泥,4,0.019948303699493408,,6,0.20600,20240624,0.010776729322969913,0.049064069986343384,126018.31,19625.463,1.5457,,2.750000039267327,0.03828734066337347,weak,1.000000,0.20600,6,quality,,,
20240624,20240625,SZSE.002316,002316.SZ,亚联发展,5,0.019102459773421288,,6,0.14000,20240624,0.013257808983325958,0.05324991047382355,119115.36,29333.93,3.0584,,3.029999968816908,0.03999210149049759,weak,1.000000,0.14000,6,base,,,
20240626,20240627,SZSE.002052,002052.SZ,同洲电子,5,0.3189736306667328,,6,0.14000,20240626,0.03374830633401871,0.13304713368415833,72358.0903,12153.142,1.7264,,0.969999977205813,0.09929882735013962,weak,1.000000,0.14000,6,risk,,,
20240627,20240628,SHSE.603879,603879.SH,永悦科技,3,0.058526840060949326,,6,0.14000,20240627,0.054219331592321396,0.12303502857685089,69258.6125,18251.947,2.55,,1.9200000114485636,0.0688156969845295,weak,1.000000,0.14000,6,quality,,,
20240627,20240628,SZSE.300511,300511.SZ,雪榕生物,4,0.054595254361629486,,6,0.20000,20240627,0.027706032618880272,0.09690205752849579,130181.811,28618.137,2.587,,2.61,0.06919602490961552,weak,1.000000,0.20000,6,base,,,
20240627,20240628,SZSE.300269,300269.SZ,联建光电,5,0.04995333403348923,,6,0.14000,20240627,0.01987871155142784,0.08391167968511581,138925.7977,37475.369,2.7782,,2.5299998814406868,0.06403296813368797,weak,1.000000,0.14000,6,base,,,
20240628,20240701,SZSE.300875,300875.SZ,捷强装备,5,0.11184041947126389,,6,0.14000,20240628,0.04035051539540291,0.10484630614519119,184394.7851,127731.153,10.2756,,18.470000147456627,0.06449579074978828,weak,0.850000,0.14000,6,risk,,,
20240701,20240702,SHSE.600227,600227.SH,赤天化,4,0.4728897511959076,,6,0.20600,20240701,0.122160404920578,0.08591333031654358,191324.1647,59069.036,4.242,,1.13,0.036247074604034424,weak,1.000000,0.20600,6,risk,,,
20240701,20240702,SZSE.300266,300266.SZ,兴源环境,5,0.44142717123031616,,6,0.14000,20240701,0.02269047126173973,0.11914580315351486,188010.685,38573.972,2.0926,,1.210000045318954,0.09645533189177513,weak,1.000000,0.14000,6,risk,,,
20240702,20240703,SZSE.002596,002596.SZ,海南瑞泽,4,0.13970249891281128,,6,0.20600,20240702,0.010434508323669434,0.04781079664826393,164104.0141,16145.365,1.0778,,1.429999981333476,0.0373762883245945,weak,1.000000,0.20600,6,quality,,,
20240702,20240703,SZSE.300266,300266.SZ,兴源环境,5,0.10388080030679703,,6,0.14000,20240702,0.01681334525346756,0.10896928608417511,197333.5289,61677.812,3.1593,,1.270000047566175,0.09215594083070755,weak,1.000000,0.14000,6,risk,,,
20240703,20240704,SHSE.600322,600322.SH,津投城开,4,0.4952177107334137,,6,0.33531,20240703,-0.03134824335575104,-0.03679690137505531,155903.7,28826.366,1.8551,,1.4100000426882788,0.0054486580193042755,strong,1.000000,0.32000,6,quality,,,
20240703,20240704,SZSE.000506,000506.SZ,招金黄金,5,0.24737150967121124,,6,0.12469,20240703,0.06422912329435349,0.16228289902210236,91972.7583,93120.266,10.1821,,0.9899999927677484,0.09805377572774887,weak,0.850000,0.14000,6,risk,,,
20240704,20240705,SZSE.300599,300599.SZ,雄塑科技,2,0.0684545487165451,,6,0.32881,20240704,-0.011716400273144245,0.00200892542488873,176200.731,10725.577,1.0123,,4.883276986169078,0.013725325698032975,strong,1.000000,0.32000,6,quality,,,
20240704,20240705,SZSE.002743,002743.SZ,富煌钢构,4,0.048597998917102814,,6,0.32881,20240704,0.0062606725841760635,0.02448594942688942,160614.0684,15812.37,0.9751,,3.6208924497483093,0.018225276842713356,strong,1.000000,0.32000,6,quality,,,
20240704,20240705,SZSE.000506,000506.SZ,招金黄金,1,0.13506504893302917,,6,0.17468,20240704,0.04594501852989197,0.15285731852054596,96617.8471,115796.617,12.0601,,1.0399999924024832,0.10691229999065399,weak,0.850000,0.20000,6,risk,,,
20240704,20240705,SHSE.603937,603937.SH,丽岛新材,3,0.050064411014318466,,6,0.14385,20240704,0.0015201844507828355,0.03967515006661415,161464.2987,17682.042,1.092,,7.72999983901214,0.038154965615831316,weak,1.000000,0.14000,6,quality,,,
20240704,20240705,SHSE.688273,688273.SH,麦澜德,5,0.04396158084273338,,6,0.14385,20240704,0.003956207074224949,0.03331324830651283,187100.0,13217.449,1.9482,,17.821434198203118,0.029357041232287884,weak,1.000000,0.14000,6,risk,,,
20240705,20240708,SZSE.002596,002596.SZ,海南瑞泽,4,0.13881000876426697,,6,0.20600,20240705,0.013072534464299679,0.04987203702330589,162956.4336,11980.466,0.8075,,1.4199999814640112,0.036799502559006214,weak,1.000000,0.20600,6,quality,,,
20240705,20240708,SZSE.300300,300300.SZ,海峡创新,5,0.09269404411315918,,6,0.14000,20240705,0.029407596215605736,0.12094954401254654,78021.1063,42528.058,5.6005,,1.1700000314875716,0.0915419477969408,weak,1.000000,0.14000,6,risk,,,
20240708,20240709,SZSE.002205,002205.SZ,国统股份,4,0.07308273762464523,,6,0.20600,20240708,-0.009658408351242542,0.014096098020672798,112992.6826,36234.53,3.1333,,6.079999784940319,0.02375450637191534,weak,1.000000,0.20600,6,base,,,
20240708,20240709,SHSE.600671,600671.SH,天目药业,5,0.03398981690406799,,6,0.42000,20240708,0.006784362718462944,0.03682269528508186,90238.1538,1597.757,0.175,,7.410000121057416,0.03003833256661892,weak,1.000000,0.42000,6,quality,,,
20240709,20240710,SZSE.300300,300300.SZ,海峡创新,5,0.09282279759645462,,6,0.14000,20240709,0.029495595023036003,0.12335231155157089,74686.8709,29519.288,3.9247,,1.120000030141949,0.09385671652853489,weak,1.000000,0.14000,6,risk,,,
20240710,20240711,SZSE.002622,002622.SZ,皓宸医疗,5,0.395585834980011,,6,0.14000,20240710,0.028232097625732422,0.12486856430768967,102480.0,14757.494,1.4389,,1.2199999575605083,0.09663646668195724,weak,1.000000,0.14000,6,risk,,,
20240711,20240712,SZSE.002622,002622.SZ,皓宸医疗,4,0.14612239599227905,,6,0.21317,20240711,0.022418364882469177,0.1118307039141655,107520.0,29900.339,2.8462,,1.2799999554733201,0.08941233903169632,weak,1.000000,0.20000,6,risk,,,
20240711,20240712,SZSE.000506,000506.SZ,招金黄金,5,0.12539580464363098,,6,0.12683,20240711,0.03209402784705162,0.13800327479839325,87327.6695,59692.736,6.9519,,0.9399999931330136,0.10590924695134163,weak,0.850000,0.14000,6,risk,,,
20240712,20240715,SZSE.002622,002622.SZ,皓宸医疗,4,0.14653213322162628,,6,0.20000,20240712,0.02179647609591484,0.11093806475400925,106680.0,23343.785,2.153,,1.269999955821185,0.0891415886580944,weak,1.000000,0.20000,6,risk,,,
20240712,20240715,SHSE.603903,603903.SH,中持股份,5,0.10051868110895157,,6,0.14000,20240712,0.03523910418152809,0.060921810567379,155489.5633,44253.925,3.5844,,6.090000327204315,0.025682706385850906,weak,1.000000,0.14000,6,base,,,
20240715,20240716,SZSE.002622,002622.SZ,皓宸医疗,3,0.14684537053108215,,6,0.14000,20240715,0.022309785708785057,0.10907579958438873,103320.0,14512.803,1.3985,,1.2299999572126437,0.08676601387560368,weak,1.000000,0.14000,6,risk,,,
20240715,20240716,SZSE.300300,300300.SZ,海峡创新,4,0.09284253418445587,,6,0.20000,20240715,0.020306291058659554,0.11471046507358551,74686.8709,19808.545,2.6528,,1.120000030141949,0.09440417401492596,weak,1.000000,0.20000,6,risk,,,
20240715,20240716,SHSE.603903,603903.SH,中持股份,5,0.08535126596689224,,6,0.14000,20240715,0.03569229319691658,0.06006190925836563,152681.049,24950.812,2.068,,5.980000321294221,0.02436961606144905,weak,1.000000,0.14000,6,base,,,
20240716,20240717,SZSE.002622,002622.SZ,皓宸医疗,4,0.14684537053108215,,6,0.20000,20240716,0.021375035867094994,0.10826382786035538,103320.0,12883.235,1.2455,,1.2299999572126437,0.08688879199326038,weak,1.000000,0.20000,6,risk,,,
20240716,20240717,SHSE.688310,688310.SH,迈得医疗,5,0.07256867736577988,,6,0.14000,20240716,0.055714141577482224,0.10260559618473053,176508.1101,33040.447,1.8726,,10.679999423476884,0.046891454607248306,weak,1.000000,0.14000,6,quality,,,
20240717,20240718,SZSE.002622,002622.SZ,皓宸医疗,3,0.24908101558685303,,6,0.14000,20240717,0.019612981006503105,0.11559443175792694,102480.0,10900.197,1.0612,,1.2199999575605083,0.09598145075142384,weak,1.000000,0.14000,6,risk,,,
20240717,20240718,SZSE.300163,300163.SZ,先锋新材,4,0.24813607335090637,,6,0.20000,20240717,0.004217405803501606,0.0531928651034832,62568.0,16755.347,3.0092,,1.320000049149059,0.048975459299981594,weak,1.000000,0.20000,6,quality,,,
20240717,20240718,SHSE.600538,600538.SH,国发股份,5,0.11728120595216751,,6,0.14000,20240717,0.06410281360149384,0.11613737791776657,163549.8846,41670.457,2.5635,,3.1200000173777904,0.052034564316272736,weak,1.000000,0.14000,6,base,,,
20240718,20240719,SZSE.002247,002247.SZ,聚力文化,3,0.39271026849746704,,6,0.14000,20240718,0.08369578421115875,0.010449059307575226,114016.5866,16256.865,1.8965,,1.3399999976360284,0.07324672490358353,weak,1.000000,0.14000,6,risk,,,
20240718,20240719,SZSE.002622,002622.SZ,皓宸医疗,4,0.2413950264453888,,6,0.20600,20240718,0.021167896687984467,0.118879035115242,100800.0,17549.508,1.759,,1.1999999582562377,0.09771113842725754,weak,1.000000,0.20600,6,risk,,,
20240718,20240719,SHSE.600538,600538.SH,国发股份,5,0.10706078261137009,,6,0.14000,20240718,0.056188855320215225,0.09152309596538544,171412.8598,69006.59,4.1302,,3.270000018213261,0.03533424064517021,weak,1.000000,0.14000,6,base,,,
20240719,20240722,SZSE.002247,002247.SZ,聚力文化,5,0.39223548769950867,,6,0.14000,20240719,0.08327675610780716,0.009279643185436726,112314.8465,13884.069,1.6344,,1.3199999976713117,0.07399711292237043,weak,1.000000,0.14000,6,risk,,,
20240722,20240723,SHSE.600671,600671.SH,天目药业,4,0.08411192148923874,,6,0.42000,20240722,0.049162980169057846,0.06032269448041916,78912.7175,3710.133,0.4782,,6.480000105863976,0.011159714311361313,strong,1.000000,0.42000,6,quality,,,
20240722,20240723,SZSE.300998,300998.SZ,宁波方正,5,0.0647648274898529,,6,0.14000,20240722,0.0627950057387352,0.11590298265218735,192585.5989,41758.744,4.0029,,13.943930063779053,0.05310797691345215,weak,1.000000,0.14000,6,risk,,,
20240723,20240724,SHSE.600671,600671.SH,天目药业,3,0.07620168477296829,,6,0.42000,20240723,0.05019518360495567,0.0697089210152626,79765.1697,4160.512,0.5163,,6.550000107007568,0.01951373741030693,strong,1.000000,0.42000,6,quality,,,
20240723,20240724,SZSE.300736,300736.SZ,百邦科技,4,0.05443870276212692,,6,0.18246,20240723,0.08123777061700821,0.1361008584499359,104442.9209,91535.356,8.6965,,8.030000260856609,0.054863087832927704,weak,0.850000,0.20600,6,risk,,,
20240723,20240724,SHSE.600538,600538.SH,国发股份,5,0.051797110587358475,,6,0.14588,20240723,0.03441835567355156,0.07057379931211472,178227.4383,32179.317,1.8017,,3.4000000189373356,0.036155443638563156,weak,1.000000,0.14000,6,quality,,,
20240724,20240725,SZSE.002247,002247.SZ,聚力文化,2,0.2613231837749481,,6,0.21058,20240724,0.0392625629901886,-0.0022904262878000736,112314.8465,13586.892,1.6035,,1.3199999976713117,0.04155298927798867,weak,1.000000,0.20600,6,quality,,,
20240724,20240725,SHSE.600671,600671.SH,天目药业,3,0.1533028781414032,,6,0.42000,20240724,0.032525792717933655,0.0728335753083229,77329.592,2671.445,0.3437,,6.350000103740161,0.04030778259038925,weak,1.000000,0.42000,6,quality,,,
20240724,20240725,SZSE.300998,300998.SZ,宁波方正,4,0.06563194841146469,,6,0.20444,20240724,0.0701485201716423,0.14472903311252594,183806.7682,25388.316,2.5457,,13.308309320131007,0.07458051294088364,weak,1.000000,0.20000,6,risk,,,
20240724,20240725,SZSE.300736,300736.SZ,百邦科技,5,0.05641059949994087,,6,0.12164,20240724,0.08185191452503204,0.136468306183815,102752.0642,63906.168,6.1972,,7.900000256633526,0.05461639165878296,weak,0.850000,0.14000,6,risk,,,
20240725,20240726,SZSE.002495,002495.SZ,佳隆股份,3,0.34534525871276855,,6,0.14641,20240725,0.0016679443651810288,-0.05272030085325241,130051.9584,17560.832,1.7813,,1.3790815446112297,0.05438824521843344,weak,1.000000,0.14000,6,quality,,,
20240725,20240726,SHSE.688217,688217.SH,睿昂基因,4,0.12821726500988007,,6,0.20915,20240725,0.12136068195104599,0.1825614869594574,72333.3853,41760.394,5.7508,,12.873145339514924,0.06120080500841141,weak,1.000000,0.20000,6,risk,,,
20240725,20240726,SZSE.300736,300736.SZ,百邦科技,5,0.0866447389125824,,6,0.12444,20240725,0.08539178222417831,0.14362210035324097,101711.5369,65567.228,6.5494,,7.8200002540347056,0.05823031812906265,weak,0.850000,0.14000,6,risk,,,
20240726,20240729,SZSE.300163,300163.SZ,先锋新材,3,0.22835791110992432,,6,0.14641,20240726,0.07575532048940659,0.0025177039206027985,64938.0,28121.878,4.927,,1.3700000510107662,0.07323761656880379,weak,1.000000,0.14000,6,risk,,,
20240726,20240729,SHSE.688217,688217.SH,睿昂基因,4,0.14289557933807373,,6,0.20915,20240726,0.10388512164354324,0.17895548045635223,73562.215,41248.864,5.5776,,13.091839700495102,0.07507035881280899,weak,1.000000,0.20000,6,risk,,,
20240726,20240729,SZSE.300736,300736.SZ,百邦科技,5,0.06752839684486389,,6,0.12444,20240726,0.08415716141462326,0.13983199000358582,101841.6028,62752.413,6.2372,,7.830000254359558,0.055674828588962555,weak,0.850000,0.14000,6,risk,,,
20240729,20240730,SHSE.688217,688217.SH,睿昂基因,3,0.13851770758628845,,6,0.14000,20240729,0.09914644062519073,0.17811055481433868,73841.4945,31399.831,4.2461,,13.141542964354233,0.07896411418914795,weak,1.000000,0.14000,6,risk,,,
20240729,20240730,SZSE.300998,300998.SZ,宁波方正,4,0.06231175735592842,,6,0.20000,20240729,0.05124892666935921,0.11901070922613144,186687.322,22414.69,2.2135,,13.516872376640523,0.06776178255677223,weak,1.000000,0.20000,6,risk,,,
20240729,20240730,SHSE.600831,600831.SH,广电网络,5,0.056235309690237045,,6,0.14000,20240729,0.04482492059469223,0.11181666702032089,132947.0875,44392.669,3.3526,,1.8699999758112444,0.06699174642562866,weak,1.000000,0.14000,6,base,,,
20240730,20240731,SHSE.688217,688217.SH,睿昂基因,4,0.08809211105108261,,6,0.20000,20240730,0.07121963798999786,0.160823792219162,75182.036,33281.497,4.4481,,13.380118630878062,0.08960415422916412,weak,1.000000,0.20000,6,risk,,,
20240730,20240731,SHSE.603818,603818.SH,曲美家居,5,0.06382226943969727,,6,0.14000,20240730,0.028952347114682198,0.05973880738019943,164685.7833,61241.692,3.7641,,2.375750077480376,0.030786460265517235,weak,1.000000,0.14000,6,base,,,
20240731,20240801,SHSE.688217,688217.SH,睿昂基因,2,0.11137395352125168,,6,0.21622,20240731,0.05313707888126373,0.10746550559997559,79762.2195,36443.872,4.6556,,14.19525215816781,0.05432842671871185,weak,1.000000,0.20000,6,quality,,,
20240731,20240801,SHSE.603818,603818.SH,曲美家居,3,0.10448004305362701,,6,0.15135,20240731,0.03140725567936897,0.06254987418651581,172954.5256,42045.809,2.488,,2.4950346001990553,0.031142618507146835,weak,1.000000,0.14000,6,base,,,
20240731,20240801,SHSE.600831,600831.SH,广电网络,4,0.08447732031345367,,6,0.18378,20240731,0.019158925861120224,0.08243986964225769,144322.2394,111331.266,7.6748,,2.029999973741618,0.06328094378113747,weak,0.850000,0.20000,6,risk,,,
20240731,20240801,SZSE.300736,300736.SZ,百邦科技,5,0.07781507819890976,,6,0.12865,20240731,0.052629824727773666,0.11504900455474854,108735.0957,93494.548,8.7608,,8.360000271576743,0.06241917982697487,weak,0.850000,0.14000,6,risk,,,
20240801,20240802,SHSE.688217,688217.SH,睿昂基因,3,0.07779433578252792,,6,0.14433,20240801,0.02916095219552517,0.08071593940258026,83057.7174,26725.621,3.274,,14.781750671705554,0.05155498720705509,weak,1.000000,0.14000,6,quality,,,
20240801,20240802,SHSE.600234,600234.SH,科新发展,4,0.07119238376617432,,6,0.42000,20240801,0.01289271842688322,0.07365111261606216,73243.3515,1395.0,0.1905,,2.7899999117982976,0.060758394189178944,weak,1.000000,0.42000,6,quality,,,
20240801,20240802,SZSE.300736,300736.SZ,百邦科技,5,0.06995438784360886,,6,0.12268,20240801,0.036942366510629654,0.10679266601800919,110425.9525,105893.367,9.6604,,8.490000275799828,0.06985029950737953,weak,0.850000,0.14000,6,risk,,,
20240802,20240805,SHSE.600831,600831.SH,广电网络,4,0.07887330651283264,,6,0.20600,20240802,0.024537762627005577,0.07948199659585953,147166.0273,93179.792,6.1758,,2.0699999732242116,0.05494423396885395,weak,0.850000,0.20600,6,risk,,,
20240802,20240805,SZSE.300736,300736.SZ,百邦科技,5,0.07580048590898514,,6,0.14000,20240802,0.03761684149503708,0.11070118844509125,107304.3708,88518.237,8.257,,8.250000268003365,0.07308434695005417,weak,0.850000,0.14000,6,risk,,,
20240805,20240806,SHSE.603937,603937.SH,丽岛新材,5,0.07107257843017578,,6,0.32000,20240805,0.027634091675281525,0.03775962442159653,154571.2562,12990.559,0.8256,,7.399999845884842,0.010125532746315002,strong,1.000000,0.32000,6,quality,,,
20240805,20240806,SHSE.688217,688217.SH,睿昂基因,3,0.09989199787378311,,6,0.14000,20240805,0.045226819813251495,0.09302390366792679,79873.9313,22804.269,2.8274,,14.215133463711464,0.04779708385467529,weak,1.000000,0.14000,6,quality,,,
20240805,20240806,SHSE.600831,600831.SH,广电网络,4,0.08125559985637665,,6,0.20600,20240805,0.026044078171253204,0.08032446354627609,145744.1334,59709.472,4.064,,2.049999973482915,0.05428038537502289,weak,1.000000,0.20600,6,base,,,
20240806,20240807,SHSE.600322,600322.SH,津投城开,1,0.2372966706752777,,6,0.20976,20240806,0.040629610419273376,-0.0644482746720314,152586.6,35146.726,2.3436,,1.3800000417800176,0.10507788509130478,weak,1.000000,0.20600,6,risk,,,
20240806,20240807,SHSE.688217,688217.SH,睿昂基因,2,0.07092425972223282,,6,0.20365,20240806,0.04243714362382889,0.07999051362276077,83113.5732,14065.835,1.7217,,14.791691324477382,0.037553369998931885,weak,1.000000,0.20000,6,quality,,,
20240806,20240807,SZSE.300736,300736.SZ,百邦科技,3,0.04462391510605812,,6,0.12117,20240806,0.035461995750665665,0.0907645970582962,106133.7777,68907.907,6.6325,,8.160000265079693,0.05530260130763054,weak,0.850000,0.14000,6,risk,,,
20240806,20240807,SHSE.600831,600831.SH,广电网络,4,0.036266669631004333,,6,0.20976,20240806,0.017572863027453423,0.06547921150922775,146455.0804,36068.724,2.4658,,2.0599999733535634,0.04790634848177433,weak,1.000000,0.20600,6,base,,,
20240806,20240807,SHSE.688335,688335.SH,复洁科技,5,0.034860849380493164,,6,0.42000,20240806,0.007364316843450069,0.03404979035258293,120352.1233,1258.079,0.1051,,7.949671922143102,0.026685473509132862,weak,1.000000,0.42000,6,quality,,,
20240807,20240808,SHSE.688217,688217.SH,睿昂基因,2,0.09442193061113358,,6,0.20000,20240807,0.05880741775035858,0.08698747307062149,82387.4466,13742.673,1.6701,,14.662462838443641,0.02818005532026291,weak,1.000000,0.20000,6,quality,,,
20240807,20240808,SZSE.300736,300736.SZ,百邦科技,3,0.04485265538096428,,6,0.14000,20240807,0.038272347301244736,0.09104622155427933,106523.9754,47314.34,4.4994,,8.19000026605425,0.05277387425303459,weak,1.000000,0.14000,6,base,,,
20240807,20240808,SHSE.600831,600831.SH,广电网络,4,0.03226732090115547,,6,0.20600,20240807,0.016451941803097725,0.06414556503295898,151431.7093,74455.848,4.9081,,2.129999972448102,0.04769362322986126,weak,1.000000,0.20600,6,base,,,
20240807,20240808,SHSE.600671,600671.SH,天目药业,5,0.030823884531855583,,6,0.42000,20240807,0.008937238715589046,0.041914645582437515,80130.5063,2219.732,0.2797,,6.580000107497679,0.03297740686684847,weak,1.000000,0.42000,6,quality,,,
20240808,20240809,SHSE.600322,600322.SH,津投城开,3,0.2233557105064392,,6,0.14641,20240808,0.07318560034036636,-0.018289197236299515,150375.2,42391.743,2.8074,,1.3600000411745103,0.09147479757666588,weak,1.000000,0.14000,6,risk,,,
20240808,20240809,SHSE.688217,688217.SH,睿昂基因,4,0.05551599711179733,,6,0.20915,20240808,0.03784921020269394,0.06676550954580307,84342.403,13857.362,1.6625,,15.010385685457557,0.02891629934310913,weak,1.000000,0.20000,6,quality,,,
20240808,20240809,SZSE.300736,300736.SZ,百邦科技,5,0.03742477670311928,,6,0.12444,20240808,0.03031996265053749,0.08252278715372086,109645.5571,84761.637,7.9432,,8.430000273850712,0.052202824503183365,weak,0.850000,0.14000,6,risk,,,
20240809,20240812,SZSE.300717,300717.SZ,华信新材,5,0.04837953299283981,,6,0.32000,20240809,0.024566104635596275,0.03953569009900093,135149.125,41582.821,3.1354,,12.88247063330537,0.014969585463404655,strong,1.000000,0.32000,6,base,,,
20240809,20240812,SHSE.603818,603818.SH,曲美家居,3,0.06549238413572311,,6,0.14000,20240809,0.028668014332652092,0.06096087023615837,170198.2782,23994.059,1.4048,,2.4552730926261623,0.03229285590350628,weak,1.000000,0.14000,6,quality,,,
20240809,20240812,SHSE.688217,688217.SH,睿昂基因,4,0.05535484850406647,,6,0.20000,20240809,0.0373750701546669,0.06529021263122559,84342.403,15757.44,1.855,,15.010385685457557,0.027915142476558685,weak,1.000000,0.20000,6,quality,,,
20240812,20240813,SZSE.300717,300717.SZ,华信新材,2,0.04796653613448143,,6,0.32000,20240812,0.024472340941429138,0.03245729207992554,138746.25,33871.44,2.4839,,13.2253500798192,0.007984951138496399,strong,1.000000,0.32000,6,base,,,
20240812,20240813,SZSE.300305,300305.SZ,裕兴股份,3,0.028620542958378792,,6,0.14000,20240812,0.012787090614438057,0.05913269892334938,180567.3096,24218.857,1.5717,,4.809999764135707,0.046345608308911324,weak,1.000000,0.14000,6,risk,,,
20240812,20240813,SHSE.603818,603818.SH,曲美家居,4,0.028301002457737923,,6,0.20600,20240812,0.012409181334078312,0.05506124719977379,166752.9689,22941.565,1.3811,,2.4055712081600453,0.04265206586569548,weak,1.000000,0.20600,6,quality,,,
20240812,20240813,SZSE.000809,000809.SZ,和展能源,5,0.027755575254559517,,6,0.42000,20240812,0.008802903816103935,0.03214503824710846,172381.3802,1898.876,0.1101,,2.0899999339277575,0.023342134431004524,weak,1.000000,0.42000,6,quality,,,
20240813,20240814,SHSE.600322,600322.SH,津投城开,4,0.37401825189590454,,6,0.32000,20240813,0.08094140887260437,0.07943304628133774,148163.8,15416.269,1.0496,,1.340000040569003,0.001508362591266632,strong,1.000000,0.32000,6,quality,,,
20240813,20240814,SZSE.300717,300717.SZ,华信新材,5,0.047798849642276764,,6,0.32000,20240813,0.025960512459278107,0.03293945640325546,138643.475,26698.427,1.9582,,13.21555352420452,0.006978943943977356,strong,1.000000,0.32000,6,quality,,,
20240814,20240815,SHSE.600322,600322.SH,津投城开,4,0.4003238379955292,,6,0.32000,20240814,0.08067028969526291,0.08019567281007767,149269.5,23900.689,1.605,,1.3500000408717565,0.0004746168851852417,strong,1.000000,0.32000,6,quality,,,
20240814,20240815,SZSE.300717,300717.SZ,华信新材,5,0.047798849642276764,,6,0.32000,20240814,0.026043780148029327,0.032639648765325546,138335.15,20736.677,1.5073,,13.186163857360478,0.006595868617296219,strong,1.000000,0.32000,6,quality,,,
20240815,20240816,SZSE.300717,300717.SZ,华信新材,4,0.04736793041229248,,6,0.32000,20240815,0.029673734679818153,0.032063547521829605,139362.9,17921.701,1.3036,,13.284129413507287,0.0023898128420114517,strong,1.000000,0.32000,6,quality,,,
20240815,20240816,SHSE.600538,600538.SH,国发股份,3,0.05264247581362724,,6,0.14000,20240815,0.007831146009266376,0.04319208487868309,167219.273,20211.025,1.2021,,3.1900000177676766,0.035360938869416714,weak,1.000000,0.14000,6,quality,,,
20240815,20240816,SZSE.002259,002259.SZ,升达林业,5,0.04339942708611488,,6,0.42000,20240815,0.008129824884235859,0.03974965959787369,178301.7993,1178.696,0.0666,,2.370000034974207,0.03161983471363783,weak,1.000000,0.42000,6,quality,,,
20240816,20240819,SZSE.300717,300717.SZ,华信新材,3,0.04663996398448944,,6,0.32000,20240816,0.029193362221121788,0.030858680605888367,138746.25,23992.096,1.7466,,13.2253500798192,0.0016653183847665787,strong,1.000000,0.32000,6,quality,,,
20240816,20240819,SHSE.688309,688309.SH,恒誉环保,4,0.03384696692228317,,6,0.42000,20240816,0.007931211031973362,0.03441549837589264,94892.7293,1397.346,0.1467,,11.793639084840413,0.026484287343919277,weak,1.000000,0.42000,6,quality,,,
20240816,20240819,SHSE.603608,603608.SH,天创时尚,5,0.032379474490880966,,6,0.42000,20240816,0.01140434481203556,0.039827361702919006,113322.1609,2429.643,0.2141,,2.6999999693077212,0.028423016890883446,weak,1.000000,0.42000,6,quality,,,
20240819,20240820,SZSE.300717,300717.SZ,华信新材,2,0.0467437244951725,,6,0.32000,20240819,0.029179438948631287,0.03126024454832077,138335.15,16326.541,1.1897,,13.186163857360478,0.0020808055996894836,strong,1.000000,0.32000,6,quality,,,
20240819,20240820,SZSE.002259,002259.SZ,升达林业,3,0.0424090251326561,,6,0.42000,20240819,0.007880235090851784,0.039520133286714554,172283.1731,1568.277,0.0911,,2.290000033793643,0.03163989819586277,weak,1.000000,0.42000,6,quality,,,
20240819,20240820,SZSE.002200,002200.SZ,交投生态,4,0.0402892529964447,,6,0.42000,20240819,0.00611145980656147,0.03606462478637695,92434.7108,1407.608,0.1529,,5.020000158262646,0.029953164979815483,weak,1.000000,0.42000,6,quality,,,
20240819,20240820,SHSE.688309,688309.SH,恒誉环保,5,0.033096302300691605,,6,0.42000,20240819,0.007677407935261726,0.03462555631995201,93452.5361,1654.687,0.1759,,11.614646248814168,0.026948148384690285,weak,1.000000,0.42000,6,quality,,,
20240820,20240821,SHSE.688485,688485.SH,九州一轨,2,0.055458977818489075,,6,0.42000,20240820,0.022903503850102425,0.03451626002788544,109412.6211,5244.798,0.8296,,7.266404198972185,0.011612756177783012,strong,1.000000,0.42000,6,quality,,,
20240820,20240821,SHSE.600671,600671.SH,天目药业,3,0.04221980646252632,,6,0.42000,20240820,0.008555795066058636,0.0459391251206398,74041.5621,1765.838,0.2384,,6.080000099329163,0.037383330054581165,weak,1.000000,0.42000,6,quality,,,
20240820,20240821,SZSE.002259,002259.SZ,升达林业,4,0.042168956249952316,,6,0.42000,20240820,0.007720048539340496,0.04016941413283348,170778.5166,1570.72,0.0917,,2.270000033498502,0.032449365593492985,weak,1.000000,0.42000,6,quality,,,
20240820,20240821,SZSE.002200,002200.SZ,交投生态,5,0.0402892529964447,,6,0.42000,20240820,0.00624940637499094,0.037839628756046295,91698.1792,1231.803,0.1343,,4.980000157001591,0.031590222381055355,weak,1.000000,0.42000,6,quality,,,
20240821,20240822,SZSE.300163,300163.SZ,先锋新材,3,0.052170801907777786,,6,0.14000,20240821,0.11261290311813354,0.0057156584225595,65412.0,17468.088,3.0812,,1.380000051383107,0.10689724469557405,weak,1.000000,0.14000,6,risk,,,
20240821,20240822,SHSE.688217,688217.SH,睿昂基因,4,0.047327671200037,,6,0.42000,20240821,0.032791316509246826,0.07423430681228638,81773.0317,8454.884,1.0256,,14.553115657953553,0.04144299030303955,weak,1.000000,0.42000,6,quality,,,
20240821,20240822,SHSE.600671,600671.SH,天目药业,5,0.04409806430339813,,6,0.42000,20240821,0.008692915551364422,0.046937309205532074,74041.5621,973.79,0.1319,,6.080000099329163,0.03824439365416765,weak,1.000000,0.42000,6,quality,,,
20240822,20240823,SHSE.688217,688217.SH,睿昂基因,2,0.04748881980776787,,6,0.20000,20240822,0.0328807458281517,0.07197698205709457,82052.3112,12235.834,1.4905,,14.602818921812682,0.03909623622894287,weak,1.000000,0.20000,6,quality,,,
20240822,20240823,SHSE.600671,600671.SH,天目药业,3,0.042155422270298004,,6,0.42000,20240822,0.00836221594363451,0.045898254960775375,73554.4465,1365.474,0.1849,,6.040000098675681,0.037536039017140865,weak,1.000000,0.42000,6,quality,,,
20240822,20240823,SHSE.688426,688426.SH,康为世纪,4,0.04008080065250397,,6,0.20000,20240822,0.015933964401483536,0.08207453787326813,186852.0623,15358.856,2.4932,,16.61000074130561,0.06614057347178459,weak,1.000000,0.20000,6,risk,,,
20240822,20240823,SZSE.002200,002200.SZ,交投生态,5,0.03967807814478874,,6,0.42000,20240822,0.006602240726351738,0.03881612420082092,91145.7806,1654.555,0.1808,,4.950000156055797,0.032213883474469185,weak,1.000000,0.42000,6,quality,,,
20240823,20240826,SHSE.603086,603086.SH,先达股份,2,0.04710180312395096,,6,0.32000,20240823,0.02446543052792549,0.039576441049575806,159141.6103,14536.086,0.9181,,3.599426390041833,0.015111010521650314,strong,1.000000,0.32000,6,quality,,,
20240823,20240826,SZSE.000809,000809.SZ,和展能源,1,0.05504302680492401,,6,0.42000,20240823,0.001015129266306758,0.03302725404500961,168257.4238,782.31,0.0467,,2.039999935508433,0.032012124778702855,weak,1.000000,0.42000,6,quality,,,
20240823,20240826,SHSE.600671,600671.SH,天目药业,3,0.04409736022353172,,6,0.42000,20240823,0.01051771268248558,0.047998134046792984,71240.6477,1772.714,0.2451,,5.8500000955716445,0.037480421364307404,weak,1.000000,0.42000,6,quality,,,
20240823,20240826,SZSE.002200,002200.SZ,交投生态,4,0.04164936766028404,,6,0.42000,20240823,0.007663138210773468,0.04326056316494942,91329.9134,1429.622,0.1571,,4.960000156371062,0.03559742495417595,weak,1.000000,0.42000,6,quality,,,
20240823,20240826,SHSE.688426,688426.SH,康为世纪,5,0.040290359407663345,,6,0.14000,20240823,0.01614970713853836,0.0730532631278038,186177.1,10022.222,1.658,,16.550000738627805,0.05690355598926544,weak,1.000000,0.14000,6,risk,,,
20240826,20240827,SHSE.603089,603089.SH,正裕工业,4,0.05925426259636879,,6,0.32000,20240826,0.02998017705976963,0.04041925072669983,163314.6963,29208.148,1.7812,,7.1746091192135495,0.010439073666930199,strong,1.000000,0.32000,6,quality,,,
20240826,20240827,SHSE.600671,600671.SH,天目药业,2,0.09389054775238037,,6,0.42000,20240826,0.006235496141016483,0.05210735276341438,74772.2354,641.63,0.0859,,6.1400001003093845,0.0458718566223979,weak,1.000000,0.42000,6,quality,,,
20240826,20240827,SHSE.688156,688156.SH,路德科技,3,0.0898309275507927,,6,0.14000,20240826,0.042680636048316956,0.08323431760072708,106857.7206,22191.839,2.2964,,10.610000262461657,0.040553681552410126,weak,1.000000,0.14000,6,base,,,
20240826,20240827,SHSE.688573,688573.SH,信宇人,5,0.05401557683944702,,6,0.14000,20240826,0.027862150222063065,0.0856177806854248,135878.5993,25800.322,4.0255,,13.899999868751754,0.05775563046336174,weak,1.000000,0.14000,6,base,,,
20240827,20240828,SHSE.603086,603086.SH,先达股份,5,0.03949775546789169,,6,0.32000,20240827,0.022949887439608574,0.03908725455403328,161315.6761,11121.357,0.6888,,3.648598881709071,0.016137367114424706,strong,1.000000,0.32000,6,quality,,,
20240827,20240828,SHSE.600322,600322.SH,津投城开,2,0.4977628290653229,,6,0.20600,20240827,0.030895588919520378,-0.02009841799736023,139318.2,36921.165,2.6273,,1.2600000381469727,0.05099400691688061,weak,1.000000,0.20600,6,base,,,
20240827,20240828,SHSE.688156,688156.SH,路德科技,3,0.08896393328905106,,6,0.14000,20240827,0.04960358515381813,0.08259144425392151,109476.2887,19163.205,1.9101,,10.870000268893328,0.03298785910010338,weak,1.000000,0.14000,6,quality,,,
20240827,20240828,SHSE.600671,600671.SH,天目药业,4,0.062089528888463974,,6,0.42000,20240827,0.04047417268157005,0.06827650219202042,78547.3808,521.16,0.0664,,6.4500001053738645,0.027802329510450363,weak,1.000000,0.42000,6,quality,,,
20240828,20240829,SHSE.688573,688573.SH,信宇人,1,0.056026723235845566,,6,0.20600,20240828,0.027916764840483665,0.08080343902111053,133434.7396,27501.527,4.4195,,13.649999871112334,0.05288667418062687,weak,1.000000,0.20600,6,base,,,
20240828,20240829,SHSE.603073,603073.SH,彩蝶实业,2,0.04096771776676178,,6,0.20600,20240828,0.024781646206974983,0.053653914481401443,151032.0,11232.982,2.3087,,12.78331682461271,0.02887226827442646,weak,1.000000,0.20600,6,base,,,
20240828,20240829,SHSE.688426,688426.SH,康为世纪,3,0.04075754061341286,,6,0.14000,20240828,0.024251312017440796,0.07617008686065674,181339.8702,20869.933,3.4764,,16.12000071943687,0.05191877484321594,weak,1.000000,0.14000,6,risk,,,
20240828,20240829,SHSE.688335,688335.SH,复洁科技,4,0.0400501973927021,,6,0.42000,20240828,0.007788722403347492,0.041984669864177704,111914.1516,868.74,0.078,,7.392314850110928,0.03419594746083021,weak,1.000000,0.42000,6,quality,,,
20240828,20240829,SHSE.688309,688309.SH,恒誉环保,5,0.036572884768247604,,6,0.42000,20240828,0.008022134192287922,0.040371429175138474,90652.1605,1761.762,0.1944,,11.266604623207579,0.03234929498285055,weak,1.000000,0.42000,6,quality,,,
20240829,20240830,SZSE.300961,300961.SZ,深水海纳,2,0.047978855669498444,,6,0.32000,20240829,0.025167815387248993,0.04337896406650543,119841.28,37834.418,3.5907,,6.760000141406226,0.01821114867925644,strong,1.000000,0.32000,6,base,,,
20240829,20240830,SHSE.688573,688573.SH,信宇人,1,0.05435728654265404,,6,0.20600,20240829,0.027261296287178993,0.07012326270341873,134803.3011,18987.569,3.035,,13.789999869790407,0.04286196641623974,weak,1.000000,0.20600,6,base,,,
20240829,20240830,SHSE.688426,688426.SH,康为世纪,3,0.04264498129487038,,6,0.14000,20240829,0.02452416718006134,0.07637228816747665,178302.5399,13668.892,2.3082,,15.85000070738675,0.051848120987415314,weak,1.000000,0.14000,6,base,,,
20240829,20240830,SHSE.603073,603073.SH,彩蝶实业,4,0.041076719760894775,,6,0.42000,20240829,0.02490958943963051,0.05368528515100479,151960.0,8986.143,1.8402,,12.861862550109562,0.028775695711374283,weak,1.000000,0.42000,6,quality,,,
20240829,20240830,SHSE.600692,600692.SH,亚通股份,5,0.034190330654382706,,6,0.14000,20240829,0.01602376252412796,0.047259438782930374,179399.6726,37663.967,2.9039,,5.080222436868016,0.031235676258802414,weak,1.000000,0.14000,6,base,,,
20240830,20240902,SZSE.002687,002687.SZ,乔治白,2,0.10418198257684708,,6,0.32000,20240830,0.04749342054128647,0.06490607559680939,192843.2474,29592.781,1.8751,,3.748082467966257,0.01741265505552292,strong,1.000000,0.32000,6,risk,,,
20240830,20240902,SHSE.688573,688573.SH,信宇人,3,0.08095002919435501,,6,0.14000,20240830,0.030787507072091103,0.062082547694444656,137638.1783,31549.569,4.9407,,14.079999867052134,0.031295040622353554,weak,1.000000,0.14000,6,base,,,
20240830,20240902,SHSE.688426,688426.SH,康为世纪,4,0.07429707795381546,,6,0.20600,20240830,0.026582319289445877,0.08088527619838715,182577.3011,17282.956,2.8799,,16.23000072434618,0.05430295690894127,weak,1.000000,0.20600,6,risk,,,
20240830,20240902,SZSE.300694,300694.SZ,蠡湖股份,5,0.060214705765247345,,6,0.14000,20240830,0.018771305680274963,0.04222554340958595,172684.2156,23429.314,1.3515,,7.9094379786917335,0.02345423772931099,weak,1.000000,0.14000,6,quality,,,
20240902,20240903,SHSE.688573,688573.SH,信宇人,2,0.048557348549366,,6,0.20600,20240902,0.029876867309212685,0.060876503586769104,135585.3362,18756.718,2.9599,,13.86999986903502,0.03099963627755642,weak,1.000000,0.20600,6,base,,,
20240902,20240903,SHSE.603073,603073.SH,彩蝶实业,3,0.04101971536874771,,6,0.42000,20240902,0.025442572310566902,0.05257125198841095,153816.0,9915.15,1.9865,,13.018954001103268,0.027128679677844048,weak,1.000000,0.42000,6,quality,,,
20240902,20240903,SZSE.301518,301518.SZ,长华化学,4,0.03980367258191109,,6,0.42000,20240902,0.011875670403242111,0.04532231390476227,195268.2382,9938.334,1.318,,13.819871395194204,0.03344664350152016,weak,1.000000,0.42000,6,risk,,,
20240902,20240903,SHSE.688335,688335.SH,复洁科技,5,0.03829303756356239,,6,0.42000,20240902,0.008513355627655983,0.04125393554568291,113838.6012,1864.199,0.1618,,7.519431375311248,0.032740579918026924,weak,1.000000,0.42000,6,quality,,,
20240903,20240904,SZSE.300694,300694.SZ,蠡湖股份,1,0.06726368516683578,,6,0.32000,20240903,0.03264506906270981,0.045159757137298584,173760.8004,17977.156,1.04,,7.958748689282081,0.012514688074588776,strong,1.000000,0.32000,6,quality,,,
20240903,20240904,SZSE.301518,301518.SZ,长华化学,2,0.03998561203479767,,6,0.42000,20240903,0.011301890015602112,0.04566542059183121,195268.2382,8899.16,1.1873,,13.819871395194204,0.034363530576229095,weak,1.000000,0.42000,6,risk,,,
20240903,20240904,SHSE.688335,688335.SH,复洁科技,3,0.038192275911569595,,6,0.42000,20240903,0.009171031415462494,0.04267086461186409,114430.7396,1070.313,0.0933,,7.558544152295963,0.033499833196401596,weak,1.000000,0.42000,6,quality,,,
20240903,20240904,SHSE.688426,688426.SH,康为世纪,4,0.03367319330573082,,6,0.20600,20240903,0.009441645815968513,0.06508419662714005,189776.8989,12917.072,2.0951,,16.87000075290943,0.05564255081117153,weak,1.000000,0.20600,6,risk,,,
20240903,20240904,SHSE.603073,603073.SH,彩蝶实业,5,0.02972153201699257,,6,0.42000,20240903,0.023699995130300522,0.04883042350411415,153468.0,6967.088,1.4056,,12.989499354041948,0.02513042837381363,weak,1.000000,0.42000,6,quality,,,
20240904,20240905,SHSE.688528,688528.SH,秦川物联,2,0.049685388803482056,,6,0.42000,20240904,0.01199252437800169,0.009824447333812714,110040.0,5859.906,0.5258,,6.549999742029691,0.0021680770441889763,strong,1.000000,0.42000,6,quality,,,
20240904,20240905,SZSE.301518,301518.SZ,长华化学,4,0.029769696295261383,,6,0.32000,20240904,0.001559566706418991,0.01639455556869507,194707.5254,12478.014,1.6784,,13.780187629522434,0.014834988862276077,strong,1.000000,0.32000,6,risk,,,
20240904,20240905,SHSE.688485,688485.SH,九州一轨,5,0.020733807235956192,,6,0.42000,20240904,0.004302731715142727,0.01386850792914629,112418.4624,2314.141,0.3567,,7.466030687954937,0.009565776214003563,strong,1.000000,0.42000,6,quality,,,
20240904,20240905,SHSE.600719,600719.SH,大连热电,1,0.06479647755622864,,6,0.20600,20240904,0.01814604550600052,0.06210078299045563,199063.0032,62482.247,3.1233,,4.919999989738485,0.04395473748445511,weak,1.000000,0.20600,6,risk,,,
20240904,20240905,SHSE.688426,688426.SH,康为世纪,3,0.042721059173345566,,6,0.42000,20240904,0.008332053199410439,0.034115903079509735,188764.4554,7592.471,1.2185,,16.780000748892725,0.025783849880099297,weak,1.000000,0.42000,6,risk,,,
20240905,20240906,SHSE.603819,603819.SH,神力股份,1,0.057473089545965195,,6,0.32000,20240905,0.014023336581885815,0.012602980248630047,177885.5628,20052.102,1.1357,,8.1299289296236,0.0014203563332557678,strong,1.000000,0.32000,6,quality,,,
20240905,20240906,SZSE.300955,300955.SZ,嘉亨家化,4,0.03332706168293953,,6,0.32000,20240905,0.009763829410076141,0.0026330994442105293,119448.0,10445.356,1.4973,,11.67274501615351,0.007130729965865612,strong,1.000000,0.32000,6,quality,,,
20240905,20240906,SZSE.301518,301518.SZ,长华化学,5,0.029338689520955086,,6,0.42000,20240905,0.0010349968215450644,0.014806244522333145,196529.842,6955.273,0.9313,,13.90915986795569,0.01377124770078808,strong,1.000000,0.42000,6,risk,,,
20240905,20240906,SHSE.600719,600719.SH,大连热电,2,0.04880506545305252,,6,0.20600,20240905,0.01770399883389473,0.058847907930612564,199872.2024,66478.86,3.354,,4.939999989696772,0.041143909096717834,weak,1.000000,0.20600,6,risk,,,
20240905,20240906,SHSE.688426,688426.SH,康为世纪,3,0.042307861149311066,,6,0.14000,20240905,0.008230958133935928,0.04184632748365402,188539.468,12531.287,2.0375,,16.760000748000124,0.033615369349718094,weak,1.000000,0.14000,6,risk,,,
20240906,20240909,SHSE.603839,603839.SH,安正时尚,4,0.03770731762051582,,6,0.32000,20240906,0.01562829688191414,0.008768531493842602,170862.8045,15457.88,0.8953,,4.221981141067522,0.006859765388071537,strong,1.000000,0.32000,6,quality,,,
20240906,20240909,SZSE.300615,300615.SZ,欣天科技,5,0.027102451771497726,,6,0.32000,20240906,0.007945293560624123,0.01434134878218174,184686.336,52993.353,4.163,,9.527281750623272,0.006396055221557617,strong,1.000000,0.32000,6,risk,,,
20240906,20240909,SHSE.600322,600322.SH,津投城开,1,0.1324659138917923,,6,0.20600,20240906,0.00043406622717157006,0.04165167361497879,143741.0,27209.43,1.8933,,1.3000000393579878,0.04121760738780722,weak,1.000000,0.20600,6,quality,,,
20240906,20240909,SHSE.600719,600719.SH,大连热电,2,0.04982322081923485,,6,0.20600,20240906,0.022191278636455536,0.059795498847961426,195017.0072,65058.136,3.3025,,4.819999989947053,0.03760422021150589,weak,1.000000,0.20600,6,risk,,,
20240906,20240909,SHSE.688426,688426.SH,康为世纪,3,0.04431053251028061,,6,0.14000,20240906,0.009023839607834816,0.04401705414056778,184039.7194,10446.816,1.7195,,16.36000073014809,0.034993214532732964,weak,1.000000,0.14000,6,risk,,,
20240909,20240910,SHSE.603819,603819.SH,神力股份,1,0.1049104630947113,,6,0.32000,20240909,0.02841888554394245,0.04214279726147652,169176.3553,15543.22,0.9161,,7.7318907935343155,0.013723911717534065,strong,1.000000,0.32000,6,quality,,,
20240909,20240910,SHSE.688450,688450.SH,光格科技,4,0.02165805734694004,,6,0.42000,20240909,0.004167784005403519,0.014138592407107353,117150.0,1962.212,0.2962,,17.750000231587713,0.009970808401703835,strong,1.000000,0.42000,6,quality,,,
20240909,20240910,SZSE.300268,300268.SZ,佳沃食品,5,0.019896285608410835,,6,0.42000,20240909,0.004562226124107838,0.014034654013812542,105913.6,2217.22,0.2732,,6.079999851251271,0.009472427889704704,strong,1.000000,0.42000,6,quality,,,
20240909,20240910,SHSE.600719,600719.SH,大连热电,2,0.03843957930803299,,6,0.20600,20240909,0.025618745014071465,0.053259849548339844,196230.806,56822.771,2.9268,,4.849999989884482,0.02764110453426838,weak,1.000000,0.20600,6,risk,,,
20240909,20240910,SHSE.688426,688426.SH,康为世纪,3,0.036879148334264755,,6,0.14000,20240909,0.0063511040061712265,0.04027363285422325,189214.4303,18257.843,2.947,,16.820000750677927,0.033922528848052025,weak,1.000000,0.14000,6,risk,,,
20240910,20240911,SZSE.300268,300268.SZ,佳沃食品,4,0.0194179005920887,,6,0.42000,20240910,0.005939151160418987,0.013714221306145191,106262.0,2499.993,0.3088,,6.099999850761966,0.007775070145726204,strong,1.000000,0.42000,6,quality,,,
20240910,20240911,SHSE.600234,600234.SH,科新发展,5,0.019322948530316353,,6,0.42000,20240910,0.0043135471642017365,0.010354289785027504,76393.6031,2020.766,0.2667,,2.9099999080046763,0.0060407426208257675,strong,1.000000,0.42000,6,quality,,,
20240910,20240911,SHSE.603819,603819.SH,神力股份,1,0.06076986342668533,,6,0.20600,20240910,0.018852367997169495,0.03947381675243378,171135.927,12955.678,0.7648,,7.8214493741544056,0.020621448755264282,weak,1.000000,0.20600,6,quality,,,
20240910,20240911,SHSE.600719,600719.SH,大连热电,2,0.04840888828039169,,6,0.20600,20240910,0.023265887051820755,0.051811013370752335,195017.0072,49322.834,2.544,,4.819999989947053,0.02854512631893158,weak,1.000000,0.20600,6,risk,,,
20240910,20240911,SHSE.688426,688426.SH,康为世纪,3,0.03940368816256523,,6,0.42000,20240910,0.005692143924534321,0.04117429256439209,184489.6942,7807.881,1.2829,,16.400000731933293,0.03548214863985777,weak,1.000000,0.42000,6,risk,,,
20240911,20240912,SHSE.603458,603458.SH,勘设股份,3,0.022620202973484993,,6,0.32000,20240911,0.002075337339192629,0.012782716192305088,158150.4823,24899.932,1.5738,,5.079999949969031,0.01070737885311246,strong,1.000000,0.32000,6,quality,,,
20240911,20240912,SHSE.600234,600234.SH,科新发展,4,0.019322948530316353,,6,0.42000,20240911,0.00384027068503201,0.009533978998661041,75343.5193,2766.198,0.3671,,2.8699999092692168,0.005693708313629031,strong,1.000000,0.42000,6,quality,,,
20240911,20240912,SZSE.300536,300536.SZ,农尚环境,5,0.019086800515651703,,6,0.32000,20240911,0.016786621883511543,0.03631594777107239,148697.0834,42878.482,2.8689,,5.070000141766097,0.019529325887560844,strong,1.000000,0.32000,6,base,,,
20240911,20240912,SHSE.603819,603819.SH,神力股份,1,0.06125050038099289,,6,0.42000,20240911,0.01569429412484169,0.037514593452215195,173095.4987,9842.145,0.5704,,7.911007954774494,0.021820299327373505,weak,1.000000,0.42000,6,quality,,,
20240911,20240912,SHSE.600719,600719.SH,大连热电,2,0.03452502191066742,,6,0.20600,20240911,0.028870178386569023,0.04911196976900101,191780.2104,47175.14,2.4506,,4.7399999901139065,0.020241791382431984,weak,1.000000,0.20600,6,risk,,,
20240912,20240913,SHSE.603819,603819.SH,神力股份,1,0.05684211105108261,,6,0.33651,20240912,0.018588310107588768,0.02907717041671276,178321.0232,18154.582,1.0226,,8.149830836428062,0.010488860309123993,strong,1.000000,0.32000,6,quality,,,
20240912,20240913,SHSE.603172,603172.SH,万丰股份,5,0.029882283881306648,,6,0.28604,20240912,0.0222882479429245,0.0418405756354332,168592.32,73712.142,11.5823,,12.51928771329675,0.019552327692508698,strong,0.850000,0.32000,6,risk,,,
20240912,20240913,SZSE.000809,000809.SZ,和展能源,2,0.05541269853711128,,6,0.42000,20240912,0.01808379590511322,0.1580294519662857,170731.7977,1930.72,0.1129,,2.0699999345600273,0.13994565606117249,weak,1.000000,0.42000,6,risk,,,
20240912,20240913,SZSE.000506,000506.SZ,招金黄金,3,0.035092078149318695,,6,0.12514,20240912,0.12465623021125793,-0.03527405485510826,127275.4333,162321.33,13.1513,,1.3699999899917328,0.1599302850663662,weak,0.850000,0.14000,6,risk,,,
20240912,20240913,SHSE.600719,600719.SH,大连热电,4,0.034667372703552246,,6,0.21663,20240912,0.02825895883142948,0.0519484244287014,192994.0092,61056.597,3.1413,,4.7699999900513355,0.02368946559727192,weak,1.000000,0.20600,6,risk,,,
20240913,20240918,SZSE.301288,301288.SZ,清研环境,3,0.026005355641245842,,6,0.28057,20240913,0.01746773160994053,0.025015726685523987,138252.8,49201.377,7.984,,12.800000144604518,0.007547995075583458,strong,0.850000,0.32000,6,risk,,,
20240913,20240918,SHSE.688528,688528.SH,秦川物联,4,0.020572088658809662,,6,0.42000,20240913,0.005789096467196941,0.013703648000955582,109368.0,2882.354,0.2601,,6.509999743605083,0.00791455153375864,strong,1.000000,0.42000,6,quality,,,
20240913,20240918,SHSE.600234,600234.SH,科新发展,5,0.019656183198094368,,6,0.42000,20240913,0.004668111447244883,0.010814216919243336,73505.8724,1788.244,0.2412,,2.7999999114821623,0.006146105471998453,strong,1.000000,0.42000,6,quality,,,
20240913,20240918,SHSE.600322,600322.SH,津投城开,1,0.10056282579898834,,6,0.21249,20240913,0.007686796598136425,0.05163244530558586,144846.7,27110.935,1.865,,1.3100000396607414,0.043945648707449436,weak,1.000000,0.20600,6,quality,,,
20240913,20240918,SZSE.300536,300536.SZ,农尚环境,2,0.08109384775161743,,6,0.21249,20240913,0.04923364892601967,0.08969815075397491,134912.5412,56895.351,4.1161,,4.600000128624072,0.040464501827955246,weak,1.000000,0.20600,6,base,,,
20240918,20240919,SZSE.002309,002309.SZ,中利集团,1,0.07030224800109863,,6,0.42000,20240918,0.007834400981664658,0.02298162877559662,197895.6644,5164.023,0.2622,,2.270000044766059,0.015147227793931961,strong,1.000000,0.42000,6,risk,,,
20240918,20240919,SHSE.688335,688335.SH,复洁科技,3,0.043037913739681244,,6,0.42000,20240918,0.016559449955821037,0.012303539551794529,109101.4943,1935.666,0.1778,,7.206529159433537,0.004255910404026508,strong,1.000000,0.42000,6,quality,,,
20240918,20240919,SHSE.688571,688571.SH,杭华股份,4,0.03624441847205162,,6,0.32453,20240918,0.015269497409462929,0.009631162509322166,194688.0,13582.508,0.7026,,4.474271790495196,0.005638334900140762,strong,1.000000,0.32000,6,risk,,,
20240918,20240919,SHSE.600322,600322.SH,津投城开,2,0.0673987865447998,,6,0.20891,20240918,0.0058640241622924805,0.04377998411655426,148163.8,43808.855,2.9994,,1.340000040569003,0.03791595995426178,weak,1.000000,0.20600,6,base,,,
20240918,20240919,SHSE.603172,603172.SH,万丰股份,5,0.026752619072794914,,6,0.12068,20240918,0.01977364718914032,0.04314721003174782,167391.9,64187.39,10.5786,,12.430147215338147,0.023373562842607498,weak,0.850000,0.14000,6,risk,,,
20240919,20240920,SHSE.688335,688335.SH,复洁科技,3,0.04270465672016144,,6,0.42000,20240919,0.017130104824900627,0.010398839600384235,113098.4283,2150.7,0.1922,,7.470540404080355,0.006731265224516392,strong,1.000000,0.42000,6,quality,,,
20240919,20240920,SZSE.003027,003027.SZ,同兴科技,4,0.039266057312488556,,6,0.32000,20240919,0.015783241018652916,0.008667114190757275,155952.7776,23557.952,1.9416,,11.588551301433906,0.007116126827895641,strong,1.000000,0.32000,6,quality,,,
20240919,20240920,SZSE.301122,301122.SZ,采纳股份,5,0.03797929733991623,,6,0.32000,20240919,0.018376123160123825,0.011146494187414646,187280.3481,31479.019,4.6617,,15.11133570872208,0.007229628972709179,strong,1.000000,0.32000,6,risk,,,
20240919,20240920,SZSE.300536,300536.SZ,农尚环境,1,0.08510519564151764,,6,0.20600,20240919,0.06642373651266098,0.10353157669305801,124354.1684,50275.718,4.0093,,4.24000011855784,0.037107840180397034,weak,1.000000,0.20600,6,base,,,
20240919,20240920,SHSE.600322,600322.SH,津投城开,2,0.050562385469675064,,6,0.20000,20240919,0.06662487983703613,0.003128459444269538,154798.0,57267.119,3.7461,,1.4000000423855252,0.0634964203927666,weak,1.000000,0.20000,6,base,,,
20240920,20240923,SHSE.688335,688335.SH,复洁科技,2,0.043037913739681244,,6,0.42000,20240920,0.014159761369228363,0.012428496964275837,110729.8748,1429.897,0.1287,,7.314089296141501,0.001731264404952526,strong,1.000000,0.42000,6,quality,,,
20240920,20240923,SHSE.600234,600234.SH,科新发展,3,0.020439110696315765,,6,0.42000,20240920,0.004204312805086374,0.009684690274298191,76656.1241,2634.481,0.3452,,2.919999907688541,0.005480377469211817,strong,1.000000,0.42000,6,quality,,,
20240920,20240923,SZSE.000809,000809.SZ,和展能源,4,0.01938256062567234,,6,0.42000,20240920,0.008862129412591457,0.019314875826239586,164958.2586,2873.413,0.1744,,1.9999999367729735,0.010452746413648129,strong,1.000000,0.42000,6,quality,,,
20240920,20240923,SHSE.600671,600671.SH,天目药业,5,0.01771043799817562,,6,0.42000,20240920,0.006634374149143696,0.011186080053448677,78669.1597,2853.819,0.3616,,6.460000105537234,0.004551705904304981,strong,1.000000,0.42000,6,quality,,,
20240920,20240923,SHSE.603172,603172.SH,万丰股份,1,0.04950573667883873,,6,0.17802,20240920,0.01981610246002674,0.05647174268960953,163257.12,41514.744,6.6904,,12.123107722369637,0.03665564022958279,weak,0.850000,0.20600,6,risk,,,
20240923,20240924,SHSE.603839,603839.SH,安正时尚,2,0.023233674466609955,,6,0.32563,20240923,0.01771055907011032,0.018615342676639557,173258.0774,14562.156,0.8456,,4.281167792577813,0.0009047836065292358,strong,1.000000,0.32000,6,quality,,,
20240923,20240924,SHSE.688485,688485.SH,九州一轨,3,0.0214677881449461,,6,0.42000,20240923,0.006139666773378849,0.014188384637236595,121285.694,2651.377,0.3809,,8.054928830454058,0.008048717863857746,strong,1.000000,0.42000,6,quality,,,
20240923,20240924,SZSE.000809,000809.SZ,和展能源,4,0.01938256062567234,,6,0.42000,20240923,0.004391765221953392,0.011332848109304905,164958.2586,1943.967,0.1185,,1.9999999367729735,0.006941082887351513,strong,1.000000,0.42000,6,quality,,,
20240923,20240924,SHSE.688350,688350.SH,富淼科技,5,0.018875280395150185,,6,0.42000,20240923,0.004649287089705467,0.013082385063171387,117141.9449,2472.619,0.2117,,9.573126692541859,0.00843309797346592,strong,1.000000,0.42000,6,quality,,,
20240923,20240924,SHSE.603172,603172.SH,万丰股份,1,0.04641248285770416,,6,0.17818,20240923,0.029333727434277534,0.059664227068424225,160456.14,37012.353,6.1016,,11.9151132271329,0.03033049963414669,weak,0.850000,0.20600,6,risk,,,
20240924,20240925,SZSE.300907,300907.SZ,康平科技,1,0.34490349888801575,,6,0.32961,20240924,0.015065178275108337,0.027527470141649246,165120.0,15866.224,0.9727,,17.200000361669048,0.012462291866540909,strong,1.000000,0.32000,6,quality,,,
20240924,20240925,SHSE.688335,688335.SH,复洁科技,4,0.05167913809418678,,6,0.42000,20240924,0.019029652699828148,0.026626352220773697,115466.9818,2795.466,0.245,,7.626991512019211,0.007596699520945549,strong,1.000000,0.42000,6,quality,,,
20240924,20240925,SZSE.002742,002742.SZ,三圣股份,2,0.11481356620788574,,6,0.42000,20240924,0.02303677424788475,0.05244975909590721,114912.0,1687.504,0.1469,,2.6599998920521837,0.02941298484802246,weak,1.000000,0.42000,6,quality,,,
20240924,20240925,SHSE.603172,603172.SH,万丰股份,3,0.06074037402868271,,6,0.12258,20240924,0.02670156955718994,0.07059720903635025,165657.96,56317.895,9.2634,,12.301388718286836,0.04389563947916031,weak,0.850000,0.14000,6,risk,,,
20240924,20240925,SZSE.300536,300536.SZ,农尚环境,5,0.04972373694181442,,6,0.12258,20240924,0.029744654893875122,0.05171413719654083,149576.9478,97540.009,6.5395,,5.100000142604949,0.02196948230266571,weak,0.850000,0.14000,6,risk,,,
20240925,20240926,SZSE.002742,002742.SZ,三圣股份,1,0.08271714299917221,,6,0.42000,20240925,0.023144202306866646,0.03653847053647041,120528.0,1094.517,0.0908,,2.7899998867765383,0.013394268229603767,strong,1.000000,0.42000,6,quality,,,
20240925,20240926,SZSE.300536,300536.SZ,农尚环境,3,0.01638989895582199,,6,0.28624,20240925,0.028126947581768036,0.02792660892009735,155149.4224,105018.423,6.7457,,5.290000147917683,0.00020033866167068481,strong,0.850000,0.32000,6,risk,,,
20240925,20240926,SZSE.002486,002486.SZ,嘉麟杰,4,0.010579021647572517,,6,0.33675,20240925,0.016667457297444344,0.012637612409889698,157248.0,50400.948,3.2428,,1.8820627922434443,0.0040298448875546455,strong,1.000000,0.32000,6,base,,,
20240925,20240926,SZSE.300509,300509.SZ,新美星,5,0.010579021647572517,,6,0.33675,20240925,0.01731952093541622,0.012422077357769012,147903.6,17538.63,1.4138,,4.9019635944371265,0.004897443577647209,strong,1.000000,0.32000,6,quality,,,
20240925,20240926,SZSE.002072,002072.SZ,凯瑞德,2,0.043111395090818405,,6,0.18427,20240925,0.0274971853941679,0.004085757303982973,152587.2,118504.999,11.332,,4.149999974973587,0.023411428090184927,weak,0.850000,0.20600,6,risk,,,
20240926,20240927,SZSE.300536,300536.SZ,农尚环境,1,0.018200377002358437,,6,0.33915,20240926,0.019793037325143814,0.02894008345901966,151336.6766,92751.82,5.9822,,5.160000144282654,0.009147046133875847,strong,1.000000,0.32000,6,base,,,
20240926,20240927,SZSE.002072,002072.SZ,凯瑞德,2,0.01618419587612152,,6,0.28828,20240926,0.005096690729260445,0.007593565620481968,161411.52,97178.049,8.6735,,4.389999973526276,0.0024968748912215233,strong,0.850000,0.32000,6,risk,,,
20240926,20240927,SHSE.688309,688309.SH,恒誉环保,3,0.015644265338778496,,6,0.42000,20240926,0.011853968724608421,0.008131046779453754,91212.2356,2816.967,0.3109,,11.336212948328896,0.003722921945154667,strong,1.000000,0.42000,6,quality,,,
20240926,20240927,SZSE.002425,002425.SZ,凯撒文化,4,0.012100637890398502,,6,0.28828,20240926,0.008152470923960209,0.025591235607862473,197073.0036,328564.813,17.3274,,2.0600000887940833,0.017438764683902264,strong,0.850000,0.32000,6,risk,,,
20240926,20240927,SZSE.300305,300305.SZ,裕兴股份,5,0.01100519672036171,,6,0.33915,20240926,0.010539566166698933,0.012719588354229927,191078.5043,38346.811,2.4108,,5.0899997504055605,0.0021800221875309944,strong,1.000000,0.32000,6,risk,,,
20240927,20240930,SZSE.002072,002072.SZ,凯瑞德,1,0.017696870490908623,,6,0.29468,20240927,0.0037333336658775806,0.011295548640191555,165456.0,83242.463,7.2402,,4.499999972862926,0.007562214974313974,strong,0.850000,0.32000,6,risk,,,
20240927,20240930,SHSE.688309,688309.SH,恒誉环保,2,0.017628900706768036,,6,0.42000,20240927,0.009152769111096859,0.011299517005681992,94972.7401,2600.166,0.2759,,11.803583131286315,0.0021467478945851326,strong,1.000000,0.42000,6,quality,,,
20240927,20240930,SZSE.300536,300536.SZ,农尚环境,4,0.01668347418308258,,6,0.29468,20240927,0.012458791956305504,0.02786630392074585,157202.4393,116353.136,7.5236,,5.360000149875006,0.015407511964440346,strong,0.850000,0.32000,6,risk,,,
20240927,20240930,SHSE.688221,688221.SH,前沿生物,5,0.01127383392304182,,6,0.34669,20240927,0.007192527875304222,0.014220049604773521,197402.9501,20296.73,1.0403,,5.27,0.007027521729469299,strong,1.000000,0.32000,6,risk,,,
20240927,20240930,SZSE.002425,002425.SZ,凯撒文化,3,0.017411641776561737,,6,0.12892,20240927,0.013111802749335766,0.033413227647542953,192289.6783,279785.203,14.6508,,2.010000086638887,0.020301424898207188,weak,0.850000,0.14000,6,risk,,,
20240930,20241008,SHSE.600303,600303.SH,曙光股份,1,0.005083851516246796,,6,0.32000,20240930,0.006342742592096329,0.0059529878199100494,173630.2822,41602.782,2.403,,2.569999979223008,0.0003897547721862793,strong,1.000000,0.32000,6,base,,,
20240930,20241008,SHSE.600831,600831.SH,广电网络,2,0.0049784425646066666,,6,0.32000,20240930,0.003196968464180827,0.0056141698732972145,174182.013,91908.314,5.4182,,2.4499999683088496,0.0024172014091163874,strong,1.000000,0.32000,6,base,,,
20240930,20241008,SHSE.600235,600235.SH,民丰特纸,3,0.00493766600266099,,6,0.32000,20240930,0.00611871387809515,0.005621514283120632,188999.4,96664.201,5.2531,,5.354205973351773,0.0004971995949745178,strong,1.000000,0.32000,6,risk,,,
20240930,20241008,SZSE.000889,000889.SZ,中嘉博创,4,0.00486478116363287,,6,0.32000,20240930,0.0033122559543699026,0.00524499686434865,172277.5653,68737.468,4.4188,,1.840000069495475,0.0019327409099787474,strong,1.000000,0.32000,6,base,,,
20240930,20241008,SZSE.002052,002052.SZ,同洲电子,5,0.0046513257548213005,,6,0.32000,20240930,0.003647848730906844,0.007224022410809994,143970.2209,51988.471,3.7031,,1.9299999546466178,0.0035761736799031496,strong,1.000000,0.32000,6,base,,,
20241008,20241009,SZSE.002072,002072.SZ,凯瑞德,1,0.0045380303636193275,,6,0.28041,20241008,0.0049069905653595924,0.0010150955058634281,193399.68,106000.641,7.9462,,5.259999968279776,0.0038918950594961643,strong,0.850000,0.32000,6,risk,,,
20241008,20241009,SZSE.002052,002052.SZ,同洲电子,2,0.004435365088284016,,6,0.32990,20241008,0.0036281924694776535,0.007081374526023865,151429.8179,60545.433,4.0447,,2.0299999522967016,0.0034531820565462112,strong,1.000000,0.32000,6,base,,,
20241008,20241009,SHSE.600287,600287.SH,苏豪时尚,3,0.0039981817826628685,,6,0.32990,20241008,0.0031693405471742153,0.004245340824127197,158424.1186,78710.316,5.0238,,3.610000065265673,0.001076000276952982,strong,1.000000,0.32000,6,base,,,
20241008,20241009,SHSE.600303,600303.SH,曙光股份,4,0.0037492814008146524,,6,0.32990,20241008,0.007502662017941475,0.004285935778170824,177008.3033,97863.257,5.4385,,2.619999978818787,0.003216726239770651,strong,1.000000,0.32000,6,base,,,
20241008,20241009,SZSE.000803,000803.SZ,山高环能,5,0.0035862228833138943,,6,0.32990,20241008,0.006651297211647034,0.003062371164560318,194518.1716,98135.193,5.162,,4.13000008822418,0.0035889260470867157,strong,1.000000,0.32000,6,risk,,,
20241009,20241010,SZSE.002052,002052.SZ,同洲电子,1,0.0031168556306511164,,6,0.32000,20241009,0.0036526641342788935,0.0055646831169724464,158889.4148,14679.462,0.9322,,2.1299999499467854,0.001912018982693553,strong,1.000000,0.32000,6,quality,,,
20241009,20241010,SHSE.600319,600319.SH,亚星化学,2,0.0024702625814825296,,6,0.32000,20241009,0.0026038605719804764,0.003576789516955614,174469.2228,66344.067,4.7382,,4.4999998657983795,0.0009729289449751377,strong,1.000000,0.32000,6,base,,,
20241009,20241010,SHSE.600671,600671.SH,天目药业,3,0.0014466114807873964,,6,0.20000,20241009,0.0025267465971410275,0.0017590245697647333,92186.6159,23565.585,2.5243,,7.570000123671342,0.0007677220273762941,strong,1.000000,0.20000,6,base,,,
20241009,20241010,SHSE.605155,605155.SH,西大门,4,0.0010552594903856516,,6,0.32000,20241009,0.0059864716604352,0.001316324109211564,185623.7137,53953.055,3.0211,,9.370978576530813,0.004670147551223636,strong,1.000000,0.32000,6,risk,,,
20241009,20241010,SZSE.000889,000889.SZ,中嘉博创,5,5.106325261294842e-05,,6,0.32000,20241009,0.002490219660103321,0.0003651848528534174,180704.1854,77024.206,4.6502,,1.93000007289471,0.0021250348072499037,strong,1.000000,0.32000,6,risk,,,
20241010,20241011,SZSE.002094,002094.SZ,青岛金王,2,0.01621849276125431,,6,0.34961,20241010,0.004950433969497681,0.008785927668213844,185851.4407,94211.449,5.0553,,2.6899999496983544,0.0038354936987161636,strong,1.000000,0.32000,6,risk,,,
20241010,20241011,SZSE.002247,002247.SZ,聚力文化,3,0.015058816410601139,,6,0.29717,20241010,0.004135538823902607,0.007844164036214352,163367.0494,89230.648,7.1173,,1.919999996612817,0.0037086252123117447,strong,0.850000,0.32000,6,risk,,,
20241010,20241011,SHSE.688118,688118.SH,普元信息,4,0.009234216064214706,,6,0.29717,20241010,0.006981507875025272,-0.00043749110773205757,165011.3885,104458.017,6.1337,,17.218347053868744,0.00741899898275733,strong,0.850000,0.32000,6,risk,,,
20241010,20241011,SZSE.300536,300536.SZ,农尚环境,5,0.004544684197753668,,6,0.29717,20241010,0.008225733414292336,0.003125723684206605,174799.7273,104924.575,6.0124,,5.960000166652058,0.0051000097300857306,strong,0.850000,0.32000,6,risk,,,
20241010,20241011,SZSE.002052,002052.SZ,同洲电子,1,0.24067479372024536,,6,0.42000,20241010,0.048258524388074875,0.2861884534358978,167094.9715,1238.406,0.0741,,2.239999947361878,0.23792992904782295,weak,1.000000,0.42000,6,risk,,,
20241011,20241014,SZSE.002052,002052.SZ,同洲电子,1,0.0629916712641716,,6,0.42000,20241011,0.009761911816895008,0.02809002995491028,175300.5281,4744.899,0.2707,,2.34999994477697,0.01832811813801527,strong,1.000000,0.42000,6,quality,,,
20241011,20241014,SZSE.002742,002742.SZ,三圣股份,2,0.060899242758750916,,6,0.42000,20241011,0.004717698786407709,0.00883894506841898,119664.0,4405.081,0.3682,,2.769999887588176,0.0041212462820112705,strong,1.000000,0.42000,6,quality,,,
20241011,20241014,SHSE.603818,603818.SH,曲美家居,4,0.004127185791730881,,6,0.32000,20241011,0.00917167030274868,0.0014550955966114998,172265.4638,50189.169,2.8679,,2.485094223305832,0.00771657470613718,strong,1.000000,0.32000,6,base,,,
20241011,20241014,SHSE.600287,600287.SH,苏豪时尚,5,0.0039981817826628685,,6,0.32000,20241011,0.004410109482705593,0.0019449545070528984,149647.1591,26360.897,1.7404,,3.4100000616498467,0.0024651549756526947,strong,1.000000,0.32000,6,quality,,,
20241011,20241014,SZSE.002425,002425.SZ,凯撒文化,3,0.014706558547914028,,6,0.14000,20241011,0.0516759529709816,0.012479021213948727,192289.6783,103101.084,5.3767,,2.010000086638887,0.03919693175703287,weak,1.000000,0.14000,6,risk,,,
20241014,20241015,SZSE.002052,002052.SZ,同洲电子,1,0.06408367305994034,,6,0.42000,20241014,0.011015470139682293,0.02823389694094658,184252.0444,6543.032,0.3551,,2.4699999419570706,0.017218426801264286,strong,1.000000,0.42000,6,risk,,,
20241014,20241015,SHSE.688118,688118.SH,普元信息,3,0.010521789081394672,,6,0.32000,20241014,0.008112520910799503,-0.0003388714976608753,161816.4072,61269.181,3.9219,,16.884962202028465,0.008451392408460379,strong,1.000000,0.32000,6,base,,,
20241014,20241015,SZSE.300536,300536.SZ,农尚环境,4,0.004544684197753668,,6,0.32000,20241014,0.008867011405527592,0.0010326956398785114,169227.2527,64506.486,3.8836,,5.7700001613393255,0.00783431576564908,strong,1.000000,0.32000,6,base,,,
20241014,20241015,SHSE.603818,603818.SH,曲美家居,5,0.004127185791730881,,6,0.32000,20241014,0.00970213208347559,0.0011282290797680616,178467.0204,62588.637,3.5517,,2.574557615344842,0.008573903003707528,strong,1.000000,0.32000,6,base,,,
20241014,20241015,SZSE.002425,002425.SZ,凯撒文化,2,0.014706558547914028,,6,0.20600,20241014,0.0339074470102787,0.006586924195289612,192289.6783,87188.192,4.6074,,2.010000086638887,0.02732052281498909,weak,1.000000,0.20600,6,risk,,,
20241015,20241016,SZSE.002742,002742.SZ,三圣股份,1,0.06309241056442261,,6,0.42000,20241015,0.006686505861580372,0.011914988979697227,132192.0,8346.762,0.6316,,3.0599998758194293,0.005228483118116856,strong,1.000000,0.42000,6,quality,,,
20241015,20241016,SZSE.002052,002052.SZ,同洲电子,2,0.059560686349868774,,6,0.42000,20241015,0.01019427739083767,0.02823389694094658,193203.5607,5715.498,0.2958,,2.589999939137171,0.01803961955010891,strong,1.000000,0.42000,6,risk,,,
20241015,20241016,SZSE.002425,002425.SZ,凯撒文化,3,0.014534601010382175,,6,0.32000,20241015,0.018429646268486977,0.008366422727704048,191333.0132,75623.468,3.9571,,2.000000086207848,0.010063223540782928,strong,1.000000,0.32000,6,risk,,,
20241015,20241016,SHSE.688316,688316.SH,青云科技,4,0.01184830442070961,,6,0.32000,20241015,0.007105741649866104,0.000728825805708766,153696.7693,55128.36,4.6248,,32.16,0.006376915844157338,strong,1.000000,0.32000,6,base,,,
20241015,20241016,SHSE.688118,688118.SH,普元信息,5,0.010521789081394672,,6,0.32000,20241015,0.00783157255500555,-0.00045444746501743793,156178.2048,63226.51,3.9052,,16.29663599289855,0.008286020020022988,strong,1.000000,0.32000,6,base,,,
20241016,20241017,SZSE.002742,002742.SZ,三圣股份,2,0.06372440606355667,,6,0.42000,20241016,0.009186136536300182,0.01570216938853264,138672.0,7701.753,0.5556,,3.2099998697321466,0.006516032852232456,strong,1.000000,0.42000,6,quality,,,
20241016,20241017,SZSE.002425,002425.SZ,凯撒文化,3,0.014534601010382175,,6,0.27945,20241016,0.005979449488222599,0.003539771307259798,197073.0036,124633.345,6.3911,,2.0600000887940833,0.002439678180962801,strong,0.850000,0.32000,6,risk,,,
20241016,20241017,SZSE.300536,300536.SZ,农尚环境,4,0.00499107176437974,,6,0.32877,20241016,0.013002808205783367,0.007080192677676678,153389.6936,70895.73,4.5545,,5.230000146239977,0.0059226155281066895,strong,1.000000,0.32000,6,base,,,
20241016,20241017,SZSE.300165,300165.SZ,天瑞仪器,5,0.0047541419044137,,6,0.32877,20241016,0.0032541805412620306,0.0036887943278998137,171447.0569,81870.854,5.706,,3.4599999352997424,0.00043461378663778305,strong,1.000000,0.32000,6,base,,,
20241016,20241017,SZSE.000506,000506.SZ,招金黄金,1,0.16606490314006805,,6,0.42000,20241016,0.004403858445584774,0.2518826425075531,148642.8418,1245.12,0.0838,,1.5999999883115128,0.24747878406196833,weak,1.000000,0.42000,6,risk,,,
20241017,20241018,SZSE.002425,002425.SZ,凯撒文化,3,0.014534601010382175,,6,0.32877,20241017,0.00768409576267004,0.007397291250526905,191333.0132,96115.993,4.9672,,2.000000086207848,0.00028680451214313507,strong,1.000000,0.32000,6,risk,,,
20241017,20241018,SZSE.300165,300165.SZ,天瑞仪器,4,0.004900985863059759,,6,0.27945,20241017,0.0016950645949691534,0.0030808201991021633,178384.221,133926.547,8.9381,,3.599999932681813,0.00138575560413301,strong,0.850000,0.32000,6,risk,,,
20241017,20241018,SHSE.603001,603001.SH,奥康国际,5,0.004183389712125063,,6,0.32877,20241017,0.0063704438507556915,0.0014606004115194082,187257.66,11194.336,0.5889,,4.555065881285117,0.004909843439236283,strong,1.000000,0.32000,6,risk,,,
20241017,20241018,SZSE.000506,000506.SZ,招金黄金,1,0.2199939787387848,,6,0.42000,20241017,-0.0004255807725712657,0.3714505434036255,156074.9838,1578.846,0.1012,,1.6799999877270881,0.37187612417619675,weak,1.000000,0.42000,6,risk,,,
20241017,20241018,SZSE.002742,002742.SZ,三圣股份,2,0.07903043180704117,,6,0.42000,20241017,0.01756400242447853,0.04270908609032631,145584.0,1218.612,0.0837,,3.3699998632390447,0.02514508366584778,weak,1.000000,0.42000,6,quality,,,
20241018,20241021,SZSE.002425,002425.SZ,凯撒文化,1,0.014534601010382175,,6,0.34043,20241018,0.009616576135158539,0.004611283075064421,193246.3433,86803.934,4.5281,,2.0200000870699264,0.005005293060094118,strong,1.000000,0.32000,6,risk,,,
20241018,20241021,SZSE.300536,300536.SZ,农尚环境,2,0.005530697293579578,,6,0.28936,20241018,0.010252200998365879,0.006988381035625935,148697.0834,88923.763,6.0107,,5.070000141766097,0.0032638199627399445,strong,0.850000,0.32000,6,risk,,,
20241018,20241021,SZSE.300165,300165.SZ,天瑞仪器,3,0.004900985863059759,,6,0.28936,20241018,0.001487246248871088,0.0030215627048164606,180861.7796,139303.304,9.2057,,3.6499999317468377,0.0015343164559453726,strong,0.850000,0.32000,6,risk,,,
20241018,20241021,SHSE.603001,603001.SH,奥康国际,4,0.004546152427792549,,6,0.34043,20241018,0.006446303799748421,0.0018604617798700929,191267.46,12665.013,0.6669,,4.652604765252678,0.004585842019878328,strong,1.000000,0.32000,6,risk,,,
20241018,20241021,SHSE.600287,600287.SH,苏豪时尚,5,0.004103756044059992,,6,0.34043,20241018,0.003076432039961219,0.001493842457421124,149647.1591,18389.08,1.2342,,3.4100000616498467,0.0015825895825400949,strong,1.000000,0.32000,6,quality,,,
20241021,20241022,SZSE.000506,000506.SZ,招金黄金,1,0.04679460823535919,,6,0.42000,20241021,0.017576461657881737,0.033244937658309937,171868.2858,3155.428,0.1837,,1.8499999864851866,0.0156684760004282,strong,1.000000,0.42000,6,quality,,,
20241021,20241022,SZSE.002425,002425.SZ,凯撒文化,2,0.013392830267548561,,6,0.29717,20241021,0.0052192434668540955,0.006263649556785822,198029.6687,147082.851,7.5141,,2.0700000892251227,0.0010444060899317265,strong,0.850000,0.32000,6,risk,,,
20241021,20241022,SZSE.300300,300300.SZ,海峡创新,3,0.004391379654407501,,6,0.29717,20241021,0.0024340893141925335,0.005103820934891701,150707.436,113684.522,7.4472,,2.2600000608221467,0.0026697316206991673,strong,0.850000,0.32000,6,risk,,,
20241021,20241022,SZSE.300165,300165.SZ,天瑞仪器,4,0.004387089051306248,,6,0.29717,20241021,0.002722448669373989,0.005344599485397339,181357.2914,138810.25,8.8982,,3.659999931559843,0.0026221508160233498,strong,0.850000,0.32000,6,risk,,,
20241021,20241022,SHSE.600287,600287.SH,苏豪时尚,5,0.004103756044059992,,6,0.34961,20241021,0.0025172787718474865,0.004078906495124102,154474.4868,29317.258,1.9374,,3.5200000636385513,0.0015616277232766151,strong,1.000000,0.32000,6,quality,,,
20241022,20241023,SZSE.002425,002425.SZ,凯撒文化,2,0.013392830267548561,,6,0.32930,20241022,0.006702577695250511,0.006543240509927273,199942.9988,106568.886,5.3723,,2.090000090087201,0.00015933718532323837,strong,1.000000,0.32000,6,risk,,,
20241022,20241023,SZSE.300300,300300.SZ,海峡创新,3,0.004528843332082033,,6,0.32930,20241022,0.004123605787754059,0.006691553629934788,153374.8243,86071.527,5.6934,,2.300000061898645,0.002567947842180729,strong,1.000000,0.32000,6,base,,,
20241022,20241023,SZSE.300165,300165.SZ,天瑞仪器,4,0.004492662381380796,,6,0.27990,20241022,0.003670299658551812,0.00682983361184597,185816.8969,113623.022,7.3104,,3.7499999298768882,0.003159533953294158,strong,0.850000,0.32000,6,risk,,,
20241022,20241023,SHSE.600287,600287.SH,苏豪时尚,5,0.004103756044059992,,6,0.32930,20241022,0.0037168830167502165,0.005250436253845692,161934.9024,37601.006,2.385,,3.6900000667120043,0.0015335532370954752,strong,1.000000,0.32000,6,base,,,
20241022,20241023,SZSE.000506,000506.SZ,招金黄金,1,0.05916468799114227,,6,0.42000,20241022,0.08400825411081314,0.28348308801651,180229.4456,1080.192,0.06,,1.939999985827709,0.19947483390569687,weak,1.000000,0.42000,6,risk,,,
20241023,20241024,SZSE.300300,300300.SZ,海峡创新,2,0.004900985863059759,,6,0.28052,20241023,0.004208541940897703,0.0071279676631093025,155375.3654,101011.716,6.3501,,2.3300000627060187,0.0029194257222115993,strong,0.850000,0.32000,6,risk,,,
20241023,20241024,SHSE.600287,600287.SH,苏豪时尚,3,0.004103756044059992,,6,0.33003,20241023,0.005837913602590561,0.005458112806081772,163690.2943,42116.276,2.5525,,3.7300000674351694,0.00037980079650878906,strong,1.000000,0.32000,6,base,,,
20241023,20241024,SHSE.600234,600234.SH,科新发展,4,0.004055479541420937,,6,0.20627,20241023,0.005899648182094097,0.004226119723170996,96607.7181,24720.679,2.5842,,3.679999883662271,0.0016735284589231014,strong,1.000000,0.20000,6,base,,,
20241023,20241024,SZSE.002742,002742.SZ,三圣股份,5,0.003783919382840395,,6,0.33003,20241023,0.0061799511313438416,0.005743979010730982,167184.0,38950.965,2.3429,,3.869999842948102,0.0004359721206128597,strong,1.000000,0.32000,6,base,,,
20241023,20241024,SZSE.000506,000506.SZ,招金黄金,1,0.06255743652582169,,6,0.42000,20241023,0.08864259719848633,0.30061089992523193,189519.6232,1447.996,0.0764,,2.039999985097179,0.2119683027267456,weak,1.000000,0.42000,6,risk,,,
20241024,20241025,SZSE.300300,300300.SZ,海峡创新,2,0.004387089051306248,,6,0.32000,20241024,0.0035625863820314407,0.0066000730730593204,157375.9066,84912.308,5.45,,2.3600000635133926,0.0030374866910278797,strong,1.000000,0.32000,6,base,,,
20241024,20241025,SHSE.600234,600234.SH,科新发展,3,0.004103756044059992,,6,0.20000,20241024,0.005401059053838253,0.005148416385054588,96870.239,19069.042,1.9566,,3.6899998833461356,0.0002526426687836647,strong,1.000000,0.20000,6,quality,,,
20241024,20241025,SHSE.600287,600287.SH,苏豪时尚,4,0.004103756044059992,,6,0.32000,20241024,0.005910865031182766,0.005531849339604378,166323.3821,29929.897,1.8063,,3.7900000685199173,0.0003790156915783882,strong,1.000000,0.32000,6,quality,,,
20241024,20241025,SZSE.000889,000889.SZ,中嘉博创,5,0.003956956788897514,,6,0.32000,20241024,0.0027929595671594143,0.006938884034752846,194748.5521,54450.64,3.0143,,2.0800000785601025,0.0041459244675934315,strong,1.000000,0.32000,6,risk,,,
20241024,20241025,SZSE.000506,000506.SZ,招金黄金,1,0.07674417644739151,,6,0.42000,20241024,0.10647262632846832,0.32729995250701904,198809.8009,1171.276,0.0589,,2.139999984366648,0.22082732617855072,weak,1.000000,0.42000,6,risk,,,
20241025,20241028,SZSE.300300,300300.SZ,海峡创新,1,0.0044552115723490715,,6,0.28041,20241025,0.002509678713977337,0.007291864138096571,167378.6126,129863.551,7.8412,,2.5100000675502603,0.004782185424119234,strong,0.850000,0.32000,6,risk,,,
20241025,20241028,SHSE.600234,600234.SH,科新发展,2,0.004161053337156773,,6,0.32990,20241025,0.006058471277356148,0.005603698547929525,101595.6166,18522.607,1.9064,,3.8699998776557036,0.0004547727294266224,strong,1.000000,0.32000,6,quality,,,
20241025,20241028,SHSE.600287,600287.SH,苏豪时尚,3,0.004103756044059992,,6,0.32990,20241025,0.004783947952091694,0.005734529811888933,165445.6862,34031.063,2.0503,,3.7700000681583345,0.0009505818597972393,strong,1.000000,0.32000,6,base,,,
20241025,20241028,SZSE.002742,002742.SZ,三圣股份,4,0.0040854476392269135,,6,0.32990,20241025,0.005909955129027367,0.005153201054781675,171072.0,50593.617,2.9766,,3.959999839295732,0.0007567540742456913,strong,1.000000,0.32000,6,base,,,
20241025,20241028,SZSE.000889,000889.SZ,中嘉博创,5,0.003956956788897514,,6,0.32990,20241025,0.0034154083114117384,0.0070931389927864075,197557.4255,51462.035,2.8111,,2.110000079693181,0.003677730681374669,strong,1.000000,0.32000,6,risk,,,
20241028,20241029,SHSE.600287,600287.SH,苏豪时尚,1,0.004161053337156773,,6,0.32000,20241028,0.0035163364373147488,0.0057080453261733055,173783.7977,42902.568,2.5209,,3.9600000715933703,0.0021917088888585567,strong,1.000000,0.32000,6,base,,,
20241028,20241029,SZSE.002742,002742.SZ,三圣股份,2,0.00412360206246376,,6,0.32000,20241028,0.004337319638580084,0.005483665037900209,171936.0,40049.427,2.3505,,3.9799998384840944,0.0011463453993201256,strong,1.000000,0.32000,6,base,,,
20241028,20241029,SHSE.600303,600303.SH,曙光股份,3,0.0039981817826628685,,6,0.32000,20241028,0.003798347432166338,0.0040156482718884945,190520.3875,44519.884,2.363,,2.8199999772019,0.00021730083972215652,strong,1.000000,0.32000,6,risk,,,
20241028,20241029,SHSE.603879,603879.SH,永悦科技,4,0.0039981817826628685,,6,0.32000,20241028,0.003752356395125389,0.004668422043323517,107443.9876,24696.118,2.3398,,2.990000017828753,0.0009160656481981277,strong,1.000000,0.32000,6,base,,,
20241028,20241029,SHSE.600234,600234.SH,科新发展,5,0.00382137019187212,,6,0.32000,20241028,0.004823753144592047,0.005820334888994694,106583.515,10662.619,1.0079,,4.0599998716491355,0.000996581744402647,strong,1.000000,0.32000,6,quality,,,
20241029,20241030,SZSE.002742,002742.SZ,三圣股份,1,0.00412360206246376,,6,0.32000,20241029,0.004407642874866724,0.005859186872839928,171936.0,54913.24,3.1393,,3.9799998384840944,0.0014515439979732037,strong,1.000000,0.32000,6,base,,,
20241029,20241030,SHSE.600287,600287.SH,苏豪时尚,2,0.004103756044059992,,6,0.32000,20241029,0.0036547426134347916,0.005759654100984335,172906.1018,35932.171,2.0766,,3.940000071231788,0.0021049114875495434,strong,1.000000,0.32000,6,base,,,
20241029,20241030,SHSE.603608,603608.SH,天创时尚,3,0.004103756044059992,,6,0.32000,20241029,0.0061032092198729515,0.005053051747381687,149418.1787,20814.424,1.4109,,3.559999959531662,0.0010501574724912643,strong,1.000000,0.32000,6,quality,,,
20241029,20241030,SHSE.600234,600234.SH,科新发展,4,0.003783919382840395,,6,0.32000,20241029,0.004131551831960678,0.005871943198144436,111833.9345,11308.083,1.0146,,4.259999865326433,0.0017403913661837578,strong,1.000000,0.32000,6,quality,,,
20241029,20241030,SHSE.603023,603023.SH,威帝股份,5,0.0037269527092576027,,6,0.32000,20241029,0.003620872972533107,0.004643062129616737,146140.7498,53983.801,3.7511,,2.599999915327079,0.0010221891570836306,strong,1.000000,0.32000,6,base,,,
20241030,20241031,SHSE.600287,600287.SH,苏豪时尚,2,0.004161053337156773,,6,0.32000,20241030,0.0036331582814455032,0.005759654100984335,181244.2133,34768.599,1.9618,,4.130000074666823,0.0021264958195388317,strong,1.000000,0.32000,6,risk,,,
20241030,20241031,SZSE.002742,002742.SZ,三圣股份,3,0.00412360206246376,,6,0.32000,20241030,0.003913413733243942,0.005765440873801708,177984.0,37385.315,2.1423,,4.11999983280263,0.001852027140557766,strong,1.000000,0.32000,6,base,,,
20241030,20241031,SHSE.600303,600303.SH,曙光股份,4,0.004103756044059992,,6,0.32000,20241030,0.0044456846080720425,0.004500218201428652,189844.7833,53851.877,2.8753,,2.809999977282745,5.4533593356609344e-05,strong,1.000000,0.32000,6,risk,,,
20241030,20241031,SHSE.603608,603608.SH,天创时尚,5,0.004103756044059992,,6,0.32000,20241030,0.006163919344544411,0.005053051747381687,154874.4605,20086.328,1.313,,3.6899999580538854,0.0011108675971627235,strong,1.000000,0.32000,6,quality,,,
20241030,20241031,SHSE.600234,600234.SH,科新发展,1,0.0820254236459732,,6,0.42000,20241030,0.0237919669598341,0.04845060408115387,117346.8749,2453.208,0.2091,,4.469999858687595,0.02465863712131977,weak,1.000000,0.42000,6,quality,,,
20241031,20241101,SHSE.600287,600287.SH,苏豪时尚,1,0.004103756044059992,,6,0.32000,20241031,0.00439395010471344,0.0057867285795509815,176855.7335,44833.97,2.5289,,4.030000072858909,0.0013927784748375416,strong,1.000000,0.32000,6,base,,,
20241031,20241101,SHSE.600303,600303.SH,曙光股份,2,0.004103756044059992,,6,0.32000,20241031,0.003902524011209607,0.004436577670276165,185115.5538,60977.375,3.2107,,2.7399999778486546,0.0005340536590665579,strong,1.000000,0.32000,6,risk,,,
20241031,20241101,SHSE.603879,603879.SH,永悦科技,3,0.0039981817826628685,,6,0.32000,20241031,0.0039484803564846516,0.005184337496757507,109959.3986,38962.062,3.555,,3.0600000182461486,0.0012358571402728558,strong,1.000000,0.32000,6,base,,,
20241031,20241101,SHSE.603023,603023.SH,威帝股份,4,0.0036696551833301783,,6,0.32000,20241031,0.004411463625729084,0.004643062129616737,141644.1114,48339.021,3.3532,,2.5199999179323997,0.00023159850388765335,strong,1.000000,0.32000,6,base,,,
20241031,20241101,SZSE.300013,300013.SZ,新宁物流,5,0.0033498192206025124,,6,0.32000,20241031,0.00363383861258626,0.0047760093584656715,163487.4841,89106.107,5.4065,,3.660000188098892,0.0011421707458794117,strong,1.000000,0.32000,6,base,,,
20241101,20241104,SHSE.600303,600303.SH,曙光股份,1,0.004103756044059992,,6,0.32990,20241101,0.005130092613399029,0.0048642847687006,179710.7201,45457.422,2.5016,,2.6599999784954096,0.0002658078446984291,strong,1.000000,0.32000,6,base,,,
20241101,20241104,SHSE.603879,603879.SH,永悦科技,2,0.0039981817826628685,,6,0.32990,20241101,0.003497097175568342,0.00524932611733675,112834.1542,65968.064,5.804,,3.140000018723172,0.0017522289417684078,strong,1.000000,0.32000,6,base,,,
20241101,20241104,SZSE.002629,002629.SZ,仁智股份,3,0.002082258462905884,,6,0.28041,20241101,0.004295829683542252,0.001963649643585086,118331.608,99621.77,10.4203,,2.7099999986131165,0.0023321800399571657,strong,0.850000,0.32000,6,risk,,,
20241101,20241104,SHSE.600671,600671.SH,天目药业,4,0.001467031193897128,,6,0.32990,20241101,0.003181674750521779,0.003269809763878584,119343.3073,19984.829,1.6757,,9.800000160102925,8.813501335680485e-05,strong,1.000000,0.32000,6,quality,,,
20241101,20241104,SZSE.002696,002696.SZ,百洋股份,5,0.0009285835549235344,,6,0.32990,20241101,0.002998057520017028,0.0018800627440214157,173527.4933,43196.606,2.4729,,4.965160403598268,0.0011179947759956121,strong,1.000000,0.32000,6,base,,,
20241104,20241105,SZSE.002309,002309.SZ,中利集团,1,0.04984554648399353,,6,0.32000,20241104,0.005639194510877132,0.009946291334927082,174357.4136,16482.772,0.9497,,2.0000000394414617,0.00430709682404995,strong,1.000000,0.32000,6,quality,,,
20241104,20241105,SZSE.300013,300013.SZ,新宁物流,2,0.004122898913919926,,6,0.32000,20241104,0.004600599408149719,0.0050549134612083435,159913.9872,67782.947,4.3322,,3.5800001839874414,0.00045431405305862427,strong,1.000000,0.32000,6,base,,,
20241104,20241105,SHSE.600234,600234.SH,科新发展,3,0.004103756044059992,,6,0.32000,20241104,0.005367744714021683,0.0058110784739255905,105795.9521,14160.853,1.3562,,4.029999872597542,0.0004433337599039078,strong,1.000000,0.32000,6,quality,,,
20241104,20241105,SHSE.600287,600287.SH,苏豪时尚,4,0.004103756044059992,,6,0.32000,20241104,0.005347025580704212,0.0058110784739255905,168517.622,26250.12,1.5756,,3.840000069423874,0.0004640528932213783,strong,1.000000,0.32000,6,quality,,,
20241104,20241105,SHSE.600303,600303.SH,曙光股份,5,0.004103756044059992,,6,0.32000,20241104,0.00415430124849081,0.004759419709444046,188493.5749,30546.863,1.6338,,2.789999977444433,0.0006051184609532356,strong,1.000000,0.32000,6,risk,,,
20241105,20241106,SZSE.002309,002309.SZ,中利集团,1,0.0603177510201931,,6,0.42000,20241105,0.007076895795762539,0.011788526549935341,183075.2843,4970.28,0.2727,,2.100000041413535,0.004711630754172802,strong,1.000000,0.42000,6,risk,,,
20241105,20241106,SHSE.603879,603879.SH,永悦科技,2,0.00899416208267212,,6,0.42000,20241105,0.00399760901927948,0.005601727403700352,124692.5207,9188.273,0.7399,,3.470000020690894,0.0016041183844208717,strong,1.000000,0.42000,6,quality,,,
20241105,20241106,SZSE.002742,002742.SZ,三圣股份,3,0.004161053337156773,,6,0.32000,20241105,0.00548693910241127,0.005448303651064634,155520.0,66055.593,4.3296,,3.599999853905211,3.863545134663582e-05,strong,1.000000,0.32000,6,base,,,
20241105,20241106,SZSE.300013,300013.SZ,新宁物流,4,0.004103756044059992,,6,0.32000,20241105,0.003931181505322456,0.005688137374818325,160360.6743,59228.076,3.6969,,3.5900001845013727,0.0017569558694958687,strong,1.000000,0.32000,6,base,,,
20241105,20241106,SHSE.600234,600234.SH,科新发展,5,0.004103756044059992,,6,0.32000,20241105,0.00513492152094841,0.0058110784739255905,106058.4731,18586.993,1.7623,,4.039999872281406,0.0006761569529771805,strong,1.000000,0.32000,6,quality,,,
20241106,20241107,SZSE.002742,002742.SZ,三圣股份,2,0.007602423429489136,,6,0.32000,20241106,0.0056811608374118805,0.007589791901409626,163296.0,30575.779,1.8734,,3.7799998466004716,0.0019086310639977455,strong,1.000000,0.32000,6,quality,,,
20241106,20241107,SZSE.300013,300013.SZ,新宁物流,3,0.004161053337156773,,6,0.32000,20241106,0.004617736674845219,0.005500136874616146,158573.9258,79731.136,5.026,,3.5500001824456464,0.0008824001997709274,strong,1.000000,0.32000,6,base,,,
20241106,20241107,SHSE.600234,600234.SH,科新发展,4,0.004161053337156773,,6,0.32000,20241106,0.005393028259277344,0.005711185745894909,105270.9102,19890.133,1.8776,,4.009999873229812,0.00031815748661756516,strong,1.000000,0.32000,6,quality,,,
20241106,20241107,SHSE.600303,600303.SH,曙光股份,5,0.004103756044059992,,6,0.32000,20241106,0.004422228783369064,0.005033924710005522,196600.8254,58891.583,2.9672,,2.9099999764743014,0.0006116959266364574,strong,1.000000,0.32000,6,risk,,,
20241106,20241107,SZSE.002309,002309.SZ,中利集团,1,0.06622175127267838,,6,0.42000,20241106,0.05259178206324577,0.24462854862213135,192664.942,5728.099,0.2987,,2.210000043582815,0.19203676655888557,weak,1.000000,0.42000,6,risk,,,
20241107,20241108,SZSE.000590,000590.SZ,古汉医药,1,0.005401484668254852,,6,0.32000,20241107,0.003722952678799629,0.002347768284380436,190379.6573,90686.039,4.7613,,7.949999898146622,0.0013751843944191933,strong,1.000000,0.32000,6,risk,,,
20241107,20241108,SHSE.600319,600319.SH,亚星化学,2,0.00535200722515583,,6,0.32000,20241107,0.0038855583406984806,0.009041867218911648,197731.7858,28078.13,1.7723,,5.099999847904829,0.005156308878213167,strong,1.000000,0.32000,6,risk,,,
20241107,20241108,SZSE.300013,300013.SZ,新宁物流,3,0.004161053337156773,,6,0.32000,20241107,0.003913016989827156,0.00521788140758872,164827.5454,73756.193,4.5432,,3.6900001896406867,0.0013048644177615643,strong,1.000000,0.32000,6,base,,,
20241107,20241108,SHSE.600234,600234.SH,科新发展,4,0.004161053337156773,,6,0.32000,20241107,0.004710234701633453,0.005578991025686264,106320.9941,15975.885,1.5005,,4.049999871965271,0.0008687563240528107,strong,1.000000,0.32000,6,quality,,,
20241107,20241108,SHSE.603023,603023.SH,威帝股份,5,0.004161053337156773,,6,0.32000,20241107,0.003963090945035219,0.005610920488834381,159630.6652,52336.282,3.3099,,2.8399999075111166,0.001647829543799162,strong,1.000000,0.32000,6,base,,,
20241108,20241111,SHSE.600319,600319.SH,亚星化学,1,0.0055150724947452545,,6,0.32000,20241108,0.0023672166280448437,0.008654276840388775,198507.2046,26765.603,1.6643,,5.119999847308378,0.006287060212343931,strong,1.000000,0.32000,6,risk,,,
20241108,20241111,SHSE.600234,600234.SH,科新发展,2,0.004161053337156773,,6,0.32000,20241108,0.0032898196950554848,0.005330908112227917,104745.8682,16678.769,1.5891,,3.989999873862082,0.002041088417172432,strong,1.000000,0.32000,6,quality,,,
20241108,20241111,SHSE.603023,603023.SH,威帝股份,3,0.004161053337156773,,6,0.32000,20241108,0.0028022746555507183,0.005584205966442823,158506.5056,41607.747,2.6329,,2.8199999081624467,0.002781931310892105,strong,1.000000,0.32000,6,base,,,
20241108,20241111,SHSE.603226,603226.SH,菲林格尔,4,0.004161053337156773,,6,0.32000,20241108,0.0023906275164335966,0.005190329626202583,158904.8212,38832.689,2.5036,,4.469999881301198,0.0027997021097689867,strong,1.000000,0.32000,6,base,,,
20241108,20241111,SHSE.600303,600303.SH,曙光股份,5,0.004103756044059992,,6,0.32000,20241108,0.002589303534477949,0.005203708540648222,199978.8465,66532.592,3.3034,,2.9599999760700797,0.002614405006170273,strong,1.000000,0.32000,6,risk,,,
20241111,20241112,SHSE.600319,600319.SH,亚星化学,1,0.004397556185722351,,6,0.32000,20241111,0.0034456858411431313,0.008347203023731709,198507.2046,18988.998,1.182,,5.119999847308378,0.004901517182588577,strong,1.000000,0.32000,6,risk,,,
20241111,20241112,SZSE.300013,300013.SZ,新宁物流,2,0.004161053337156773,,6,0.32000,20241111,0.003592708380892873,0.005415559280663729,168847.7295,68325.07,4.0529,,3.7800001942660693,0.001822850899770856,strong,1.000000,0.32000,6,base,,,
20241111,20241112,SHSE.600234,600234.SH,科新发展,3,0.004161053337156773,,6,0.32000,20241111,0.003919983748346567,0.005351850762963295,109996.2877,13135.011,1.2146,,4.18999986753938,0.0014318670146167278,strong,1.000000,0.32000,6,quality,,,
20241111,20241112,SHSE.603023,603023.SH,威帝股份,4,0.004161053337156773,,6,0.32000,20241111,0.003759996732696891,0.005626978352665901,166375.6229,39414.796,2.4106,,2.9599999036031357,0.0018669816199690104,strong,1.000000,0.32000,6,base,,,
20241111,20241112,SZSE.002798,002798.SZ,帝欧水华,5,0.004103756044059992,,6,0.32000,20241111,0.004074323922395706,0.005194938275963068,166699.2545,45442.738,3.3636,,4.330000024117254,0.0011206143535673618,strong,1.000000,0.32000,6,base,,,
20241112,20241113,SHSE.600539,600539.SH,狮头股份,1,0.0071848309598863125,,6,0.32000,20241112,0.001135120983235538,0.006230363622307777,168360.0,74033.739,4.3554,,7.319999919495434,0.005095242639072239,strong,1.000000,0.32000,6,base,,,
20241112,20241113,SZSE.300013,300013.SZ,新宁物流,2,0.004161053337156773,,6,0.32000,20241112,0.0033143246546387672,0.005595910828560591,172867.9135,73185.354,4.2539,,3.870000198891452,0.0022815861739218235,strong,1.000000,0.32000,6,base,,,
20241112,20241113,SHSE.600234,600234.SH,科新发展,3,0.004161053337156773,,6,0.32000,20241112,0.002306021749973297,0.005506003275513649,115509.2281,19009.637,1.661,,4.399999860900542,0.003199981525540352,strong,1.000000,0.32000,6,quality,,,
20241112,20241113,SHSE.603023,603023.SH,威帝股份,4,0.004161053337156773,,6,0.32000,20241112,0.003455687779933214,0.005665321834385395,164127.3036,71235.215,4.2481,,2.919999904905796,0.002209634054452181,strong,1.000000,0.32000,6,base,,,
20241112,20241113,SZSE.002798,002798.SZ,帝欧水华,5,0.004103756044059992,,6,0.32000,20241112,0.002329363953322172,0.004853215999901295,165929.2811,52367.37,3.822,,4.310000024005857,0.0025238520465791225,strong,1.000000,0.32000,6,base,,,
20241113,20241114,SZSE.300013,300013.SZ,新宁物流,1,0.004161053337156773,,6,0.32000,20241113,0.002957394113764167,0.005643913988023996,174654.662,54362.466,3.1578,,3.9100002009471773,0.0026865198742598295,strong,1.000000,0.32000,6,base,,,
20241113,20241114,SHSE.600234,600234.SH,科新发展,2,0.004161053337156773,,6,0.32000,20241113,0.002687963657081127,0.005537974648177624,121284.6895,10555.627,0.8763,,4.6199998539455684,0.0028500109910964966,strong,1.000000,0.32000,6,quality,,,
20241113,20241114,SHSE.603023,603023.SH,威帝股份,3,0.004161053337156773,,6,0.32000,20241113,0.003767905756831169,0.005699568428099155,161878.9844,57501.984,3.5846,,2.8799999062084565,0.0019316626712679863,strong,1.000000,0.32000,6,base,,,
20241113,20241114,SZSE.002494,002494.SZ,华斯股份,4,0.004103756044059992,,6,0.32000,20241113,0.003447451163083315,0.005436603911221027,159225.123,41914.027,3.4916,,4.219999961259849,0.0019891527481377125,strong,1.000000,0.32000,6,base,,,
20241113,20241114,SZSE.002798,002798.SZ,帝欧水华,5,0.004103756044059992,,6,0.32000,20241113,0.003665751777589321,0.004858240485191345,164389.3341,43070.601,3.2083,,4.270000023783065,0.001192488707602024,strong,1.000000,0.32000,6,base,,,
20241114,20241115,SZSE.300013,300013.SZ,新宁物流,2,0.004161053337156773,,6,0.32000,20241114,0.0032860420178622007,0.005643913988023996,171527.8522,52708.112,3.0396,,3.840000197349658,0.0023578719701617956,strong,1.000000,0.32000,6,base,,,
20241114,20241115,SHSE.603023,603023.SH,威帝股份,3,0.004161053337156773,,6,0.32000,20241114,0.0038362080231308937,0.005735786631703377,163003.144,46366.434,2.794,,2.899999905557126,0.001899578608572483,strong,1.000000,0.32000,6,base,,,
20241114,20241115,SZSE.002494,002494.SZ,华斯股份,4,0.004103756044059992,,6,0.32000,20241114,0.0036907237954437733,0.005465349182486534,155452.0158,32693.357,2.7484,,4.119999962177863,0.0017746253870427608,strong,1.000000,0.32000,6,base,,,
20241114,20241115,SZSE.002798,002798.SZ,帝欧水华,5,0.004103756044059992,,6,0.32000,20241114,0.0036978027783334255,0.00474383682012558,163234.3739,42491.696,3.1546,,4.240000023615972,0.0010460340417921543,strong,1.000000,0.32000,6,base,,,
20241114,20241115,SHSE.600234,600234.SH,科新发展,1,0.08131052553653717,,6,0.42000,20241114,0.02228447236120701,0.0517810620367527,127322.6719,2233.929,0.1755,,4.84999984667446,0.029496589675545692,weak,1.000000,0.42000,6,quality,,,
20241115,20241118,SZSE.002397,002397.SZ,梦洁股份,2,0.004103756044059992,,6,0.32000,20241115,0.006599836051464081,0.005289559252560139,197414.301,34596.89,2.1806,,2.640000021837096,0.001310276798903942,strong,1.000000,0.32000,6,risk,,,
20241115,20241118,SZSE.002494,002494.SZ,华斯股份,3,0.004103756044059992,,6,0.32000,20241115,0.005257385782897472,0.0054862922988832,152810.8408,29240.286,2.4778,,4.049999962820472,0.0002289065159857273,strong,1.000000,0.32000,6,base,,,
20241115,20241118,SZSE.002798,002798.SZ,帝欧水华,4,0.004103756044059992,,6,0.32000,20241115,0.0052658310160040855,0.004567896015942097,158999.5199,31494.34,2.3789,,4.130000023003293,0.0006979350000619888,strong,1.000000,0.32000,6,base,,,
20241115,20241118,SHSE.600287,600287.SH,苏豪时尚,5,0.004103756044059992,,6,0.32000,20241115,0.005185876972973347,0.005545744672417641,178611.1254,30126.925,1.6771,,4.070000073582075,0.000359867699444294,strong,1.000000,0.32000,6,quality,,,
20241115,20241118,SHSE.600234,600234.SH,科新发展,1,0.11239047348499298,,6,0.42000,20241115,0.016896959394216537,0.042061127722263336,133623.1753,3338.022,0.2498,,5.089999839087217,0.0251641683280468,weak,1.000000,0.42000,6,quality,,,
20241118,20241119,SZSE.300013,300013.SZ,新宁物流,1,0.004161053337156773,,6,0.28041,20241118,0.00688557792454958,0.005610269494354725,159467.3001,111765.43,6.7462,,3.5700001834735096,0.0012753084301948547,strong,0.850000,0.32000,6,risk,,,
20241118,20241119,SZSE.002397,002397.SZ,梦洁股份,2,0.004103756044059992,,6,0.32990,20241118,0.006174704059958458,0.005289559252560139,195918.7381,39682.437,2.5393,,2.6200000216716637,0.0008851448073983192,strong,1.000000,0.32000,6,risk,,,
20241118,20241119,SZSE.002494,002494.SZ,华斯股份,3,0.004103756044059992,,6,0.32990,20241118,0.00599786639213562,0.0053202128037810326,150169.6658,38665.185,3.355,,3.979999963463081,0.0006776535883545876,strong,1.000000,0.32000,6,base,,,
20241118,20241119,SHSE.600448,600448.SH,华纺股份,4,0.004103756044059992,,6,0.32990,20241118,0.008615481667220592,0.0052588460966944695,170681.1284,41221.36,2.4015,,2.7099999290309182,0.003356635570526123,strong,1.000000,0.32000,6,base,,,
20241118,20241119,SHSE.600831,600831.SH,广电网络,5,0.004103756044059992,,6,0.32990,20241118,0.005946851335465908,0.00550183467566967,194088.5288,43338.074,2.2428,,2.729999964687004,0.00044501665979623795,strong,1.000000,0.32000,6,risk,,,
20241119,20241120,SZSE.002397,002397.SZ,梦洁股份,1,0.004103756044059992,,6,0.32000,20241119,0.0059320274740457535,0.005289559252560139,196666.5195,30635.223,2.0104,,2.6300000217543795,0.0006424682214856148,strong,1.000000,0.32000,6,risk,,,
20241119,20241120,SZSE.002494,002494.SZ,华斯股份,2,0.004103756044059992,,6,0.32000,20241119,0.005390796810388565,0.0051757232286036015,150924.2872,29442.664,2.5913,,3.9999999632794783,0.0002150735817849636,strong,1.000000,0.32000,6,base,,,
20241119,20241120,SHSE.600448,600448.SH,华纺股份,3,0.004103756044059992,,6,0.32000,20241119,0.0046814484521746635,0.00525482976809144,171940.7677,40782.204,2.4051,,2.729999928507161,0.0005733813159167767,strong,1.000000,0.32000,6,base,,,
20241119,20241120,SHSE.600831,600831.SH,广电网络,4,0.004103756044059992,,6,0.32000,20241119,0.003957930952310562,0.005369638092815876,196932.3168,38482.434,1.9901,,2.769999964169597,0.0014117071405053139,strong,1.000000,0.32000,6,risk,,,
20241119,20241120,SHSE.603023,603023.SH,威帝股份,5,0.004103756044059992,,6,0.32000,20241119,0.005636583082377911,0.005432768724858761,154009.8671,25803.229,1.6957,,2.739999910767768,0.00020381435751914978,strong,1.000000,0.32000,6,quality,,,
20241120,20241121,SHSE.600448,600448.SH,华纺股份,1,0.004103756044059992,,6,0.32000,20241120,0.0035133787896484137,0.005061526782810688,178868.784,59328.555,3.3715,,2.839999925626497,0.0015481479931622744,strong,1.000000,0.32000,6,base,,,
20241120,20241121,SHSE.603023,603023.SH,威帝股份,2,0.004103756044059992,,6,0.32000,20241120,0.0036695965100079775,0.00544731505215168,161878.9844,28284.805,1.7718,,2.8799999062084565,0.0017777185421437025,strong,1.000000,0.32000,6,quality,,,
20241120,20241121,SHSE.603880,603880.SH,南卫股份,3,0.004103756044059992,,6,0.32000,20241120,0.0036916870158165693,0.004661329556256533,131225.068,29606.864,2.2816,,4.5399999473594965,0.0009696425404399633,strong,1.000000,0.32000,6,base,,,
20241120,20241121,SHSE.603879,603879.SH,永悦科技,4,0.0037269527092576027,,6,0.32000,20241120,0.0038985940627753735,0.004263618495315313,140144.3316,62846.869,4.5603,,3.9000000232548953,0.0003650244325399399,strong,1.000000,0.32000,6,base,,,
20241120,20241121,SZSE.002629,002629.SZ,仁智股份,5,0.003595242742449045,,6,0.32000,20241120,0.004280179273337126,0.0040842946618795395,145840.432,62664.442,5.4621,,3.3399999982907045,0.0001958846114575863,strong,1.000000,0.32000,6,base,,,
20241121,20241122,SHSE.600448,600448.SH,华纺股份,1,0.004103756044059992,,6,0.32000,20241121,0.0036257323808968067,0.005272969603538513,181388.0627,38143.898,2.1229,,2.879999924578983,0.0016472372226417065,strong,1.000000,0.32000,6,risk,,,
20241121,20241122,SHSE.600831,600831.SH,广电网络,2,0.004103756044059992,,6,0.32000,20241121,0.0035946688149124384,0.00513874925673008,199065.1578,30731.582,1.5417,,2.799999963781542,0.0015440804418176413,strong,1.000000,0.32000,6,risk,,,
20241121,20241122,SHSE.603023,603023.SH,威帝股份,3,0.004103756044059992,,6,0.32000,20241121,0.0036553454119712114,0.005615209694951773,169748.1017,54438.56,3.254,,3.0199999016491454,0.0019598642829805613,strong,1.000000,0.32000,6,base,,,
20241121,20241122,SHSE.603880,603880.SH,南卫股份,4,0.004103756044059992,,6,0.32000,20241121,0.0036587128415703773,0.004661329556256533,134404.53,24641.106,1.8559,,4.649999946084066,0.0010026167146861553,strong,1.000000,0.32000,6,quality,,,
20241121,20241122,SHSE.603879,603879.SH,永悦科技,5,0.0037269527092576027,,6,0.32000,20241121,0.00278604868799448,0.00445142574608326,147331.2204,87786.402,5.9773,,4.1000000244474535,0.0016653770580887794,strong,1.000000,0.32000,6,base,,,
20241122,20241125,SHSE.603023,603023.SH,威帝股份,1,0.004103756044059992,,6,0.32990,20241122,0.0036704351659864187,0.005931229330599308,166375.6229,47305.35,2.77,,2.9599999036031357,0.0022607941646128893,strong,1.000000,0.32000,6,base,,,
20241122,20241125,SHSE.600448,600448.SH,华纺股份,2,0.00394069030880928,,6,0.32990,20241122,0.0044212378561496735,0.005101865157485008,175719.6857,48209.817,2.6646,,2.7899999269358897,0.0006806273013353348,strong,1.000000,0.32000,6,base,,,
20241122,20241125,SHSE.603879,603879.SH,永悦科技,3,0.0037269527092576027,,6,0.28041,20241122,0.0024577726144343615,0.004582931287586689,148049.9093,93927.074,6.2582,,4.12000002456671,0.0021251586731523275,strong,0.850000,0.32000,6,risk,,,
20241122,20241125,SZSE.002742,002742.SZ,三圣股份,4,0.0030240481719374657,,6,0.32990,20241122,0.005588698200881481,0.0037711691111326218,195696.0,79681.318,4.0776,,4.529999816164057,0.0018175290897488594,strong,1.000000,0.32000,6,risk,,,
20241122,20241125,SHSE.600234,600234.SH,科新发展,5,0.002212929306551814,,6,0.32990,20241122,0.005280160345137119,0.004335736855864525,126010.067,18733.536,1.4893,,4.799999848255136,0.0009444234892725945,strong,1.000000,0.32000,6,quality,,,
20241125,20241126,SHSE.603023,603023.SH,威帝股份,1,0.004103756044059992,,6,0.32000,20241125,0.004425700753927231,0.0059350719675421715,163003.144,31225.733,1.9131,,2.899999905557126,0.0015093712136149406,strong,1.000000,0.32000,6,quality,,,
20241125,20241126,SHSE.603880,603880.SH,南卫股份,2,0.00394069030880928,,6,0.32000,20241125,0.005074427463114262,0.004441353492438793,132092.194,21494.157,1.6436,,4.569999947011652,0.0006330739706754684,strong,1.000000,0.32000,6,quality,,,
20241125,20241126,SHSE.600831,600831.SH,广电网络,3,0.0036696551833301783,,6,0.32000,20241125,0.0048810625448822975,0.004195587243884802,189822.8469,30767.254,1.6322,,2.6699999654631137,0.0006854753009974957,strong,1.000000,0.32000,6,risk,,,
20241125,20241126,SHSE.600448,600448.SH,华纺股份,4,0.0035898578353226185,,6,0.32000,20241125,0.004209744744002819,0.004631354473531246,182647.702,59092.98,3.265,,2.899999924055226,0.0004216097295284271,strong,1.000000,0.32000,6,risk,,,
20241125,20241126,SHSE.600539,600539.SH,狮头股份,5,0.003120924113318324,,6,0.32000,20241125,0.0028282080311328173,0.006715230643749237,169970.0,78485.32,4.7155,,7.3899999187255805,0.00388702261261642,strong,1.000000,0.32000,6,base,,,
20241126,20241127,SHSE.603880,603880.SH,南卫股份,1,0.0050011747516691685,,6,0.32000,20241126,0.004476627334952354,0.007671118713915348,132959.32,24281.062,1.8114,,4.599999946663807,0.0031944913789629936,strong,1.000000,0.32000,6,quality,,,
20241126,20241127,SHSE.603023,603023.SH,威帝股份,2,0.004103756044059992,,6,0.32000,20241126,0.004945940338075161,0.005890142172574997,160754.8248,20133.571,1.2514,,2.859999906859786,0.000944201834499836,strong,1.000000,0.32000,6,quality,,,
20241126,20241127,SHSE.600448,600448.SH,华纺股份,3,0.0035898578353226185,,6,0.32000,20241126,0.0036394107155501842,0.004588155075907707,182647.702,60972.862,3.3283,,2.899999924055226,0.000948744360357523,strong,1.000000,0.32000,6,risk,,,
20241126,20241127,SHSE.600831,600831.SH,广电网络,4,0.0031557579059153795,,6,0.32000,20241126,0.004567184951156378,0.003728301264345646,191955.6878,24592.281,1.2767,,2.699999965075059,0.0008388836868107319,strong,1.000000,0.32000,6,risk,,,
20241126,20241127,SHSE.600539,600539.SH,狮头股份,5,0.003120924113318324,,6,0.32000,20241126,0.002803129144012928,0.006698063109070063,168360.0,49423.105,2.9271,,7.319999919495434,0.0038949339650571346,strong,1.000000,0.32000,6,base,,,
20241127,20241128,SHSE.688265,688265.SH,南模生物,1,0.02297748439013958,,6,0.32000,20241127,0.009371692314743996,-0.004235235974192619,196312.1257,28659.879,2.3235,,25.18000100303921,0.013606928288936615,strong,1.000000,0.32000,6,risk,,,
20241127,20241128,SHSE.603880,603880.SH,南卫股份,2,0.0045227669179439545,,6,0.32000,20241127,0.0045195166021585464,0.00733750406652689,134115.488,17631.73,1.3435,,4.639999946200014,0.0028179874643683434,strong,1.000000,0.32000,6,quality,,,
20241127,20241128,SHSE.603023,603023.SH,威帝股份,3,0.004103756044059992,,6,0.32000,20241127,0.003661754075437784,0.005890142172574997,161878.9844,20390.227,1.2937,,2.8799999062084565,0.0022283880971372128,strong,1.000000,0.32000,6,quality,,,
20241127,20241128,SHSE.600448,600448.SH,华纺股份,4,0.003111450467258692,,6,0.32000,20241127,0.00361022655852139,0.004254535771906376,184537.161,61292.757,3.3959,,2.9299999232695906,0.0006443092133849859,strong,1.000000,0.32000,6,risk,,,
20241127,20241128,SHSE.600539,600539.SH,狮头股份,5,0.0028210501186549664,,6,0.32000,20241127,0.003455338766798377,0.006698063109070063,165830.0,54152.408,3.3249,,7.209999920705202,0.0032427243422716856,strong,1.000000,0.32000,6,base,,,
20241128,20241129,SHSE.688265,688265.SH,南模生物,1,0.02297748439013958,,6,0.32000,20241128,0.0062837619334459305,-0.003952342085540295,196312.1257,18124.234,1.4579,,25.18000100303921,0.010236104018986225,strong,1.000000,0.32000,6,risk,,,
20241128,20241129,SHSE.603880,603880.SH,南卫股份,2,0.0050011747516691685,,6,0.32000,20241128,0.003931181505322456,0.007671118713915348,136716.866,27402.868,2.0079,,4.7299999451564805,0.0037399372085928917,strong,1.000000,0.32000,6,base,,,
20241128,20241129,SHSE.600448,600448.SH,华纺股份,3,0.0045227669179439545,,6,0.32000,20241128,0.003567029256373644,0.007401107810437679,187056.4396,77272.831,4.1319,,2.9699999222220765,0.0038340785540640354,strong,1.000000,0.32000,6,risk,,,
20241128,20241129,SHSE.603023,603023.SH,威帝股份,4,0.004103756044059992,,6,0.32000,20241128,0.003870769403874874,0.005671466700732708,161878.9844,16774.928,1.0369,,2.8799999062084565,0.0018006972968578339,strong,1.000000,0.32000,6,quality,,,
20241128,20241129,SHSE.600234,600234.SH,科新发展,5,0.0026014186441898346,,6,0.32000,20241128,0.004127695225179195,0.00449127983301878,135198.3011,17650.297,1.297,,5.149999837190407,0.00036358460783958435,strong,1.000000,0.32000,6,quality,,,
20241129,20241202,SHSE.603880,603880.SH,南卫股份,1,0.0050011747516691685,,6,0.32000,20241129,0.003927512094378471,0.007903206162154675,139029.202,25188.535,1.8228,,4.809999944228894,0.003975694067776203,strong,1.000000,0.32000,6,quality,,,
20241129,20241202,SHSE.600448,600448.SH,华纺股份,2,0.0038827317766845226,,6,0.32000,20241129,0.0033812946639955044,0.006801765412092209,188316.0789,69001.676,3.6875,,2.9899999216983195,0.0034204707480967045,strong,1.000000,0.32000,6,risk,,,
20241129,20241202,SHSE.603023,603023.SH,威帝股份,3,0.003111450467258692,,6,0.32000,20241129,0.004408611450344324,0.004695120733231306,161316.9046,19662.34,1.2184,,2.8699999065341215,0.00028650928288698196,strong,1.000000,0.32000,6,quality,,,
20241129,20241202,SHSE.600234,600234.SH,科新发展,4,0.0026014186441898346,,6,0.32000,20241129,0.004198054783046246,0.00449127983301878,132835.6123,13211.006,0.9923,,5.059999840035622,0.0002932250499725342,strong,1.000000,0.32000,6,quality,,,
20241129,20241202,SZSE.002742,002742.SZ,三圣股份,5,0.002545640803873539,,6,0.32000,20241129,0.0060729095712304115,0.003290419466793537,188784.0,61091.25,3.2394,,4.369999822657159,0.0027824901044368744,strong,1.000000,0.32000,6,risk,,,
20241202,20241203,SZSE.000590,000590.SZ,古汉医药,1,0.011602289974689484,,6,0.28041,20241202,0.002093315590173006,0.00213164696469903,191098.0711,157618.72,8.3293,,7.979999897762269,3.8331374526023865e-05,strong,0.850000,0.32000,6,risk,,,
20241202,20241203,SHSE.603880,603880.SH,南卫股份,2,0.0050011747516691685,,6,0.32990,20241202,0.003576662391424179,0.007903206162154675,144521.0,34591.098,2.4159,,4.999999942025878,0.0043265437707304955,strong,1.000000,0.32000,6,base,,,
20241202,20241203,SHSE.600448,600448.SH,华纺股份,3,0.003518671728670597,,6,0.32990,20241202,0.0030443454161286354,0.006936763413250446,193984.4559,79646.839,4.1448,,3.0799999193414123,0.003892417997121811,strong,1.000000,0.32000,6,risk,,,
20241202,20241203,SHSE.600234,600234.SH,科新发展,4,0.0026014186441898346,,6,0.32990,20241202,0.003894957946613431,0.003972779028117657,131260.4865,17842.24,1.3443,,4.999999841932433,7.782108150422573e-05,strong,1.000000,0.32000,6,quality,,,
20241202,20241203,SZSE.002742,002742.SZ,三圣股份,5,0.002545640803873539,,6,0.32990,20241202,0.006234758533537388,0.003469511866569519,190512.0,40092.407,2.1169,,4.4099998210338835,0.002765246666967869,strong,1.000000,0.32000,6,risk,,,
20241203,20241204,SHSE.603880,603880.SH,南卫股份,1,0.0055150724947452545,,6,0.32000,20241203,0.002157227136194706,0.008321085013449192,142497.706,37354.17,2.6168,,4.929999942837515,0.006163857877254486,strong,1.000000,0.32000,6,base,,,
20241203,20241204,SHSE.603879,603879.SH,永悦科技,2,0.004831606987863779,,6,0.32000,20241203,0.0006802128627896309,0.0009723517578095198,149487.287,52514.265,3.4908,,4.160000024805222,0.0002921388950198889,strong,1.000000,0.32000,6,base,,,
20241203,20241204,SZSE.301105,301105.SZ,鸿铭股份,3,0.004469902254641056,,6,0.32000,20241203,-0.0009355965303257108,-0.006228649988770485,159950.0,10091.789,1.9179,,31.989998455289047,0.005293053458444774,strong,1.000000,0.32000,6,quality,,,
20241203,20241204,SZSE.002494,002494.SZ,华斯股份,4,0.004417194053530693,,6,0.32000,20241203,0.0019374722614884377,0.0072672925889492035,169035.2017,65686.939,5.1245,,4.479999958873016,0.005329820327460766,strong,1.000000,0.32000,6,base,,,
20241203,20241204,SHSE.600448,600448.SH,华纺股份,5,0.004045050125569105,,6,0.32000,20241203,0.0016807490028440952,0.006920514162629843,194614.2756,84424.861,4.3329,,3.089999919079534,0.0052397651597857475,strong,1.000000,0.32000,6,risk,,,
20241204,20241205,SZSE.300163,300163.SZ,先锋新材,1,0.10202158242464066,,6,0.20000,20241204,0.03190377727150917,0.09673215448856354,116604.0,34213.639,3.3792,,2.460000091595974,0.06482837721705437,weak,1.000000,0.20000,6,base,,,
20241204,20241205,SZSE.002200,002200.SZ,交投生态,2,0.09990084171295166,,6,0.20000,20241204,0.03161535784602165,0.09412442147731781,117845.0496,11535.528,0.9718,,6.400000201769112,0.06250906363129616,weak,1.000000,0.20000,6,quality,,,
20241204,20241205,SHSE.688701,688701.SH,卓锦股份,3,0.09952579438686371,,6,0.14000,20241204,0.03158833459019661,0.09399763494729996,89428.7298,14437.443,1.6192,,6.659999628605764,0.06240930035710335,weak,1.000000,0.14000,6,quality,,,
20241204,20241205,SHSE.688021,688021.SH,奥福科技,4,0.09829520434141159,,6,0.20000,20241204,0.031092658638954163,0.09249807894229889,91925.7016,13600.475,1.4774,,12.03000032586519,0.06140542030334473,weak,1.000000,0.20000,6,quality,,,
20241204,20241205,SHSE.600671,600671.SH,天目药业,5,0.09823209047317505,,6,0.42000,20241204,0.03049371764063835,0.09351896494626999,111793.0164,3448.286,0.3073,,9.180000149973964,0.06302524730563164,weak,1.000000,0.42000,6,quality,,,
20241205,20241206,SZSE.002200,002200.SZ,交投生态,1,0.09949838370084763,,6,0.42000,20241205,0.03162991628050804,0.09382398426532745,118029.1825,5315.329,0.4507,,6.410000202084376,0.06219406798481941,weak,1.000000,0.42000,6,quality,,,
20241205,20241206,SHSE.688701,688701.SH,卓锦股份,2,0.09949838370084763,,6,0.20000,20241205,0.03128569573163986,0.09399042278528214,90502.9487,17990.463,1.9958,,6.739999624144572,0.06270472705364227,weak,1.000000,0.20000,6,quality,,,
20241205,20241206,SHSE.688021,688021.SH,奥福科技,3,0.09826779365539551,,6,0.14000,20241205,0.031101413071155548,0.09249086678028107,93683.217,11958.743,1.2884,,12.260000332095364,0.06138945370912552,weak,1.000000,0.14000,6,quality,,,
20241205,20241206,SHSE.600671,600671.SH,天目药业,4,0.09823209047317505,,6,0.42000,20241205,0.030306261032819748,0.09307720512151718,112036.5742,3016.636,0.2692,,9.200000150300705,0.06277094408869743,weak,1.000000,0.42000,6,quality,,,
20241205,20241206,SHSE.688565,688565.SH,力源科技,5,0.09798677265644073,,6,0.14000,20241205,0.03134753182530403,0.09304457157850266,109698.5862,26640.389,2.4454,,7.199228143668595,0.061697039753198624,weak,1.000000,0.14000,6,base,,,
20241206,20241209,SHSE.688701,688701.SH,卓锦股份,1,0.09949838370084763,,6,0.20000,20241206,0.031124286353588104,0.09399042278528214,91711.4451,22107.252,2.4235,,6.829999619125729,0.06286613643169403,weak,1.000000,0.20000,6,base,,,
20241206,20241209,SHSE.688021,688021.SH,奥福科技,2,0.09826779365539551,,6,0.20000,20241206,0.03077225759625435,0.09232000261545181,94600.1816,13304.754,1.4196,,12.380000335345892,0.061547745019197464,weak,1.000000,0.20000,6,quality,,,
20241206,20241209,SHSE.688565,688565.SH,力源科技,3,0.09798677265644073,,6,0.14000,20241206,0.031111985445022583,0.09728197008371353,114256.6992,44036.52,3.9302,,7.498365047145128,0.06616998463869095,weak,1.000000,0.14000,6,base,,,
20241206,20241209,SHSE.600671,600671.SH,天目药业,4,0.09646645933389664,,6,0.42000,20241206,0.03047473356127739,0.0922810360789299,113254.3631,5692.644,0.5067,,9.30000015193441,0.06180630251765251,weak,1.000000,0.42000,6,quality,,,
20241206,20241209,SHSE.688309,688309.SH,恒誉环保,5,0.0956069678068161,,6,0.42000,20241206,0.028691601008176804,0.09110584110021591,116975.6916,8788.074,0.7493,,14.538195903909514,0.06241424009203911,weak,1.000000,0.42000,6,quality,,,
20241209,20241210,SHSE.688701,688701.SH,卓锦股份,1,0.09952579438686371,,6,0.20000,20241209,0.030703242868185043,0.0940401628613472,90502.9487,14192.738,1.5647,,6.739999624144572,0.06333691999316216,weak,1.000000,0.20000,6,quality,,,
20241209,20241210,SHSE.688021,688021.SH,奥福科技,2,0.09808299690485,,6,0.20000,20241209,0.03018873929977417,0.09228703379631042,93988.8719,11631.278,1.2362,,12.300000333178874,0.062098294496536255,weak,1.000000,0.20000,6,quality,,,
20241209,20241210,SHSE.688565,688565.SH,力源科技,3,0.09798677265644073,,6,0.14000,20241209,0.03059925138950348,0.09719498455524445,111217.9572,24626.299,2.2413,,7.29894044482744,0.06659573316574097,weak,1.000000,0.14000,6,base,,,
20241209,20241210,SHSE.600671,600671.SH,天目药业,4,0.0978570431470871,,6,0.42000,20241209,0.030084427446126938,0.09311974793672562,113132.5842,7549.311,0.6623,,9.290000151771038,0.06303532049059868,weak,1.000000,0.42000,6,quality,,,
20241209,20241210,SHSE.688309,688309.SH,恒誉环保,5,0.0956069678068161,,6,0.14000,20241209,0.028004981577396393,0.09110584110021591,117295.7346,11544.025,0.9797,,14.577972089693125,0.06310085952281952,weak,1.000000,0.14000,6,quality,,,
20241210,20241211,SHSE.688565,688565.SH,力源科技,1,0.06910132616758347,,6,0.20000,20241210,-0.023987222462892532,0.04389002174139023,109546.6491,23237.163,2.1088,,7.189256913552709,0.06787724420428276,weak,1.000000,0.20000,6,base,,,
20241210,20241211,SHSE.688701,688701.SH,卓锦股份,2,0.06872627884149551,,6,0.20000,20241210,-0.024484604597091675,0.04389692097902298,89428.7298,14224.285,1.5601,,6.659999628605764,0.06838152557611465,weak,1.000000,0.20000,6,quality,,,
20241210,20241211,SZSE.002200,002200.SZ,交投生态,3,0.06854395568370819,,6,0.14000,20241210,-0.02435419335961342,0.0430489182472229,116556.1194,25598.138,2.1458,,6.330000199562262,0.06740311160683632,weak,1.000000,0.14000,6,base,,,
20241210,20241211,SHSE.688021,688021.SH,奥福科技,4,0.06681817024946213,,6,0.20000,20241210,-0.02470092475414276,0.04223284125328064,93606.8033,18133.962,1.896,,12.250000331824488,0.0669337660074234,weak,1.000000,0.20000,6,quality,,,
20241210,20241211,SHSE.600671,600671.SH,天目药业,5,0.06649824976921082,,6,0.42000,20241210,-0.02661299705505371,0.042565859854221344,113254.3631,8961.568,0.7876,,9.30000015193441,0.06917885690927505,weak,1.000000,0.42000,6,quality,,,
20241211,20241212,SHSE.688565,688565.SH,力源科技,1,0.06910132616758347,,6,0.20000,20241211,-0.02364126220345497,0.04334353655576706,109090.8378,19005.582,1.764,,7.159343223205056,0.06698479875922203,weak,1.000000,0.20000,6,quality,,,
20241211,20241212,SHSE.688701,688701.SH,卓锦股份,2,0.06869886815547943,,6,0.42000,20241211,-0.024156078696250916,0.04396020993590355,90368.6714,9612.328,1.0638,,6.729999624702221,0.06811628863215446,weak,1.000000,0.42000,6,quality,,,
20241211,20241212,SZSE.002200,002200.SZ,交投生态,3,0.0683547779917717,,6,0.14000,20241211,-0.02446915954351425,0.04069839417934418,115819.5878,30380.131,2.646,,6.290000198301205,0.06516755372285843,weak,1.000000,0.14000,6,base,,,
20241211,20241212,SHSE.600671,600671.SH,天目药业,4,0.06691008061170578,,6,0.42000,20241211,-0.026573821902275085,0.044123027473688126,114837.4886,8461.562,0.7431,,9.430000154058222,0.07069684937596321,weak,1.000000,0.42000,6,risk,,,
20241211,20241212,SHSE.688021,688021.SH,奥福科技,5,0.06679075956344604,,6,0.14000,20241211,-0.02497028559446335,0.0418214313685894,94370.9405,11041.359,1.1761,,12.350000334533258,0.06679171696305275,weak,1.000000,0.14000,6,quality,,,
20241212,20241213,SHSE.688565,688565.SH,力源科技,1,0.06910132616758347,,6,0.20000,20241212,-0.024438153952360153,0.040756676346063614,110610.2088,19304.091,1.7813,,7.259055524363902,0.06519483029842377,weak,1.000000,0.20000,6,quality,,,
20241212,20241213,SHSE.688701,688701.SH,卓锦股份,2,0.06872627884149551,,6,0.20000,20241212,-0.024148188531398773,0.04148514196276665,91040.0582,11820.042,1.3044,,6.779999621913975,0.06563333049416542,weak,1.000000,0.20000,6,quality,,,
20241212,20241213,SHSE.688021,688021.SH,奥福科技,3,0.06740980595350266,,6,0.14000,20241212,-0.026446588337421417,0.04072292521595955,96204.8697,18227.776,1.918,,12.59000034103431,0.06716951355338097,weak,1.000000,0.14000,6,quality,,,
20241212,20241213,SZSE.002200,002200.SZ,交投生态,4,0.066190704703331,,6,0.20000,20241212,-0.02699130028486252,0.036596570163965225,115083.0563,14598.278,1.2702,,6.250000197040149,0.06358787044882774,weak,1.000000,0.20000,6,quality,,,
20241212,20241213,SHSE.688178,688178.SH,万德斯,5,0.04778185486793518,,6,0.14000,20241212,-0.02549932524561882,0.035885684192180634,123870.939,16697.619,1.3729,,14.549999661561921,0.061385009437799454,weak,1.000000,0.14000,6,quality,,,
20241213,20241216,SHSE.688701,688701.SH,卓锦股份,1,0.0690080001950264,,6,0.20000,20241213,-0.024070415645837784,0.044667236506938934,89428.7298,11155.191,1.2354,,6.659999628605764,0.06873765215277672,weak,1.000000,0.20000,6,quality,,,
20241213,20241216,SHSE.688565,688565.SH,力源科技,2,0.0686645656824112,,6,0.20000,20241213,-0.023069817572832108,0.04360315948724747,107115.6555,16987.523,1.5969,,7.029717231698558,0.06667297706007957,weak,1.000000,0.20000,6,quality,,,
20241213,20241216,SHSE.688021,688021.SH,奥福科技,3,0.06778057664632797,,6,0.42000,20241213,-0.02611425518989563,0.0442328006029129,93683.217,8837.972,0.9336,,12.260000332095364,0.07034705579280853,weak,1.000000,0.42000,6,risk,,,
20241213,20241216,SZSE.002200,002200.SZ,交投生态,4,0.06566721946001053,,6,0.20000,20241213,-0.02553030103445053,0.038839761167764664,114530.6576,12338.015,1.0735,,6.220000196094356,0.0643700622022152,weak,1.000000,0.20000,6,quality,,,
20241213,20241216,SHSE.688217,688217.SH,睿昂基因,5,0.06086140498518944,,6,0.14000,20241213,-0.027351632714271545,0.03375165909528732,116180.2637,32975.315,2.8153,,20.676557765398492,0.06110329180955887,weak,1.000000,0.14000,6,base,,,
20241216,20241217,SHSE.688701,688701.SH,卓锦股份,1,0.1001746878027916,,6,0.42000,20241216,0.02999686449766159,0.09709268808364868,89563.0071,8519.585,0.9469,,6.669999628048114,0.06709582358598709,weak,1.000000,0.42000,6,quality,,,
20241216,20241217,SHSE.688021,688021.SH,奥福科技,2,0.09983270615339279,,6,0.20000,20241216,0.029339849948883057,0.09673481434583664,94905.8365,13915.909,1.4753,,12.4200003364294,0.06739496439695358,weak,1.000000,0.20000,6,quality,,,
20241216,20241217,SHSE.688565,688565.SH,力源科技,3,0.09838123619556427,,6,0.14000,20241216,0.03051496297121048,0.09932959079742432,106963.7184,11914.922,1.1283,,7.019746001582674,0.06881462782621384,weak,1.000000,0.14000,6,quality,,,
20241216,20241217,SZSE.002200,002200.SZ,交投生态,4,0.09646662324666977,,6,0.42000,20241216,0.029257457703351974,0.09048895537853241,114714.7905,8311.135,0.7255,,6.2300001964096205,0.061231497675180435,weak,1.000000,0.42000,6,quality,,,
20241216,20241217,SHSE.688309,688309.SH,恒誉环保,5,0.07817955315113068,,6,0.14000,20241216,0.02837635949254036,0.0814325287938118,121376.282,16029.276,1.3276,,15.085118458434156,0.05305616930127144,weak,1.000000,0.14000,6,quality,,,
20241217,20241218,SHSE.603608,603608.SH,天创时尚,4,0.028772711753845215,,6,0.32577,20241217,0.0177600160241127,0.03635349124670029,157812.4584,11199.44,0.7112,,3.7599999572581595,0.018593475222587585,strong,1.000000,0.32000,6,quality,,,
20241217,20241218,SZSE.300013,300013.SZ,新宁物流,5,0.02769412472844124,,6,0.32577,20241217,0.01887798309326172,0.032873522490262985,172867.9135,63983.237,3.7058,,3.870000198891452,0.013995539397001266,strong,1.000000,0.32000,6,base,,,
20241217,20241218,SZSE.002200,002200.SZ,交投生态,1,0.09729784727096558,,6,0.20361,20241217,0.029651958495378494,0.09219221025705338,111216.2656,17397.88,1.559,,6.040000190419598,0.06254025176167488,weak,1.000000,0.20000,6,quality,,,
20241217,20241218,SHSE.603879,603879.SH,永悦科技,2,0.05019354447722435,,6,0.20971,20241217,0.016718976199626923,0.048293378204107285,136550.8872,27365.539,1.9891,,3.8000000226586153,0.03157440200448036,weak,1.000000,0.20600,6,quality,,,
20241217,20241218,SHSE.688217,688217.SH,睿昂基因,3,0.04968368634581566,,6,0.12115,20241217,0.02010171487927437,0.05574239045381546,130870.3643,105646.777,8.0389,,23.29094944438878,0.03564067557454109,weak,0.850000,0.14000,6,risk,,,
20241218,20241219,SHSE.688701,688701.SH,卓锦股份,1,0.09930512309074402,,6,0.20000,20241218,0.03293205797672272,0.09271841496229172,83789.0801,12142.113,1.4537,,6.239999652027022,0.059786356985569,weak,1.000000,0.20000,6,quality,,,
20241218,20241219,SHSE.688021,688021.SH,奥福科技,2,0.09798132628202438,,6,0.20000,20241218,0.03178752586245537,0.09124674648046494,90091.7723,19357.449,2.1569,,11.790000319364138,0.05945922061800957,weak,1.000000,0.20000,6,base,,,
20241218,20241219,SHSE.600671,600671.SH,天目药业,3,0.09742720425128937,,6,0.42000,20241218,0.03302723541855812,0.09179755300283432,113619.6997,4956.207,0.4358,,9.330000152424521,0.0587703175842762,weak,1.000000,0.42000,6,quality,,,
20241218,20241219,SZSE.002200,002200.SZ,交投生态,4,0.09729784727096558,,6,0.42000,20241218,0.031163454055786133,0.09129223972558975,111216.2656,6281.623,0.5659,,6.040000190419598,0.06012878566980362,weak,1.000000,0.42000,6,quality,,,
20241218,20241219,SHSE.688565,688565.SH,力源科技,5,0.09696228802204132,,6,0.14000,20241218,0.03226421773433685,0.09007753431797028,99214.9263,16547.497,1.6736,,6.511213265672565,0.05781331658363342,weak,1.000000,0.14000,6,quality,,,
20241219,20241220,SZSE.002742,002742.SZ,三圣股份,1,0.10380066186189651,,6,0.20600,20241219,0.03095780313014984,0.05145791918039322,196128.0,10473.78,0.5342,,4.539999815758239,0.020500116050243378,weak,1.000000,0.20600,6,risk,,,
20241219,20241220,SHSE.688701,688701.SH,卓锦股份,2,0.0993325337767601,,6,0.20000,20241219,0.032289620488882065,0.09227419644594193,82580.5838,11688.15,1.4145,,6.149999657045862,0.05998457595705986,weak,1.000000,0.20000,6,quality,,,
20241219,20241220,SZSE.002200,002200.SZ,交投生态,3,0.0992119163274765,,6,0.42000,20241219,0.030341360718011856,0.09098658710718155,111216.2656,6717.373,0.6105,,6.040000190419598,0.06064522638916969,weak,1.000000,0.42000,6,quality,,,
20241219,20241220,SHSE.688178,688178.SH,万德斯,4,0.09875541180372238,,6,0.20600,20241219,0.03214406222105026,0.09135038405656815,117400.7044,14174.774,1.2038,,13.789999679239784,0.05920632183551788,weak,1.000000,0.20600,6,quality,,,
20241219,20241220,SHSE.688021,688021.SH,奥福科技,5,0.0980745330452919,,6,0.14000,20241219,0.03175454959273338,0.09099387377500534,87493.706,15269.417,1.7362,,11.450000310154318,0.05923932418227196,weak,1.000000,0.14000,6,quality,,,
20241220,20241223,SHSE.688701,688701.SH,卓锦股份,1,0.0993325337767601,,6,0.42000,20241220,0.03212215006351471,0.09221145510673523,83923.3575,9900.726,1.1793,,6.2499996514693725,0.06008930504322052,weak,1.000000,0.42000,6,quality,,,
20241220,20241223,SZSE.002200,002200.SZ,交投生态,2,0.0992119163274765,,6,0.42000,20241220,0.029957670718431473,0.09219694137573242,111584.5313,7255.82,0.6476,,6.060000191050127,0.06223927065730095,weak,1.000000,0.42000,6,quality,,,
20241220,20241223,SHSE.688565,688565.SH,力源科技,3,0.09887635707855225,,6,0.14000,20241220,0.03158124163746834,0.09071315824985504,98607.1779,12914.885,1.3214,,6.471328345209027,0.059131916612386703,weak,1.000000,0.14000,6,quality,,,
20241220,20241223,SHSE.688021,688021.SH,奥福科技,4,0.0980745330452919,,6,0.20000,20241220,0.03087061643600464,0.0913374274969101,89404.0489,14655.172,1.648,,11.700000316926245,0.06046681106090546,weak,1.000000,0.20000,6,quality,,,
20241220,20241223,SHSE.600671,600671.SH,天目药业,5,0.09761635214090347,,6,0.42000,20241220,0.03194426745176315,0.09404252469539642,115202.8252,4891.872,0.4284,,9.460000154548336,0.06209825724363327,weak,1.000000,0.42000,6,quality,,,
20241223,20241224,SZSE.300013,300013.SZ,新宁物流,2,0.030537202954292297,,6,0.32000,20241223,0.019458483904600143,0.035959694534540176,177781.4718,45298.28,2.4928,,3.9800002045446967,0.016501210629940033,strong,1.000000,0.32000,6,base,,,
20241223,20241224,SZSE.002748,002748.SZ,世龙实业,3,0.029870780184864998,,6,0.32000,20241223,0.01894737035036087,0.036894652992486954,181680.0,30217.694,1.6503,,7.531115031097834,0.017947282642126083,strong,1.000000,0.32000,6,risk,,,
20241223,20241224,SHSE.603041,603041.SH,美思德,4,0.025117050856351852,,6,0.32000,20241223,0.017158910632133484,0.03136559948325157,198715.2458,25860.225,1.3058,,10.742505002900247,0.014206688851118088,strong,1.000000,0.32000,6,risk,,,
20241223,20241224,SHSE.688517,688517.SH,金冠电气,5,0.024459201842546463,,6,0.32000,20241223,0.016836579889059067,0.031119028106331825,186203.7698,30391.728,1.615,,12.797624746464157,0.014282448217272758,strong,1.000000,0.32000,6,risk,,,
20241223,20241224,SZSE.002200,002200.SZ,交投生态,1,0.10238123685121536,,6,0.42000,20241223,0.033202510327100754,0.09776846319437027,108638.4051,9371.245,0.8555,,5.900000186005901,0.06456595286726952,weak,1.000000,0.42000,6,quality,,,
20241224,20241225,SZSE.300163,300163.SZ,先锋新材,1,0.1146240234375,,6,0.20000,20241224,0.03904236853122711,0.10210950672626495,113760.0,31639.66,3.1516,,2.4000000893619258,0.06306713819503784,weak,1.000000,0.20000,6,base,,,
20241224,20241225,SZSE.300478,300478.SZ,杭州高新,2,0.11292821168899536,,6,0.20000,20241224,0.035827137529850006,0.10334460437297821,116919.179,49451.708,4.2442,,9.230000095827211,0.0675174668431282,weak,1.000000,0.20000,6,base,,,
20241224,20241225,SHSE.688659,688659.SH,元琛科技,3,0.11268860101699829,,6,0.14000,20241224,0.035247717052698135,0.10234496742486954,115200.0,22832.439,1.9989,,7.19999968422369,0.0670972503721714,weak,1.000000,0.14000,6,quality,,,
20241224,20241225,SHSE.688565,688565.SH,力源科技,4,0.11166684329509735,,6,0.20000,20241224,0.035557884722948074,0.10144150257110596,91770.0084,15918.177,1.7532,,6.022622989994226,0.06588361784815788,weak,1.000000,0.20000,6,quality,,,
20241224,20241225,SHSE.688701,688701.SH,卓锦股份,5,0.11166684329509735,,6,0.14000,20241224,0.0355532243847847,0.10136346518993378,75195.3283,11656.319,1.5351,,5.599999687716557,0.06581024080514908,weak,1.000000,0.14000,6,quality,,,
20241225,20241226,SZSE.300163,300163.SZ,先锋新材,1,0.1146240234375,,6,0.20000,20241225,0.04001898691058159,0.10331364721059799,110916.0,38687.024,4.0294,,2.3400000871278777,0.0632946603000164,weak,1.000000,0.20000,6,base,,,
20241225,20241226,SZSE.300478,300478.SZ,杭州高新,2,0.11427352577447891,,6,0.20000,20241225,0.037355128675699234,0.10963310301303864,114892.411,47298.085,4.1413,,9.070000094166069,0.0722779743373394,weak,1.000000,0.20000,6,risk,,,
20241225,20241226,SHSE.688701,688701.SH,卓锦股份,3,0.11402852833271027,,6,0.14000,20241225,0.03695555031299591,0.1048198938369751,72778.3356,11071.091,1.5293,,5.41999969775424,0.06786434352397919,weak,1.000000,0.14000,6,quality,,,
20241225,20241226,SZSE.002200,002200.SZ,交投生态,4,0.11242631077766418,,6,0.42000,20241225,0.03463074937462807,0.10312234610319138,109743.2024,8630.11,0.7839,,5.960000187897486,0.06849159672856331,weak,1.000000,0.42000,6,quality,,,
20241225,20241226,SHSE.688681,688681.SH,科汇股份,5,0.11169137060642242,,6,0.14000,20241225,0.03609869256615639,0.10243187844753265,115032.33,29752.187,2.5877,,10.793001225756655,0.06633318588137627,weak,1.000000,0.14000,6,base,,,
20241226,20241227,SZSE.000691,000691.SZ,亚太实业,1,0.13133414089679718,,6,0.17600,20241226,0.038290731608867645,0.10779065638780594,114760.85,70472.712,6.0608,,3.550000077573835,0.0694999247789383,weak,0.850000,0.20000,6,risk,,,
20241226,20241227,SZSE.000668,000668.SZ,荣丰控股,2,0.12310905009508133,,6,0.20706,20241226,0.042622607201337814,0.10860191285610199,99705.6433,39225.798,3.893,,6.789999873030419,0.06597930565476418,weak,1.000000,0.20000,6,base,,,
20241226,20241227,SHSE.688565,688565.SH,力源科技,3,0.11462859809398651,,6,0.14494,20241226,0.03601185604929924,0.1049157977104187,92073.8826,14712.749,1.628,,6.042565450225995,0.06890394166111946,weak,1.000000,0.14000,6,quality,,,
20241226,20241227,SZSE.300163,300163.SZ,先锋新材,4,0.1146240234375,,6,0.20706,20241226,0.03893453627824783,0.1019102931022644,114234.0,44471.822,4.3935,,2.4100000897342673,0.06297575682401657,weak,1.000000,0.20000,6,base,,,
20241226,20241227,SZSE.300478,300478.SZ,杭州高新,5,0.11437943577766418,,6,0.14494,20241226,0.036559928208589554,0.1098930686712265,116285.814,34739.288,2.9778,,9.180000095308104,0.07333314046263695,weak,1.000000,0.14000,6,risk,,,
20241227,20241230,SZSE.000668,000668.SZ,荣丰控股,1,0.11520766466856003,,6,0.20000,20241227,0.03831477463245392,0.10579866915941238,102055.1136,29871.592,2.9202,,6.9499998700385,0.06748389452695847,weak,1.000000,0.20000,6,base,,,
20241227,20241230,SZSE.000691,000691.SZ,亚太实业,2,0.11047236621379852,,6,0.20000,20241227,0.037991683930158615,0.10481042414903641,117347.01,61172.85,5.2108,,3.6300000793219778,0.06681874021887779,weak,1.000000,0.20000,6,base,,,
20241227,20241230,SHSE.688565,688565.SH,力源科技,3,0.10712230205535889,,6,0.42000,20241227,0.035479217767715454,0.10362088680267334,91921.9455,6905.508,0.7549,,6.03259422011011,0.06814166903495789,weak,1.000000,0.42000,6,quality,,,
20241227,20241230,SHSE.688701,688701.SH,卓锦股份,4,0.10672718286514282,,6,0.20000,20241227,0.036170486360788345,0.10340307652950287,75061.0509,10362.232,1.3609,,5.589999688274206,0.06723259016871452,weak,1.000000,0.20000,6,quality,,,
20241227,20241230,SZSE.300163,300163.SZ,先锋新材,5,0.10670377314090729,,6,0.14000,20241227,0.0385143980383873,0.10023601353168488,116130.0,24035.952,2.3781,,2.450000091223633,0.06172161549329758,weak,1.000000,0.14000,6,base,,,
20241230,20241231,SHSE.688565,688565.SH,力源科技,1,0.11502370238304138,,6,0.42000,20241230,0.035975582897663116,0.1051982194185257,89339.0148,8883.07,1.0087,,5.863083308140074,0.06922263652086258,weak,1.000000,0.42000,6,quality,,,
20241230,20241231,SHSE.688701,688701.SH,卓锦股份,2,0.11502370238304138,,6,0.20000,20241230,0.03662050515413284,0.10490069538354874,73986.832,13307.081,1.8237,,5.5099996927353985,0.0682801902294159,weak,1.000000,0.20000,6,quality,,,
20241230,20241231,SHSE.688659,688659.SH,元琛科技,3,0.11468443274497986,,6,0.14000,20241230,0.03596074879169464,0.10248325020074844,110720.0,19062.312,1.7232,,6.919999696503879,0.0665225014090538,weak,1.000000,0.14000,6,quality,,,
20241230,20241231,SZSE.300163,300163.SZ,先锋新材,4,0.11460520327091217,,6,0.20000,20241230,0.03673467040061951,0.1021081805229187,112812.0,25808.678,2.6259,,2.3800000886172428,0.0653735101222992,weak,1.000000,0.20000,6,base,,,
20241230,20241231,SZSE.300478,300478.SZ,杭州高新,5,0.11442211270332336,,6,0.14000,20241230,0.036028407514095306,0.105217345058918,116665.833,34221.113,2.9397,,9.21000009561957,0.06918893754482269,weak,1.000000,0.14000,6,base,,,
20241231,20250102,SZSE.000691,000691.SZ,亚太实业,1,0.13721077144145966,,6,0.20000,20241231,0.042424481362104416,0.11503437161445618,110881.61,41819.644,3.714,,3.430000074951621,0.07260989025235176,weak,1.000000,0.20000,6,risk,,,
20241231,20250102,SZSE.000668,000668.SZ,荣丰控股,2,0.12326934933662415,,6,0.20000,20241231,0.04813102260231972,0.12280606478452682,94419.3353,38666.826,4.016,,6.429999879762237,0.07467504218220711,weak,1.000000,0.20000,6,risk,,,
20241231,20250102,SZSE.300478,300478.SZ,杭州高新,3,0.11560827493667603,,6,0.14000,20241231,0.03976671025156975,0.10809846222400665,114132.373,24882.389,2.1573,,9.01000009354314,0.0683317519724369,weak,1.000000,0.14000,6,base,,,
20241231,20250102,SHSE.688565,688565.SH,力源科技,4,0.11520785838365555,,6,0.20000,20241231,0.03993653878569603,0.10906931012868881,87515.7696,12962.409,1.4712,,5.743428546749461,0.06913277134299278,weak,1.000000,0.20000,6,quality,,,
20241231,20250102,SHSE.688701,688701.SH,卓锦股份,5,0.11520785838365555,,6,0.42000,20241231,0.039323825389146805,0.10643600672483444,71838.394,8917.522,1.2211,,5.349999701657783,0.06711218133568764,weak,1.000000,0.42000,6,quality,,,
20250102,20250103,SZSE.000691,000691.SZ,亚太实业,1,0.13639311492443085,,6,0.20000,20250102,0.04171239212155342,0.11588864028453827,110235.07,47546.369,4.257,,3.4100000745145858,0.07417624816298485,weak,1.000000,0.20000,6,risk,,,
20250102,20250103,SZSE.002388,002388.SZ,新亚制程,2,0.13151638209819794,,6,0.20600,20250102,0.02816101908683777,0.06061021238565445,183851.136,13807.08,0.771,,3.599999969751299,0.03244919329881668,weak,1.000000,0.20600,6,risk,,,
20250102,20250103,SZSE.000668,000668.SZ,荣丰控股,3,0.12326934933662415,,6,0.14000,20250102,0.049457088112831116,0.12265382707118988,94419.3353,43147.797,4.5488,,6.429999879762237,0.07319673895835876,weak,1.000000,0.14000,6,risk,,,
20250102,20250103,SZSE.300478,300478.SZ,杭州高新,4,0.11560827493667603,,6,0.20000,20250102,0.040090057998895645,0.10907472670078278,114259.046,35486.634,3.0509,,9.020000093646962,0.06898466870188713,weak,1.000000,0.20000,6,base,,,
20250102,20250103,SHSE.688701,688701.SH,卓锦股份,5,0.1154710128903389,,6,0.14000,20250102,0.03971035033464432,0.10677094757556915,70898.4524,12379.416,1.7033,,5.279999705561325,0.06706059724092484,weak,1.000000,0.14000,6,quality,,,
20250103,20250106,SHSE.688681,688681.SH,科汇股份,1,0.11354454606771469,,6,0.20000,20250103,0.03803443908691406,0.10398297756910324,109170.81,18318.975,1.6667,,10.243039379858224,0.06594853848218918,weak,1.000000,0.20000,6,quality,,,
20250103,20250106,SHSE.688607,688607.SH,康众医疗,2,0.11315496265888214,,6,0.20000,20250103,0.03860359638929367,0.10397479683160782,112452.6385,12980.988,1.1343,,12.720210509001918,0.06537120044231415,weak,1.000000,0.20000,6,quality,,,
20250103,20250106,SHSE.688004,688004.SH,博汇科技,3,0.11300070583820343,,6,0.14000,20250103,0.03933218866586685,0.1042323186993599,116127.6,23691.08,2.0085,,14.49999999030275,0.06490013003349304,weak,1.000000,0.14000,6,base,,,
20250103,20250106,SHSE.688178,688178.SH,万德斯,4,0.11274603009223938,,6,0.42000,20250103,0.03892655670642853,0.10585011541843414,103353.4845,9161.044,0.8774,,12.139999717619363,0.06692355871200562,weak,1.000000,0.42000,6,quality,,,
20250103,20250106,SHSE.600671,600671.SH,天目药业,5,0.11071456968784332,,6,0.42000,20250103,0.03793029487133026,0.1039571613073349,102903.1578,7709.252,0.7427,,8.45000013804793,0.06602686643600464,weak,1.000000,0.42000,6,quality,,,
20250106,20250107,SZSE.300097,300097.SZ,智云股份,2,0.06709504872560501,,6,0.32000,20250106,0.05805632472038269,0.06699422746896744,142543.5365,59319.077,4.428,,4.940000129072634,0.008937902748584747,strong,1.000000,0.32000,6,base,,,
20250106,20250107,SZSE.002848,002848.SZ,高斯贝尔,4,0.05811304599046707,,6,0.32000,20250106,0.04419883340597153,0.06250060349702835,113494.85,56815.738,5.1326,,6.789999825511864,0.018301770091056824,strong,1.000000,0.32000,6,base,,,
20250106,20250107,SZSE.300165,300165.SZ,天瑞仪器,5,0.03427661955356598,,6,0.32000,20250106,0.012652967125177383,0.02586338296532631,139734.3065,24210.864,2.0481,,2.81999994726742,0.013210415840148926,strong,1.000000,0.32000,6,base,,,
20250106,20250107,SZSE.000691,000691.SZ,亚太实业,1,0.07036416232585907,,6,0.20000,20250106,0.029781807214021683,0.06505123525857925,99567.16,50525.023,5.1193,,3.0800000673034966,0.03526942804455757,weak,1.000000,0.20000,6,base,,,
20250106,20250107,SZSE.000668,000668.SZ,荣丰控股,3,0.0639655739068985,,6,0.14000,20250106,0.032540686428546906,0.05431019887328148,86930.3989,34425.651,3.9909,,5.919999889298981,0.021769512444734573,weak,1.000000,0.14000,6,quality,,,
20250107,20250108,SZSE.300097,300097.SZ,智云股份,1,0.0603116936981678,,6,0.32000,20250107,0.03762364760041237,0.05473153665661812,147160.3312,48786.678,3.6087,,5.100000133253124,0.01710788905620575,strong,1.000000,0.32000,6,base,,,
20250107,20250108,SZSE.002848,002848.SZ,高斯贝尔,2,0.05599680542945862,,6,0.32000,20250107,0.029210250824689865,0.04664783179759979,121016.6,66316.49,5.7717,,7.239999813947849,0.017437580972909927,strong,1.000000,0.32000,6,base,,,
20250107,20250108,SZSE.300165,300165.SZ,天瑞仪器,5,0.03427661955356598,,6,0.32000,20250107,0.007799400947988033,0.02070997841656208,143698.4003,22273.502,1.8528,,2.89999994577146,0.012910577468574047,strong,1.000000,0.32000,6,quality,,,
20250107,20250108,SZSE.000691,000691.SZ,亚太实业,3,0.04691624641418457,,6,0.14000,20250107,0.01588454097509384,0.05269692838191986,103123.13,49677.009,4.9201,,3.1900000697071933,0.03681238740682602,weak,1.000000,0.14000,6,base,,,
20250107,20250108,SZSE.300220,300220.SZ,金运激光,4,0.03431565314531326,,6,0.20600,20250107,0.02122640609741211,0.043619606643915176,190965.6,108427.95,5.7848,,12.629999600721327,0.022393200546503067,weak,1.000000,0.20600,6,risk,,,
20250108,20250109,SZSE.000691,000691.SZ,亚太实业,1,0.14784997701644897,,6,0.20389,20250108,0.05002153292298317,0.13310258090496063,102799.86,43591.062,4.2596,,3.180000069488675,0.08308104798197746,weak,1.000000,0.20000,6,risk,,,
20250108,20250109,SZSE.002848,002848.SZ,高斯贝尔,2,0.13655170798301697,,6,0.20389,20250108,0.06050313264131546,0.12533000111579895,121016.6,54932.199,4.6957,,7.239999813947849,0.06482686847448349,weak,1.000000,0.20000,6,base,,,
20250108,20250109,SZSE.000668,000668.SZ,荣丰控股,3,0.13136208057403564,,6,0.12132,20250108,0.040140293538570404,0.12359286099672318,98677.7501,100079.16,10.0208,,6.719999874339384,0.08345256745815277,weak,0.850000,0.14000,6,risk,,,
20250108,20250109,SHSE.688701,688701.SH,卓锦股份,4,0.12461993843317032,,6,0.42000,20250108,0.042192522436380386,0.11174796521663666,69287.124,8413.078,1.2113,,5.159999712253114,0.06955544278025627,weak,1.000000,0.42000,6,quality,,,
20250108,20250109,SHSE.688565,688565.SH,力源科技,5,0.12360863387584686,,6,0.14272,20250108,0.04200882464647293,0.1099330335855484,82805.7195,13770.207,1.6871,,5.4343204131570415,0.06792420893907547,weak,1.000000,0.14000,6,quality,,,
20250109,20250110,SZSE.000691,000691.SZ,亚太实业,1,0.15326786041259766,,6,0.20000,20250109,0.04694950208067894,0.1341162919998169,103446.4,41164.245,3.978,,3.200000069925711,0.08716678991913795,weak,1.000000,0.20000,6,risk,,,
20250109,20250110,SHSE.603316,603316.SH,诚邦股份,2,0.12572936713695526,,6,0.20000,20250109,0.042209625244140625,0.1126788854598999,117597.48,24017.915,2.026,,4.4500001108468465,0.07046926021575928,weak,1.000000,0.20000,6,risk,,,
20250109,20250110,SZSE.002848,002848.SZ,高斯贝尔,3,0.12569205462932587,,6,0.14000,20250109,0.045589081943035126,0.11780250072479248,122855.25,51546.564,4.3022,,7.34999981112109,0.07221341878175735,weak,1.000000,0.14000,6,risk,,,
20250109,20250110,SHSE.688701,688701.SH,卓锦股份,4,0.12461993843317032,,6,0.42000,20250109,0.0413762629032135,0.11300410330295563,69689.9561,6127.115,0.8825,,5.189999710580167,0.07162784039974213,weak,1.000000,0.42000,6,risk,,,
20250109,20250110,SHSE.688565,688565.SH,力源科技,5,0.12360863387584686,,6,0.42000,20250109,0.0405910350382328,0.11114659905433655,83717.3421,8743.368,1.0646,,5.494147793852348,0.07055556401610374,weak,1.000000,0.42000,6,risk,,,
20250110,20250113,SZSE.300268,300268.SZ,佳沃食品,1,0.12360863387584686,,6,0.42000,20250110,0.04060724750161171,0.10977356880903244,107655.6,9104.744,1.0853,,6.179999848804746,0.06916632130742073,weak,1.000000,0.42000,6,quality,,,
20250110,20250113,SHSE.688329,688329.SH,艾隆科技,2,0.1215795949101448,,6,0.20389,20250110,0.039996661245822906,0.10909679532051086,98352.8,15628.456,2.2298,,12.739999861078866,0.06910013407468796,weak,1.000000,0.20000,6,base,,,
20250110,20250113,SZSE.300665,300665.SZ,飞鹿股份,3,0.11665765941143036,,6,0.12132,20250110,0.041121937334537506,0.11074315756559372,112712.425,60113.424,6.3027,,5.949999736307587,0.06962122023105621,weak,0.850000,0.14000,6,risk,,,
20250110,20250113,SHSE.688681,688681.SH,科汇股份,4,0.1149686947464943,,6,0.20389,20250110,0.037865929305553436,0.10591825842857361,105088.68,13000.42,1.2072,,9.860030237178961,0.06805232912302017,weak,1.000000,0.20000,6,quality,,,
20250110,20250113,SHSE.600768,600768.SH,宁波富邦,5,0.11458650231361389,,6,0.14272,20250110,0.039065904915332794,0.10735109448432922,110207.6928,17289.205,1.5376,,8.208170449783298,0.06828518956899643,weak,1.000000,0.14000,6,quality,,,
20250113,20250114,SZSE.002848,002848.SZ,高斯贝尔,1,0.06330958008766174,,6,0.32000,20250113,0.04496383294463158,0.06361479312181473,116169.25,43756.603,3.9319,,6.949999821400214,0.01865096017718315,strong,1.000000,0.32000,6,base,,,
20250113,20250114,SZSE.300097,300097.SZ,智云股份,2,0.054749976843595505,,6,0.32000,20250113,0.04633019492030144,0.05266312137246132,143986.2848,31154.497,2.3358,,4.990000130379038,0.006332926452159882,strong,1.000000,0.32000,6,base,,,
20250113,20250114,SZSE.300961,300961.SZ,深水海纳,5,0.03984725847840309,,6,0.32000,20250113,0.010404377244412899,0.029778681695461273,164515.84,45084.742,3.275,,9.28000019411979,0.019374304451048374,strong,1.000000,0.32000,6,base,,,
20250113,20250114,SZSE.000691,000691.SZ,亚太实业,3,0.05271405726671219,,6,0.14000,20250113,0.01665223017334938,0.05330982804298401,100860.24,37151.865,3.7482,,3.120000068177568,0.03665759786963463,weak,1.000000,0.14000,6,base,,,
20250113,20250114,SHSE.603716,603716.SH,塞力医疗,4,0.0454767644405365,,6,0.20600,20250113,0.008384639397263527,0.035125307738780975,126052.2476,42557.372,3.4043,,6.600000042842318,0.02674066834151745,weak,1.000000,0.20600,6,base,,,
20250114,20250115,SZSE.000668,000668.SZ,荣丰控股,1,0.12729686498641968,,6,0.20000,20250114,0.043913938105106354,0.11531180888414383,106460.3703,44625.427,4.22,,7.249999864428651,0.07139787077903748,weak,1.000000,0.20000,6,risk,,,
20250114,20250115,SZSE.002848,002848.SZ,高斯贝尔,2,0.12569205462932587,,6,0.20600,20250114,0.06058445945382118,0.11818177998065948,124526.75,68300.987,5.7485,,7.449999808551309,0.0575973205268383,weak,1.000000,0.20600,6,base,,,
20250114,20250115,SHSE.688701,688701.SH,卓锦股份,3,0.11766896396875381,,6,0.42000,20250114,0.04170370101928711,0.11130379885435104,71167.0072,9245.882,1.3158,,5.299999704446027,0.06960009783506393,weak,1.000000,0.42000,6,quality,,,
20250114,20250115,SZSE.300268,300268.SZ,佳沃食品,4,0.11665765941143036,,6,0.42000,20250114,0.03962063044309616,0.1069345623254776,111836.4,5674.241,0.6689,,6.419999842933086,0.06731393188238144,weak,1.000000,0.42000,6,quality,,,
20250114,20250115,SHSE.688565,688565.SH,力源科技,5,0.11665765941143036,,6,0.14000,20250114,0.04055456817150116,0.11012575775384903,84932.8389,14896.762,1.795,,5.573917634779424,0.06957118958234787,weak,1.000000,0.14000,6,quality,,,
20250115,20250116,SZSE.000691,000691.SZ,亚太实业,1,0.13976043462753296,,6,0.17451,20250115,0.04646940529346466,0.12313815951347351,110881.61,107026.204,9.5997,,3.430000074951621,0.07666875422000885,weak,0.850000,0.20000,6,risk,,,
20250115,20250116,SZSE.000668,000668.SZ,荣丰控股,2,0.13400354981422424,,6,0.20531,20250115,0.04518638551235199,0.11688565462827682,104551.4257,33722.222,3.1846,,7.119999866859585,0.07169926911592484,weak,1.000000,0.20000,6,risk,,,
20250115,20250116,SHSE.688701,688701.SH,卓锦股份,3,0.11731871962547302,,6,0.42000,20250115,0.04147746041417122,0.11016903072595596,71301.2845,9664.333,1.3572,,5.309999703888378,0.06869157031178474,weak,1.000000,0.42000,6,quality,,,
20250115,20250116,SZSE.300163,300163.SZ,先锋新材,4,0.11664140969514847,,6,0.20531,20250115,0.03940165415406227,0.10735800117254257,108072.0,18576.336,1.9444,,2.280000084893829,0.0679563470184803,weak,1.000000,0.20000,6,quality,,,
20250115,20250116,SHSE.688565,688565.SH,力源科技,5,0.11641332507133484,,6,0.14372,20250115,0.040709950029850006,0.10890685766935349,83869.2792,13606.421,1.645,,5.504119023968232,0.06819690763950348,weak,1.000000,0.14000,6,quality,,,
20250116,20250117,SZSE.000691,000691.SZ,亚太实业,1,0.13776277005672455,,6,0.20000,20250116,0.045092321932315826,0.12054484337568283,113467.77,63930.875,5.6889,,3.5100000766997637,0.075452521443367,weak,1.000000,0.20000,6,risk,,,
20250116,20250117,SZSE.000668,000668.SZ,荣丰控股,2,0.12336429953575134,,6,0.20000,20250116,0.04470980167388916,0.11258579045534134,104257.7419,35804.328,3.3847,,7.099999867233575,0.06787598878145218,weak,1.000000,0.20000,6,base,,,
20250116,20250117,SHSE.688701,688701.SH,卓锦股份,3,0.11731871962547302,,6,0.42000,20250116,0.04192785173654556,0.10926590859889984,71435.5619,7425.072,1.0268,,5.31999970333073,0.06733805686235428,weak,1.000000,0.42000,6,quality,,,
20250116,20250117,SZSE.300163,300163.SZ,先锋新材,4,0.11664140969514847,,6,0.20000,20250116,0.04025230184197426,0.1070031151175499,110442.0,25269.38,2.6211,,2.330000086755536,0.06675081327557564,weak,1.000000,0.20000,6,base,,,
20250116,20250117,SHSE.688565,688565.SH,力源科技,5,0.11641332507133484,,6,0.14000,20250116,0.04085155576467514,0.10897494107484818,84173.1534,13267.536,1.5798,,5.5240614842000015,0.06812338531017303,weak,1.000000,0.14000,6,quality,,,
20250117,20250120,SZSE.002200,002200.SZ,交投生态,1,0.1357252597808838,,6,0.42000,20250117,0.04218471795320511,0.10641356557607651,97406.2988,5869.535,0.6053,,5.290000166774781,0.0642288476228714,weak,1.000000,0.42000,6,quality,,,
20250117,20250120,SHSE.600671,600671.SH,天目药业,2,0.12774769961833954,,6,0.42000,20250117,0.03588524088263512,0.11301693320274353,105582.2933,1958.603,0.1858,,8.670000141642078,0.07713169232010841,weak,1.000000,0.42000,6,risk,,,
20250117,20250120,SZSE.000668,000668.SZ,荣丰控股,3,0.12336429953575134,,6,0.14000,20250117,0.046409036964178085,0.11244453489780426,101908.2717,40076.563,3.9357,,6.9399998702254955,0.06603549793362617,weak,1.000000,0.14000,6,base,,,
20250117,20250120,SZSE.300163,300163.SZ,先锋新材,4,0.11664140969514847,,6,0.20000,20250117,0.039900194853544235,0.10670068860054016,108546.0,19378.041,2.0297,,2.290000085266171,0.06680049374699593,weak,1.000000,0.20000,6,base,,,
20250117,20250120,SHSE.688659,688659.SH,元琛科技,5,0.11641332507133484,,6,0.14000,20250117,0.042008597403764725,0.1089513823390007,106720.0,19615.939,1.8427,,6.669999707468334,0.06694278493523598,weak,1.000000,0.14000,6,quality,,,
20250120,20250121,SZSE.000668,000668.SZ,荣丰控股,1,0.1341419667005539,,6,0.20000,20250120,0.04565368592739105,0.11512569338083267,98677.7501,40041.183,4.0249,,6.719999874339384,0.06947200745344162,weak,1.000000,0.20000,6,base,,,
20250120,20250121,SZSE.002848,002848.SZ,高斯贝尔,2,0.12512634694576263,,6,0.20600,20250120,0.05362704023718834,0.11188450455665588,122353.8,66101.151,5.5235,,7.319999811892024,0.058257464319467545,weak,1.000000,0.20600,6,base,,,
20250120,20250121,SHSE.688701,688701.SH,卓锦股份,3,0.11569275707006454,,6,0.42000,20250120,0.042523641139268875,0.10712917894124985,73449.7225,9180.234,1.2645,,5.469999694965995,0.06460553780198097,weak,1.000000,0.42000,6,quality,,,
20250120,20250121,SHSE.688021,688021.SH,奥福科技,4,0.11566314846277237,,6,0.20000,20250120,0.03964109718799591,0.10841430723667145,75496.7524,11168.966,1.4836,,9.88000026762661,0.06877321004867554,weak,1.000000,0.20000,6,quality,,,
20250120,20250121,SHSE.688659,688659.SH,元琛科技,5,0.11505229771137238,,6,0.14000,20250120,0.03926205262541771,0.1061863824725151,104640.0,47699.017,4.6187,,6.539999713169852,0.0669243298470974,weak,1.000000,0.14000,6,base,,,
20250121,20250122,SZSE.000668,000668.SZ,荣丰控股,1,0.13264258205890656,,6,0.20544,20250121,0.05083567276597023,0.11227676272392273,96328.2798,34304.165,3.5184,,6.559999877331303,0.0614410899579525,weak,1.000000,0.20000,6,base,,,
20250121,20250122,SHSE.603316,603316.SH,诚邦股份,2,0.11680219322443008,,6,0.20544,20250121,0.04237407445907593,0.10591662675142288,117597.48,35376.716,2.972,,4.4500001108468465,0.06354255229234695,weak,1.000000,0.20000,6,base,,,
20250121,20250122,SZSE.300163,300163.SZ,先锋新材,3,0.11655949801206589,,6,0.14381,20250121,0.04179731756448746,0.11472469568252563,117552.0,58552.976,5.6239,,2.480000092340657,0.07292737811803818,weak,1.000000,0.14000,6,risk,,,
20250121,20250122,SZSE.002848,002848.SZ,高斯贝尔,4,0.1159634068608284,,6,0.17987,20250121,0.05589272081851959,0.11001652479171753,119512.25,78970.465,6.6037,,7.149999816260652,0.05412380397319794,weak,0.850000,0.20600,6,risk,,,
20250121,20250122,SHSE.688701,688701.SH,卓锦股份,5,0.11569275707006454,,6,0.42000,20250121,0.04253477603197098,0.10711532831192017,72644.0583,7444.508,1.0276,,5.409999698311889,0.06458055227994919,weak,1.000000,0.42000,6,quality,,,
20250122,20250123,SHSE.603316,603316.SH,诚邦股份,1,0.11680219322443008,,6,0.20000,20250122,0.0427536778151989,0.10585024952888489,116276.16,21609.819,1.8663,,4.400000109601377,0.06309657171368599,weak,1.000000,0.20000,6,quality,,,
20250122,20250123,SHSE.688701,688701.SH,卓锦股份,2,0.11569275707006454,,6,0.42000,20250122,0.0424310564994812,0.10707823187112808,73315.4451,6244.316,0.8586,,5.459999695523643,0.06464717537164688,weak,1.000000,0.42000,6,quality,,,
20250122,20250123,SHSE.688659,688659.SH,元琛科技,3,0.11550834774971008,,6,0.14000,20250122,0.03959706798195839,0.10521840304136276,103040.0,26225.981,2.5517,,6.439999717555635,0.06562133505940437,weak,1.000000,0.14000,6,base,,,
20250122,20250123,SHSE.688565,688565.SH,力源科技,4,0.11536946147680283,,6,0.20000,20250122,0.04197234287858009,0.10755366086959839,90554.5116,18283.962,2.069,,5.94285314906715,0.0655813179910183,weak,1.000000,0.20000,6,base,,,
20250122,20250123,SZSE.000668,000668.SZ,荣丰控股,5,0.11535879969596863,,6,0.14000,20250122,0.04511895403265953,0.10811010748147964,100586.6947,43485.764,4.4719,,6.849999871908449,0.06299115344882011,weak,1.000000,0.14000,6,base,,,
20250123,20250124,SZSE.000691,000691.SZ,亚太实业,1,0.16228072345256805,,6,0.17362,20250123,0.0709131732583046,0.14481313526630402,88575.98,74346.707,8.2151,,2.74000005987389,0.07389996200799942,weak,0.850000,0.20000,6,risk,,,
20250123,20250124,SHSE.603316,603316.SH,诚邦股份,2,0.12104557454586029,,6,0.20426,20250123,0.04349809139966965,0.10766708850860596,115483.368,20639.453,1.7455,,4.370000108854095,0.06416899710893631,weak,1.000000,0.20000,6,quality,,,
20250123,20250124,SZSE.002259,002259.SZ,升达林业,3,0.11809650808572769,,6,0.42000,20250123,0.03108074516057968,0.056823212653398514,174540.1579,2178.712,0.1248,,2.3200000342363545,0.025742467492818832,weak,1.000000,0.42000,6,quality,,,
20250123,20250124,SZSE.300163,300163.SZ,先锋新材,4,0.11785674840211868,,6,0.20426,20250123,0.04092796891927719,0.1160385012626648,118026.0,41121.878,3.9257,,2.490000092712998,0.0751105323433876,weak,1.000000,0.20000,6,risk,,,
20250123,20250124,SZSE.002200,002200.SZ,交投生态,5,0.1159609854221344,,6,0.42000,20250123,0.03779164329171181,0.10566866397857666,97038.033,7427.343,0.758,,5.270000166144253,0.06787702068686485,weak,1.000000,0.42000,6,quality,,,
20250124,20250127,SZSE.000691,000691.SZ,亚太实业,1,0.14647623896598816,,6,0.20000,20250124,0.060800809413194656,0.1362815499305725,89222.52,46618.052,5.2519,,2.760000060310925,0.07548074051737785,weak,1.000000,0.20000,6,risk,,,
20250124,20250127,SZSE.002200,002200.SZ,交投生态,2,0.1158098578453064,,6,0.42000,20250124,0.037932537496089935,0.10700884461402893,97958.6975,4341.557,0.4475,,5.320000167720575,0.069076307117939,weak,1.000000,0.42000,6,quality,,,
20250124,20250127,SHSE.688701,688701.SH,卓锦股份,3,0.11487530916929245,,6,0.42000,20250124,0.042304493486881256,0.10806887596845627,74255.3867,6642.611,0.9017,,5.5299996916201,0.06576438248157501,weak,1.000000,0.42000,6,quality,,,
20250124,20250127,SHSE.688565,688565.SH,力源科技,4,0.11469538509845734,,6,0.20000,20250124,0.04144960641860962,0.10705365985631943,90250.6374,14211.08,1.6247,,5.9229106888353815,0.06560405343770981,weak,1.000000,0.20000,6,quality,,,
20250124,20250127,SHSE.688329,688329.SH,艾隆科技,5,0.11452413350343704,,6,0.14000,20250124,0.04094492271542549,0.10915514826774597,112094.4,20517.374,2.6306,,14.519999841669161,0.06821022555232048,weak,1.000000,0.14000,6,base,,,
20250127,20250205,SZSE.300097,300097.SZ,智云股份,4,0.021830808371305466,,6,0.33210,20250127,0.005934039130806923,0.015113996341824532,145140.4835,62517.8,4.6643,,5.030000131424159,0.009179957211017609,strong,1.000000,0.32000,6,base,,,
20250127,20250205,SZSE.002513,002513.SZ,蓝丰生化,5,0.020809974521398544,,6,0.33210,20250127,0.01703309267759323,0.020280882716178894,157617.7168,30801.742,2.7271,,4.199999924755384,0.003247790038585663,strong,1.000000,0.32000,6,base,,,
20250127,20250205,SHSE.600671,600671.SH,天目药业,1,0.0920221209526062,,6,0.42000,20250127,0.01769937574863434,0.042649175971746445,115933.4985,4389.672,0.3788,,9.520000155528555,0.024949800223112106,weak,1.000000,0.42000,6,quality,,,
20250127,20250205,SZSE.002848,002848.SZ,高斯贝尔,2,0.058530762791633606,,6,0.17643,20250127,0.06377088278532028,0.0944100096821785,94105.45,140046.136,15.0238,,5.629999855321324,0.030639126896858215,weak,0.850000,0.20000,6,risk,,,
20250127,20250205,SZSE.000691,000691.SZ,亚太实业,3,0.04012537747621536,,6,0.12350,20250127,0.024244025349617004,0.04440167918801308,92455.22,61490.902,6.6814,,2.860000062496104,0.020157653838396072,weak,0.850000,0.14000,6,risk,,,
20250205,20250206,SZSE.002848,002848.SZ,高斯贝尔,1,0.15252001583576202,,6,0.18255,20250205,0.0664730966091156,0.14123061299324036,100791.45,116548.107,11.9595,,6.029999845042201,0.07475751638412476,weak,0.850000,0.20000,6,risk,,,
20250205,20250206,SZSE.301288,301288.SZ,清研环境,2,0.14602170884609222,,6,0.18802,20250205,0.06725794821977615,0.11591251194477081,128747.92,76543.675,14.0753,,11.920000134662958,0.04865456372499466,weak,0.850000,0.20600,6,risk,,,
20250205,20250206,SZSE.000691,000691.SZ,亚太实业,3,0.12322425842285156,,6,0.15033,20250205,0.05754180997610092,0.11504186689853668,96657.73,57120.48,5.975,,2.9900000653368366,0.05750005692243576,weak,1.000000,0.14000,6,base,,,
20250205,20250206,SZSE.300163,300163.SZ,先锋新材,4,0.11680304259061813,,6,0.21476,20250205,0.04115524888038635,0.11197372525930405,118026.0,25728.37,2.4915,,2.490000092712998,0.0708184763789177,weak,1.000000,0.20000,6,risk,,,
20250205,20250206,SZSE.002200,002200.SZ,交投生态,5,0.1159609854221344,,6,0.15033,20250205,0.03849724680185318,0.10549240559339523,93907.7739,13895.177,1.4881,,5.10000016078476,0.06699515879154205,weak,1.000000,0.14000,6,quality,,,
20250206,20250207,SZSE.002848,002848.SZ,高斯贝尔,1,0.14199964702129364,,6,0.18437,20250206,0.058665547519922256,0.12869563698768616,103465.85,98312.959,9.8919,,6.189999840930551,0.0700300894677639,weak,0.850000,0.20000,6,risk,,,
20250206,20250207,SZSE.301288,301288.SZ,清研环境,2,0.12900303304195404,,6,0.18990,20250206,0.040065471082925797,0.08408194035291672,132852.3,65132.161,11.4684,,12.300000138955903,0.04401646926999092,weak,0.850000,0.20600,6,risk,,,
20250206,20250207,SZSE.000668,000668.SZ,荣丰控股,3,0.12750807404518127,,6,0.15184,20250206,0.051540274173021317,0.10619363933801651,86783.557,50049.62,5.7524,,5.9099998894859755,0.054653365164995193,weak,1.000000,0.14000,6,quality,,,
20250206,20250207,SZSE.000691,000691.SZ,亚太实业,4,0.12306396663188934,,6,0.18437,20250206,0.0530693493783474,0.10918110609054565,95687.92,69223.797,7.2243,,2.9600000646812825,0.05611175671219826,weak,0.850000,0.20000,6,risk,,,
20250206,20250207,SZSE.002200,002200.SZ,交投生态,5,0.11580068618059158,,6,0.42000,20250206,0.03718305379152298,0.10278557986021042,94460.1726,9060.696,0.9621,,5.130000161730554,0.06560252606868744,weak,1.000000,0.42000,6,quality,,,
20250207,20250210,SZSE.002848,002848.SZ,高斯贝尔,1,0.12779955565929413,,6,0.19302,20250207,0.052708785980939865,0.11071507632732391,107143.15,87494.686,8.3933,,6.409999835277032,0.05800629034638405,weak,0.850000,0.20600,6,risk,,,
20250207,20250210,SZSE.301288,301288.SZ,清研环境,2,0.12042413651943207,,6,0.19302,20250207,0.036310579627752304,0.07778436690568924,134472.45,65799.409,11.1127,,12.450000140650488,0.041473787277936935,weak,0.850000,0.20600,6,risk,,,
20250207,20250210,SZSE.000691,000691.SZ,亚太实业,3,0.11505667120218277,,6,0.13118,20250207,0.0491752065718174,0.10611888021230698,97950.81,58718.418,6.0212,,3.0300000662109072,0.05694367364048958,weak,0.850000,0.14000,6,risk,,,
20250207,20250210,SZSE.000668,000668.SZ,荣丰控股,4,0.11304184049367905,,6,0.22046,20250207,0.044994790107011795,0.10142245888710022,87370.9246,50575.184,5.7281,,5.949999888737996,0.056427668780088425,weak,1.000000,0.20000,6,quality,,,
20250207,20250210,SZSE.002200,002200.SZ,交投生态,5,0.10774814337491989,,6,0.15433,20250207,0.03412119671702385,0.10057859122753143,96485.6344,10584.631,1.0983,,5.2400001651984605,0.06645739451050758,weak,1.000000,0.14000,6,quality,,,
20250210,20250211,SZSE.002848,002848.SZ,高斯贝尔,1,0.11756248027086258,,6,0.19293,20250210,0.05065707117319107,0.10167904198169708,113327.7,94092.765,8.7002,,6.779999825768843,0.05102197080850601,weak,0.850000,0.20600,6,risk,,,
20250210,20250211,SZSE.000691,000691.SZ,亚太实业,2,0.11199326068162918,,6,0.18732,20250210,0.04039914160966873,0.10057077556848526,103446.4,64577.919,6.3438,,3.200000069925711,0.06017163395881653,weak,0.850000,0.20000,6,risk,,,
20250210,20250211,SZSE.000668,000668.SZ,荣丰控股,3,0.10928557813167572,,6,0.13112,20250210,0.037326157093048096,0.09906391054391861,93244.6002,60798.198,6.7067,,6.349999881258197,0.061737753450870514,weak,0.850000,0.14000,6,risk,,,
20250210,20250211,SZSE.002200,002200.SZ,交投生态,4,0.10412988066673279,,6,0.22037,20250210,0.035042401403188705,0.09753844141960144,99063.4948,11929.213,1.216,,5.38000016961216,0.062496040016412735,weak,1.000000,0.20000,6,quality,,,
20250210,20250211,SHSE.688659,688659.SH,元琛科技,5,0.10345126688480377,,6,0.15426,20250210,0.036061108112335205,0.10041089355945587,114240.0,22297.727,1.9564,,7.139999686855159,0.06434978544712067,weak,1.000000,0.14000,6,quality,,,
20250211,20250212,SZSE.002848,002848.SZ,高斯贝尔,1,0.11834347993135452,,6,0.18013,20250211,0.05131560191512108,0.1037483736872673,110820.45,83755.631,7.748,,6.629999829623514,0.052432771772146225,weak,0.850000,0.20600,6,risk,,,
20250211,20250212,SZSE.000691,000691.SZ,亚太实业,2,0.11147559434175491,,6,0.20575,20250211,0.03770621865987778,0.0988844633102417,102799.86,48288.376,4.7173,,3.180000069488675,0.06117824465036392,weak,1.000000,0.20000,6,base,,,
20250211,20250212,SZSE.000668,000668.SZ,荣丰控股,3,0.10820425301790237,,6,0.14402,20250211,0.0396701954305172,0.09576935321092606,90160.9205,46669.122,5.1521,,6.139999885185091,0.05609915778040886,weak,1.000000,0.14000,6,base,,,
20250211,20250212,SZSE.002200,002200.SZ,交投生态,4,0.10361221432685852,,6,0.42000,20250211,0.03181558474898338,0.09628459066152573,97774.5646,8072.421,0.8255,,5.31000016740531,0.06446900591254234,weak,1.000000,0.42000,6,quality,,,
20250211,20250212,SHSE.688565,688565.SH,力源科技,5,0.1029336005449295,,6,0.14402,20250211,0.03506919741630554,0.10770854353904724,96935.8698,12899.726,1.3482,,6.361644813934299,0.0726393461227417,weak,1.000000,0.14000,6,risk,,,
20250212,20250213,SZSE.002848,002848.SZ,高斯贝尔,1,0.1147720143198967,,6,0.20600,20250212,0.048049986362457275,0.09801375865936279,110820.45,59659.372,5.507,,6.629999829623514,0.04996377229690552,weak,1.000000,0.20600,6,base,,,
20250212,20250213,SZSE.000691,000691.SZ,亚太实业,2,0.11043090373277664,,6,0.20000,20250212,0.036252737045288086,0.09873850643634796,100860.24,52486.086,5.19,,3.120000068177568,0.062485769391059875,weak,1.000000,0.20000,6,base,,,
20250212,20250213,SZSE.000668,000668.SZ,荣丰控股,3,0.10779771953821182,,6,0.14000,20250212,0.036552462726831436,0.09359050542116165,88986.1853,40610.071,4.5618,,6.059999886681051,0.057038042694330215,weak,1.000000,0.14000,6,quality,,,
20250212,20250213,SZSE.002200,002200.SZ,交投生态,4,0.10312363505363464,,6,0.20000,20250212,0.030992019921541214,0.0931769534945488,96485.6344,11843.993,1.2294,,5.2400001651984605,0.062184933573007584,weak,1.000000,0.20000,6,quality,,,
20250212,20250213,SHSE.688565,688565.SH,力源科技,5,0.1029336005449295,,6,0.14000,20250212,0.03367408365011215,0.09937699884176254,100734.2973,18364.278,1.8764,,6.61092556683141,0.06570291519165039,weak,1.000000,0.14000,6,quality,,,
20250213,20250214,SZSE.002848,002848.SZ,高斯贝尔,1,0.1147720143198967,,6,0.20600,20250213,0.03719763830304146,0.09706941246986389,109316.1,56621.687,5.3034,,6.539999831936316,0.059871774166822433,weak,1.000000,0.20600,6,base,,,
20250213,20250214,SZSE.000691,000691.SZ,亚太实业,2,0.11040704697370529,,6,0.20000,20250213,0.034081317484378815,0.09818215668201447,99567.16,37226.869,3.704,,3.0800000673034966,0.06410083919763565,weak,1.000000,0.20000,6,base,,,
20250213,20250214,SZSE.000668,000668.SZ,荣丰控股,3,0.10779771953821182,,6,0.14000,20250213,0.032922446727752686,0.09341162443161011,87077.2408,39760.775,4.5093,,5.929999889111985,0.06048917770385742,weak,1.000000,0.14000,6,quality,,,
20250213,20250214,SHSE.688701,688701.SH,卓锦股份,4,0.10385170578956604,,6,0.42000,20250213,0.03208685293793678,0.09959977865219116,83789.0801,9150.469,1.1083,,6.239999652027022,0.06751292571425438,weak,1.000000,0.42000,6,quality,,,
20250213,20250214,SHSE.688565,688565.SH,力源科技,5,0.1029336005449295,,6,0.14000,20250213,0.031965021044015884,0.09940546005964279,99366.8634,15205.573,1.5461,,6.52118449578845,0.06744043901562691,weak,1.000000,0.14000,6,quality,,,
20250214,20250217,SZSE.000691,000691.SZ,亚太实业,1,0.11040704697370529,,6,0.20000,20250214,0.03841885179281235,0.09524855017662048,96981.0,53675.923,5.4843,,3.000000065555354,0.056829698383808136,weak,1.000000,0.20000,6,base,,,
20250214,20250217,SZSE.000668,000668.SZ,荣丰控股,2,0.1084485724568367,,6,0.20000,20250214,0.03353458642959595,0.09426285326480865,84874.6124,30722.614,3.5999,,5.779999891916911,0.06072826683521271,weak,1.000000,0.20000,6,quality,,,
20250214,20250217,SHSE.688701,688701.SH,卓锦股份,3,0.10393424332141876,,6,0.14000,20250214,0.03439690172672272,0.09971943497657776,85266.1312,13892.784,1.6419,,6.349999645892882,0.06532253324985504,weak,1.000000,0.14000,6,quality,,,
20250214,20250217,SZSE.300163,300163.SZ,先锋新材,4,0.1037534847855568,,6,0.20000,20250214,0.03261949121952057,0.09542866051197052,117078.0,20128.958,1.9492,,2.4700000919683154,0.06280916929244995,weak,1.000000,0.20000,6,quality,,,
20250214,20250217,SHSE.688565,688565.SH,力源科技,5,0.1029336005449295,,6,0.14000,20250214,0.034359753131866455,0.09943897277116776,100126.5489,11202.008,1.143,,6.571040646367872,0.0650792196393013,weak,1.000000,0.14000,6,quality,,,
20250217,20250218,SZSE.000691,000691.SZ,亚太实业,1,0.11141614615917206,,6,0.17600,20250217,0.03356814384460449,0.09859704226255417,104092.94,89838.988,8.8277,,3.2200000703627465,0.06502889841794968,weak,0.850000,0.20000,6,risk,,,
20250217,20250218,SZSE.000668,000668.SZ,荣丰控股,2,0.10820425301790237,,6,0.20706,20250217,0.03569928929209709,0.09360738843679428,87370.9246,49841.569,5.7218,,5.949999888737996,0.05790809914469719,weak,1.000000,0.20000,6,quality,,,
20250217,20250218,SHSE.688701,688701.SH,卓锦股份,3,0.10407433658838272,,6,0.14494,20250217,0.03224596008658409,0.09984519332647324,86608.9049,11948.938,1.3884,,6.449999640316392,0.06759923323988914,weak,1.000000,0.14000,6,quality,,,
20250217,20250218,SHSE.688565,688565.SH,力源科技,4,0.10354285687208176,,6,0.20706,20250217,0.03174072131514549,0.09935896098613739,102101.7312,13602.265,1.3639,,6.70066663787437,0.0676182396709919,weak,1.000000,0.20000,6,quality,,,
20250217,20250218,SHSE.688659,688659.SH,元琛科技,5,0.10224970430135727,,6,0.14494,20250217,0.03205638378858566,0.09853874891996384,113600.0,21211.587,1.8724,,7.099999688609471,0.06648236513137817,weak,1.000000,0.14000,6,quality,,,
20250218,20250219,SZSE.000691,000691.SZ,亚太实业,1,0.11031477898359299,,6,0.17451,20250218,0.03658328950405121,0.09874139726161957,103123.13,77667.797,7.4399,,3.1900000697071933,0.06215810775756836,weak,0.850000,0.20000,6,risk,,,
20250218,20250219,SZSE.000668,000668.SZ,荣丰控股,2,0.10820425301790237,,6,0.20531,20250218,0.034492410719394684,0.09437265247106552,85315.1381,34088.715,3.9562,,5.809999891355925,0.05988024175167084,weak,1.000000,0.20000,6,quality,,,
20250218,20250219,SHSE.688701,688701.SH,卓锦股份,3,0.10445979982614517,,6,0.42000,20250218,0.03523338958621025,0.09925194084644318,83654.8028,9188.346,1.0895,,6.229999652584671,0.06401855126023293,weak,1.000000,0.42000,6,quality,,,
20250218,20250219,SHSE.688565,688565.SH,力源科技,4,0.10346461087465286,,6,0.20531,20250218,0.03497345373034477,0.09862928092479706,98607.1779,14264.54,1.4495,,6.471328345209027,0.06365582719445229,weak,1.000000,0.20000,6,quality,,,
20250218,20250219,SHSE.688659,688659.SH,元琛科技,5,0.10227230936288834,,6,0.14372,20250218,0.034836240112781525,0.0977441668510437,110880.0,18133.153,1.6029,,6.929999696065301,0.06290792673826218,weak,1.000000,0.14000,6,quality,,,
20250219,20250220,SHSE.688659,688659.SH,元琛科技,1,0.12471798807382584,,6,0.20000,20250219,0.03195532411336899,0.10305432975292206,113440.0,16818.448,1.4915,,7.0899996890480494,0.07109900563955307,weak,1.000000,0.20000,6,risk,,,
20250219,20250220,SZSE.000691,000691.SZ,亚太实业,2,0.10986583679914474,,6,0.20000,20250219,0.03563399985432625,0.09754569083452225,101830.05,60887.009,5.9334,,3.150000068833122,0.061911690980196,weak,1.000000,0.20000,6,base,,,
20250219,20250220,SZSE.000668,000668.SZ,荣丰控股,3,0.10694912821054459,,6,0.14000,20250219,0.03402770310640335,0.09290573745965958,86489.8732,26513.866,3.0734,,5.889999889859966,0.058878034353256226,weak,1.000000,0.14000,6,quality,,,
20250219,20250220,SHSE.688701,688701.SH,卓锦股份,4,0.10445979982614517,,6,0.42000,20250219,0.033808521926403046,0.09858575463294983,84729.0217,8133.601,0.9579,,6.309999648123478,0.06477723270654678,weak,1.000000,0.42000,6,quality,,,
20250219,20250220,SHSE.688565,688565.SH,力源科技,5,0.10346461087465286,,6,0.14000,20250219,0.033570896834135056,0.09815463423728943,99822.6747,14924.066,1.5196,,6.5510981861361035,0.06458373740315437,weak,1.000000,0.14000,6,quality,,,
20250220,20250221,SHSE.688659,688659.SH,元琛科技,1,0.12426181137561798,,6,0.20369,20250220,0.029151953756809235,0.10033787041902542,115360.0,20333.652,1.7757,,7.209999683785112,0.07118591666221619,weak,1.000000,0.20000,6,risk,,,
20250220,20250221,SZSE.000691,000691.SZ,亚太实业,2,0.10986583679914474,,6,0.20369,20250220,0.03298758342862129,0.09964778274297714,102476.59,36608.454,3.5964,,3.170000069270157,0.06666019931435585,weak,1.000000,0.20000,6,base,,,
20250220,20250221,SZSE.002848,002848.SZ,高斯贝尔,3,0.10853264480829239,,6,0.12119,20250220,0.033491045236587524,0.0990312397480011,116336.4,106114.963,9.3227,,6.959999821143236,0.06554019451141357,weak,0.850000,0.14000,6,risk,,,
20250220,20250221,SZSE.000668,000668.SZ,荣丰控股,4,0.10659709572792053,,6,0.20369,20250220,0.032619934529066086,0.09182539582252502,86636.7151,17219.308,1.9945,,5.899999889672972,0.05920546129345894,weak,1.000000,0.20000,6,quality,,,
20250220,20250221,SHSE.688701,688701.SH,卓锦股份,5,0.10362857580184937,,6,0.42000,20250220,0.032325271517038345,0.09770996123552322,84594.7444,6501.588,0.7727,,6.299999648681127,0.06538468971848488,weak,1.000000,0.42000,6,quality,,,
20250221,20250224,SHSE.688659,688659.SH,元琛科技,1,0.09346231073141098,,6,0.20531,20250221,-0.025601539760828018,0.05588838458061218,114880.0,20873.493,1.8254,,7.179999685100846,0.0814899243414402,weak,1.000000,0.20000,6,risk,,,
20250221,20250224,SZSE.002848,002848.SZ,高斯贝尔,2,0.0836133137345314,,6,0.17451,20250221,-0.0245794840157032,0.047122105956077576,117506.45,98501.836,8.7704,,7.02999981934439,0.07170158997178078,weak,0.850000,0.20000,6,risk,,,
20250221,20250224,SZSE.000691,000691.SZ,亚太实业,3,0.07961226254701614,,6,0.14372,20250221,-0.023949909955263138,0.046448010951280594,100536.97,49992.382,4.9575,,3.1100000679590503,0.07039792090654373,weak,1.000000,0.14000,6,risk,,,
20250221,20250224,SZSE.000668,000668.SZ,荣丰控股,4,0.07579756528139114,,6,0.20531,20250221,-0.02513955906033516,0.03911925107240677,84874.6124,31978.238,3.7749,,5.779999891916911,0.06425881013274193,weak,1.000000,0.20000,6,quality,,,
20250221,20250224,SHSE.688701,688701.SH,卓锦股份,5,0.07282903045415878,,6,0.42000,20250221,-0.023146294057369232,0.047005727887153625,84191.9122,7494.436,0.8927,,6.269999650354073,0.07015202194452286,weak,1.000000,0.42000,6,risk,,,
20250224,20250225,SHSE.688659,688659.SH,元琛科技,1,0.1263309270143509,,6,0.20531,20250224,0.03211693838238716,0.11214740574359894,115840.0,20616.186,1.7872,,7.239999682469377,0.08003046736121178,weak,1.000000,0.20000,6,risk,,,
20250224,20250225,SZSE.002848,002848.SZ,高斯贝尔,2,0.11305563151836395,,6,0.17451,20250224,0.03337608650326729,0.09898247569799423,114497.75,106719.36,9.5605,,6.849999823969995,0.06560638919472694,weak,0.850000,0.20000,6,risk,,,
20250224,20250225,SZSE.000691,000691.SZ,亚太实业,3,0.1103096604347229,,6,0.14372,20250224,0.03282466158270836,0.09787317365407944,101183.51,45286.957,4.4779,,3.1300000683960856,0.06504851207137108,weak,1.000000,0.14000,6,base,,,
20250224,20250225,SZSE.000668,000668.SZ,荣丰控股,4,0.1046830341219902,,6,0.20531,20250224,0.030155442655086517,0.08905401825904846,86930.3989,46598.94,5.4388,,5.919999889298981,0.058898575603961945,weak,1.000000,0.20000,6,quality,,,
20250224,20250225,SHSE.688701,688701.SH,卓锦股份,5,0.10362857580184937,,6,0.42000,20250224,0.03202556446194649,0.0988439992070198,85131.8538,7612.81,0.8893,,6.33999964645053,0.06681843474507332,weak,1.000000,0.42000,6,quality,,,
20250225,20250226,SHSE.688659,688659.SH,元琛科技,1,0.1263309270143509,,6,0.20531,20250225,0.03268487751483917,0.11001609265804291,114240.0,10911.951,0.9502,,7.139999686855159,0.07733121514320374,weak,1.000000,0.20000,6,risk,,,
20250225,20250226,SZSE.002848,002848.SZ,高斯贝尔,2,0.1111345887184143,,6,0.17451,20250225,0.030678637325763702,0.10199996083974838,118007.9,153067.215,13.1632,,7.059999818573454,0.07132132351398468,weak,0.850000,0.20000,6,risk,,,
20250225,20250226,SZSE.000691,000691.SZ,亚太实业,3,0.10978329926729202,,6,0.14372,20250225,0.03315801918506622,0.10113311558961868,101183.51,42950.733,4.2205,,3.1300000683960856,0.06797509640455246,weak,1.000000,0.14000,6,base,,,
20250225,20250226,SZSE.000668,000668.SZ,荣丰控股,4,0.10439173877239227,,6,0.20531,20250225,0.030020326375961304,0.08851677179336548,86636.7151,26576.659,3.054,,5.899999889672972,0.058496445417404175,weak,1.000000,0.20000,6,quality,,,
20250225,20250226,SHSE.688701,688701.SH,卓锦股份,5,0.10362857580184937,,6,0.42000,20250225,0.032014235854148865,0.09904126822948456,83923.3575,8196.923,0.9675,,6.2499996514693725,0.0670270323753357,weak,1.000000,0.42000,6,quality,,,
20250226,20250227,SHSE.688659,688659.SH,元琛科技,1,0.09346231073141098,,6,0.20531,20250226,-0.02511497214436531,0.04518279433250427,115840.0,18558.471,1.6083,,7.239999682469377,0.07029776647686958,weak,1.000000,0.20000,6,risk,,,
20250226,20250227,SZSE.002848,002848.SZ,高斯贝尔,2,0.08325201272964478,,6,0.17451,20250226,-0.021965160965919495,0.04358219727873802,116336.4,86315.153,7.5924,,6.959999821143236,0.06554735824465752,weak,0.850000,0.20000,6,risk,,,
20250226,20250227,SZSE.000691,000691.SZ,亚太实业,3,0.07873663306236267,,6,0.14372,20250226,-0.023603051900863647,0.045744720846414566,103123.13,42267.029,4.1273,,3.1900000697071933,0.06934777274727821,weak,1.000000,0.14000,6,base,,,
20250226,20250227,SZSE.000668,000668.SZ,荣丰控股,4,0.07388350367546082,,6,0.20531,20250226,-0.02358141541481018,0.034817203879356384,87958.2921,24096.538,2.7563,,5.989999887990016,0.058398619294166565,weak,1.000000,0.20000,6,quality,,,
20250226,20250227,SHSE.688701,688701.SH,卓锦股份,5,0.07282903045415878,,6,0.42000,20250226,-0.023494146764278412,0.04443874582648277,84594.7444,8705.131,1.0274,,6.299999648681127,0.06793289259076118,weak,1.000000,0.42000,6,quality,,,
20250227,20250228,SZSE.002848,002848.SZ,高斯贝尔,1,0.08358922600746155,,6,0.17477,20250227,-0.02064003050327301,0.04319780692458153,113996.3,81113.448,7.3012,,6.81999982474093,0.06383783742785454,weak,0.850000,0.20000,6,risk,,,
20250227,20250228,SZSE.000691,000691.SZ,亚太实业,2,0.07904049754142761,,6,0.20561,20250227,-0.023585621267557144,0.042878467589616776,102476.59,47350.937,4.6452,,3.170000069270157,0.06646408885717392,weak,1.000000,0.20000,6,base,,,
20250227,20250228,SZSE.000668,000668.SZ,荣丰控股,3,0.07388350367546082,,6,0.14393,20250227,-0.024122923612594604,0.034757472574710846,88251.9759,26702.015,3.0497,,6.0099998876160265,0.05888039618730545,weak,1.000000,0.14000,6,quality,,,
20250227,20250228,SHSE.688701,688701.SH,卓锦股份,4,0.07282903045415878,,6,0.42000,20250227,-0.023682735860347748,0.044288862496614456,84863.2991,9650.962,1.1416,,6.3199996475658295,0.0679715983569622,weak,1.000000,0.42000,6,quality,,,
20250227,20250228,SHSE.688565,688565.SH,力源科技,5,0.07228279858827591,,6,0.14393,20250227,-0.02431074157357216,0.0442209355533123,103621.1022,20746.798,2.0591,,6.800378939033216,0.06853167712688446,weak,1.000000,0.14000,6,base,,,
20250228,20250303,SZSE.002848,002848.SZ,高斯贝尔,1,0.11234953999519348,,6,0.17477,20250228,0.0331774577498436,0.10151080042123795,116670.7,109017.408,9.6983,,6.97999982062928,0.06833334267139435,weak,0.850000,0.20000,6,risk,,,
20250228,20250303,SZSE.000691,000691.SZ,亚太实业,2,0.10911265015602112,,6,0.20561,20250228,0.03254992887377739,0.09616708010435104,100536.97,41191.267,4.0445,,3.1100000679590503,0.06361715123057365,weak,1.000000,0.20000,6,base,,,
20250228,20250303,SZSE.000668,000668.SZ,荣丰控股,3,0.10538037866353989,,6,0.14393,20250228,0.029666200280189514,0.0916014015674591,85902.5057,23381.846,2.694,,5.849999890607945,0.06193520128726959,weak,1.000000,0.14000,6,quality,,,
20250228,20250303,SHSE.688701,688701.SH,卓锦股份,4,0.1029919981956482,,6,0.42000,20250228,0.03162337839603424,0.09810402244329453,83923.3575,6565.37,0.7831,,6.2499996514693725,0.06648064404726028,weak,1.000000,0.42000,6,quality,,,
20250228,20250303,SHSE.688659,688659.SH,元琛科技,5,0.1014651209115982,,6,0.14393,20250228,0.03113556280732155,0.09485124796628952,110720.0,15954.538,1.4203,,6.919999696503879,0.06371568515896797,weak,1.000000,0.14000,6,quality,,,
20250303,20250304,SZSE.000691,000691.SZ,亚太实业,1,0.10756821185350418,,6,0.20600,20250303,0.03337020426988602,0.09304698556661606,101183.51,40647.918,3.9958,,3.1300000683960856,0.05967678129673004,weak,1.000000,0.20600,6,base,,,
20250303,20250304,SZSE.000668,000668.SZ,荣丰控股,2,0.10466421395540237,,6,0.20000,20250303,0.033001966774463654,0.08230254799127579,84874.6124,30088.264,3.4897,,5.779999891916911,0.049300581216812134,weak,1.000000,0.20000,6,quality,,,
20250303,20250304,SHSE.688565,688565.SH,力源科技,3,0.10263338685035706,,6,0.14000,20250303,0.03194718807935715,0.09670942276716232,99822.6747,19189.948,1.9351,,6.5510981861361035,0.06476223468780518,weak,1.000000,0.14000,6,quality,,,
20250303,20250304,SHSE.688701,688701.SH,卓锦股份,4,0.10135042667388916,,6,0.20000,20250303,0.031975846737623215,0.09579183906316757,84057.6349,10144.386,1.1966,,6.259999650911722,0.06381599232554436,weak,1.000000,0.20000,6,quality,,,
20250303,20250304,SZSE.002200,002200.SZ,交投生态,5,0.10070603340864182,,6,0.14000,20250303,0.033361297100782394,0.09662675857543945,101825.4882,14158.48,1.4019,,5.530000174341123,0.06326546147465706,weak,1.000000,0.14000,6,quality,,,
20250304,20250305,SZSE.300478,300478.SZ,杭州高新,1,0.013960568234324455,,6,0.18134,20250304,0.003606619080528617,0.024046864360570908,175062.086,161949.276,9.4018,,13.820000143481264,0.02044024528004229,weak,0.850000,0.20600,6,risk,,,
20250304,20250305,SZSE.002848,002848.SZ,高斯贝尔,2,0.010287361219525337,,6,0.21334,20250304,0.00981063675135374,0.055804718285799026,114832.05,65957.743,5.8644,,6.869999823456039,0.045994081534445286,weak,1.000000,0.20600,6,base,,,
20250304,20250305,SZSE.300097,300097.SZ,智云股份,3,0.008264332078397274,,6,0.14499,20250304,0.005003288388252258,0.03748862072825432,140235.1391,35141.537,2.6878,,4.860000126982389,0.03248533234000206,weak,1.000000,0.14000,6,base,,,
20250304,20250305,SHSE.603879,603879.SH,永悦科技,4,0.00713613536208868,,6,0.21334,20250304,0.007290243171155453,0.027410902082920074,148049.9093,42806.919,2.8377,,4.12000002456671,0.02012065891176462,weak,1.000000,0.20600,6,base,,,
20250304,20250305,SZSE.000668,000668.SZ,荣丰控股,5,0.006878074258565903,,6,0.14499,20250304,0.006072976626455784,0.05390530824661255,83993.5611,24027.337,2.8743,,5.71999989303888,0.047832331620156765,weak,1.000000,0.14000,6,quality,,,
20250305,20250306,SZSE.002848,002848.SZ,高斯贝尔,1,0.008585317991673946,,6,0.18134,20250305,0.008999720215797424,0.05417851358652115,113160.55,71384.218,6.5254,,6.76999982602582,0.045178793370723724,weak,0.850000,0.20600,6,risk,,,
20250305,20250306,SZSE.300097,300097.SZ,智云股份,2,0.008264332078397274,,6,0.21334,20250305,0.004358889069408178,0.03748862072825432,138792.3908,39387.437,3.0391,,4.810000125675985,0.03312973165884614,weak,1.000000,0.20600,6,base,,,
20250305,20250306,SZSE.000668,000668.SZ,荣丰控股,3,0.00818824302405119,,6,0.14499,20250305,0.005454063415527344,0.054103970527648926,82965.6679,24927.968,3.0343,,5.649999894347846,0.04864990711212158,weak,1.000000,0.14000,6,quality,,,
20250305,20250306,SHSE.603879,603879.SH,永悦科技,4,0.00713613536208868,,6,0.21334,20250305,0.006835740990936756,0.027410902082920074,147690.5648,32296.054,2.2054,,4.110000024507082,0.02057516109198332,weak,1.000000,0.20600,6,base,,,
20250305,20250306,SZSE.300165,300165.SZ,天瑞仪器,5,0.006291442550718784,,6,0.14499,20250305,0.0036129611544311047,0.030252523720264435,141716.3534,20297.431,1.6879,,2.8599999465194403,0.02663956256583333,weak,1.000000,0.14000,6,quality,,,
20250306,20250307,SHSE.603316,603316.SH,诚邦股份,5,0.006222891621291637,,6,0.32000,20250306,0.007909737527370453,0.025917984545230865,156972.816,61279.688,3.9083,,5.940000147961858,0.018008247017860413,strong,1.000000,0.32000,6,base,,,
20250306,20250307,SHSE.688178,688178.SH,万德斯,1,0.0170290544629097,,6,0.20600,20250306,0.0050263358280062675,0.026451900601387024,133831.695,11254.443,0.8446,,15.719999634347312,0.021425564773380756,weak,1.000000,0.20600,6,quality,,,
20250306,20250307,SZSE.300097,300097.SZ,智云股份,2,0.008264332078397274,,6,0.20600,20250306,0.005157258361577988,0.03799615800380707,144274.8345,74805.761,5.6284,,5.000000130640317,0.03283889964222908,weak,1.000000,0.20600,6,base,,,
20250306,20250307,SHSE.603879,603879.SH,永悦科技,3,0.007187910843640566,,6,0.14000,20250306,0.006629019044339657,0.027909494936466217,146971.876,24606.72,1.679,,4.090000024387826,0.02128047589212656,weak,1.000000,0.14000,6,quality,,,
20250306,20250307,SZSE.300165,300165.SZ,天瑞仪器,4,0.006573766469955444,,6,0.20600,20250306,0.004051295109093189,0.03685877472162247,144689.4237,28333.222,2.3296,,2.9199999453974703,0.03280747961252928,weak,1.000000,0.20600,6,base,,,
20250307,20250310,SZSE.301288,301288.SZ,清研环境,1,0.01844291016459465,,6,0.18010,20250307,-0.0020453070756047964,0.018290335312485695,143221.26,81038.724,12.8244,,13.260000149801241,0.02033564238809049,weak,0.850000,0.20600,6,risk,,,
20250307,20250310,SHSE.688178,688178.SH,万德斯,2,0.016905656084418297,,6,0.42000,20250307,0.00429888442158699,0.029319141060113907,131447.9243,8164.94,0.619,,15.43999964086021,0.025020256638526917,weak,1.000000,0.42000,6,quality,,,
20250307,20250310,SZSE.000691,000691.SZ,亚太实业,3,0.008962087333202362,,6,0.14400,20250307,0.00568437622860074,0.04511801898479462,101506.78,43600.567,4.2256,,3.1400000686146035,0.039433642756193876,weak,1.000000,0.14000,6,base,,,
20250307,20250310,SZSE.300097,300097.SZ,智云股份,4,0.008264332078397274,,6,0.21189,20250307,0.003900958923622966,0.037757571786642075,142254.9868,56970.437,4.2494,,4.930000128811352,0.03385661286301911,weak,1.000000,0.20600,6,base,,,
20250307,20250310,SHSE.603879,603879.SH,永悦科技,5,0.00713613536208868,,6,0.14400,20250307,0.006785090081393719,0.028121348470449448,145175.1538,25519.158,1.7404,,4.040000024089687,0.02133625838905573,weak,1.000000,0.14000,6,quality,,,
20250310,20250311,SHSE.688178,688178.SH,万德斯,3,0.01599770411849022,,6,0.42000,20250310,0.004020016640424728,0.010125970467925072,131277.655,9744.251,0.7384,,15.419999641325417,0.006105953827500343,strong,1.000000,0.42000,6,quality,,,
20250310,20250311,SZSE.301288,301288.SZ,清研环境,1,0.017708905041217804,,6,0.18479,20250310,-0.0020433373283594847,0.020576324313879013,141601.11,48039.788,7.6757,,13.110000148106657,0.022619661642238498,weak,0.850000,0.20600,6,risk,,,
20250310,20250311,SZSE.300478,300478.SZ,杭州高新,2,0.01628439873456955,,6,0.21741,20250310,0.004986369051039219,0.025609835982322693,171895.261,79959.379,4.6458,,13.570000140885728,0.020623466931283474,weak,1.000000,0.20600,6,base,,,
20250310,20250311,SZSE.000691,000691.SZ,亚太实业,4,0.00902483705431223,,6,0.18479,20250310,0.005765831097960472,0.05247209966182709,103769.67,66170.147,6.376,,3.2100000701442286,0.046706268563866615,weak,0.850000,0.20600,6,risk,,,
20250310,20250311,SZSE.300097,300097.SZ,智云股份,5,0.008264332078397274,,6,0.14775,20250310,0.004705549217760563,0.03835568577051163,143409.1855,40010.544,2.9833,,4.9700001298564755,0.033650136552751064,weak,1.000000,0.14000,6,base,,,
20250311,20250312,SHSE.688178,688178.SH,万德斯,1,0.016105324029922485,,6,0.32000,20250311,0.004270877689123154,0.005506086628884077,132214.1363,13578.8,1.0384,,15.529999638766778,0.0012352089397609234,strong,1.000000,0.32000,6,quality,,,
20250311,20250312,SZSE.300478,300478.SZ,杭州高新,2,0.014107506722211838,,6,0.32000,20250311,0.0052785202860832214,0.02421492710709572,170121.839,81022.083,4.7931,,13.430000139432227,0.018936406821012497,strong,1.000000,0.32000,6,base,,,
20250311,20250312,SZSE.000691,000691.SZ,亚太实业,3,0.00930715724825859,,6,0.14000,20250311,0.005664624273777008,0.05327143520116806,102799.86,51869.321,5.0733,,3.180000069488675,0.04760681092739105,weak,1.000000,0.14000,6,base,,,
20250311,20250312,SZSE.300097,300097.SZ,智云股份,4,0.009222377091646194,,6,0.20600,20250311,0.005619576200842857,0.0382615327835083,145140.4835,52335.259,3.8875,,5.030000131424159,0.03264195658266544,weak,1.000000,0.20600,6,base,,,
20250311,20250312,SZSE.300165,300165.SZ,天瑞仪器,5,0.007615860551595688,,6,0.14000,20250311,0.005976241081953049,0.03736776113510132,148653.5175,29725.594,2.3758,,2.9999999439015106,0.03139152005314827,weak,1.000000,0.14000,6,base,,,
20250312,20250313,SZSE.300478,300478.SZ,杭州高新,1,0.011023023165762424,,6,0.29855,20250312,0.003263266058638692,0.02242947369813919,175568.778,164802.532,9.3746,,13.860000143896551,0.0191662076395005,strong,0.850000,0.32000,6,risk,,,
20250312,20250313,SZSE.300097,300097.SZ,智云股份,2,0.00983051024377346,,6,0.22611,20250312,0.00663957092911005,0.03705032542347908,146583.2319,59785.316,4.3548,,5.080000132730563,0.03041075449436903,weak,1.000000,0.20600,6,base,,,
20250312,20250313,SZSE.000691,000691.SZ,亚太实业,3,0.008395621553063393,,6,0.13062,20250312,0.006096933037042618,0.04421740397810936,99567.16,72760.363,7.2425,,3.0800000673034966,0.03812047094106674,weak,0.850000,0.14000,6,risk,,,
20250312,20250313,SZSE.300165,300165.SZ,天瑞仪器,4,0.00826579425483942,,6,0.22611,20250312,0.006218176335096359,0.036583807319402695,151131.0761,33023.302,2.5966,,3.0499999429665356,0.030365630984306335,weak,1.000000,0.20600,6,base,,,
20250312,20250313,SZSE.002848,002848.SZ,高斯贝尔,5,0.004448983818292618,,6,0.13062,20250312,0.005451568402349949,0.051417477428913116,117005.0,86071.243,7.5363,,6.999999820115324,0.04596590902656317,weak,0.850000,0.14000,6,risk,,,
20250313,20250314,SZSE.300478,300478.SZ,杭州高新,1,0.013198074884712696,,6,0.18584,20250313,0.004421453922986984,0.024920977652072906,171768.588,138510.546,7.847,,13.560000140781906,0.020499523729085922,weak,0.850000,0.20600,6,risk,,,
20250313,20250314,SZSE.300097,300097.SZ,智云股份,2,0.007708102464675903,,6,0.21864,20250313,0.004256824031472206,0.03563902527093887,144851.9338,57427.076,4.2505,,5.020000131162878,0.03138220123946667,weak,1.000000,0.20600,6,base,,,
20250313,20250314,SZSE.000691,000691.SZ,亚太实业,3,0.007314253598451614,,6,0.12630,20250313,0.004179793410003185,0.05261533334851265,96334.46,70236.097,7.309,,2.9800000651183183,0.048435539938509464,weak,0.850000,0.14000,6,risk,,,
20250313,20250314,SHSE.603316,603316.SH,诚邦股份,4,0.006325568072497845,,6,0.21864,20250313,0.0052991751581430435,0.025756102055311203,170450.28,74326.935,4.3517,,6.450000160665654,0.02045692689716816,weak,1.000000,0.20600,6,base,,,
20250313,20250314,SZSE.300165,300165.SZ,天瑞仪器,5,0.004714789800345898,,6,0.14859,20250313,0.005296308547258377,0.02741311863064766,152617.6113,33336.792,2.6022,,3.0799999424055513,0.022116810083389282,weak,1.000000,0.14000,6,base,,,
20250314,20250317,SHSE.603316,603316.SH,诚邦股份,3,0.006325568072497845,,6,0.33160,20250314,0.00710301473736763,0.025544248521327972,170978.808,80325.97,4.6868,,6.470000161163842,0.018441233783960342,strong,1.000000,0.32000,6,base,,,
20250314,20250317,SZSE.300163,300163.SZ,先锋新材,4,0.004515463951975107,,6,0.28186,20250314,0.006011766381561756,0.024987731128931046,144570.0,83906.634,6.57,,3.050000113564114,0.01897596474736929,strong,0.850000,0.32000,6,risk,,,
20250314,20250317,SZSE.000608,000608.SZ,阳光股份,5,0.004320194013416767,,6,0.33160,20250314,0.005206231959164143,0.024225082248449326,163481.1014,66273.634,4.1405,,2.18,0.019018850289285183,strong,1.000000,0.32000,6,base,,,
20250314,20250317,SZSE.002718,002718.SZ,友邦吊顶,1,0.014187847264111042,,6,0.21347,20250314,0.003561540972441435,0.025966204702854156,186130.1259,46016.272,5.0285,,14.159999600620234,0.02240466373041272,weak,1.000000,0.20600,6,risk,,,
20250314,20250317,SZSE.300097,300097.SZ,智云股份,2,0.007956050336360931,,6,0.21347,20250314,0.006776980124413967,0.03534212335944176,146583.2319,44506.332,3.2695,,5.080000132730563,0.02856514323502779,weak,1.000000,0.20600,6,base,,,
20250317,20250318,SHSE.603316,603316.SH,诚邦股份,1,0.006194955203682184,,6,0.33307,20250317,0.007386734709143639,0.024682506918907166,170714.544,56690.973,3.2909,,6.460000160914747,0.017295772209763527,strong,1.000000,0.32000,6,base,,,
20250317,20250318,SZSE.300097,300097.SZ,智云股份,4,0.00441098865121603,,6,0.33307,20250317,0.00701596774160862,0.02387847751379013,147160.3312,48384.815,3.5121,,5.100000133253124,0.01686250977218151,strong,1.000000,0.32000,6,base,,,
20250317,20250318,SZSE.000608,000608.SZ,阳光股份,5,0.004364144057035446,,6,0.33307,20250317,0.005205421708524227,0.02270624041557312,165730.8413,70893.606,4.3058,,2.21,0.017500818707048893,strong,1.000000,0.32000,6,base,,,
20250317,20250318,SZSE.000691,000691.SZ,亚太实业,2,0.005276345647871494,,6,0.17694,20250317,0.004440479911863804,0.052848152816295624,96334.46,74986.373,7.7659,,2.9800000651183183,0.04840767290443182,weak,0.850000,0.20000,6,risk,,,
20250317,20250318,SZSE.300163,300163.SZ,先锋新材,3,0.005174361634999514,,6,0.12386,20250317,0.006202183663845062,0.02691764384508133,150732.0,88857.621,6.8022,,3.180000118404552,0.020715460181236267,weak,0.850000,0.14000,6,risk,,,
20250318,20250319,SZSE.300097,300097.SZ,智云股份,3,0.005217573139816523,,6,0.28201,20250318,0.006856565363705158,0.024402547627687454,151488.5762,137188.322,9.555,,5.250000137172333,0.017545982263982296,strong,0.850000,0.32000,6,risk,,,
20250318,20250319,SHSE.600408,600408.SH,安泰集团,1,0.005364816170185804,,6,0.21358,20250318,0.006964999251067638,0.027203578501939774,191292.0,36199.165,1.8924,,1.9000001014778267,0.020238579250872135,weak,1.000000,0.20600,6,risk,,,
20250318,20250319,SZSE.000691,000691.SZ,亚太实业,2,0.005276345647871494,,6,0.20736,20250318,0.0036982472520321608,0.052848152816295624,96334.46,56939.788,5.9054,,2.9800000651183183,0.04914990556426346,weak,1.000000,0.20000,6,base,,,
20250318,20250319,SZSE.300163,300163.SZ,先锋新材,4,0.004747916478663683,,6,0.21358,20250318,0.005274411290884018,0.026124753057956696,152628.0,66630.526,5.0605,,3.220000119893917,0.020850341767072678,weak,1.000000,0.20600,6,base,,,
20250318,20250319,SZSE.002200,002200.SZ,交投生态,5,0.0041882009245455265,,6,0.42000,20250318,0.0053097037598490715,0.04452976956963539,109190.8038,8262.924,0.7609,,5.930000186951692,0.03922006580978632,weak,1.000000,0.42000,6,quality,,,
20250319,20250320,SHSE.688309,688309.SH,恒誉环保,1,0.02125072106719017,,6,0.42000,20250319,0.006738694384694099,0.02401527389883995,127137.0547,9403.667,0.7389,,15.801089802539138,0.01727657951414585,strong,1.000000,0.42000,6,quality,,,
20250319,20250320,SZSE.300097,300097.SZ,智云股份,2,0.006045754998922348,,6,0.32000,20250319,0.007460356689989567,0.025854390114545822,148891.6292,67696.068,4.8379,,5.160000134820808,0.018394033424556255,strong,1.000000,0.32000,6,base,,,
20250319,20250320,SZSE.300163,300163.SZ,先锋新材,3,0.005979212000966072,,6,0.32000,20250319,0.005355463363230228,0.025259744375944138,148362.0,51309.086,3.8997,,3.1300001165428446,0.01990428101271391,strong,1.000000,0.32000,6,base,,,
20250319,20250320,SHSE.600408,600408.SH,安泰集团,5,0.005425610579550266,,6,0.32000,20250319,0.006882989779114723,0.023320883512496948,193305.6,46087.037,2.382,,1.9200001025460143,0.016437893733382225,strong,1.000000,0.32000,6,risk,,,
20250319,20250320,SZSE.000691,000691.SZ,亚太实业,4,0.005702791269868612,,6,0.20000,20250319,0.0034499107860028744,0.0547308512032032,97627.54,45777.02,4.7297,,3.0200000659923893,0.05128094041720033,weak,1.000000,0.20000,6,base,,,
20250320,20250321,SHSE.688309,688309.SH,恒誉环保,1,0.02026466280221939,,6,0.32000,20250320,0.007983889430761337,0.02277199551463127,127057.044,11104.814,0.8747,,15.791145756093236,0.014788106083869934,strong,1.000000,0.32000,6,quality,,,
20250320,20250321,SZSE.300097,300097.SZ,智云股份,2,0.006647119764238596,,6,0.32000,20250320,0.008312329649925232,0.026208937168121338,151200.0266,83280.348,5.8792,,5.240000136911053,0.017896607518196106,strong,1.000000,0.32000,6,base,,,
20250320,20250321,SZSE.300163,300163.SZ,先锋新材,3,0.006030987948179245,,6,0.32000,20250320,0.006754349917173386,0.02554081752896309,152154.0,47872.812,3.6139,,3.2100001195215757,0.018786467611789703,strong,1.000000,0.32000,6,base,,,
20250320,20250321,SHSE.603316,603316.SH,诚邦股份,4,0.004320491570979357,,6,0.32000,20250320,0.007047728635370731,0.022250946611166,175735.56,91105.217,5.1933,,6.650000165647535,0.015203217975795269,strong,1.000000,0.32000,6,base,,,
20250320,20250321,SZSE.002316,002316.SZ,亚联发展,5,0.004288345109671354,,6,0.32000,20250320,0.006967171095311642,0.025017186999320984,145847.52,23193.475,1.9873,,3.7099999618187227,0.018050015904009342,strong,1.000000,0.32000,6,quality,,,
20250321,20250324,SZSE.000633,000633.SZ,合金投资,1,0.020429715514183044,,6,0.32669,20250321,0.00744379498064518,0.021833505481481552,194478.7184,44955.775,2.3008,,5.0500000618186,0.014389710500836372,strong,1.000000,0.32000,6,risk,,,
20250321,20250324,SZSE.300097,300097.SZ,智云股份,3,0.006285446230322123,,6,0.32669,20250321,0.007177385501563549,0.027073204517364502,148603.0795,66543.3,4.777,,5.1500001345595265,0.019895819015800953,strong,1.000000,0.32000,6,base,,,
20250321,20250324,SZSE.300163,300163.SZ,先锋新材,2,0.006734989583492279,,6,0.21030,20250321,0.005231822375208139,0.026582498103380203,150732.0,50186.293,3.8176,,3.180000118404552,0.021350675728172064,weak,1.000000,0.20600,6,base,,,
20250321,20250324,SZSE.000691,000691.SZ,亚太实业,4,0.005702791269868612,,6,0.17355,20250321,0.0035695573315024376,0.05541151016950607,96334.46,81230.861,8.308,,2.9800000651183183,0.051841952838003635,weak,0.850000,0.20000,6,risk,,,
20250321,20250324,SZSE.002200,002200.SZ,交投生态,5,0.0041882009245455265,,6,0.42000,20250321,0.005520154722034931,0.04534340277314186,108454.2722,7901.379,0.7246,,5.890000185690636,0.03982324805110693,weak,1.000000,0.42000,6,quality,,,
20250324,20250325,SHSE.605303,605303.SH,园林股份,1,0.005797734018415213,,6,0.21334,20250324,0.005566524341702461,0.025978289544582367,159947.5087,69015.641,4.3059,,9.920000268710117,0.020411765202879906,weak,1.000000,0.20600,6,base,,,
20250324,20250325,SHSE.600358,600358.SH,国旅联合,2,0.004960257094353437,,6,0.18134,20250324,0.0024168500676751137,0.02493377774953842,181777.1976,173192.671,9.4383,,3.5999999493825254,0.022516927681863308,weak,0.850000,0.20600,6,risk,,,
20250324,20250325,SHSE.603023,603023.SH,威帝股份,3,0.003979840315878391,,6,0.14499,20250324,0.0059300195425748825,0.027183540165424347,166318.9873,24810.184,1.4775,,2.979999902951805,0.021253520622849464,weak,1.000000,0.14000,6,quality,,,
20250324,20250325,SZSE.002200,002200.SZ,交投生态,4,0.0038431305438280106,,6,0.21334,20250324,0.005526404827833176,0.045731909573078156,105692.2789,10434.29,0.9878,,5.7400001809616725,0.04020550474524498,weak,1.000000,0.20600,6,quality,,,
20250324,20250325,SHSE.600234,600234.SH,科新发展,5,0.0023369337432086468,,6,0.14499,20250324,0.005366485565900803,0.026215411722660065,163813.0872,19726.188,1.1874,,6.239999802731677,0.020848926156759262,weak,1.000000,0.14000,6,quality,,,
20250325,20250326,SHSE.688681,688681.SH,科汇股份,1,0.026334408670663834,,6,0.32551,20250325,0.006235898472368717,0.022402048110961914,130523.49,35752.87,2.7512,,12.246471818488216,0.016166149638593197,strong,1.000000,0.32000,6,base,,,
20250325,20250326,SHSE.600493,600493.SH,凤竹纺织,2,0.007711322978138924,,6,0.32551,20250325,0.0039028129540383816,0.021402448415756226,143616.0,38236.582,2.6855,,5.229379969986582,0.017499635461717844,strong,1.000000,0.32000,6,base,,,
20250325,20250326,SZSE.300163,300163.SZ,先锋新材,4,0.006761464290320873,,6,0.32551,20250325,0.005660723429173231,0.02553839609026909,147414.0,27919.194,2.1779,,3.110000115798162,0.019877672661095858,strong,1.000000,0.32000,6,base,,,
20250325,20250326,SZSE.000691,000691.SZ,亚太实业,3,0.007333491928875446,,6,0.12105,20250325,0.003829154185950756,0.05705984681844711,94394.84,58030.9,6.2739,,2.920000063807211,0.05323069263249636,weak,0.850000,0.14000,6,risk,,,
20250325,20250326,SZSE.300929,300929.SZ,华骐环保,5,0.0067612528800964355,,6,0.14241,20250325,0.0035681126173585653,0.04170743376016617,113502.2092,30210.801,2.8684,,8.590000230648833,0.0381393211428076,weak,1.000000,0.14000,6,base,,,
20250326,20250327,SHSE.688681,688681.SH,科汇股份,1,0.02631121128797531,,6,0.32737,20250326,0.005911956541240215,0.019779637455940247,133977.6,35431.866,2.6346,,12.57055647767836,0.013867680914700031,strong,1.000000,0.32000,6,base,,,
20250326,20250327,SZSE.002188,002188.SZ,中天服务,3,0.00935422908514738,,6,0.32737,20250326,0.0037144653033465147,0.02312176302075386,152103.2968,64298.595,5.4153,,4.650000105371852,0.019407297717407346,strong,1.000000,0.32000,6,base,,,
20250326,20250327,SHSE.600493,600493.SH,凤竹纺织,5,0.007413612678647041,,6,0.32737,20250326,0.0036533153615891933,0.021179979667067528,147424.0,39624.731,2.6929,,5.368037772221075,0.017526664305478334,strong,1.000000,0.32000,6,base,,,
20250326,20250327,SZSE.000608,000608.SZ,阳光股份,2,0.009593899361789227,,6,0.17913,20250326,0.006526771001517773,0.028590485453605652,134234.4823,100588.863,7.6091,,1.79,0.02206371445208788,weak,0.850000,0.20600,6,risk,,,
20250326,20250327,SZSE.300929,300929.SZ,华骐环保,4,0.008492114022374153,,6,0.21075,20250326,0.003108202014118433,0.04267337545752525,116541.2672,32112.62,2.9519,,8.82000023682453,0.03956517344340682,weak,1.000000,0.20600,6,base,,,
20250327,20250328,SZSE.002188,002188.SZ,中天服务,3,0.00935422908514738,,6,0.32000,20250327,0.003564785700291395,0.023374196141958237,151121.9852,49586.019,4.1954,,4.620000104692033,0.01980941044166684,strong,1.000000,0.32000,6,base,,,
20250327,20250328,SZSE.002910,002910.SZ,庄园牧场,1,0.01469417754560709,,6,0.20600,20250327,0.002884340938180685,0.027193278074264526,173247.8614,65771.219,4.3045,,8.859999793913307,0.02430893713608384,weak,1.000000,0.20600,6,base,,,
20250327,20250328,SZSE.000608,000608.SZ,阳光股份,2,0.011493058875203133,,6,0.20600,20250327,0.00222534011118114,0.03180702403187752,131984.7424,56097.685,4.2337,,1.7600000000000002,0.029581683920696378,weak,1.000000,0.20600,6,base,,,
20250327,20250328,SZSE.300163,300163.SZ,先锋新材,4,0.006761464290320873,,6,0.20600,20250327,0.00548174325376749,0.02553839609026909,149310.0,40199.701,3.0563,,3.1500001172875276,0.0200566528365016,weak,1.000000,0.20600,6,base,,,
20250327,20250328,SZSE.000668,000668.SZ,荣丰控股,5,0.005979479290544987,,6,0.14000,20250327,0.004730286076664925,0.045148059725761414,76651.4666,25223.927,3.2769,,5.219999902388628,0.04041777364909649,weak,1.000000,0.14000,6,quality,,,
20250328,20250331,SHSE.605303,605303.SH,园林股份,4,0.005051127634942532,,6,0.32000,20250328,0.005819736979901791,0.02480742335319519,150756.9765,30834.481,2.0344,,9.350000253270117,0.0189876863732934,strong,1.000000,0.32000,6,base,,,
20250328,20250331,SZSE.300268,300268.SZ,佳沃食品,5,0.004749410320073366,,6,0.32000,20250328,0.00629270076751709,0.024634744971990585,156780.0,20930.475,1.712,,8.999999779812738,0.018342044204473495,strong,1.000000,0.32000,6,quality,,,
20250328,20250331,SZSE.000608,000608.SZ,阳光股份,1,0.014975989237427711,,6,0.20600,20250328,0.005178454332053661,0.032777685672044754,128235.1758,46032.97,3.5955,,1.71,0.027599231339991093,weak,1.000000,0.20600,6,base,,,
20250328,20250331,SZSE.002848,002848.SZ,高斯贝尔,2,0.007138369604945183,,6,0.20000,20250328,0.0030646203085780144,0.04921262338757515,97281.3,36326.037,3.806,,5.819999850438741,0.046148003078997135,weak,1.000000,0.20000,6,base,,,
20250328,20250331,SZSE.000668,000668.SZ,荣丰控股,3,0.005979479290544987,,6,0.14000,20250328,0.0038418537005782127,0.044381991028785706,74742.522,20539.261,2.7203,,5.089999904819563,0.04054013732820749,weak,1.000000,0.14000,6,quality,,,
20250331,20250401,SZSE.002141,002141.SZ,贤丰控股,2,0.006926364731043577,,6,0.32000,20250331,0.008504443801939487,0.02627343311905861,182829.6362,70919.804,3.9081,,1.7700000033512915,0.01776898931711912,strong,1.000000,0.32000,6,risk,,,
20250331,20250401,SZSE.300163,300163.SZ,先锋新材,3,0.006733527407050133,,6,0.32000,20250331,0.0077126519754529,0.02512924000620842,143148.0,43079.358,3.4969,,3.0200001124470903,0.01741658803075552,strong,1.000000,0.32000,6,base,,,
20250331,20250401,SZSE.000608,000608.SZ,阳光股份,1,0.019583694636821747,,6,0.20600,20250331,0.007808823138475418,0.03746579587459564,125985.4359,47636.917,3.859,,1.6799999999999997,0.029656972736120224,weak,1.000000,0.20600,6,base,,,
20250331,20250401,SZSE.000668,000668.SZ,荣丰控股,4,0.006416771095246077,,6,0.20000,20250331,0.004966746550053358,0.04455883800983429,73274.1031,21687.782,2.9632,,4.989999906689513,0.03959209145978093,weak,1.000000,0.20000,6,quality,,,
20250331,20250401,SZSE.002072,002072.SZ,凯瑞德,5,0.005827526096254587,,6,0.14000,20250331,0.003825846593827009,0.02659977227449417,154425.6,49296.406,4.6825,,4.199999974672065,0.022773925680667162,weak,1.000000,0.14000,6,base,,,
20250401,20250402,SZSE.000668,000668.SZ,荣丰控股,3,0.007405634969472885,,6,0.20000,20250401,0.004497052635997534,0.017944401130080223,75183.0477,21699.008,2.8755,,5.119999904258578,0.01344734849408269,strong,1.000000,0.20000,6,quality,,,
20250401,20250402,SZSE.300163,300163.SZ,先锋新材,4,0.006707053165882826,,6,0.32000,20250401,0.005946332588791847,0.015903640538454056,141726.0,25259.767,2.0204,,2.9900001113300663,0.009957307949662209,strong,1.000000,0.32000,6,base,,,
20250401,20250402,SZSE.300268,300268.SZ,佳沃食品,5,0.005849491339176893,,6,0.32000,20250401,0.006072415038943291,0.015523819252848625,155909.0,21507.101,1.8155,,8.949999781036,0.009451404213905334,strong,1.000000,0.32000,6,quality,,,
20250401,20250402,SZSE.000608,000608.SZ,阳光股份,1,0.019730310887098312,,6,0.20600,20250401,0.005126665346324444,0.026412799954414368,127485.2625,35823.188,2.8425,,1.6999999999999997,0.021286134608089924,weak,1.000000,0.20600,6,base,,,
20250401,20250402,SZSE.002848,002848.SZ,高斯贝尔,2,0.010758485645055771,,6,0.20000,20250401,0.004123442806303501,0.029312141239643097,96111.25,53519.397,5.6691,,5.749999852237587,0.025188698433339596,weak,1.000000,0.20000,6,base,,,
20250402,20250403,SZSE.002848,002848.SZ,高斯贝尔,2,0.010769765824079514,,6,0.20000,20250402,0.005131196696311235,0.02498592808842659,93938.3,38940.587,4.1721,,5.619999855578303,0.019854731392115355,strong,1.000000,0.20000,6,base,,,
20250402,20250403,SZSE.002072,002072.SZ,凯瑞德,3,0.005827526096254587,,6,0.32000,20250402,0.0037018069997429848,0.01761557161808014,154793.28,21621.076,1.9928,,4.209999974611759,0.013913764618337154,strong,1.000000,0.32000,6,quality,,,
20250402,20250403,SHSE.600778,600778.SH,友好集团,4,0.005753651726990938,,6,0.32000,20250402,0.0033529638312757015,0.01991993561387062,184091.389,46863.812,2.541,,5.910000050884578,0.01656697178259492,strong,1.000000,0.32000,6,risk,,,
20250402,20250403,SZSE.300163,300163.SZ,先锋新材,5,0.00574675714597106,,6,0.32000,20250402,0.005398840643465519,0.015391191467642784,148836.0,38953.066,3.0579,,3.140000116915186,0.009992350824177265,strong,1.000000,0.32000,6,base,,,
20250402,20250403,SZSE.000608,000608.SZ,阳光股份,1,0.019245192408561707,,6,0.20600,20250402,0.004771851003170013,0.026153042912483215,126735.3492,34154.321,2.6903,,1.69,0.021381191909313202,weak,1.000000,0.20600,6,base,,,
20250403,20250407,SZSE.000608,000608.SZ,阳光股份,2,0.016160767525434494,,6,0.32000,20250403,0.006037522107362747,0.02396070957183838,126735.3492,32307.242,2.5656,,1.69,0.01792318746447563,strong,1.000000,0.32000,6,base,,,
20250403,20250407,SZSE.002848,002848.SZ,高斯贝尔,3,0.011195516213774681,,6,0.20000,20250403,0.005959182977676392,0.02145969867706299,93604.0,39128.336,4.2923,,5.599999856092259,0.015500515699386597,strong,1.000000,0.20000,6,base,,,
20250403,20250407,SZSE.000668,000668.SZ,荣丰控股,4,0.005959655623883009,,6,0.20000,20250403,0.004998388700187206,0.018117349594831467,75329.8896,14033.038,1.8698,,5.129999904071584,0.01311896089464426,strong,1.000000,0.20000,6,quality,,,
20250403,20250407,SZSE.300268,300268.SZ,佳沃食品,5,0.005952167324721813,,6,0.32000,20250403,0.0059753116220235825,0.015462053939700127,167232.0,21682.677,1.6973,,9.599999765133585,0.009486742317676544,strong,1.000000,0.32000,6,quality,,,
20250403,20250407,SHSE.603879,603879.SH,永悦科技,1,0.06954638659954071,,6,0.42000,20250403,0.013315510004758835,0.043321505188941956,157033.5203,7775.087,0.4951,,4.370000026057409,0.03000599518418312,weak,1.000000,0.42000,6,quality,,,
20250408,20250409,SZSE.300518,300518.SZ,新迅达,1,0.0862106904387474,,6,0.20600,20250408,0.025350995361804962,0.0614398829638958,164315.1386,48322.304,2.9493,,8.239999884845876,0.036088887602090836,weak,1.000000,0.20600,6,base,,,
20250408,20250409,SZSE.300605,300605.SZ,恒锋信息,2,0.08159992843866348,,6,0.20600,20250408,0.03835424780845642,0.07800649106502533,184654.1261,79691.009,5.9826,,11.220000213446765,0.03965224325656891,weak,1.000000,0.20600,6,risk,,,
20250408,20250409,SZSE.300585,300585.SZ,奥联电子,3,0.08084001392126083,,6,0.14000,20250408,0.04536612331867218,0.06544794887304306,199344.4443,84993.306,4.2641,,11.650000140979968,0.02008182555437088,weak,1.000000,0.14000,6,risk,,,
20250408,20250409,SHSE.688395,688395.SH,正弦电气,4,0.07902245223522186,,6,0.20600,20250408,0.0379599928855896,0.07085335999727249,146609.94,56952.546,3.8548,,16.694483710088917,0.03289336711168289,weak,1.000000,0.20600,6,base,,,
20250408,20250409,SZSE.301001,301001.SZ,凯淳股份,5,0.07696161419153214,,6,0.14000,20250408,0.038877200335264206,0.0731280967593193,196640.0,70404.62,5.7292,,24.29071179554975,0.0342508964240551,weak,1.000000,0.14000,6,risk,,,
20250409,20250410,SZSE.000608,000608.SZ,阳光股份,1,0.2563060522079468,,6,0.21864,20250409,0.0359015092253685,0.004601216875016689,110237.2564,58453.537,5.6678,,1.4699999999999998,0.03130029235035181,weak,1.000000,0.20600,6,base,,,
20250409,20250410,SZSE.002492,002492.SZ,恒基达鑫,2,0.15949566662311554,,6,0.21864,20250409,0.017054637894034386,0.041540492326021194,197640.0,60570.956,3.2694,,4.862381777528561,0.02448585443198681,weak,1.000000,0.20600,6,risk,,,
20250409,20250410,SZSE.301027,301027.SZ,华蓝集团,3,0.0862106904387474,,6,0.12630,20250409,0.03258131444454193,0.0897853672504425,155993.5027,73712.849,6.2113,,10.549999900383524,0.057204052805900574,weak,0.850000,0.14000,6,risk,,,
20250409,20250410,SZSE.001231,001231.SZ,农心科技,4,0.08436967432498932,,6,0.18584,20250409,0.014779197983443737,0.04326676204800606,160300.0,58789.394,10.595,,15.91441838652793,0.02848756406456232,weak,0.850000,0.20600,6,risk,,,
20250409,20250410,SHSE.688395,688395.SH,正弦电气,5,0.08152692019939423,,6,0.14859,20250409,0.035495467483997345,0.07283107936382294,148168.6989,65815.069,4.6286,,16.871979697555897,0.03733561187982559,weak,1.000000,0.14000,6,base,,,
20250410,20250411,SHSE.600493,600493.SH,凤竹纺织,1,0.09464021772146225,,6,0.21334,20250410,0.0170554481446743,0.04799339547753334,132736.0,41375.945,3.1262,,4.833214820745175,0.03093794733285904,weak,1.000000,0.20600,6,base,,,
20250410,20250411,SZSE.001231,001231.SZ,农心科技,2,0.08296820521354675,,6,0.18134,20250410,0.01512654684484005,0.04349810630083084,164100.0,45014.856,7.7322,,16.291678460569138,0.02837155945599079,weak,0.850000,0.20600,6,risk,,,
20250410,20250411,SZSE.301027,301027.SZ,华蓝集团,3,0.08235345780849457,,6,0.14499,20250410,0.023788491263985634,0.06338860839605331,162499.3929,60064.555,4.6152,,10.989999896228904,0.03960011713206768,weak,1.000000,0.14000,6,base,,,
20250410,20250411,SHSE.688260,688260.SH,昀冢科技,4,0.07908744364976883,,6,0.21334,20250410,0.02573171816766262,0.04845771566033363,151320.0,52151.6,3.4042,,12.609999940169986,0.022725997492671013,weak,1.000000,0.20600,6,base,,,
20250410,20250411,SHSE.688573,688573.SH,信宇人,5,0.07768894731998444,,6,0.14499,20250410,0.021611947566270828,0.04529523849487305,154549.6874,45930.554,5.4988,,15.809999850716922,0.02368329092860222,weak,1.000000,0.14000,6,base,,,
20250411,20250414,SHSE.688260,688260.SH,昀冢科技,5,0.0676489919424057,,6,0.32000,20250411,0.021321570500731468,0.03997015580534935,153720.0,41171.075,2.681,,12.809999939221056,0.018648585304617882,strong,1.000000,0.32000,6,base,,,
20250411,20250414,SZSE.001231,001231.SZ,农心科技,1,0.15740743279457092,,6,0.20600,20250411,0.016095072031021118,0.041287124156951904,161600.0,30994.312,5.3359,,16.043481043436763,0.025192052125930786,weak,1.000000,0.20600,6,base,,,
20250411,20250414,SZSE.002259,002259.SZ,升达林业,2,0.08450879156589508,,6,0.20600,20250411,0.015815531834959984,0.042925551533699036,170026.1883,15495.563,0.9104,,2.2600000333509316,0.027110019698739052,weak,1.000000,0.20600,6,quality,,,
20250411,20250414,SHSE.600493,600493.SH,凤竹纺织,3,0.0745730772614479,,6,0.14000,20250411,0.015125279314815998,0.052129946649074554,131104.0,34176.291,2.5785,,4.773790048358963,0.037004667334258556,weak,1.000000,0.14000,6,base,,,
20250411,20250414,SZSE.300518,300518.SZ,新迅达,4,0.06841908395290375,,6,0.20600,20250411,0.02003532461822033,0.041944198310375214,182860.4152,38875.303,2.1124,,9.16999987184911,0.021908873692154884,weak,1.000000,0.20600,6,risk,,,
20250414,20250415,SZSE.300518,300518.SZ,新迅达,3,0.06537369638681412,,6,0.32000,20250414,0.01872004196047783,0.034290675073862076,190238.6435,44180.752,2.3239,,9.539999866678354,0.015570633113384247,strong,1.000000,0.32000,6,risk,,,
20250414,20250415,SHSE.688573,688573.SH,信宇人,4,0.06481423228979111,,6,0.32000,20250414,0.019976051524281502,0.032642096281051636,160610.4595,26030.465,3.0246,,16.42999984486268,0.012666044756770134,strong,1.000000,0.32000,6,base,,,
20250414,20250415,SHSE.600241,600241.SH,时代万恒,5,0.06397311389446259,,6,0.32000,20250414,0.0172252357006073,0.03219916298985481,193650.7917,23205.619,1.2097,,6.580000219831041,0.014973927289247513,strong,1.000000,0.32000,6,risk,,,
20250414,20250415,SZSE.002259,002259.SZ,升达林业,1,0.08356473594903946,,6,0.20600,20250414,0.015521017834544182,0.03690435737371445,173035.5014,14992.68,0.8693,,2.300000033941213,0.021383339539170265,weak,1.000000,0.20600,6,quality,,,
20250414,20250415,SHSE.600493,600493.SH,凤竹纺织,2,0.07011988759040833,,6,0.20600,20250414,0.01406168844550848,0.0401434563100338,135184.0,27808.464,2.0776,,4.922351979324492,0.026081767864525318,weak,1.000000,0.20600,6,base,,,
20250415,20250416,SHSE.600241,600241.SH,时代万恒,2,0.06372936069965363,,6,0.32000,20250415,0.017694557085633278,0.036277174949645996,194533.698,20618.01,1.0621,,6.610000220833311,0.018582617864012718,strong,1.000000,0.32000,6,risk,,,
20250415,20250416,SZSE.002718,002718.SZ,友邦吊顶,3,0.0591084323823452,,6,0.32000,20250415,0.016662754118442535,0.033224064856767654,168779.0124,22969.38,2.7391,,12.839999637850552,0.01656131073832512,strong,1.000000,0.32000,6,base,,,
20250415,20250416,SZSE.003017,003017.SZ,大洋生物,4,0.05842140316963196,,6,0.32000,20250415,0.015602455474436283,0.033315908163785934,171276.0,42170.348,3.0294,,19.96370084425584,0.01771345268934965,strong,1.000000,0.32000,6,base,,,
20250415,20250416,SZSE.002742,002742.SZ,三圣股份,1,0.1136917695403099,,6,0.42000,20250415,0.01837426982820034,0.063898466527462,193104.0,6688.014,0.3465,,4.46999981859897,0.045524196699261665,weak,1.000000,0.42000,6,risk,,,
20250415,20250416,SHSE.605303,605303.SH,园林股份,5,0.0579107291996479,,6,0.14000,20250415,0.019216015934944153,0.03998610004782677,141888.919,25388.834,1.7984,,8.800000238371878,0.020770084112882614,weak,1.000000,0.14000,6,quality,,,
20250416,20250417,SHSE.600241,600241.SH,时代万恒,1,0.06466089189052582,,6,0.32000,20250416,0.01813696324825287,0.03809120133519173,191590.6769,20265.34,1.0589,,6.510000217492413,0.019954238086938858,strong,1.000000,0.32000,6,risk,,,
20250416,20250417,SHSE.600561,600561.SH,江西长运,2,0.0636797845363617,,6,0.20600,20250416,0.017229506745934486,0.03858094662427902,156462.24,17170.794,1.0993,,5.500000108962073,0.021351439878344536,weak,1.000000,0.20600,6,quality,,,
20250416,20250417,SHSE.605122,605122.SH,四方新材,3,0.06341052800416946,,6,0.14000,20250416,0.01732182875275612,0.037763629108667374,177524.62,14185.187,0.7978,,10.300000144352524,0.020441800355911255,weak,1.000000,0.14000,6,quality,,,
20250416,20250417,SHSE.600281,600281.SH,华阳新材,4,0.0610334575176239,,6,0.20600,20250416,0.020312024280428886,0.041708316653966904,169238.2662,29378.983,1.7202,,3.289999946435375,0.021396292373538017,weak,1.000000,0.20600,6,quality,,,
20250416,20250417,SHSE.603316,603316.SH,诚邦股份,5,0.06041742488741875,,6,0.14000,20250416,0.01939389668405056,0.042899589985609055,142174.032,30330.44,2.1239,,5.380000134012592,0.023505693301558495,weak,1.000000,0.14000,6,base,,,
20250417,20250418,SHSE.600241,600241.SH,时代万恒,2,0.0645216554403305,,6,0.32000,20250417,0.017823301255702972,0.02865469828248024,192473.5832,21486.081,1.1124,,6.540000218494683,0.010831397026777267,strong,1.000000,0.32000,6,risk,,,
20250417,20250418,SHSE.605122,605122.SH,四方新材,3,0.06299958378076553,,6,0.32000,20250417,0.018868833780288696,0.02820504456758499,180971.7,17268.942,0.9554,,10.500000147155484,0.009336210787296295,strong,1.000000,0.32000,6,risk,,,
20250417,20250418,SZSE.002388,002388.SZ,新亚制程,4,0.06039625033736229,,6,0.32000,20250417,0.018728431314229965,0.03296289220452309,159337.6512,20089.161,1.2799,,3.1199999737844593,0.014234460890293121,strong,1.000000,0.32000,6,quality,,,
20250417,20250418,SZSE.002513,002513.SZ,蓝丰生化,5,0.057801421731710434,,6,0.32000,20250417,0.019234491512179375,0.03008047491312027,155741.3154,24947.783,2.2722,,4.149999925651154,0.010845983400940895,strong,1.000000,0.32000,6,base,,,
20250417,20250418,SHSE.688395,688395.SH,正弦电气,1,0.06742347776889801,,6,0.20600,20250417,0.018204662948846817,0.04879218339920044,157434.655,21671.713,1.3671,,17.92709473416518,0.030587520450353622,weak,1.000000,0.20600,6,quality,,,
20250418,20250421,SHSE.600408,600408.SH,安泰集团,2,0.051434725522994995,,6,0.32000,20250418,0.01779501885175705,0.030740484595298767,174176.4,29199.164,1.6749,,1.730000092398232,0.012945465743541718,strong,1.000000,0.32000,6,quality,,,
20250418,20250421,SZSE.002295,002295.SZ,精艺股份,3,0.050349391996860504,,6,0.32000,20250418,0.018293185159564018,0.029891259968280792,176934.896,17782.961,1.0106,,7.034032630635038,0.011598074808716774,strong,1.000000,0.32000,6,quality,,,
20250418,20250421,SZSE.003011,003011.SZ,海象新材,4,0.04859399050474167,,6,0.32000,20250418,0.018032390624284744,0.028714656829833984,146826.68,17681.898,1.5889,,13.847520465708755,0.01068226620554924,strong,1.000000,0.32000,6,quality,,,
20250418,20250421,SHSE.603022,603022.SH,新通联,5,0.04815240576863289,,6,0.32000,20250418,0.019334597513079643,0.027619246393442154,167000.0,16622.265,1.0011,,8.274370641440456,0.00828464888036251,strong,1.000000,0.32000,6,quality,,,
20250418,20250421,SHSE.688395,688395.SH,正弦电气,1,0.05245176702737808,,6,0.20600,20250418,0.01892112009227276,0.0534120537340641,157174.8618,19154.729,1.2198,,17.89751206958735,0.034490933641791344,weak,1.000000,0.20600,6,quality,,,
20250421,20250422,SZSE.000890,000890.SZ,法尔胜,1,0.06856052577495575,,6,0.32000,20250421,0.022531477734446526,0.032655734568834305,132982.7579,25244.265,1.9121,,3.169999998321406,0.01012425683438778,strong,1.000000,0.32000,6,quality,,,
20250421,20250422,SZSE.300626,300626.SZ,华瑞股份,2,0.06498734652996063,,6,0.32000,20250421,0.02043340541422367,0.03046407550573349,160020.0,29278.165,1.8494,,8.8856116753679,0.010030670091509819,strong,1.000000,0.32000,6,quality,,,
20250421,20250422,SZSE.002633,002633.SZ,申科股份,3,0.06487536430358887,,6,0.32000,20250421,0.022307327017188072,0.032958779484033585,166650.0,38048.729,2.3249,,11.110000013913751,0.010651452466845512,strong,1.000000,0.32000,6,base,,,
20250421,20250422,SZSE.000692,000692.SZ,惠天热电,4,0.06482846289873123,,6,0.32000,20250421,0.01825803704559803,0.03127446398139,171039.3853,15221.814,0.8882,,3.2099998895020834,0.01301642693579197,strong,1.000000,0.32000,6,quality,,,
20250421,20250422,SZSE.300670,300670.SZ,大烨智能,5,0.0641874298453331,,6,0.32000,20250421,0.020992038771510124,0.03045715019106865,181912.3549,19516.621,1.5189,,5.7400000199784325,0.009465111419558525,strong,1.000000,0.32000,6,risk,,,
20250422,20250423,SHSE.603177,603177.SH,德创环保,3,0.06064554676413536,,6,0.32000,20250422,0.019496476277709007,0.035763006657361984,158532.426,28611.873,1.8367,,7.656709689739323,0.016266530379652977,strong,1.000000,0.32000,6,quality,,,
20250422,20250423,SZSE.300635,300635.SZ,中达安,4,0.05994084104895592,,6,0.32000,20250422,0.020180704072117805,0.034891415387392044,132987.166,19059.696,1.6755,,9.489999948577447,0.014710711315274239,strong,1.000000,0.32000,6,quality,,,
20250422,20250423,SZSE.300626,300626.SZ,华瑞股份,5,0.059866491705179214,,6,0.32000,20250422,0.02001725323498249,0.03536169230937958,160200.0,31060.216,1.9686,,8.895606739119717,0.015344439074397087,strong,1.000000,0.32000,6,quality,,,
20250422,20250423,SZSE.002798,002798.SZ,帝欧水华,1,0.17969943583011627,,6,0.20600,20250422,0.016439925879240036,0.0477820485830307,155708.3802,17457.871,1.3666,,3.950000022000728,0.031342122703790665,weak,1.000000,0.20600,6,quality,,,
20250422,20250423,SZSE.002316,002316.SZ,亚联发展,2,0.09161628782749176,,6,0.20600,20250422,0.01839384064078331,0.043287187814712524,137985.12,20660.947,1.7337,,3.5099999638770125,0.024893347173929214,weak,1.000000,0.20600,6,quality,,,
20250423,20250424,SZSE.002798,002798.SZ,帝欧水华,1,0.1696901172399521,,6,0.20600,20250423,0.011377958580851555,0.047192323952913284,154919.9834,16124.208,1.2597,,3.9300000218893323,0.03581436537206173,weak,1.000000,0.20600,6,quality,,,
20250423,20250424,SZSE.002072,002072.SZ,凯瑞德,2,0.053498949855566025,,6,0.20600,20250423,0.016821209341287613,0.037780072540044785,165088.32,17625.636,1.5297,,4.489999972923231,0.02095886319875717,weak,1.000000,0.20600,6,quality,,,
20250423,20250424,SZSE.002316,002316.SZ,亚联发展,3,0.05245285853743553,,6,0.14000,20250423,0.01017346978187561,0.04382380098104477,137985.12,25529.484,2.1224,,3.5099999638770125,0.03365033119916916,weak,1.000000,0.14000,6,base,,,
20250423,20250424,SZSE.003011,003011.SZ,海象新材,4,0.046238239854574203,,6,0.20600,20250423,0.01295881811529398,0.03307414799928665,151652.452,16853.101,1.4633,,14.302648760735545,0.020115329883992672,weak,1.000000,0.20600,6,quality,,,
20250423,20250424,SHSE.688395,688395.SH,正弦电气,5,0.039829619228839874,,6,0.14000,20250423,0.017540188506245613,0.047800105065107346,166614.0133,37768.007,2.2899,,18.97234888258185,0.030259916558861732,weak,1.000000,0.14000,6,base,,,
20250424,20250425,SHSE.688395,688395.SH,正弦电气,3,0.03199693188071251,,6,0.32000,20250424,0.027883166447281837,0.04748929291963577,163236.7022,26730.289,1.6286,,18.587774243070058,0.019606126472353935,strong,1.000000,0.32000,6,quality,,,
20250424,20250425,SZSE.002798,002798.SZ,帝欧水华,1,0.16223467886447906,,6,0.20600,20250424,0.011187935248017311,0.047192323952913284,154919.9834,20086.036,1.5803,,3.9300000218893323,0.03600438870489597,weak,1.000000,0.20600,6,quality,,,
20250424,20250425,SZSE.002200,002200.SZ,交投生态,2,0.0876779854297638,,6,0.42000,20250424,0.01831161044538021,0.08549197018146515,118213.3154,3037.95,0.257,,6.42000020239964,0.06718035973608494,weak,1.000000,0.42000,6,quality,,,
20250424,20250425,SZSE.301372,301372.SZ,科净源,4,0.021871931850910187,,6,0.20600,20250424,0.010491968132555485,0.06234845146536827,111771.4309,26964.798,4.0023,,16.299999846090188,0.051856483332812786,weak,1.000000,0.20600,6,base,,,
20250424,20250425,SHSE.600137,600137.SH,浪莎股份,5,0.020530693233013153,,6,0.14000,20250424,0.010181626304984093,0.03870028257369995,144659.7709,15005.916,1.0376,,14.726339764394806,0.02851865626871586,weak,1.000000,0.14000,6,quality,,,
20250425,20250428,SZSE.002798,002798.SZ,帝欧水华,1,0.16970671713352203,,6,0.20600,20250425,0.011016720905900002,0.04660410434007645,154919.9834,18423.642,1.4293,,3.9300000218893323,0.035587383434176445,weak,1.000000,0.20600,6,quality,,,
20250425,20250428,SZSE.002200,002200.SZ,交投生态,2,0.09411843866109848,,6,0.42000,20250425,0.018539149314165115,0.07159718871116638,124105.5679,3286.498,0.2648,,6.740000212488096,0.053058039397001266,weak,1.000000,0.42000,6,quality,,,
20250425,20250428,SHSE.600137,600137.SH,浪莎股份,3,0.05593866854906082,,6,0.14000,20250425,0.009147648699581623,0.042031753808259964,144659.7709,10609.211,0.7316,,14.726339764394806,0.03288410510867834,weak,1.000000,0.14000,6,quality,,,
20250425,20250428,SHSE.688395,688395.SH,正弦电气,4,0.0393165722489357,,6,0.20600,20250425,0.013712135143578053,0.043622881174087524,164362.4726,20691.559,1.2639,,18.71596578957399,0.029910746030509472,weak,1.000000,0.20600,6,quality,,,
20250425,20250428,SZSE.300269,300269.SZ,联建光电,5,0.027824576944112778,,6,0.14000,20250425,0.013997011817991734,0.035461731255054474,199877.4323,47532.682,2.4604,,3.639999829424546,0.02146471943706274,weak,1.000000,0.14000,6,risk,,,
20250428,20250429,SZSE.002798,002798.SZ,帝欧水华,1,0.18027263879776,,6,0.20600,20250428,0.01674545928835869,0.047888338565826416,156102.5787,26861.099,2.1226,,3.9600000220564264,0.031142879277467728,weak,1.000000,0.20600,6,base,,,
20250428,20250429,SZSE.002718,002718.SZ,友邦吊顶,2,0.13955910503864288,,6,0.20600,20250428,0.0146780451759696,0.03828301653265953,169962.0429,25422.1,3.0364,,12.929999635312122,0.02360497135668993,weak,1.000000,0.20600,6,base,,,
20250428,20250429,SZSE.002200,002200.SZ,交投生态,3,0.10594578087329865,,6,0.42000,20250428,0.022024808451533318,0.0681857094168663,130366.0861,3832.546,0.294,,7.08000022320708,0.046160900965332985,weak,1.000000,0.42000,6,quality,,,
20250428,20250429,SHSE.600137,600137.SH,浪莎股份,4,0.0668637678027153,,6,0.20600,20250428,0.014595624059438705,0.04287184029817581,143882.0302,23329.97,1.6296,,14.647165894693758,0.028276216238737106,weak,1.000000,0.20600,6,quality,,,
20250428,20250429,SHSE.688395,688395.SH,正弦电气,5,0.04970850795507431,,6,0.14000,20250428,0.018449269235134125,0.043161217123270035,162024.3341,24891.596,1.5424,,18.449721808373518,0.02471194788813591,weak,1.000000,0.14000,6,quality,,,
20250429,20250430,SZSE.002494,002494.SZ,华斯股份,2,0.05811906233429909,,6,0.32680,20250429,0.02002919279038906,0.032490070909261703,168657.8909,62855.871,5.0026,,4.4699999589648165,0.012460878118872643,strong,1.000000,0.32000,6,base,,,
20250429,20250430,SHSE.688395,688395.SH,正弦电气,3,0.048094719648361206,,6,0.32680,20250429,0.024123966693878174,0.03628074377775192,166700.611,34695.394,2.0859,,18.982209770774464,0.012156777083873749,strong,1.000000,0.32000,6,base,,,
20250429,20250430,SZSE.300334,300334.SZ,津膜科技,4,0.04526125639677048,,6,0.32680,20250429,0.018141712993383408,0.03588651493191719,183353.6711,34013.539,1.8578,,6.070000281133925,0.017744801938533783,strong,1.000000,0.32000,6,risk,,,
20250429,20250430,SZSE.300635,300635.SZ,中达安,5,0.042325399816036224,,6,0.32680,20250429,0.01723751798272133,0.030676722526550293,132426.63,31900.409,2.8235,,9.449999948794192,0.013439204543828964,strong,1.000000,0.32000,6,base,,,
20250429,20250430,SZSE.002200,002200.SZ,交投生态,1,0.10958962142467499,,6,0.17882,20250429,0.02282986417412758,0.07052482664585114,136810.7373,131112.863,9.5835,,7.430000234241327,0.047694962471723557,weak,0.850000,0.20600,6,risk,,,
20250430,20250506,SHSE.600130,600130.SH,波导股份,2,0.047725509852170944,,6,0.28554,20250430,0.031015124171972275,0.04402961954474449,187500.0,228163.978,12.4774,,2.5000000569263396,0.013014495372772217,strong,0.850000,0.32000,6,risk,,,
20250430,20250506,SZSE.002200,002200.SZ,交投生态,1,0.11012804508209229,,6,0.21626,20250430,0.02831113338470459,0.08593133836984634,143623.6542,45747.047,3.1852,,7.800000245906105,0.057620204985141754,weak,1.000000,0.20600,6,base,,,
20250430,20250506,SZSE.300635,300635.SZ,中达安,3,0.03179919719696045,,6,0.14697,20250430,0.011839433573186398,0.040997304022312164,135229.31,35215.102,3.043,,9.649999947710471,0.029157870449125767,weak,1.000000,0.14000,6,base,,,
20250430,20250506,SZSE.300334,300334.SZ,津膜科技,4,0.029738139361143112,,6,0.21626,20250430,0.01178793702274561,0.040305886417627335,183051.6057,18191.874,0.9859,,6.060000280670772,0.028517949394881725,weak,1.000000,0.20600,6,risk,,,
20250430,20250506,SZSE.300958,300958.SZ,建工修复,5,0.028419677168130875,,6,0.14697,20250430,0.01052225660532713,0.03977001830935478,178052.7537,23324.265,2.2425,,11.359999633641635,0.029247761704027653,weak,1.000000,0.14000,6,base,,,
20250506,20250507,SHSE.600130,600130.SH,波导股份,4,0.02823491021990776,,6,0.28822,20250506,0.017084389925003052,0.03111068531870842,197250.0,134659.865,7.0155,,2.630000059886509,0.014026295393705368,strong,0.850000,0.32000,6,risk,,,
20250506,20250507,SZSE.002200,002200.SZ,交投生态,1,0.10801779478788376,,6,0.42000,20250506,0.02686840295791626,0.08233106881380081,150804.8369,9945.117,0.6595,,8.19000025820141,0.05546266585588455,weak,1.000000,0.42000,6,quality,,,
20250506,20250507,SZSE.000691,000691.SZ,亚太实业,2,0.07164700329303741,,6,0.21829,20250506,0.011582416482269764,0.0671161338686943,113467.77,10808.852,0.9526,,3.5100000766997637,0.05553371738642454,weak,1.000000,0.20600,6,quality,,,
20250506,20250507,SHSE.600228,600228.SH,返利科技,3,0.05090970918536186,,6,0.12610,20250506,0.08109308779239655,0.12431690841913223,129974.4369,210037.798,16.8476,,3.0999998718761197,0.04322382062673569,weak,0.850000,0.14000,6,risk,,,
20250506,20250507,SZSE.300334,300334.SZ,津膜科技,5,0.013853199779987335,,6,0.14835,20250506,0.010081143118441105,0.03241472691297531,186676.39,33513.01,1.7964,,6.180000286228609,0.022333583794534206,weak,1.000000,0.14000,6,risk,,,
20250507,20250508,SZSE.000691,000691.SZ,亚太实业,1,0.07497918605804443,,6,0.42000,20250507,0.024550098925828934,0.06322406977415085,119286.63,4476.007,0.3752,,3.6900000806330855,0.038673970848321915,weak,1.000000,0.42000,6,quality,,,
20250507,20250508,SHSE.600228,600228.SH,返利科技,2,0.056250568479299545,,6,0.18372,20250507,0.08103243261575699,0.11994186788797379,128716.6197,177418.068,14.2231,,3.069999873116028,0.0389094352722168,weak,0.850000,0.20600,6,risk,,,
20250507,20250508,SZSE.002200,002200.SZ,交投生态,3,0.034841831773519516,,6,0.12486,20250507,0.009547961875796318,0.04487096145749092,158354.2854,121730.892,7.6873,,8.600000271127243,0.0353229995816946,weak,0.850000,0.14000,6,risk,,,
20250507,20250508,SZSE.000668,000668.SZ,荣丰控股,4,0.008909708820283413,,6,0.20985,20250507,0.009961440227925777,0.04708697646856308,79000.9368,39013.808,5.0763,,5.379999899396709,0.0371255362406373,weak,1.000000,0.20000,6,quality,,,
20250507,20250508,SHSE.688701,688701.SH,卓锦股份,5,0.008884977549314499,,6,0.14689,20250507,0.010462857782840729,0.048757053911685944,97485.3721,14003.112,1.4392,,7.259999595146822,0.038294196128845215,weak,1.000000,0.14000,6,quality,,,
20250508,20250509,SZSE.000691,000691.SZ,亚太实业,1,0.08731286227703094,,6,0.21873,20250508,0.020980149507522583,0.0785408467054367,125105.49,15417.999,1.2324,,3.870000084566407,0.057560697197914124,weak,1.000000,0.20600,6,quality,,,
20250508,20250509,SHSE.600228,600228.SH,返利科技,2,0.06808579713106155,,6,0.18592,20250508,0.06697886437177658,0.1127530112862587,135005.7054,88615.216,6.763,,3.219999866916486,0.04577414691448212,weak,0.850000,0.20600,6,risk,,,
20250508,20250509,SZSE.002200,002200.SZ,交投生态,3,0.0252976194024086,,6,0.12635,20250508,0.003050620434805751,0.03190191462635994,166271.9997,171402.492,10.5416,,9.030000284683606,0.02885129419155419,weak,0.850000,0.14000,6,risk,,,
20250508,20250509,SZSE.000668,000668.SZ,荣丰控股,4,0.010619338601827621,,6,0.21236,20250508,0.0077515700832009315,0.046676550060510635,82965.6679,28630.383,3.5057,,5.649999894347846,0.038924979977309704,weak,1.000000,0.20000,6,quality,,,
20250508,20250509,SZSE.002848,002848.SZ,高斯贝尔,5,0.010461889207363129,,6,0.14865,20250508,0.00769279059022665,0.04644376039505005,98785.65,54039.281,5.6316,,5.9099998481259375,0.0387509698048234,weak,1.000000,0.14000,6,base,,,
20250509,20250512,SZSE.301372,301372.SZ,科净源,4,0.007989039644598961,,6,0.34081,20250509,0.0072191450744867325,0.026349976658821106,140297.1458,40814.652,4.8518,,20.459999806810135,0.019130831584334373,strong,1.000000,0.32000,6,base,,,
20250509,20250512,SHSE.600228,600228.SH,返利科技,1,0.04672348499298096,,6,0.18649,20250509,0.048998720943927765,0.10100758075714111,138779.1568,182911.805,13.2149,,3.30999986319676,0.05200885981321335,weak,0.850000,0.20600,6,risk,,,
20250509,20250512,SZSE.000691,000691.SZ,亚太实业,2,0.014455469325184822,,6,0.18649,20250509,0.0048925261944532394,0.034957945346832275,130924.35,93675.288,7.1401,,4.050000088499727,0.030065419152379036,weak,0.850000,0.20600,6,risk,,,
20250509,20250512,SHSE.688701,688701.SH,卓锦股份,3,0.009176199324429035,,6,0.14911,20250509,0.009497242048382759,0.049776267260313034,98156.7589,18062.57,1.8209,,7.309999592358578,0.040279025211930275,weak,1.000000,0.14000,6,quality,,,
20250509,20250512,SHSE.603709,603709.SH,中源家居,5,0.007716294378042221,,6,0.14911,20250509,0.007413710467517376,0.02816471830010414,149949.7584,40013.812,2.6861,,11.910000054445941,0.020751007832586765,weak,1.000000,0.14000,6,base,,,
20250512,20250513,SHSE.600228,600228.SH,返利科技,1,0.040383122861385345,,6,0.21334,20250512,0.03716345503926277,0.07475898414850235,145906.7872,70779.094,4.9442,,3.479999856170612,0.03759552910923958,weak,1.000000,0.20600,6,base,,,
20250512,20250513,SZSE.001231,001231.SZ,农心科技,2,0.019020432606339455,,6,0.21334,20250512,0.011272302828729153,0.04322590306401253,188000.0,28672.221,4.2655,,18.66444576835465,0.031953600235283375,weak,1.000000,0.20600,6,risk,,,
20250512,20250513,SHSE.688328,688328.SH,深科达,3,0.009935092180967331,,6,0.14499,20250512,0.006331226788461208,0.028724975883960724,174838.602,53721.438,3.0786,,18.470324735017094,0.022393749095499516,weak,1.000000,0.14000,6,base,,,
20250512,20250513,SZSE.002200,002200.SZ,交投生态,4,0.009614254347980022,,6,0.18134,20250512,0.004857211373746395,0.026965491473674774,165903.7339,197036.495,12.2875,,9.010000284053078,0.02210828009992838,weak,0.850000,0.20600,6,risk,,,
20250512,20250513,SHSE.688701,688701.SH,卓锦股份,5,0.009295783005654812,,6,0.14499,20250512,0.009111912921071053,0.04981186240911484,98962.4232,11864.162,1.1993,,7.369999589012684,0.040699949488043785,weak,1.000000,0.14000,6,quality,,,
20250513,20250514,SZSE.300030,300030.SZ,阳普医疗,1,0.030300017446279526,,6,0.33008,20250513,0.009013586677610874,0.023434516042470932,191696.1353,45836.496,2.8445,,6.200000108964923,0.014420929364860058,strong,1.000000,0.32000,6,risk,,,
20250513,20250514,SHSE.600228,600228.SH,返利科技,2,0.026987716555595398,,6,0.18061,20250513,0.02484680898487568,0.05661538243293762,150938.0557,188101.772,12.502,,3.599999851210978,0.03176857344806194,weak,0.850000,0.20600,6,risk,,,
20250513,20250514,SZSE.001231,001231.SZ,农心科技,3,0.018256381154060364,,6,0.14441,20250513,0.011196875013411045,0.04246770218014717,188300.0,23160.088,3.4443,,18.694229458410533,0.031270827166736126,weak,1.000000,0.14000,6,risk,,,
20250513,20250514,SHSE.688328,688328.SH,深科达,4,0.009972279891371727,,6,0.21249,20250513,0.0058618998154997826,0.02796677127480507,175310.8835,51936.946,2.9625,,18.520217562502285,0.022104871459305286,weak,1.000000,0.20600,6,base,,,
20250513,20250514,SZSE.000608,000608.SZ,阳光股份,5,0.008936913684010506,,6,0.14441,20250513,0.009238255210220814,0.037058234214782715,122985.7827,49044.435,3.9282,,1.6399999999999997,0.0278199790045619,weak,1.000000,0.14000,6,base,,,
20250514,20250515,SZSE.300030,300030.SZ,阳普医疗,2,0.029547791928052902,,6,0.32775,20250514,0.007292809896171093,0.022817544639110565,191386.948,41220.786,2.5497,,6.190000108789173,0.015524734742939472,strong,1.000000,0.32000,6,risk,,,
20250514,20250515,SZSE.301167,301167.SZ,建研设计,3,0.020565148442983627,,6,0.32775,20250514,0.0068952543660998344,0.023274950683116913,160048.0,25215.387,2.5309,,14.147451498789291,0.01637969631701708,strong,1.000000,0.32000,6,base,,,
20250514,20250515,SHSE.688485,688485.SH,九州一轨,4,0.0205509252846241,,6,0.32775,20250514,0.007841956801712513,0.02278102934360504,151193.8144,13233.59,1.4884,,10.041212395832442,0.014939072541892529,strong,1.000000,0.32000,6,quality,,,
20250514,20250515,SHSE.600228,600228.SH,返利科技,1,0.032004039734601974,,6,0.17934,20250514,0.024144014343619347,0.05281055346131325,158484.9585,98742.855,6.3559,,3.779999843771527,0.0286665391176939,weak,0.850000,0.20600,6,risk,,,
20250514,20250515,SZSE.001231,001231.SZ,农心科技,5,0.016903433948755264,,6,0.14339,20250514,0.005832735449075699,0.03413862735033035,186200.0,22742.124,3.4107,,18.485743628019343,0.028305891901254654,weak,1.000000,0.14000,6,risk,,,
20250515,20250516,SZSE.002798,002798.SZ,帝欧水华,1,0.03275339677929878,,6,0.32551,20250515,0.007390763610601425,0.025050271302461624,176600.8971,31100.547,2.1404,,4.480000024952726,0.0176595076918602,strong,1.000000,0.32000,6,base,,,
20250515,20250516,SZSE.301372,301372.SZ,科净源,2,0.03076232597231865,,6,0.32551,20250515,0.0073682283982634544,0.023241538554430008,141051.4315,33213.432,3.9528,,20.56999980577148,0.015873310156166553,strong,1.000000,0.32000,6,base,,,
20250515,20250516,SZSE.001336,001336.SZ,楚环科技,4,0.021098218858242035,,6,0.32551,20250515,0.0067702392116189,0.023095447570085526,160425.506,25112.413,4.4108,,19.824605587191623,0.016325208358466625,strong,1.000000,0.32000,6,base,,,
20250515,20250516,SHSE.600228,600228.SH,返利科技,3,0.028767984360456467,,6,0.12105,20250515,0.00618375651538372,0.037956591695547104,166451.1337,114943.501,6.9686,,3.969999835918773,0.031772835180163383,weak,0.850000,0.14000,6,risk,,,
20250515,20250516,SZSE.001231,001231.SZ,农心科技,5,0.016903433948755264,,6,0.14241,20250515,0.005813308991491795,0.03413862735033035,188500.0,22497.56,3.3629,,18.71408525178113,0.028325318358838558,weak,1.000000,0.14000,6,risk,,,
20250516,20250519,SZSE.002798,002798.SZ,帝欧水华,1,0.03345740586519241,,6,0.32480,20250516,0.008206990547478199,0.025253411382436752,176995.0955,19271.919,1.3246,,4.490000025008423,0.017046420834958553,strong,1.000000,0.32000,6,quality,,,
20250516,20250519,SZSE.300246,300246.SZ,宝莱特,2,0.029741045087575912,,6,0.32480,20250516,0.0067653413861989975,0.023571349680423737,197902.4942,41760.1,2.6514,,7.437062555162798,0.01680600829422474,strong,1.000000,0.32000,6,risk,,,
20250516,20250519,SZSE.300899,300899.SZ,上海凯鑫,3,0.027708232402801514,,6,0.32480,20250516,0.007513632997870445,0.022091694176197052,136369.0503,13829.195,1.5734,,20.98503543450152,0.014578061178326607,strong,1.000000,0.32000,6,quality,,,
20250516,20250519,SZSE.003011,003011.SZ,海象新材,4,0.02190624549984932,,6,0.32480,20250516,0.007222882471978664,0.02299877256155014,181428.492,31240.758,2.2702,,17.110887176858302,0.015775890089571476,strong,1.000000,0.32000,6,risk,,,
20250516,20250519,SZSE.002200,002200.SZ,交投生态,5,0.011333989910781384,,6,0.12079,20250516,0.005546143278479576,0.026457473635673523,153382.6974,164626.464,10.6733,,8.33000026261511,0.020911330357193947,weak,0.850000,0.14000,6,risk,,,
20250519,20250520,SZSE.301163,301163.SZ,宏德股份,2,0.017080865800380707,,6,0.34851,20250519,0.005928263068199158,0.019885430112481117,188088.0,26467.622,2.1005,,22.841736675756472,0.01395716704428196,strong,1.000000,0.32000,6,risk,,,
20250519,20250520,SHSE.600228,600228.SH,返利科技,1,0.02828286588191986,,6,0.19070,20250519,0.009464147500693798,0.036485545337200165,167708.9508,101034.513,6.15,,3.9999998346788646,0.027021397836506367,weak,0.850000,0.20600,6,risk,,,
20250519,20250520,SZSE.002200,002200.SZ,交投生态,3,0.013686973601579666,,6,0.12960,20250519,0.005604773759841919,0.02893192693591118,152646.1658,130241.218,8.7377,,8.290000261354052,0.02332715317606926,weak,0.850000,0.14000,6,risk,,,
20250519,20250520,SZSE.000691,000691.SZ,亚太实业,4,0.00914048496633768,,6,0.19070,20250519,0.00631188228726387,0.029122326523065567,154523.06,135431.293,8.8923,,4.780000104451531,0.022810444235801697,weak,0.850000,0.20600,6,risk,,,
20250519,20250520,SHSE.688328,688328.SH,深科达,5,0.008868609555065632,,6,0.15248,20250519,0.00351455295458436,0.02710752934217453,178616.8538,60417.063,3.3911,,18.869467354898607,0.02359297638759017,weak,1.000000,0.14000,6,base,,,
20250520,20250521,SZSE.002200,002200.SZ,交投生态,1,0.010898924432694912,,6,0.18584,20250520,0.0045717013999819756,0.028109561651945114,156697.0894,141422.773,9.1192,,8.510000268289865,0.02353786025196314,weak,0.850000,0.20600,6,risk,,,
20250520,20250521,SHSE.688328,688328.SH,深科达,2,0.008507858030498028,,6,0.21864,20250520,0.003502774052321911,0.02710752934217453,181167.1738,54599.357,3.0301,,19.138888623318632,0.02360475528985262,weak,1.000000,0.20600,6,risk,,,
20250520,20250521,SHSE.688701,688701.SH,卓锦股份,3,0.008328507654368877,,6,0.14859,20250520,0.006012176163494587,0.04846887290477753,105273.4596,21425.549,2.0496,,7.83999956280318,0.04245669674128294,weak,1.000000,0.14000,6,base,,,
20250520,20250521,SZSE.000691,000691.SZ,亚太实业,4,0.00796846766024828,,6,0.21864,20250520,0.005861952900886536,0.02832220122218132,162281.54,74457.656,4.6524,,5.020000109695959,0.022460248321294785,weak,1.000000,0.20600,6,base,,,
20250520,20250521,SZSE.000668,000668.SZ,荣丰控股,5,0.007230163086205721,,6,0.12630,20250520,0.007291024550795555,0.047954197973012924,99265.1176,62397.598,6.204,,6.759999873591404,0.04066317342221737,weak,0.850000,0.14000,6,risk,,,
20250521,20250522,SZSE.002200,002200.SZ,交投生态,1,0.013154768384993076,,6,0.18134,20250521,0.0055366200394928455,0.03015316277742386,155592.2921,100919.078,6.5071,,8.450000266398279,0.024616542737931013,weak,0.850000,0.20600,6,risk,,,
20250521,20250522,SZSE.000691,000691.SZ,亚太实业,2,0.010969084687530994,,6,0.21334,20250521,0.002186991972848773,0.02815617248415947,170363.29,39757.597,2.3557,,5.270000115158904,0.025969180511310697,weak,1.000000,0.20600,6,base,,,
20250521,20250522,SHSE.688328,688328.SH,深科达,3,0.008507858030498028,,6,0.14499,20250521,0.0032978919334709644,0.02710752934217453,182395.1056,66871.587,3.6943,,19.268609974780123,0.023809637408703566,weak,1.000000,0.14000,6,risk,,,
20250521,20250522,SZSE.000668,000668.SZ,荣丰控股,4,0.008405763655900955,,6,0.21334,20250521,0.0074010929092764854,0.04878424108028412,104257.7419,28266.605,2.7661,,7.099999867233575,0.04138314817100763,weak,1.000000,0.20600,6,base,,,
20250521,20250522,SHSE.688701,688701.SH,卓锦股份,5,0.008155139163136482,,6,0.14499,20250521,0.006264065392315388,0.04846887290477753,105004.9049,15165.883,1.4425,,7.819999563918478,0.04220480751246214,weak,1.000000,0.14000,6,quality,,,
20250522,20250523,SZSE.300899,300899.SZ,上海凯鑫,1,0.027729008346796036,,6,0.21864,20250522,0.003119533881545067,0.026458285748958588,139558.2236,23468.816,2.6146,,21.47579865794636,0.02333875186741352,weak,1.000000,0.20600,6,base,,,
20250522,20250523,SZSE.002200,002200.SZ,交投生态,2,0.012245338410139084,,6,0.18584,20250522,0.00425327755510807,0.029511261731386185,159274.9499,130879.402,8.3041,,8.650000272703565,0.025257984176278114,weak,0.850000,0.20600,6,risk,,,
20250522,20250523,SHSE.600228,600228.SH,返利科技,3,0.009680216200649738,,6,0.14859,20250522,0.00918903574347496,0.030088167637586594,168966.7679,99247.774,5.8343,,4.029999833438956,0.020899131894111633,weak,1.000000,0.14000,6,base,,,
20250522,20250523,SZSE.000668,000668.SZ,荣丰控股,4,0.00855237990617752,,6,0.21864,20250522,0.007568683475255966,0.04879413917660713,102201.9554,58116.397,5.5968,,6.959999869851504,0.041225455701351166,weak,1.000000,0.20600,6,base,,,
20250522,20250523,SZSE.002848,002848.SZ,高斯贝尔,5,0.008508439175784588,,6,0.12630,20250522,0.00762819591909647,0.0484783910214901,115166.35,69375.709,6.0092,,6.889999822942083,0.04085019510239363,weak,0.850000,0.14000,6,risk,,,
20250523,20250526,SZSE.300246,300246.SZ,宝莱特,3,0.022192388772964478,,6,0.32950,20250523,0.007626110687851906,0.0236760713160038,192875.5592,49720.872,3.1918,,7.248153212184063,0.016049960628151894,strong,1.000000,0.32000,6,risk,,,
20250523,20250526,SZSE.000691,000691.SZ,亚太实业,1,0.03616337105631828,,6,0.18030,20250523,0.005408572033047676,0.02958723157644272,170040.02,101463.098,6.005,,5.260000114940387,0.024178659543395042,weak,0.850000,0.20600,6,risk,,,
20250523,20250526,SZSE.300899,300899.SZ,上海凯鑫,2,0.02729170396924019,,6,0.21211,20250523,0.003536403179168701,0.026445265859365463,138091.2039,24953.085,2.7975,,21.250047575161734,0.022908862680196762,weak,1.000000,0.20600,6,base,,,
20250523,20250526,SZSE.000668,000668.SZ,荣丰控股,4,0.00855237990617752,,6,0.20594,20250523,0.008046857081353664,0.0484783910214901,99411.9595,44912.475,4.3943,,6.769999873404409,0.04043153394013643,weak,1.000000,0.20000,6,base,,,
20250523,20250526,SHSE.688701,688701.SH,卓锦股份,5,0.007883450016379356,,6,0.14416,20250523,0.007332959212362766,0.04800935089588165,100708.029,19981.683,1.9744,,7.499999581763246,0.04067639168351889,weak,1.000000,0.14000,6,quality,,,
20250526,20250527,SZSE.000691,000691.SZ,亚太实业,1,0.03534745052456856,,6,0.28041,20250526,0.005385837517678738,0.02132989466190338,171009.83,133989.684,7.8196,,5.29000011559594,0.015944057144224644,strong,0.850000,0.32000,6,risk,,,
20250526,20250527,SHSE.603709,603709.SH,中源家居,2,0.03007703274488449,,6,0.32990,20250526,0.0055832406505942345,0.0233970507979393,154104.5376,30011.526,1.9761,,12.24000005595452,0.017813810147345066,strong,1.000000,0.32000,6,quality,,,
20250526,20250527,SZSE.300899,300899.SZ,上海凯鑫,3,0.02672167867422104,,6,0.32990,20250526,0.0037278204690665007,0.01687004044651985,140196.0583,13324.29,1.4916,,21.573951302635333,0.013142219977453351,strong,1.000000,0.32000,6,quality,,,
20250526,20250527,SHSE.600228,600228.SH,返利科技,4,0.009987032040953636,,6,0.32990,20250526,0.010308947414159775,0.021164802834391594,168128.2232,56773.84,3.4221,,4.009999834265561,0.01085585542023182,strong,1.000000,0.32000,6,base,,,
20250526,20250527,SZSE.000668,000668.SZ,荣丰控股,5,0.008655055426061153,,6,0.32990,20250526,0.009034438990056515,0.02169109880924225,104257.7419,35228.519,3.4527,,7.099999867233575,0.012656659819185734,strong,1.000000,0.32000,6,base,,,
20250527,20250528,SZSE.300246,300246.SZ,宝莱特,1,0.037186089903116226,,6,0.20600,20250527,0.0027466583997011185,0.02721467614173889,196050.4655,38683.401,2.4943,,7.3674643761706315,0.024468017742037773,weak,1.000000,0.20600,6,risk,,,
20250527,20250528,SZSE.300030,300030.SZ,阳普医疗,2,0.03658908233046532,,6,0.20600,20250527,0.0027566642966121435,0.027116451412439346,193860.4465,30621.545,1.8864,,6.270000110195171,0.024359787115827203,weak,1.000000,0.20600,6,risk,,,
20250527,20250528,SZSE.300899,300899.SZ,上海凯鑫,3,0.027148127555847168,,6,0.14000,20250527,0.003506600158289075,0.030122850090265274,140323.6252,14200.687,1.5815,,21.593581831573125,0.0266162499319762,weak,1.000000,0.14000,6,quality,,,
20250527,20250528,SZSE.000668,000668.SZ,荣丰控股,4,0.022681452333927155,,6,0.20600,20250527,0.01050893310457468,0.05989828333258629,107047.7378,29343.934,2.788,,7.289999863680671,0.04938935022801161,weak,1.000000,0.20600,6,base,,,
20250527,20250528,SHSE.600228,600228.SH,返利科技,5,0.010348704643547535,,6,0.14000,20250527,0.00843635480850935,0.02997550368309021,175255.8536,79989.763,4.6777,,4.1799998272394125,0.02153914887458086,weak,1.000000,0.14000,6,base,,,
20250528,20250529,SZSE.002205,002205.SZ,国统股份,1,0.048437461256980896,,6,0.20600,20250528,0.0034035819116979837,0.03204198181629181,183984.7957,42105.721,2.2929,,9.899999649820586,0.028638399904593825,weak,1.000000,0.20600,6,risk,,,
20250528,20250529,SZSE.300736,300736.SZ,百邦科技,2,0.03956994041800499,,6,0.20600,20250528,0.00376719469204545,0.03212188184261322,127334.52,32911.169,2.6506,,9.79000031803066,0.02835468715056777,weak,1.000000,0.20600,6,base,,,
20250528,20250529,SZSE.300246,300246.SZ,宝莱特,3,0.037026386708021164,,6,0.14000,20250528,0.002493802458047867,0.027105677872896194,193404.7102,32778.669,2.116,,7.268038406181824,0.024611875414848328,weak,1.000000,0.14000,6,risk,,,
20250528,20250529,SZSE.300899,300899.SZ,上海凯鑫,4,0.027585424482822418,,6,0.20600,20250528,0.0031397466082125902,0.0301358699798584,140578.7591,24051.751,2.6638,,21.63284288944871,0.026996123371645808,weak,1.000000,0.20600,6,base,,,
20250528,20250529,SZSE.000668,000668.SZ,荣丰控股,5,0.022681452333927155,,6,0.14000,20250528,0.010034801438450813,0.059888385236263275,112334.0459,46173.064,4.1475,,7.6499998569488525,0.04985358379781246,weak,1.000000,0.14000,6,base,,,
20250529,20250530,SZSE.301372,301372.SZ,科净源,1,0.038514912128448486,,6,0.21093,20250529,0.004497790243476629,0.03250648081302643,147497.1459,40530.823,4.6266,,21.509999796895702,0.0280086905695498,weak,1.000000,0.20600,6,base,,,
20250529,20250530,SZSE.003011,003011.SZ,海象新材,2,0.037785667926073074,,6,0.21093,20250529,0.0032627624459564686,0.027590114623308182,182557.928,27761.018,1.9956,,17.51285227871931,0.024327352177351713,weak,1.000000,0.20600,6,risk,,,
20250529,20250530,SZSE.300899,300899.SZ,上海凯鑫,3,0.027585424482822418,,6,0.14335,20250529,0.0034134318120777607,0.030139505863189697,139940.9244,18236.772,2.0219,,21.534690244759748,0.026726074051111937,weak,1.000000,0.14000,6,base,,,
20250529,20250530,SZSE.000668,000668.SZ,荣丰控股,4,0.022681452333927155,,6,0.21093,20250529,0.01030568964779377,0.05989828333258629,112040.3621,53207.223,4.6621,,7.629999857322843,0.04959259368479252,weak,1.000000,0.20600,6,base,,,
20250529,20250530,SZSE.000691,000691.SZ,亚太实业,5,0.022025447338819504,,6,0.12185,20250529,0.008396129123866558,0.0328499935567379,154846.33,112331.037,7.3037,,4.790000104670049,0.02445386443287134,weak,0.850000,0.14000,6,risk,,,
20250530,20250603,SZSE.002486,002486.SZ,嘉麟杰,1,0.040272653102874756,,6,0.20600,20250530,0.004670664668083191,0.02920321375131607,199578.6552,38503.149,1.9146,,2.399879010215186,0.02453254908323288,weak,1.000000,0.20600,6,risk,,,
20250530,20250603,SZSE.003011,003011.SZ,海象新材,2,0.037785667926073074,,6,0.20600,20250530,0.0035756556317210197,0.027590114623308182,182147.224,27149.176,1.9594,,17.473453285966283,0.024014458991587162,weak,1.000000,0.20600,6,risk,,,
20250530,20250603,SZSE.300899,300899.SZ,上海凯鑫,3,0.03595530986785889,,6,0.14000,20250530,0.003467237576842308,0.030260533094406128,135922.566,25732.732,2.9099,,20.91632858321924,0.02679329551756382,weak,1.000000,0.14000,6,base,,,
20250530,20250603,SZSE.000668,000668.SZ,荣丰控股,4,0.027574259787797928,,6,0.20600,20250530,0.009983444586396217,0.061840131878852844,116592.4607,48123.908,4.1498,,7.939999851525998,0.05185668729245663,weak,1.000000,0.20600,6,base,,,
20250530,20250603,SHSE.688309,688309.SH,恒誉环保,5,0.02606061100959778,,6,0.14000,20250530,0.0029495020862668753,0.024380307644605637,134097.9885,14017.545,1.0451,,16.66622184333266,0.02143080555833876,weak,1.000000,0.14000,6,quality,,,
20250603,20250604,SZSE.003011,003011.SZ,海象新材,1,0.037785667926073074,,6,0.20600,20250603,0.0034979870542883873,0.02749265730381012,180812.436,36623.914,2.6534,,17.345406559518956,0.023994670249521732,weak,1.000000,0.20600,6,risk,,,
20250603,20250604,SHSE.600228,600228.SH,返利科技,2,0.034084152430295944,,6,0.20600,20250603,0.0078009674325585365,0.032677046954631805,180706.3945,70591.098,3.8692,,4.309999821866476,0.02487607952207327,weak,1.000000,0.20600,6,risk,,,
20250603,20250604,SZSE.300899,300899.SZ,上海凯鑫,3,0.02958594635128975,,6,0.14000,20250603,0.0035933060571551323,0.0276813842356205,138154.9874,15827.726,1.7886,,21.25986283963063,0.024088078178465366,weak,1.000000,0.14000,6,quality,,,
20250603,20250604,SZSE.000691,000691.SZ,亚太实业,4,0.022025447338819504,,6,0.20600,20250603,0.00953915435820818,0.03285039961338043,148704.2,86268.206,5.7641,,4.600000100518209,0.023311245255172253,weak,1.000000,0.20600,6,base,,,
20250603,20250604,SHSE.603616,603616.SH,韩建河山,5,0.01770416833460331,,6,0.14000,20250603,0.006200719624757767,0.03149474784731865,160440.38,43845.462,2.8295,,4.100000023308881,0.025294028222560883,weak,1.000000,0.14000,6,base,,,
20250604,20250605,SZSE.000668,000668.SZ,荣丰控股,1,0.019999349489808083,,6,0.32990,20250604,0.007698994595557451,0.02210363559424877,117179.8282,39004.063,3.367,,7.979999850778019,0.01440464099869132,strong,1.000000,0.32000,6,base,,,
20250604,20250605,SHSE.603616,603616.SH,韩建河山,2,0.01556615810841322,,6,0.32990,20250604,0.0017331215785816312,0.01032736524939537,161223.016,36682.091,2.3384,,4.120000023422582,0.00859424367081374,strong,1.000000,0.32000,6,base,,,
20250604,20250605,SZSE.000691,000691.SZ,亚太实业,3,0.015262982808053493,,6,0.28041,20250604,0.004006459843367338,0.011389277875423431,156139.41,136162.026,8.7591,,4.83000010554412,0.007382818032056093,strong,0.850000,0.32000,6,risk,,,
20250604,20250605,SHSE.600228,600228.SH,返利科技,4,0.012820396572351456,,6,0.32990,20250604,0.006476934067904949,0.014024193398654461,182383.484,41378.983,2.2849,,4.349999820213265,0.007547259330749512,strong,1.000000,0.32000,6,risk,,,
20250604,20250605,SZSE.003011,003011.SZ,海象新材,5,0.007543310988694429,,6,0.32990,20250604,0.0013734516687691212,0.010081788524985313,184919.476,33305.112,2.3831,,17.7393964870492,0.008708336856216192,strong,1.000000,0.32000,6,risk,,,
20250605,20250606,SZSE.000668,000668.SZ,荣丰控股,1,0.019793106243014336,,6,0.32990,20250605,0.0065167974680662155,0.02152470126748085,121731.9268,58155.069,4.8174,,8.289999844981173,0.015007903799414635,strong,1.000000,0.32000,6,base,,,
20250605,20250606,SZSE.000691,000691.SZ,亚太实业,2,0.015551451593637466,,6,0.28041,20250605,0.003739821258932352,0.01155431754887104,157755.76,114708.245,7.3794,,4.880000106636709,0.007814496289938688,strong,0.850000,0.32000,6,risk,,,
20250605,20250606,SHSE.600228,600228.SH,返利科技,3,0.009868087247014046,,6,0.32990,20250605,0.006609275005757809,0.011785360053181648,178190.7602,49091.119,2.7301,,4.249999824346293,0.00517608504742384,strong,1.000000,0.32000,6,base,,,
20250605,20250606,SHSE.603616,603616.SH,韩建河山,4,0.008429951965808868,,6,0.32990,20250605,0.002277297666296363,0.009432530030608177,160049.062,36975.43,2.3566,,4.09000002325203,0.007155232364311814,strong,1.000000,0.32000,6,base,,,
20250605,20250606,SZSE.002848,002848.SZ,高斯贝尔,5,0.006329561583697796,,6,0.32990,20250605,0.0063592554070055485,0.01850523054599762,126866.85,38270.219,3.0536,,7.589999804953615,0.012145975138992071,strong,1.000000,0.32000,6,base,,,
20250606,20250609,SHSE.600228,600228.SH,返利科技,2,0.013325603678822517,,6,0.32000,20250606,0.0036612129770219326,0.010726168751716614,178610.0326,35572.167,1.9849,,4.25999982393299,0.007064955774694681,strong,1.000000,0.32000,6,quality,,,
20250606,20250609,SZSE.000691,000691.SZ,亚太实业,3,0.008101298473775387,,6,0.32000,20250606,0.0033266993705183268,0.008058060891926289,165514.24,84080.849,5.1768,,5.120000111881137,0.004731361521407962,strong,1.000000,0.32000,6,base,,,
20250606,20250609,SZSE.002848,002848.SZ,高斯贝尔,4,0.006329561583697796,,6,0.32000,20250606,0.006364600267261267,0.018199466168880463,127869.75,23335.236,1.8765,,7.649999803411746,0.011834865901619196,strong,1.000000,0.32000,6,quality,,,
20250606,20250609,SZSE.000608,000608.SZ,阳光股份,5,0.005672343075275421,,6,0.32000,20250606,0.0019757412374019623,0.009869823232293129,143233.442,53731.135,3.8041,,1.9099999999999997,0.007894081994891167,strong,1.000000,0.32000,6,base,,,
20250606,20250609,SZSE.000668,000668.SZ,荣丰控股,1,0.019793106243014336,,6,0.20600,20250606,0.008623265661299229,0.02961861528456211,122319.2944,33631.143,2.7774,,8.329999844233194,0.020995349623262882,weak,1.000000,0.20600,6,base,,,
20250609,20250610,SZSE.000668,000668.SZ,荣丰控股,1,0.019793106243014336,,6,0.32000,20250609,0.010278536006808281,0.02961861528456211,119676.1404,29297.763,2.4295,,8.149999847599105,0.01934007927775383,strong,1.000000,0.32000,6,base,,,
20250609,20250610,SHSE.600228,600228.SH,返利科技,2,0.008683446794748306,,6,0.32000,20250609,0.002296480815857649,0.00852551031857729,187414.7525,70020.261,3.8196,,4.46999981525363,0.006229029502719641,strong,1.000000,0.32000,6,risk,,,
20250609,20250610,SZSE.000691,000691.SZ,亚太实业,3,0.006382850464433432,,6,0.32000,20250609,0.0029528136365115643,0.007236848585307598,164544.43,95456.072,5.7254,,5.090000111225583,0.004284034948796034,strong,1.000000,0.32000,6,base,,,
20250609,20250610,SZSE.002848,002848.SZ,高斯贝尔,4,0.006123317871242762,,6,0.32000,20250609,0.00532056437805295,0.018254445865750313,134221.45,62425.566,4.7914,,8.029999793646578,0.012933881487697363,strong,1.000000,0.32000,6,base,,,
20250609,20250610,SHSE.603616,603616.SH,韩建河山,5,0.005196365527808666,,6,0.32000,20250609,0.0013568791327998042,0.007400961592793465,167092.786,54362.101,3.3599,,4.270000024275347,0.0060440824599936604,strong,1.000000,0.32000,6,base,,,
20250610,20250611,SZSE.000691,000691.SZ,亚太实业,1,0.013253418728709221,,6,0.32990,20250610,0.005116389598697424,0.008313292637467384,163574.62,96592.424,5.9755,,5.06000011057003,0.0031969030387699604,strong,1.000000,0.32000,6,base,,,
20250610,20250611,SHSE.600228,600228.SH,返利科技,2,0.012117534875869751,,6,0.32990,20250610,0.004018567502498627,0.008856946602463722,191188.2039,101677.738,5.2571,,4.559999811533905,0.0048383790999650955,strong,1.000000,0.32000,6,risk,,,
20250610,20250611,SZSE.000668,000668.SZ,荣丰控股,3,0.0059891934506595135,,6,0.32990,20250610,0.00592983840033412,0.010464275255799294,120557.1917,26266.753,2.2045,,8.209999846477135,0.004534436855465174,strong,1.000000,0.32000,6,base,,,
20250610,20250611,SZSE.002848,002848.SZ,高斯贝尔,4,0.0059891934506595135,,6,0.28041,20250610,0.004981694743037224,0.008718565106391907,135224.35,81393.47,6.1319,,8.08999979210471,0.003736870363354683,strong,0.850000,0.32000,6,risk,,,
20250610,20250611,SZSE.000608,000608.SZ,阳光股份,5,0.004892477300018072,,6,0.32990,20250610,0.003539691213518381,0.007135257124900818,147732.9219,50755.275,3.4273,,1.9699999999999998,0.0035955659113824368,strong,1.000000,0.32000,6,base,,,
20250611,20250612,SHSE.605303,605303.SH,园林股份,1,0.00886351428925991,,6,0.32000,20250611,0.000824111164547503,0.0032043408136814833,193807.3644,73819.93,3.7841,,12.020000325594314,0.0023802296491339803,strong,1.000000,0.32000,6,risk,,,
20250611,20250612,SZSE.000691,000691.SZ,亚太实业,2,0.00633986946195364,,6,0.32000,20250611,0.003376332111656666,0.006509336177259684,159372.11,83836.384,5.1788,,4.930000107729297,0.003133004065603018,strong,1.000000,0.32000,6,base,,,
20250611,20250612,SZSE.000668,000668.SZ,荣丰控股,3,0.006123317871242762,,6,0.32000,20250611,0.004195124842226505,0.0116055216640234,118501.4052,23103.28,1.9274,,8.069999849095064,0.007410396821796894,strong,1.000000,0.32000,6,quality,,,
20250611,20250612,SZSE.002848,002848.SZ,高斯贝尔,4,0.006123317871242762,,6,0.32000,20250611,0.0037308684550225735,0.009753799065947533,133051.4,44631.409,3.3818,,7.959999795445425,0.006022930610924959,strong,1.000000,0.32000,6,base,,,
20250611,20250612,SZSE.301288,301288.SZ,清研环境,5,0.005472023040056229,,6,0.32000,20250611,0.0015004165470600128,0.008373897522687912,145381.46,27153.684,4.2552,,13.460000152060688,0.006873480975627899,strong,1.000000,0.32000,6,base,,,
20250612,20250613,SZSE.000668,000668.SZ,荣丰控股,1,0.006123317871242762,,6,0.32000,20250612,0.004195124842226505,0.011567778885364532,118941.9309,26125.859,2.1725,,8.099999848534079,0.007372654043138027,strong,1.000000,0.32000,6,base,,,
20250612,20250613,SZSE.002848,002848.SZ,高斯贝尔,2,0.006123317871242762,,6,0.32000,20250612,0.0036956246476620436,0.009683282114565372,129541.25,55349.004,4.2979,,7.749999800841965,0.005987657466903329,strong,1.000000,0.32000,6,base,,,
20250612,20250613,SZSE.000608,000608.SZ,阳光股份,3,0.005026600789278746,,6,0.32000,20250612,0.0018183388747274876,0.006789243780076504,152232.4017,30446.571,2.0133,,2.03,0.004970904905349016,strong,1.000000,0.32000,6,base,,,
20250612,20250613,SZSE.301288,301288.SZ,清研环境,4,0.004828557837754488,,6,0.32000,20250612,0.0016460136976093054,0.007414298597723246,145273.45,20572.19,3.2502,,13.450000151947716,0.00576828490011394,strong,1.000000,0.32000,6,base,,,
20250612,20250613,SHSE.603616,603616.SH,韩建河山,5,0.0037923958152532578,,6,0.32000,20250612,0.001449487404897809,0.006612064782530069,163962.242,37276.399,2.3359,,4.190000023820539,0.00516257737763226,strong,1.000000,0.32000,6,base,,,
20250613,20250616,SZSE.000691,000691.SZ,亚太实业,1,0.006693548057228327,,6,0.32000,20250613,0.005037699826061726,0.0081100482493639,151290.36,58610.518,3.8697,,4.6800001022663515,0.0030723484233021736,strong,1.000000,0.32000,6,base,,,
20250613,20250616,SZSE.002848,002848.SZ,高斯贝尔,2,0.006123317871242762,,6,0.32000,20250613,0.00416457187384367,0.009674258530139923,127034.0,49802.736,4.0139,,7.599999804696637,0.005509686656296253,strong,1.000000,0.32000,6,base,,,
20250613,20250616,SZSE.000608,000608.SZ,阳光股份,3,0.004933531396090984,,6,0.32000,20250613,0.002389421919360757,0.009096447378396988,146983.0086,30905.91,2.1008,,1.96,0.006707025459036231,strong,1.000000,0.32000,6,base,,,
20250613,20250616,SZSE.301288,301288.SZ,清研环境,4,0.003956939093768597,,6,0.32000,20250613,0.001493114628829062,0.006860130932182074,141169.07,18854.217,3.0215,,13.070000147654769,0.005367016303353012,strong,1.000000,0.32000,6,base,,,
20250613,20250616,SZSE.300097,300097.SZ,智云股份,5,0.002848348580300808,,6,0.32000,20250613,0.0012709557777270675,0.0080210966989398,143409.1855,28971.255,2.1452,,4.9700001298564755,0.006750140921212733,strong,1.000000,0.32000,6,base,,,
20250616,20250617,SHSE.688679,688679.SH,通源环境,1,0.007477242965251207,,6,0.32000,20250616,0.0016152590978890657,-0.00012094713747501373,194769.0293,102416.729,5.2896,,14.789999967680327,0.0017362062353640795,strong,1.000000,0.32000,6,risk,,,
20250616,20250617,SZSE.000691,000691.SZ,亚太实业,2,0.006976219359785318,,6,0.32000,20250616,0.004793625790625811,0.0078085120767354965,151290.36,49251.377,3.2302,,4.6800001022663515,0.003014886286109686,strong,1.000000,0.32000,6,base,,,
20250616,20250617,SZSE.000668,000668.SZ,荣丰控股,3,0.006123317871242762,,6,0.32000,20250616,0.003706439398229122,0.010444826446473598,115858.2512,16618.547,1.4398,,7.8899998524609725,0.006738387048244476,strong,1.000000,0.32000,6,quality,,,
20250616,20250617,SZSE.002848,002848.SZ,高斯贝尔,4,0.006027442403137684,,6,0.32000,20250616,0.0028649759478867054,0.009393859654664993,129541.25,35623.43,2.8039,,7.749999800841965,0.006528883706778288,strong,1.000000,0.32000,6,base,,,
20250616,20250617,SZSE.000608,000608.SZ,阳光股份,5,0.003756583435460925,,6,0.32000,20250616,0.0020374718587845564,0.007086911238729954,148482.8352,18392.565,1.2455,,1.98,0.005049439379945397,strong,1.000000,0.32000,6,quality,,,
20250617,20250618,SZSE.000668,000668.SZ,荣丰控股,1,0.006123317871242762,,6,0.32000,20250617,0.003278790507465601,0.009487105533480644,120263.5079,51616.797,4.2708,,8.189999846851125,0.006208315026015043,strong,1.000000,0.32000,6,base,,,
20250617,20250618,SZSE.000691,000691.SZ,亚太实业,2,0.006029186770319939,,6,0.32000,20250617,0.0042125689797103405,0.007400928996503353,149027.47,65163.533,4.4009,,4.610000100736727,0.0031883600167930126,strong,1.000000,0.32000,6,base,,,
20250617,20250618,SZSE.002848,002848.SZ,高斯贝尔,3,0.004991660825908184,,6,0.32000,20250617,0.003152242861688137,0.00937106553465128,129541.25,39028.727,3.0445,,7.749999800841965,0.006218822672963142,strong,1.000000,0.32000,6,base,,,
20250617,20250618,SZSE.300097,300097.SZ,智云股份,4,0.0028592883609235287,,6,0.32000,20250617,0.0008487561717629433,0.008300569839775562,145717.5828,16791.261,1.235,,5.050000131946721,0.007451813668012619,strong,1.000000,0.32000,6,quality,,,
20250617,20250618,SZSE.000608,000608.SZ,阳光股份,5,0.002837625565007329,,6,0.32000,20250617,0.002119773533195257,0.00610691262409091,147732.9219,19417.593,1.3097,,1.9699999999999998,0.003987139090895653,strong,1.000000,0.32000,6,quality,,,
20250618,20250619,SZSE.000668,000668.SZ,荣丰控股,1,0.006123317871242762,,6,0.32000,20250618,0.0030666585080325603,0.009410388767719269,126284.0254,42061.946,3.4853,,8.59999983918433,0.0063437302596867085,strong,1.000000,0.32000,6,base,,,
20250618,20250619,SZSE.000691,000691.SZ,亚太实业,2,0.004890241660177708,,6,0.32000,20250618,0.0023197527043521404,0.008314015343785286,146764.58,36463.524,2.4919,,4.540000099207102,0.0059942626394331455,strong,1.000000,0.32000,6,base,,,
20250618,20250619,SZSE.002848,002848.SZ,高斯贝尔,3,0.004821759648621082,,6,0.32000,20250618,0.003089149948209524,0.009143405593931675,125696.8,34505.551,2.7781,,7.519999806752462,0.006054255645722151,strong,1.000000,0.32000,6,base,,,
20250618,20250619,SZSE.000608,000608.SZ,阳光股份,4,0.004044435452669859,,6,0.32000,20250618,0.0020939582027494907,0.008529704995453358,146983.0086,21297.797,1.4625,,1.96,0.006435746792703867,strong,1.000000,0.32000,6,quality,,,
20250618,20250619,SZSE.300097,300097.SZ,智云股份,5,0.0028386726044118404,,6,0.32000,20250618,0.0012804529396817088,0.008279352448880672,143409.1855,15402.308,1.1475,,4.9700001298564755,0.006998899509198964,strong,1.000000,0.32000,6,quality,,,
20250619,20250620,SZSE.000668,000668.SZ,荣丰控股,1,0.006123317871242762,,6,0.32000,20250619,0.0031048106029629707,0.009447997435927391,123200.3457,43238.112,3.3885,,8.389999843111225,0.00634318683296442,strong,1.000000,0.32000,6,base,,,
20250619,20250620,SZSE.000691,000691.SZ,亚太实业,2,0.004260200075805187,,6,0.32000,20250619,0.0013986378908157349,0.007647594437003136,145471.5,49598.745,3.328,,4.500000098333031,0.006248956546187401,strong,1.000000,0.32000,6,base,,,
20250619,20250620,SZSE.300097,300097.SZ,智云股份,3,0.0027641686610877514,,6,0.32000,20250619,0.0011026476277038455,0.00808686949312687,141389.3378,18248.677,1.3713,,4.900000128027511,0.006984221865423024,strong,1.000000,0.32000,6,quality,,,
20250619,20250620,SZSE.300165,300165.SZ,天瑞仪器,4,0.0020542775746434927,,6,0.32000,20250619,0.0007184394635260105,0.005820916965603828,172438.0803,33961.236,2.3121,,3.4799999349257527,0.005102477502077818,strong,1.000000,0.32000,6,base,,,
20250619,20250620,SHSE.603616,603616.SH,韩建河山,5,0.0016766730695962906,,6,0.32000,20250619,0.0008882232941687107,0.005668092984706163,158483.79,51846.539,3.3223,,4.050000023024626,0.004779869690537453,strong,1.000000,0.32000,6,base,,,
20250620,20250623,SZSE.002316,002316.SZ,亚联发展,1,0.006626728922128677,,6,0.32000,20250620,0.004606680013239384,0.007645909674465656,185945.76,81976.704,5.0131,,4.729999951321445,0.0030392296612262726,strong,1.000000,0.32000,6,risk,,,
20250620,20250623,SZSE.000668,000668.SZ,荣丰控股,2,0.006123317871242762,,6,0.32000,20250620,0.004694201983511448,0.009447997435927391,119969.8241,32506.189,2.6357,,8.169999847225114,0.004753795452415943,strong,1.000000,0.32000,6,base,,,
20250620,20250623,SZSE.000608,000608.SZ,阳光股份,3,0.003144962480291724,,6,0.32000,20250620,0.003434814978390932,0.007513814140111208,137984.0489,21782.529,1.5667,,1.8400000000000003,0.004078999161720276,strong,1.000000,0.32000,6,quality,,,
20250620,20250623,SZSE.002848,002848.SZ,高斯贝尔,4,0.0027038599364459515,,6,0.32000,20250620,0.004168934188783169,0.007686670869588852,118509.35,24780.812,2.1254,,7.0899998178025205,0.003517736680805683,strong,1.000000,0.32000,6,base,,,
20250620,20250623,SZSE.300097,300097.SZ,智云股份,5,0.002659786958247423,,6,0.32000,20250620,0.003027218859642744,0.008414341136813164,139080.9405,21673.136,1.6528,,4.820000125937266,0.00538712227717042,strong,1.000000,0.32000,6,quality,,,
20250623,20250624,SZSE.000668,000668.SZ,荣丰控股,1,0.005803505424410105,,6,0.32000,20250623,0.00460183946415782,0.009356646798551083,121291.4011,29843.227,2.4835,,8.25999984554216,0.004754807334393263,strong,1.000000,0.32000,6,base,,,
20250623,20250624,SZSE.002316,002316.SZ,亚联发展,2,0.004776447080075741,,6,0.32000,20250623,0.003965273499488831,0.007209694944322109,191056.32,65203.07,3.9894,,4.859999949983556,0.0032444214448332787,strong,1.000000,0.32000,6,risk,,,
20250623,20250624,SZSE.000691,000691.SZ,亚太实业,3,0.0036262557841837406,,6,0.32000,20250623,-0.0008668777300044894,0.006989011541008949,141268.99,35419.594,2.5507,,4.370000095492299,0.007855889271013439,strong,1.000000,0.32000,6,base,,,
20250623,20250624,SZSE.002848,002848.SZ,高斯贝尔,4,0.0033696952741593122,,6,0.32000,20250623,0.003455424914136529,0.007922698743641376,120013.7,23119.065,1.978,,7.179999815489717,0.0044672738295048475,strong,1.000000,0.32000,6,quality,,,
20250623,20250624,SZSE.002494,002494.SZ,华斯股份,5,0.003323809476569295,,6,0.32000,20250623,0.0013224083231762052,0.0051153479143977165,172808.3088,62236.013,4.7829,,4.579999957955003,0.0037929395912215114,strong,1.000000,0.32000,6,base,,,
20250624,20250625,SHSE.688296,688296.SH,和达科技,1,0.021718671545386314,,6,0.32000,20250624,0.006845334079116583,0.008035046048462391,132175.8585,23855.778,1.8334,,12.249999770931169,0.001189711969345808,strong,1.000000,0.32000,6,quality,,,
20250624,20250625,SHSE.605178,605178.SH,时空科技,2,0.008232698775827885,,6,0.32000,20250624,-0.0014219175791367888,-0.0030543096363544464,184607.976,49490.675,2.6971,,18.59999962124536,0.0016323920572176576,strong,1.000000,0.32000,6,risk,,,
20250624,20250625,SHSE.600228,600228.SH,返利科技,3,0.00598121015354991,,6,0.32000,20250624,0.003453564830124378,0.006989635527133942,198315.8343,73157.892,3.6922,,4.729999804507758,0.0035360706970095634,strong,1.000000,0.32000,6,risk,,,
20250624,20250625,SZSE.002316,002316.SZ,亚联发展,4,0.004776447080075741,,6,0.32000,20250624,0.001738579012453556,0.007194653153419495,195380.64,63413.502,3.7537,,4.9699999488514965,0.005456074140965939,strong,1.000000,0.32000,6,risk,,,
20250624,20250625,SZSE.000668,000668.SZ,荣丰控股,5,0.004027067683637142,,6,0.32000,20250624,0.002845234703272581,0.006977464072406292,122612.9782,25849.385,2.1109,,8.349999843859203,0.004132229369133711,strong,1.000000,0.32000,6,base,,,
20250625,20250626,SZSE.002316,002316.SZ,亚联发展,1,0.004799515940248966,,6,0.32000,20250625,0.004132183734327555,0.005307646468281746,193021.92,87481.689,5.1702,,4.909999949468984,0.0011754627339541912,strong,1.000000,0.32000,6,risk,,,
20250625,20250626,SZSE.300097,300097.SZ,智云股份,2,0.002866333117708564,,6,0.32000,20250625,0.0026235724799335003,0.006813768297433853,142832.0862,20283.354,1.5216,,4.950000129333914,0.004190195817500353,strong,1.000000,0.32000,6,quality,,,
20250625,20250626,SZSE.000668,000668.SZ,荣丰控股,3,0.002647573361173272,,6,0.32000,20250625,0.004124604631215334,0.004665539134293795,121731.9268,17358.862,1.4255,,8.289999844981173,0.0005409345030784607,strong,1.000000,0.32000,6,quality,,,
20250625,20250626,SZSE.300165,300165.SZ,天瑞仪器,4,0.0019201547838747501,,6,0.32000,20250625,0.0021642271894961596,0.004154295660555363,176402.1741,24694.401,1.6505,,3.5599999334297925,0.001990068471059203,strong,1.000000,0.32000,6,quality,,,
20250625,20250626,SZSE.002848,002848.SZ,高斯贝尔,5,0.00183159951120615,,6,0.32000,20250625,0.003160709049552679,0.005869421176612377,121183.75,25426.857,2.1337,,7.249999813690871,0.002708712127059698,strong,1.000000,0.32000,6,base,,,
20250626,20250627,SHSE.600228,600228.SH,返利科技,1,0.011567749083042145,,6,0.32000,20250626,0.004917387384921312,0.007455379702150822,189930.3868,109335.04,5.8996,,4.529999812773814,0.0025379923172295094,strong,1.000000,0.32000,6,risk,,,
20250626,20250627,SHSE.600493,600493.SH,凤竹纺织,2,0.0054972353391349316,,6,0.32000,20250626,0.0024189958348870277,0.004675897769629955,170816.0,58293.481,3.4266,,6.2800000408884795,0.0022569019347429276,strong,1.000000,0.32000,6,base,,,
20250626,20250627,SZSE.002316,002316.SZ,亚联发展,3,0.004799515940248966,,6,0.32000,20250626,0.004454400856047869,0.0075822025537490845,191056.32,63808.879,3.8487,,4.859999949983556,0.0031278016977012157,strong,1.000000,0.32000,6,risk,,,
20250626,20250627,SZSE.300097,300097.SZ,智云股份,4,0.00264239264652133,,6,0.32000,20250626,0.0038062019739300013,0.012168509885668755,143120.6358,17629.272,1.3141,,4.960000129595194,0.008362307911738753,strong,1.000000,0.32000,6,quality,,,
20250626,20250627,SZSE.000691,000691.SZ,亚太实业,5,0.0024326066486537457,,6,0.32000,20250626,0.0022073194850236177,0.01054459623992443,145148.23,37261.329,2.6042,,4.490000098114513,0.008337276754900813,strong,1.000000,0.32000,6,base,,,
20250627,20250630,SZSE.002316,002316.SZ,亚联发展,1,0.004945429507642984,,6,0.32000,20250627,0.0019927257671952248,0.008786767721176147,196166.88,64253.867,3.8211,,4.989999948645667,0.006794041953980923,strong,1.000000,0.32000,6,risk,,,
20250627,20250630,SZSE.000691,000691.SZ,亚太实业,2,0.0023107666056603193,,6,0.32000,20250627,0.0010603582486510277,0.012028675526380539,146441.31,27831.303,1.9053,,4.530000098988585,0.010968317277729511,strong,1.000000,0.32000,6,quality,,,
20250627,20250630,SZSE.300097,300097.SZ,智云股份,3,0.0016235620714724064,,6,0.32000,20250627,0.0019136463524773717,0.011912314221262932,145140.4835,16946.183,1.2507,,5.030000131424159,0.00999866786878556,strong,1.000000,0.32000,6,quality,,,
20250627,20250630,SZSE.300165,300165.SZ,天瑞仪器,4,0.0009609917178750038,,6,0.32000,20250627,0.0008354046149179339,0.00878846738487482,180366.2679,51617.656,3.3606,,3.639999931933833,0.007953062769956887,strong,1.000000,0.32000,6,risk,,,
20250627,20250630,SHSE.688156,688156.SH,路德科技,5,0.0008218921720981598,,6,0.32000,20250627,5.4889125749468803e-05,0.007737083826214075,168192.6422,26289.478,1.5733,,16.700000413111187,0.007682194700464606,strong,1.000000,0.32000,6,quality,,,
20250630,20250701,SZSE.000608,000608.SZ,阳光股份,1,0.00449034757912159,,6,0.32000,20250630,0.00036791572347283363,0.004786991514265537,140233.7888,23082.567,1.6679,,1.87,0.004419075790792704,strong,1.000000,0.32000,6,quality,,,
20250630,20250701,SHSE.600228,600228.SH,返利科技,2,0.004326866939663887,,6,0.32000,20250630,-0.001306362566538155,0.0064938804134726524,178610.0326,97947.336,5.5995,,4.25999982393299,0.0078002429800108075,strong,1.000000,0.32000,6,base,,,
20250630,20250701,SZSE.000691,000691.SZ,亚太实业,3,0.0026701916940510273,,6,0.32000,20250630,-0.0020381463691592216,0.0070672407746315,142562.07,37388.174,2.5967,,4.41000009636637,0.009105387143790722,strong,1.000000,0.32000,6,base,,,
20250630,20250701,SHSE.688565,688565.SH,力源科技,4,0.000902943778783083,,6,0.32000,20250630,0.0013026604428887367,0.006997501011937857,138500.25,49242.893,3.5716,,9.223387857193144,0.00569484056904912,strong,1.000000,0.32000,6,base,,,
20250630,20250701,SZSE.300097,300097.SZ,智云股份,5,0.000734556932002306,,6,0.32000,20250630,0.001587326405569911,0.005788114853203297,146871.7815,17498.324,1.2824,,5.090000132991842,0.004200788447633386,strong,1.000000,0.32000,6,quality,,,
20250701,20250702,SZSE.300849,300849.SZ,锦盛新材,1,0.018527407199144363,,6,0.28041,20250701,0.00470155430957675,-0.006867814809083939,198150.0,248355.9,15.4878,,13.209999975265633,0.011569369118660688,strong,0.850000,0.32000,6,risk,,,
20250701,20250702,SZSE.000691,000691.SZ,亚太实业,2,0.00339905871078372,,6,0.32990,20250701,-0.0011865174164995551,0.0032989324536174536,138036.29,38548.589,2.7453,,4.27000009330712,0.004485449870117009,strong,1.000000,0.32000,6,base,,,
20250701,20250702,SHSE.600228,600228.SH,返利科技,3,0.003196816425770521,,6,0.32990,20250701,0.0031324648298323154,0.0024140900932252407,187414.7525,90723.819,4.9543,,4.46999981525363,0.0007183747366070747,strong,1.000000,0.32000,6,risk,,,
20250701,20250702,SZSE.300838,300838.SZ,浙江力诺,4,0.0014260830357670784,,6,0.32990,20250701,0.0036461791023612022,0.00348295527510345,199378.21,25737.934,1.7402,,14.449999484765742,0.00016322382725775242,strong,1.000000,0.32000,6,risk,,,
20250701,20250702,SHSE.688565,688565.SH,力源科技,5,0.0011268830858170986,,6,0.32990,20250701,0.00304271187633276,0.0031065712682902813,142243.5,49133.526,3.477,,9.472668610090256,6.385939195752144e-05,strong,1.000000,0.32000,6,base,,,
20250702,20250703,SZSE.000691,000691.SZ,亚太实业,1,0.0034062389750033617,,6,0.32000,20250702,-0.0031191762536764145,0.0041618961840868,139975.91,33652.928,2.4086,,4.330000094618227,0.007281072437763214,strong,1.000000,0.32000,6,base,,,
20250702,20250703,SHSE.600228,600228.SH,返利科技,2,0.003323462326079607,,6,0.32000,20250702,0.001250462606549263,0.0036884164437651634,189511.1144,104900.889,5.5584,,4.519999813187116,0.0024379538372159004,strong,1.000000,0.32000,6,risk,,,
20250702,20250703,SHSE.688156,688156.SH,路德科技,3,0.0012058066204190254,,6,0.32000,20250702,0.0006414619274437428,-8.128536865115166e-05,164264.7901,23722.478,1.4433,,16.31000040346368,0.0007227472960948944,strong,1.000000,0.32000,6,quality,,,
20250702,20250703,SHSE.688565,688565.SH,力源科技,4,0.0011524367146193981,,6,0.32000,20250702,0.0010567337740212679,0.003990324679762125,143591.07,63868.61,4.4324,,9.562409681133216,0.002933590905740857,strong,1.000000,0.32000,6,base,,,
20250702,20250703,SZSE.002652,002652.SZ,扬子新材,5,0.000981607474386692,,6,0.32000,20250702,0.000945740204770118,0.0011791945435106754,170517.312,47704.997,2.7965,,3.329999899082885,0.00023345433874055743,strong,1.000000,0.32000,6,base,,,
20250703,20250704,SZSE.300849,300849.SZ,锦盛新材,1,0.04557088762521744,,6,0.28936,20250703,0.0024918806739151478,0.012317451648414135,199200.0,114068.642,7.0172,,13.279999975134563,0.009825570974498987,strong,0.850000,0.32000,6,risk,,,
20250703,20250704,SHSE.600228,600228.SH,返利科技,2,0.003967682830989361,,6,0.28936,20250703,0.0011410070583224297,0.0038183750584721565,193910.7553,117028.667,6.0337,,4.64999980781418,0.002677368000149727,strong,0.850000,0.32000,6,risk,,,
20250703,20250704,SZSE.000691,000691.SZ,亚太实业,3,0.0033131681848317385,,6,0.34043,20250703,-0.003577678930014372,0.004190252162516117,139975.91,32909.916,2.3578,,4.330000094618227,0.007767931092530489,strong,1.000000,0.32000,6,base,,,
20250703,20250704,SZSE.300097,300097.SZ,智云股份,4,0.0021094013936817646,,6,0.34043,20250703,0.0014408911811187863,0.0030052370857447386,148314.5299,22599.739,1.6335,,5.140000134298246,0.0015643459046259522,strong,1.000000,0.32000,6,quality,,,
20250703,20250704,SZSE.300165,300165.SZ,天瑞仪器,5,0.0012382110580801964,,6,0.34043,20250703,0.0003705070121213794,0.002625587396323681,189285.479,48399.404,3.0241,,3.8199999285679236,0.0022550803842023015,strong,1.000000,0.32000,6,risk,,,
20250704,20250707,SZSE.300849,300849.SZ,锦盛新材,1,0.03112838976085186,,6,0.28041,20250704,0.002501441165804863,0.013036636635661125,193500.0,133327.476,8.4458,,12.899999975846077,0.010535195469856262,strong,0.850000,0.32000,6,risk,,,
20250704,20250707,SHSE.600228,600228.SH,返利科技,2,0.002489121863618493,,6,0.32990,20250704,0.001491110073402524,0.0017744670622050762,187655.5697,64032.106,3.383,,4.499999814013722,0.0002833569888025522,strong,1.000000,0.32000,6,risk,,,
20250704,20250707,SZSE.300097,300097.SZ,智云股份,3,0.0022136513143777847,,6,0.32990,20250704,0.0014318511821329594,0.0030160164460539818,147737.4305,20280.967,1.4656,,5.120000133775685,0.0015841652639210224,strong,1.000000,0.32000,6,quality,,,
20250704,20250707,SZSE.300165,300165.SZ,天瑞仪器,4,0.0020550773479044437,,6,0.32990,20250704,0.0007836540462449193,0.0014463132247328758,186312.4086,39449.657,2.4717,,3.759999929689893,0.0006626591784879565,strong,1.000000,0.32000,6,risk,,,
20250704,20250707,SHSE.688565,688565.SH,力源科技,5,0.002000503009185195,,6,0.32990,20250704,0.0013830281095579267,0.004126023501157761,141345.12,30088.841,2.128,,9.41284122939495,0.002742995391599834,strong,1.000000,0.32000,6,base,,,
20250707,20250708,SZSE.300849,300849.SZ,锦盛新材,1,0.011148270219564438,,6,0.32000,20250707,-0.002698916010558605,0.013571420684456825,192900.0,61153.875,3.9137,,12.85999997592097,0.01627033669501543,strong,1.000000,0.32000,6,risk,,,
20250707,20250708,SZSE.000691,000691.SZ,亚太实业,2,0.002473782515153289,,6,0.32000,20250707,-0.002462038304656744,0.0063269371166825294,141268.99,19022.392,1.3551,,4.370000095492299,0.008788975421339273,strong,1.000000,0.32000,6,quality,,,
20250707,20250708,SHSE.688565,688565.SH,力源科技,3,0.002247523283585906,,6,0.32000,20250707,0.0017898348160088062,0.007614005357027054,141045.66,21312.055,1.5109,,9.39289876916318,0.005824170541018248,strong,1.000000,0.32000,6,quality,,,
20250707,20250708,SZSE.300097,300097.SZ,智云股份,4,0.0022136513143777847,,6,0.32000,20250707,0.0017780852504074574,0.006492428481578827,147737.4305,10745.161,0.7776,,5.120000133775685,0.0047143432311713696,strong,1.000000,0.32000,6,quality,,,
20250707,20250708,SHSE.600228,600228.SH,返利科技,5,0.002155719790607691,,6,0.32000,20250707,0.0012307907454669476,0.00267056399025023,190574.6563,41018.076,2.1808,,4.569999811120603,0.0014397732447832823,strong,1.000000,0.32000,6,risk,,,
20250708,20250709,SZSE.300849,300849.SZ,锦盛新材,1,0.011148270219564438,,6,0.32990,20250708,-0.0023110094480216503,0.010885276831686497,194250.0,79784.585,5.0849,,12.949999975752455,0.013196286279708147,strong,1.000000,0.32000,6,risk,,,
20250708,20250709,SHSE.600228,600228.SH,返利科技,2,0.002436635782942176,,6,0.28041,20250708,0.0003641895018517971,0.0021837670356035233,197663.8667,118426.579,6.0276,,4.739999804094455,0.0018195775337517262,strong,0.850000,0.32000,6,risk,,,
20250708,20250709,SHSE.688565,688565.SH,力源科技,3,0.002247523283585906,,6,0.32990,20250708,0.001408135169185698,0.00412899162620306,144040.26,24533.875,1.7278,,9.59232337148087,0.002720856457017362,strong,1.000000,0.32000,6,quality,,,
20250708,20250709,SZSE.300097,300097.SZ,智云股份,4,0.0022136513143777847,,6,0.32990,20250708,0.0015578072052448988,0.003040850395336747,148314.5299,15296.236,1.1051,,5.140000134298246,0.0014830431900918484,strong,1.000000,0.32000,6,quality,,,
20250708,20250709,SZSE.000691,000691.SZ,亚太实业,5,0.002063798950985074,,6,0.32990,20250708,0.002080693142488599,0.0032069047447293997,148380.93,80042.672,5.4094,,4.590000100299691,0.0011262116022408009,strong,1.000000,0.32000,6,base,,,
20250709,20250710,SZSE.300849,300849.SZ,锦盛新材,1,0.010939201340079308,,6,0.32000,20250709,-0.002753917593508959,0.006239868234843016,192450.0,66358.424,4.236,,12.829999975977143,0.008993785828351974,strong,1.000000,0.32000,6,risk,,,
20250709,20250710,SHSE.688565,688565.SH,力源科技,2,0.002496429020538926,,6,0.32000,20250709,0.0028141983784735203,0.007592553738504648,142243.5,17683.463,1.2373,,9.472668610090256,0.004778355360031128,strong,1.000000,0.32000,6,quality,,,
20250709,20250710,SHSE.600228,600228.SH,返利科技,3,0.0017995345406234264,,6,0.32000,20250709,0.001428777351975441,0.0052086287178099155,198080.8791,86645.523,4.3659,,4.749999803681152,0.0037798513658344746,strong,1.000000,0.32000,6,risk,,,
20250709,20250710,SHSE.600697,600697.SH,欧亚集团,4,0.0017904732376337051,,6,0.32000,20250709,0.0030242204666137695,0.006553641986101866,195837.4203,39642.641,2.0725,,12.309999783099661,0.0035294215194880962,strong,1.000000,0.32000,6,risk,,,
20250709,20250710,SZSE.300097,300097.SZ,智云股份,5,0.001701925415545702,,6,0.32000,20250709,0.002896340796723962,0.00706556485965848,146583.2319,26743.211,1.9424,,5.080000132730563,0.004169224062934518,strong,1.000000,0.32000,6,quality,,,
20250710,20250711,SZSE.300849,300849.SZ,锦盛新材,1,0.018791554495692253,,6,0.32000,20250710,-0.0033592241816222668,0.010580853559076786,193050.0,38007.636,2.4366,,12.869999975902248,0.013940077740699053,strong,1.000000,0.32000,6,risk,,,
20250710,20250711,SHSE.600697,600697.SH,欧亚集团,2,0.0026556001976132393,,6,0.32000,20250710,0.002191922627389431,0.007717811036854982,196791.9488,34422.124,1.7942,,12.369999782042468,0.005525888409465551,strong,1.000000,0.32000,6,risk,,,
20250710,20250711,SHSE.688565,688565.SH,力源科技,3,0.0025980754289776087,,6,0.32000,20250710,0.0017171878134831786,0.00889857579022646,143141.88,23589.332,1.6641,,9.532495990785563,0.007181387976743281,strong,1.000000,0.32000,6,quality,,,
20250710,20250711,SZSE.002652,002652.SZ,扬子新材,4,0.0020542775746434927,,6,0.32000,20250710,0.001309349900111556,0.007036156952381134,168981.12,33720.889,2.0018,,3.2999998999920477,0.005726807052269578,strong,1.000000,0.32000,6,base,,,
20250710,20250711,SZSE.300097,300097.SZ,智云股份,5,0.00194363365881145,,6,0.32000,20250710,0.0017993320943787694,0.007421375252306461,148025.9802,14536.749,1.0545,,5.130000134036965,0.005622043157927692,strong,1.000000,0.32000,6,quality,,,
20250711,20250714,SHSE.688565,688565.SH,力源科技,2,0.002463951939716935,,6,0.32000,20250711,0.0017141540301963687,0.007643502671271563,141644.58,28223.454,1.9943,,9.432783689626719,0.005929348641075194,strong,1.000000,0.32000,6,quality,,,
20250711,20250714,SHSE.600697,600697.SH,欧亚集团,3,0.0022217491641640663,,6,0.32000,20250711,0.0021153490524739027,0.008212576620280743,196632.8607,46435.402,2.419,,12.359999782218669,0.00609722756780684,strong,1.000000,0.32000,6,risk,,,
20250711,20250714,SZSE.002652,002652.SZ,扬子新材,4,0.0019201547838747501,,6,0.32000,20250711,0.0012711083982139826,0.005719492677599192,168981.12,33677.286,2.0061,,3.2999998999920477,0.004448384279385209,strong,1.000000,0.32000,6,base,,,
20250711,20250714,SZSE.300097,300097.SZ,智云股份,5,0.001701925415545702,,6,0.32000,20250711,0.001550690969452262,0.006088431924581528,147737.4305,12224.977,0.8863,,5.120000133775685,0.004537740955129266,strong,1.000000,0.32000,6,quality,,,
20250711,20250714,SZSE.300849,300849.SZ,锦盛新材,1,0.03676445782184601,,6,0.20600,20250711,-0.0004689894849434495,0.020454373210668564,192000.0,62225.536,4.0225,,12.799999976033316,0.020923362695612013,weak,1.000000,0.20600,6,risk,,,
20250714,20250715,SZSE.300849,300849.SZ,锦盛新材,1,0.03680743649601936,,6,0.32000,20250714,0.0011532551143318415,0.017981521785259247,189750.0,59133.977,3.842,,12.649999976314175,0.016828266670927405,strong,1.000000,0.32000,6,risk,,,
20250714,20250715,SHSE.600768,600768.SH,宁波富邦,2,0.01351927313953638,,6,0.32000,20250714,0.0038897269405424595,0.014637313783168793,160229.1456,65018.561,4.0784,,11.933723542282026,0.010747586842626333,strong,1.000000,0.32000,6,base,,,
20250714,20250715,SHSE.688565,688565.SH,力源科技,3,0.0025980754289776087,,6,0.32000,20250714,0.000939215999096632,0.011838166043162346,148831.62,38477.082,2.636,,9.911402735189172,0.010898950044065714,strong,1.000000,0.32000,6,base,,,
20250714,20250715,SHSE.600697,600697.SH,欧亚集团,4,0.002445689868181944,,6,0.32000,20250714,0.0013607677537947893,0.0071985190734267235,197905.5653,39116.027,2.0257,,12.43999978080908,0.005837751319631934,strong,1.000000,0.32000,6,risk,,,
20250714,20250715,SZSE.002652,002652.SZ,扬子新材,5,0.0020542775746434927,,6,0.32000,20250714,0.00048310309648513794,0.007505553774535656,173077.632,79542.674,4.6311,,3.3799998975676124,0.007022450678050518,strong,1.000000,0.32000,6,base,,,
20250715,20250716,SZSE.301037,301037.SZ,保立佳,2,0.0028200321830809116,,6,0.32000,20250715,0.001590273343026638,0.005669215228408575,184979.3576,32296.236,3.5846,,13.260000253897255,0.004078941885381937,strong,1.000000,0.32000,6,risk,,,
20250715,20250716,SHSE.688565,688565.SH,力源科技,3,0.002463951939716935,,6,0.32000,20250715,0.0014365328243002295,0.012216025963425636,145387.83,41947.264,2.8696,,9.682064442523831,0.010779493139125407,strong,1.000000,0.32000,6,base,,,
20250715,20250716,SHSE.688701,688701.SH,卓锦股份,4,0.002092784270644188,,6,0.32000,20250715,0.0013481448404490948,0.01253804937005043,110913.1093,18731.908,1.6806,,8.259999539381921,0.011189904529601336,strong,1.000000,0.32000,6,quality,,,
20250715,20250716,SZSE.300097,300097.SZ,智云股份,5,0.001701925415545702,,6,0.32000,20250715,0.0012769042514264584,0.010590629652142525,147737.4305,24042.487,1.73,,5.120000133775685,0.009313725400716066,strong,1.000000,0.32000,6,quality,,,
20250715,20250716,SZSE.300849,300849.SZ,锦盛新材,1,0.03876357153058052,,6,0.20600,20250715,0.0011422871612012386,0.021171770989894867,186750.0,59093.443,3.9021,,12.449999976688654,0.02002948382869363,weak,1.000000,0.20600,6,risk,,,
20250716,20250717,SZSE.300849,300849.SZ,锦盛新材,1,0.0388110987842083,,6,0.32000,20250716,0.0008437352953478694,0.019733373075723648,188400.0,40552.683,2.6604,,12.559999976482692,0.01888963778037578,strong,1.000000,0.32000,6,risk,,,
20250716,20250717,SHSE.600493,600493.SH,凤竹纺织,2,0.004305928014218807,,6,0.32000,20250716,0.0002531508216634393,0.007418943103402853,176800.0,42753.289,2.4244,,6.500000042320878,0.007165792281739414,strong,1.000000,0.32000,6,base,,,
20250716,20250717,SHSE.688565,688565.SH,力源科技,3,0.0025980754289776087,,6,0.32000,20250716,0.0018649568082764745,0.01341260876506567,144189.99,27525.139,1.9103,,9.602294601596755,0.011547651956789196,strong,1.000000,0.32000,6,quality,,,
20250716,20250717,SHSE.688701,688701.SH,卓锦股份,4,0.002247523283585906,,6,0.32000,20250716,0.0015479628928005695,0.013649670407176018,112121.6056,12418.32,1.1099,,8.34999953436308,0.012101707514375448,strong,1.000000,0.32000,6,quality,,,
20250716,20250717,SZSE.000691,000691.SZ,亚太实业,5,0.0018227044492959976,,6,0.32000,20250716,0.0001747101778164506,0.006214599125087261,169716.75,70611.908,4.1971,,5.250000114721869,0.006039888947270811,strong,1.000000,0.32000,6,base,,,
20250717,20250718,SZSE.300849,300849.SZ,锦盛新材,1,0.038740143179893494,,6,0.32990,20250717,-0.0011595782125368714,0.01713106408715248,190050.0,36485.328,2.3759,,12.669999976276728,0.018290642299689353,strong,1.000000,0.32000,6,risk,,,
20250717,20250718,SHSE.600493,600493.SH,凤竹纺织,2,0.007640731055289507,,6,0.32990,20250717,0.0015662761870771646,0.01332789659500122,179248.0,90400.686,5.005,,6.59000004290686,0.011761620407924056,strong,1.000000,0.32000,6,base,,,
20250717,20250718,SHSE.688565,688565.SH,力源科技,3,0.002463951939716935,,6,0.32990,20250717,0.0011813410092145205,0.006211703643202782,144938.64,23836.488,1.6404,,9.652150752176176,0.005030362633988261,strong,1.000000,0.32000,6,quality,,,
20250717,20250718,SHSE.688701,688701.SH,卓锦股份,4,0.00211340025998652,,6,0.32990,20250717,0.000623927335254848,0.0064715552143752575,113464.3793,10195.025,0.9005,,8.449999528786591,0.0058476278791204095,strong,1.000000,0.32000,6,quality,,,
20250717,20250718,SZSE.000691,000691.SZ,亚太实业,5,0.001616010908037424,,6,0.28041,20250717,-0.0006427840562537313,-0.000951667781919241,178121.77,153648.92,8.744,,5.510000120403332,0.0003088837256655097,strong,0.850000,0.32000,6,risk,,,
20250718,20250721,SZSE.300849,300849.SZ,锦盛新材,1,0.04693629592657089,,6,0.32000,20250718,0.0011935713700950146,0.018352821469306946,188850.0,34307.143,2.2394,,12.589999976426519,0.01715925009921193,strong,1.000000,0.32000,6,risk,,,
20250718,20250721,SZSE.300749,300749.SZ,顶固集创,2,0.004399890545755625,,6,0.32000,20250718,0.0017661344027146697,0.003908478654921055,176856.0228,24924.58,1.8485,,8.62,0.002142344252206385,strong,1.000000,0.32000,6,quality,,,
20250718,20250721,SZSE.002494,002494.SZ,华斯股份,3,0.0042128232307732105,,6,0.32000,20250718,-0.0006083495682105422,0.003975195344537497,192805.7769,37568.683,2.5765,,5.109999953089534,0.004583544912748039,strong,1.000000,0.32000,6,risk,,,
20250718,20250721,SHSE.688156,688156.SH,路德科技,4,0.003403525799512863,,6,0.32000,20250718,-0.002528080251067877,-0.0014648758806288242,197399.7477,55061.254,2.8355,,19.60000048484906,0.0010632043704390526,strong,1.000000,0.32000,6,risk,,,
20250718,20250721,SHSE.688701,688701.SH,卓锦股份,5,0.0026305539067834616,,6,0.32000,20250718,0.00035448698326945305,0.008005429990589619,115881.372,19641.344,1.7141,,8.62999951874891,0.007650943007320166,strong,1.000000,0.32000,6,quality,,,
20250721,20250722,SZSE.000608,000608.SZ,阳光股份,1,0.02722463570535183,,6,0.32000,20250721,0.0073105888441205025,0.010094857774674892,140983.7021,16613.233,1.189,,1.88,0.00278426893055439,strong,1.000000,0.32000,6,quality,,,
20250721,20250722,SZSE.300849,300849.SZ,锦盛新材,2,0.025070464238524437,,6,0.32000,20250721,-0.003160161431878805,0.007493376731872559,190950.0,45897.448,2.9814,,12.729999976164384,0.010653538163751364,strong,1.000000,0.32000,6,risk,,,
20250721,20250722,SZSE.300749,300749.SZ,顶固集创,3,0.004296130500733852,,6,0.32000,20250721,0.0008961311541497707,0.003644635435193777,178497.378,37929.452,2.7637,,8.7,0.0027485042810440063,strong,1.000000,0.32000,6,base,,,
20250721,20250722,SHSE.688701,688701.SH,卓锦股份,4,0.002496429020538926,,6,0.32000,20250721,7.861899212002754e-05,0.00612380588427186,122058.1311,36260.244,2.973,,9.089999493097055,0.006045186892151833,strong,1.000000,0.32000,6,base,,,
20250721,20250722,SHSE.688565,688565.SH,力源科技,5,0.0010870564728975296,,6,0.32000,20250721,-0.00014232040848582983,0.0020253537222743034,152275.41,55278.426,3.6333,,10.140741027854517,0.0021676741307601333,strong,1.000000,0.32000,6,base,,,
20250722,20250723,SZSE.300849,300849.SZ,锦盛新材,1,0.025355195626616478,,6,0.32990,20250722,-0.0019817939028143883,0.007610028143972158,192300.0,89543.777,5.7758,,12.819999975995866,0.009591822046786547,strong,1.000000,0.32000,6,risk,,,
20250722,20250723,SZSE.000691,000691.SZ,亚太实业,2,0.0027135189156979322,,6,0.28041,20250722,0.002048924332484603,0.0006062942557036877,172302.91,153164.228,8.929,,5.330000116470012,0.0014426300767809153,strong,0.850000,0.32000,6,risk,,,
20250722,20250723,SHSE.688701,688701.SH,卓锦股份,3,0.002496429020538926,,6,0.32990,20250722,0.0017940937541425228,0.005865837447345257,122460.9633,26902.4,2.2003,,9.119999491424107,0.004071743693202734,strong,1.000000,0.32000,6,base,,,
20250722,20250723,SZSE.300749,300749.SZ,顶固集创,4,0.0024168433155864477,,6,0.32990,20250722,0.0029085311107337475,0.0012874538078904152,178292.2086,29838.654,2.1778,,8.69,0.0016210773028433323,strong,1.000000,0.32000,6,base,,,
20250722,20250723,SHSE.688659,688659.SH,元琛科技,5,0.0010932395234704018,,6,0.32990,20250722,0.0014671329408884048,0.004913095850497484,145440.0,25382.32,1.7331,,9.089999601332408,0.0034459629096090794,strong,1.000000,0.32000,6,quality,,,
20250723,20250724,SZSE.300849,300849.SZ,锦盛新材,1,0.021756350994110107,,6,0.32000,20250723,0.004106299486011267,0.014052520506083965,190350.0,46207.38,2.9948,,12.689999976239278,0.009946221020072699,strong,1.000000,0.32000,6,risk,,,
20250723,20250724,SHSE.688701,688701.SH,卓锦股份,2,0.003161586821079254,,6,0.32000,20250723,0.002093904186040163,0.005927321035414934,121655.299,18855.674,1.5454,,9.059999494770002,0.003833416849374771,strong,1.000000,0.32000,6,quality,,,
20250723,20250724,SZSE.000691,000691.SZ,亚太实业,3,0.003001987934112549,,6,0.32000,20250723,0.002589982934296131,0.0008734120056033134,168423.67,95129.964,5.6054,,5.210000113847798,0.0017165709286928177,strong,1.000000,0.32000,6,base,,,
20250723,20250724,SZSE.300749,300749.SZ,顶固集创,4,0.0017933589406311512,,6,0.32000,20250723,0.0010286351898685098,-0.0004586256109178066,177881.8698,27093.229,1.9778,,8.67,0.0014872608007863164,strong,1.000000,0.32000,6,quality,,,
20250723,20250724,SHSE.688659,688659.SH,元琛科技,5,0.0010726237669587135,,6,0.32000,20250723,0.001885889796540141,0.004913095850497484,144480.0,25223.281,1.7417,,9.029999603963876,0.003027206053957343,strong,1.000000,0.32000,6,quality,,,
20250724,20250725,SZSE.300849,300849.SZ,锦盛新材,1,0.015857432037591934,,6,0.32000,20250724,0.001666205353103578,0.01227935217320919,190950.0,37688.563,2.442,,12.729999976164384,0.010613146820105612,strong,1.000000,0.32000,6,risk,,,
20250724,20250725,SHSE.688701,688701.SH,卓锦股份,2,0.003030724823474884,,6,0.32000,20250724,0.00044364354107528925,0.005843920633196831,122729.518,17410.953,1.4187,,9.13999949030881,0.0054002770921215415,strong,1.000000,0.32000,6,quality,,,
20250724,20250725,SZSE.000691,000691.SZ,亚太实业,3,0.0023576763924211264,,6,0.32000,20250724,5.976005923002958e-05,0.0008734120056033134,176828.69,50166.922,2.8794,,5.470000119529262,0.0008136519463732839,strong,1.000000,0.32000,6,base,,,
20250724,20250725,SZSE.300749,300749.SZ,顶固集创,4,0.0017873314209282398,,6,0.32000,20250724,-0.001352795516140759,-0.0010426533408463001,179728.3944,31814.109,2.308,,8.76,0.00031014217529445887,strong,1.000000,0.32000,6,base,,,
20250724,20250725,SHSE.688565,688565.SH,力源科技,5,0.0012218048796057701,,6,0.32000,20250724,0.00021689594723284245,0.0009803157299757004,153473.25,30699.404,2.0116,,10.220510868781592,0.0007634197827428579,strong,1.000000,0.32000,6,base,,,
20250725,20250728,SZSE.300849,300849.SZ,锦盛新材,1,0.013363495469093323,,6,0.32990,20250725,-0.0015456940745934844,0.004669138230383396,189150.0,43499.341,2.8305,,12.60999997638907,0.0062148323049768806,strong,1.000000,0.32000,6,risk,,,
20250725,20250728,SHSE.688701,688701.SH,卓锦股份,2,0.0032546627335250378,,6,0.32990,20250725,5.146919284015894e-05,0.005898965056985617,122863.7954,22862.175,1.8606,,9.149999489751162,0.005847495864145458,strong,1.000000,0.32000,6,quality,,,
20250725,20250728,SZSE.000691,000691.SZ,亚太实业,3,0.0025496131274849176,,6,0.28041,20250725,-4.1040126234292984e-05,-0.0005608135834336281,183617.36,143112.228,7.8015,,5.680000124118136,0.0005197734571993351,strong,0.850000,0.32000,6,risk,,,
20250725,20250728,SHSE.688565,688565.SH,力源科技,4,0.0012218048796057701,,6,0.32990,20250725,0.00020550983026623726,0.0008539529517292976,152874.33,30333.19,1.9739,,10.180625948318054,0.0006484431214630604,strong,1.000000,0.32000,6,quality,,,
20250725,20250728,SZSE.002200,002200.SZ,交投生态,5,0.00106529938057065,,6,0.32990,20250725,-0.0011754155857488513,0.0035143583081662655,137179.0031,27473.163,2.0244,,7.450000234871856,0.004689773893915117,strong,1.000000,0.32000,6,base,,,
20250728,20250729,SZSE.300163,300163.SZ,先锋新材,1,0.07961487770080566,,6,0.28041,20250728,-0.0038061742670834064,0.007167455740272999,160686.0,194290.25,13.6575,,3.39000012622372,0.010973630007356405,strong,0.850000,0.32000,6,risk,,,
20250728,20250729,SZSE.000608,000608.SZ,阳光股份,2,0.02671794779598713,,6,0.32990,20250728,0.005272880662232637,0.01062301266938448,137234.1355,14721.984,1.0819,,1.83,0.005350132007151842,strong,1.000000,0.32000,6,quality,,,
20250728,20250729,SZSE.300849,300849.SZ,锦盛新材,3,0.0126357926055789,,6,0.32990,20250728,-0.0015857949620112777,0.0042650941759347916,190200.0,29420.299,1.9138,,12.679999976258005,0.005850889137946069,strong,1.000000,0.32000,6,risk,,,
20250728,20250729,SZSE.000691,000691.SZ,亚太实业,4,0.009129317477345467,,6,0.32990,20250728,0.00013642432168126106,0.0031389473006129265,192668.92,44602.04,2.3469,,5.9600001302366366,0.0030025229789316654,strong,1.000000,0.32000,6,risk,,,
20250728,20250729,SHSE.688701,688701.SH,卓锦股份,5,0.0032546627335250378,,6,0.32990,20250728,2.8759590350091457e-05,0.0059352717362344265,123535.1822,19571.606,1.5875,,9.199999486962916,0.005906512145884335,strong,1.000000,0.32000,6,quality,,,
20250729,20250730,SZSE.300163,300163.SZ,先锋新材,1,0.017683889716863632,,6,0.28041,20250729,-0.0010484353406354785,0.007535974495112896,160686.0,117240.77,8.227,,3.39000012622372,0.008584409835748374,strong,0.850000,0.32000,6,risk,,,
20250729,20250730,SHSE.688701,688701.SH,卓锦股份,2,0.006574032362550497,,6,0.32990,20250729,0.001714983955025673,0.009519804269075394,122058.1311,18546.918,1.5221,,9.089999493097055,0.007804820314049721,strong,1.000000,0.32000,6,quality,,,
20250729,20250730,SZSE.301010,301010.SZ,晶雪节能,3,0.0032085301354527473,,6,0.32990,20250729,-0.0018867688486352563,-0.01124124601483345,198828.0,51176.444,2.5879,,18.409999936082443,0.009354477166198194,strong,1.000000,0.32000,6,risk,,,
20250729,20250730,SZSE.002200,002200.SZ,交投生态,4,0.0014192741364240646,,6,0.32990,20250729,-0.001706578186713159,0.003509384347125888,134601.1426,22302.414,1.6486,,7.310000230458157,0.005215962533839047,strong,1.000000,0.32000,6,quality,,,
20250729,20250730,SHSE.688565,688565.SH,力源科技,5,0.0012218048796057701,,6,0.32990,20250729,0.0011854278855025768,0.0007127150893211365,154671.09,35628.574,2.3245,,10.300280709708668,0.00047271279618144035,strong,1.000000,0.32000,6,base,,,
20250730,20250731,SZSE.300163,300163.SZ,先锋新材,1,0.010547682642936707,,6,0.32000,20250730,-0.0017885776469483972,-0.0016976273618638515,159264.0,83604.825,5.8603,,3.360000125106696,9.095028508454561e-05,strong,1.000000,0.32000,6,base,,,
20250730,20250731,SZSE.301010,301010.SZ,晶雪节能,2,0.008852692320942879,,6,0.32000,20250730,-0.003340270835906267,-0.01503344438970089,196128.0,47799.753,2.4371,,18.159999936950417,0.011693173553794622,strong,1.000000,0.32000,6,risk,,,
20250730,20250731,SHSE.688701,688701.SH,卓锦股份,3,0.006480961572378874,,6,0.32000,20250730,0.0023088844027370214,0.009732097387313843,122192.4085,24896.696,2.0454,,9.099999492539405,0.007423212984576821,strong,1.000000,0.32000,6,base,,,
20250730,20250731,SZSE.000691,000691.SZ,亚太实业,4,0.003786832094192505,,6,0.32000,20250730,0.0029738652519881725,0.0039728726260364056,195578.35,103338.754,5.2346,,6.050000132203297,0.000999007374048233,strong,1.000000,0.32000,6,risk,,,
20250730,20250731,SZSE.000692,000692.SZ,惠天热电,5,0.0035753396805375814,,6,0.32000,20250730,-0.0036236257292330265,-0.010550936684012413,196615.3681,32902.893,1.6788,,3.68999987297903,0.0069273109547793865,strong,1.000000,0.32000,6,risk,,,
20250731,20250801,SHSE.688701,688701.SH,卓锦股份,2,0.005815791431814432,,6,0.34210,20250731,0.0021681697107851505,0.009498286060988903,120446.8027,20230.258,1.6635,,8.969999499788845,0.0073301163502037525,strong,1.000000,0.32000,6,quality,,,
20250731,20250801,SZSE.300163,300163.SZ,先锋新材,3,0.0042201499454677105,,6,0.29079,20250731,0.0005595871480181813,0.004151512868702412,155472.0,101915.811,7.1949,,3.280000122127965,0.0035919257206842303,strong,0.850000,0.32000,6,risk,,,
20250731,20250801,SZSE.300405,300405.SZ,科隆股份,4,0.004040650557726622,,6,0.29079,20250731,0.0016158667858690023,-0.0013092504814267159,178586.0374,91885.414,6.6373,,6.279999943793877,0.002925117267295718,strong,0.850000,0.32000,6,risk,,,
20250731,20250801,SHSE.688485,688485.SH,九州一轨,5,0.0034196225460618734,,6,0.34210,20250731,0.0005153997335582972,0.001374775543808937,177645.2173,22216.994,2.1239,,11.82000030579819,0.0008593758102506399,strong,1.000000,0.32000,6,base,,,
20250731,20250801,SZSE.301010,301010.SZ,晶雪节能,1,0.007614876609295607,,6,0.22023,20250731,-0.0029939059168100357,-0.024376394227147102,194508.0,44897.126,2.2874,,18.0099999374712,0.021382488310337067,weak,1.000000,0.20600,6,risk,,,
20250801,20250804,SHSE.688701,688701.SH,卓锦股份,1,0.005185740068554878,,6,0.32000,20250801,-0.000452448264695704,0.0091700479388237,124877.956,30438.746,2.4777,,9.299999481386426,0.009622496203519404,strong,1.000000,0.32000,6,base,,,
20250801,20250804,SZSE.300163,300163.SZ,先锋新材,2,0.004235019441694021,,6,0.32000,20250801,-0.0012725709239020944,0.004367548506706953,157368.0,69756.707,4.9455,,3.3200001236173304,0.005640119430609047,strong,1.000000,0.32000,6,base,,,
20250801,20250804,SHSE.688485,688485.SH,九州一轨,3,0.0033826844301074743,,6,0.32000,20250801,-0.0014280882896855474,0.0012320391833782196,178546.9697,16725.733,1.5962,,11.880000307350466,0.002660127473063767,strong,1.000000,0.32000,6,quality,,,
20250801,20250804,SZSE.002200,002200.SZ,交投生态,5,0.003105355193838477,,6,0.32000,20250801,-0.0006567650707438588,0.005845638923346996,136258.3386,21127.315,1.5587,,7.400000233295536,0.006502403994090855,strong,1.000000,0.32000,6,quality,,,
20250801,20250804,SZSE.000692,000692.SZ,惠天热电,4,0.003197734011337161,,6,0.20600,20250801,-0.00612668227404356,-0.02757076546549797,196082.5352,33164.764,1.6934,,3.679999873323261,0.02144408319145441,weak,1.000000,0.20600,6,risk,,,
20250804,20250805,SZSE.300163,300163.SZ,先锋新材,1,0.005095236003398895,,6,0.32000,20250804,-0.0037679322995245457,0.0040282923728227615,157842.0,62724.592,4.4303,,3.3300001239896724,0.007796224672347307,strong,1.000000,0.32000,6,base,,,
20250804,20250805,SZSE.002200,002200.SZ,交投生态,2,0.003105355193838477,,6,0.32000,20250804,-0.0033363928087055683,0.005213337950408459,132759.8137,56006.88,4.1976,,7.210000227305516,0.008549730759114027,strong,1.000000,0.32000,6,base,,,
20250804,20250805,SHSE.688701,688701.SH,卓锦股份,3,0.0013873246498405933,,6,0.32000,20250804,-0.0009422287112101912,0.006512725725769997,127966.3355,27068.163,2.1393,,9.529999468560497,0.007454954436980188,strong,1.000000,0.32000,6,base,,,
20250804,20250805,SZSE.300849,300849.SZ,锦盛新材,4,0.00122902262955904,,6,0.32000,20250804,-0.00424994807690382,-0.0029088547453284264,197250.0,47583.212,2.9833,,13.149999975377979,0.0013410933315753937,strong,1.000000,0.32000,6,risk,,,
20250804,20250805,SHSE.688659,688659.SH,元琛科技,5,0.0008805827237665653,,6,0.32000,20250804,-0.0012497099814936519,0.0036223088391125202,153760.0,34590.071,2.2733,,9.609999578526342,0.004872018820606172,strong,1.000000,0.32000,6,base,,,
20250805,20250806,SZSE.300163,300163.SZ,先锋新材,1,0.003802436636760831,,6,0.28041,20250805,-0.0038146679289638996,-0.0022367648780345917,161160.0,90070.891,6.2559,,3.4000001265960615,0.001577903050929308,strong,0.850000,0.32000,6,risk,,,
20250805,20250806,SZSE.002200,002200.SZ,交投生态,2,0.0014295321889221668,,6,0.32990,20250805,-0.003903134260326624,0.002912341384217143,133680.4781,21917.781,1.6472,,7.260000228881836,0.006815475644543767,strong,1.000000,0.32000,6,quality,,,
20250805,20250806,SHSE.688701,688701.SH,卓锦股份,3,-0.00042262859642505646,,6,0.32990,20250805,-0.0006464218022301793,0.004106120206415653,130517.6056,38582.63,2.9921,,9.71999945796517,0.0047525420086458325,strong,1.000000,0.32000,6,base,,,
20250805,20250806,SZSE.300849,300849.SZ,锦盛新材,4,-0.0009823148138821125,,6,0.32990,20250805,-0.006002865731716156,-0.004292547702789307,198450.0,55268.06,3.4618,,13.229999975228186,0.0017103180289268494,strong,1.000000,0.32000,6,risk,,,
20250805,20250806,SHSE.600228,600228.SH,返利科技,5,-0.0010839318856596947,,6,0.32990,20250805,-0.0044716401025652885,-0.004024328663945198,175562.2107,31356.259,1.7719,,4.209999825999505,0.0004473114386200905,strong,1.000000,0.32000,6,quality,,,
20250806,20250807,SZSE.300163,300163.SZ,先锋新材,1,0.003802436636760831,,6,0.32000,20250806,-0.0045668683014810085,-0.010487876832485199,160686.0,78726.097,5.4745,,3.39000012622372,0.0059210085310041904,strong,1.000000,0.32000,6,base,,,
20250806,20250807,SZSE.002200,002200.SZ,交投生态,2,0.0019285725429654121,,6,0.32000,20250806,-0.003312674816697836,-0.005227173678576946,135521.807,27439.264,2.0346,,7.360000232034478,0.0019144988618791103,strong,1.000000,0.32000,6,base,,,
20250806,20250807,SHSE.600847,600847.SH,万里股份,3,0.0012525208294391632,,6,0.32000,20250806,-0.001404956099577248,-0.01172652654349804,178886.3958,27932.404,1.5686,,11.669999928274677,0.010321570443920791,strong,1.000000,0.32000,6,quality,,,
20250806,20250807,SHSE.688701,688701.SH,卓锦股份,4,-0.00046997563913464546,,6,0.32000,20250806,-0.00028338434640318155,-0.004498272202908993,129846.2187,29671.113,2.2832,,9.669999460753411,0.004214887856505811,strong,1.000000,0.32000,6,base,,,
20250806,20250807,SHSE.600228,600228.SH,返利科技,5,-0.0013078735210001469,,6,0.32000,20250806,-0.002839235123246908,-0.012823609635233879,177647.2726,25341.677,1.4452,,4.25999982393299,0.009984374511986971,strong,1.000000,0.32000,6,quality,,,
20250807,20250808,SHSE.600847,600847.SH,万里股份,1,0.044437017291784286,,6,0.32990,20250807,-0.001622855314053595,-0.008013274520635605,177506.8092,30498.184,1.7125,,11.579999928827828,0.00639041920658201,strong,1.000000,0.32000,6,quality,,,
20250807,20250808,SZSE.300163,300163.SZ,先锋新材,2,0.004301477689296007,,6,0.32990,20250807,-0.004507219418883324,-0.010384714230895042,160686.0,70880.438,4.9105,,3.39000012622372,0.005877494812011719,strong,1.000000,0.32000,6,base,,,
20250807,20250808,SZSE.002200,002200.SZ,交投生态,3,0.0019922808278352022,,6,0.32990,20250807,-0.0024318653158843517,-0.0019817142747342587,136258.3386,19522.634,1.4368,,7.400000233295536,0.0004501510411500931,strong,1.000000,0.32000,6,quality,,,
20250807,20250808,SZSE.002652,002652.SZ,扬子新材,4,0.001054416410624981,,6,0.28041,20250807,0.000284103793092072,-0.006841563619673252,199704.96,146076.8,7.3099,,3.8999998818087835,0.007125667412765324,strong,0.850000,0.32000,6,risk,,,
20250807,20250808,SHSE.688701,688701.SH,卓锦股份,5,-0.00046997563913464546,,6,0.32990,20250807,-0.00033687439281493425,-0.004498272202908993,131726.1019,43296.155,3.2822,,9.809999452946325,0.0041613978100940585,strong,1.000000,0.32000,6,base,,,
20250808,20250811,SZSE.300163,300163.SZ,先锋新材,1,0.004601417109370232,,6,0.32000,20250808,-0.004352864343672991,-0.00956187304109335,159264.0,57795.765,4.0482,,3.360000125106696,0.005209008697420359,strong,1.000000,0.32000,6,base,,,
20250808,20250811,SZSE.002200,002200.SZ,交投生态,2,0.0017683431506156921,,6,0.32000,20250808,-0.0010114709148183465,-0.0018740994855761528,137547.2688,20433.556,1.4996,,7.470000235502385,0.0008626285707578063,strong,1.000000,0.32000,6,quality,,,
20250808,20250811,SZSE.002652,002652.SZ,扬子新材,3,0.0005449247546494007,,6,0.32000,20250808,0.00042834749910980463,-0.007292993366718292,199192.896,97832.29,4.9381,,3.889999882111838,0.007721340865828097,strong,1.000000,0.32000,6,risk,,,
20250808,20250811,SHSE.688701,688701.SH,卓锦股份,4,-0.0004957849159836769,,6,0.32000,20250808,-0.00030833377968519926,-0.004622745327651501,132666.0435,25500.143,1.932,,9.879999449042785,0.0043144115479663014,strong,1.000000,0.32000,6,quality,,,
20250808,20250811,SZSE.000668,000668.SZ,荣丰控股,5,-0.000548939686268568,,6,0.32000,20250808,-0.00018108927179127932,-0.004507055506110191,137297.1672,23988.121,1.7435,,9.349999825159708,0.004325966234318912,strong,1.000000,0.32000,6,quality,,,
20250811,20250812,SZSE.300163,300163.SZ,先锋新材,1,0.005030356347560883,,6,0.32000,20250811,-0.0042510745115578175,-0.009287334978580475,160212.0,69691.333,4.8431,,3.3800001258513785,0.005036260467022657,strong,1.000000,0.32000,6,base,,,
20250811,20250812,SZSE.002200,002200.SZ,交投生态,2,0.0022515698801726103,,6,0.32000,20250811,-0.0001802182523533702,-0.0019310861825942993,140125.1293,46614.235,3.3457,,7.610000239916085,0.0017508679302409291,strong,1.000000,0.32000,6,base,,,
20250811,20250812,SHSE.688021,688021.SH,奥福科技,3,0.0022098326589912176,,6,0.32000,20250811,0.0022903543431311846,-0.006729956716299057,150305.7813,51078.996,3.4261,,19.670000532815322,0.009020311059430242,strong,1.000000,0.32000,6,base,,,
20250811,20250812,SZSE.000608,000608.SZ,阳光股份,4,0.0010769483633339405,,6,0.32000,20250811,-0.0015293165342882276,-0.009124381467700005,138733.9622,13654.997,0.9916,,1.85,0.007595064933411777,strong,1.000000,0.32000,6,quality,,,
20250811,20250812,SHSE.688701,688701.SH,卓锦股份,5,-0.0006751241162419319,,6,0.32000,20250811,-0.00045775657054036856,-0.005112998187541962,138439.9705,64553.285,4.7191,,10.309999425063875,0.004655241617001593,strong,1.000000,0.32000,6,base,,,
20250812,20250813,SZSE.300163,300163.SZ,先锋新材,1,0.0008310186676681042,,6,0.32000,20250812,-0.0249925646930933,-0.010463668033480644,160212.0,68243.875,4.7599,,3.3800001258513785,0.014528896659612656,strong,1.000000,0.32000,6,base,,,
20250812,20250813,SZSE.000608,000608.SZ,阳光股份,2,-0.0014203381724655628,,6,0.32000,20250812,-0.020798897370696068,-0.003594723530113697,138733.9622,19250.106,1.3949,,1.85,0.01720417384058237,strong,1.000000,0.32000,6,quality,,,
20250812,20250813,SZSE.002200,002200.SZ,交投生态,3,-0.003300350159406662,,6,0.32000,20250812,-0.020940475165843964,-0.004056122153997421,138467.9333,31179.172,2.2458,,7.520000237078706,0.016884353011846542,strong,1.000000,0.32000,6,base,,,
20250812,20250813,SZSE.300268,300268.SZ,佳沃食品,4,-0.004026216454803944,,6,0.42000,20250812,-0.02402404136955738,-0.013595707714557648,182735.8,9292.562,0.6644,,10.489999743359514,0.010428333654999733,strong,1.000000,0.42000,6,risk,,,
20250812,20250813,SZSE.300097,300097.SZ,智云股份,5,-0.0075834281742572784,,6,0.32000,20250812,-0.020738549530506134,-0.012977281585335732,154662.6226,21326.81,1.4804,,5.360000140046421,0.0077612679451704025,strong,1.000000,0.32000,6,quality,,,
20250813,20250814,SZSE.300268,300268.SZ,佳沃食品,3,-0.003931061364710331,,6,0.32000,20250813,-0.027754731476306915,-0.011502332985401154,180993.8,13426.996,0.9634,,10.389999745806039,0.01625239849090576,strong,1.000000,0.32000,6,risk,,,
20250813,20250814,SZSE.002200,002200.SZ,交投生态,4,-0.00420744065195322,,6,0.32000,20250813,-0.02592671662569046,-0.0062310341745615005,135890.0728,29592.932,2.1591,,7.380000232665007,0.01969568245112896,strong,1.000000,0.32000,6,base,,,
20250813,20250814,SZSE.301098,301098.SZ,金埔园林,5,-0.005747546441853046,,6,0.32000,20250813,-0.021503733471035957,-0.014217479154467583,181175.9346,55233.291,3.7228,,9.85000018860392,0.007286254316568375,strong,1.000000,0.32000,6,risk,,,
20250813,20250814,SZSE.300163,300163.SZ,先锋新材,1,0.0009240885265171528,,6,0.20600,20250813,-0.028064684942364693,-0.0064525725319981575,158316.0,66178.564,4.64,,3.3400001243620134,0.021612112410366535,weak,1.000000,0.20600,6,base,,,
20250813,20250814,SZSE.000608,000608.SZ,阳光股份,2,-0.0028557581827044487,,6,0.20600,20250813,-0.023874320089817047,-0.003130147233605385,137984.0489,18853.226,1.3726,,1.8400000000000003,0.020744172856211662,weak,1.000000,0.20600,6,quality,,,
20250814,20250815,SZSE.300948,300948.SZ,冠中生态,1,0.006261945702135563,,6,0.32903,20250814,-0.015416511334478855,-0.020496318116784096,160895.0767,33465.88,2.1991,,11.49000001438965,0.005079806782305241,strong,1.000000,0.32000,6,base,,,
20250814,20250815,SZSE.300268,300268.SZ,佳沃食品,4,-0.004026216454803944,,6,0.32903,20250814,-0.02730686590075493,-0.013532951474189758,182039.0,20842.588,1.4783,,10.449999744338122,0.01377391442656517,strong,1.000000,0.32000,6,risk,,,
20250814,20250815,SZSE.300163,300163.SZ,先锋新材,2,0.0013386690989136696,,6,0.18004,20250814,-0.02894846349954605,-0.007377875968813896,153102.0,85564.513,6.1086,,3.2300001202662583,0.021570587530732155,weak,0.850000,0.20600,6,risk,,,
20250814,20250815,SZSE.000608,000608.SZ,阳光股份,3,-0.0030334023758769035,,6,0.14395,20250814,-0.028381703421473503,-0.0062993718311190605,133484.569,28990.376,2.1588,,1.7800000000000002,0.022082331590354443,weak,1.000000,0.14000,6,base,,,
20250814,20250815,SZSE.002200,002200.SZ,交投生态,5,-0.004247111268341541,,6,0.14395,20250814,-0.02919442020356655,-0.008290854282677174,132943.9466,33645.19,2.5043,,7.220000227620779,0.020903565920889378,weak,1.000000,0.14000,6,base,,,
20250815,20250818,SHSE.688450,688450.SH,光格科技,1,0.024856548756361008,,6,0.32000,20250815,-0.024052515625953674,-0.0271744467318058,196152.0,31181.923,2.1397,,29.720000387762635,0.003121931105852127,strong,1.000000,0.32000,6,risk,,,
20250815,20250818,SZSE.002200,002200.SZ,交投生态,4,-0.006430424749851227,,6,0.32000,20250815,-0.028864823281764984,-0.009615003131330013,133864.611,19603.888,1.4643,,7.2700002291971,0.01924982015043497,strong,1.000000,0.32000,6,quality,,,
20250815,20250818,SZSE.301098,301098.SZ,金埔园林,5,-0.008165208622813225,,6,0.32000,20250815,-0.02148587629199028,-0.016171542927622795,177497.2354,62960.211,4.3569,,9.650000184774399,0.005314333364367485,strong,1.000000,0.32000,6,base,,,
20250815,20250818,SZSE.300163,300163.SZ,先锋新材,2,0.0016052965074777603,,6,0.20600,20250815,-0.028262373059988022,-0.007125707343220711,153576.0,58671.757,4.2431,,3.2400001206386,0.02113666571676731,weak,1.000000,0.20600,6,base,,,
20250815,20250818,SZSE.000608,000608.SZ,阳光股份,3,-0.0016751047223806381,,6,0.14000,20250815,-0.023920763283967972,-0.003150138072669506,137984.0489,23864.786,1.7641,,1.8400000000000003,0.020770625211298466,weak,1.000000,0.14000,6,quality,,,
20250818,20250819,SZSE.300849,300849.SZ,锦盛新材,1,0.23079773783683777,,6,0.20600,20250818,-0.007621371187269688,-0.10544439405202866,199650.0,72634.672,4.5323,,13.309999975078394,0.09782302286475897,weak,1.000000,0.20600,6,risk,,,
20250818,20250819,SHSE.600228,600228.SH,返利科技,2,0.23058556020259857,,6,0.20600,20250818,-0.006899135187268257,-0.10698272287845612,190991.6687,53569.563,2.7828,,4.5799998107073,0.10008358769118786,weak,1.000000,0.20600,6,risk,,,
20250818,20250819,SHSE.603356,603356.SH,华菱精工,3,0.230337992310524,,6,0.14000,20250818,0.029543593525886536,-0.023803234100341797,178408.92,95669.295,5.2908,,13.37999990117977,0.05334682762622833,weak,1.000000,0.14000,6,base,,,
20250818,20250819,SZSE.000692,000692.SZ,惠天热电,4,0.22891591489315033,,6,0.20600,20250818,-0.015036522410809994,-0.10653332620859146,191287.0384,41999.509,2.1856,,3.589999876421333,0.09149680379778147,weak,1.000000,0.20600,6,risk,,,
20250818,20250819,SZSE.002910,002910.SZ,庄园牧场,5,0.22831809520721436,,6,0.14000,20250818,-0.014971294440329075,-0.0988050252199173,192801.7961,76822.79,4.5156,,9.859999770652959,0.08383373077958822,weak,1.000000,0.14000,6,risk,,,
20250903,20250904,SZSE.002513,002513.SZ,蓝丰生化,2,0.4252754747867584,,6,0.20600,20250903,0.0069437287747859955,0.05816428363323212,190267.1009,47839.746,3.5267,,5.069999909169001,0.05122055485844612,weak,1.000000,0.20600,6,risk,,,
20250903,20250904,SZSE.000692,000692.SZ,惠天热电,3,0.42503640055656433,,6,0.14000,20250903,0.007107133977115154,0.05926429480314255,189155.7065,39045.096,2.0504,,3.549999877798254,0.05215716082602739,weak,1.000000,0.14000,6,risk,,,
20250903,20250904,SZSE.002494,002494.SZ,华斯股份,4,0.42441537976264954,,6,0.20600,20250903,0.011968753300607204,0.058806125074625015,181109.1446,52179.067,3.7298,,4.799999955935374,0.04683737177401781,weak,1.000000,0.20600,6,risk,,,
20250903,20250904,SZSE.300268,300268.SZ,佳沃食品,5,0.4239429831504822,,6,0.42000,20250903,0.0199635811150074,0.06291134655475616,185174.6,9201.515,0.6473,,10.629999739934378,0.042947765439748764,weak,1.000000,0.42000,6,risk,,,
20250904,20250905,SHSE.688701,688701.SH,卓锦股份,1,0.02027006447315216,,6,0.21334,20250904,-0.004644556902348995,0.029728040099143982,113732.9341,27821.719,2.4028,,8.469999527671295,0.03437259700149298,weak,1.000000,0.20600,6,base,,,
20250904,20250905,SZSE.300929,300929.SZ,华骐环保,2,0.01894407719373703,,6,0.21334,20250904,-0.0030792232137173414,0.030929485335946083,140457.3322,53446.606,3.9472,,10.630000285424575,0.034008708549663424,weak,1.000000,0.20600,6,base,,,
20250904,20250905,SZSE.002848,002848.SZ,高斯贝尔,3,0.017651459202170372,,6,0.14499,20250904,0.0007815764984115958,0.03137478604912758,150769.3,39090.491,2.5966,,9.019999768205746,0.030593209550715983,weak,1.000000,0.14000,6,base,,,
20250904,20250905,SZSE.002494,002494.SZ,华斯股份,4,0.017361752688884735,,6,0.18134,20250904,0.002179886447265744,0.030684644356369972,187146.1161,96205.542,6.7341,,4.959999954466553,0.028504757909104228,weak,0.850000,0.20600,6,risk,,,
20250904,20250905,SZSE.002513,002513.SZ,蓝丰生化,5,0.01623937301337719,,6,0.14499,20250904,-0.0021945161279290915,0.02863524667918682,193269.3432,59039.31,4.3327,,5.149999907735769,0.030829762807115912,weak,1.000000,0.14000,6,risk,,,
20250905,20250908,SHSE.688701,688701.SH,卓锦股份,1,0.02027006447315216,,6,0.20600,20250905,0.001088612014427781,0.02937914989888668,115747.0947,24695.232,2.1434,,8.619999519306557,0.0282905378844589,weak,1.000000,0.20600,6,base,,,
20250905,20250908,SZSE.002848,002848.SZ,高斯贝尔,2,0.017651459202170372,,6,0.20600,20250905,0.005824776832014322,0.03102654404938221,150435.0,37204.704,2.5229,,8.999999768719702,0.025201767217367887,weak,1.000000,0.20600,6,base,,,
20250905,20250908,SZSE.002494,002494.SZ,华斯股份,3,0.017361752688884735,,6,0.14000,20250905,0.007206873968243599,0.030356241390109062,186768.8054,54557.444,3.8689,,4.949999954558354,0.023149367421865463,weak,1.000000,0.14000,6,risk,,,
20250905,20250908,SZSE.300929,300929.SZ,华骐环保,4,0.016701707616448402,,6,0.20600,20250905,0.0028472503181546926,0.029991211369633675,142307.1936,40777.891,3.0086,,10.770000289183693,0.027143961051478982,weak,1.000000,0.20600,6,base,,,
20250905,20250908,SHSE.688367,688367.SH,工大高科,5,0.016300087794661522,,6,0.14000,20250905,0.005895212292671204,0.029040664434432983,176738.8182,87565.365,5.1122,,20.17000078603499,0.02314545214176178,weak,1.000000,0.14000,6,base,,,
20250908,20250909,SZSE.002848,002848.SZ,高斯贝尔,2,0.13537798821926117,,6,0.28108,20250908,0.005702365189790726,0.024994561448693275,147426.3,94802.054,6.4931,,8.819999773345309,0.01929219625890255,strong,0.850000,0.32000,6,risk,,,
20250908,20250909,SHSE.688701,688701.SH,卓锦股份,3,0.13531799614429474,,6,0.33068,20250908,0.005976123735308647,0.025476830080151558,124475.1238,49483.391,4.0516,,9.269999483059372,0.01950070634484291,strong,1.000000,0.32000,6,base,,,
20250908,20250909,SZSE.300929,300929.SZ,华骐环保,4,0.1347363293170929,,6,0.33068,20250908,0.005368584301322699,0.024636318907141685,146535.4482,42339.355,3.0513,,11.090000297775967,0.019267734605818987,strong,1.000000,0.32000,6,base,,,
20250908,20250909,SZSE.002591,002591.SZ,恒大高新,5,0.13413238525390625,,6,0.33068,20250908,0.009577988646924496,0.023501649498939514,181020.2889,59269.595,4.4368,,6.029999850632309,0.013923660852015018,strong,1.000000,0.32000,6,risk,,,
20250908,20250909,SZSE.001336,001336.SZ,楚环科技,1,0.15622645616531372,,6,0.21288,20250908,0.014109733514487743,-0.03094804473221302,186868.3875,50068.689,4.6891,,23.220286441280575,0.045057778246700764,weak,1.000000,0.20600,6,risk,,,
20250909,20250910,SZSE.001336,001336.SZ,楚环科技,1,0.05021087825298309,,6,0.20600,20250909,0.010811420157551765,-0.040299251675605774,185502.038,36527.201,3.3856,,23.050503701709918,0.05111067183315754,weak,1.000000,0.20600,6,risk,,,
20250909,20250910,SHSE.688701,688701.SH,卓锦股份,2,0.022087333723902702,,6,0.20600,20250909,0.0060171522200107574,0.02821817807853222,124340.8465,45846.846,3.7038,,9.25999948361702,0.02220102585852146,weak,1.000000,0.20600,6,base,,,
20250909,20250910,SZSE.000608,000608.SZ,阳光股份,3,0.021213430911302567,,6,0.14000,20250909,0.00477072037756443,0.027652325108647346,140983.7021,24201.518,1.742,,1.88,0.022881604731082916,weak,1.000000,0.14000,6,quality,,,
20250909,20250910,SZSE.002848,002848.SZ,高斯贝尔,4,0.0208609439432621,,6,0.20600,20250909,0.005702365189790726,0.027034960687160492,146924.85,29581.677,2.0459,,8.789999774116241,0.021332595497369766,weak,1.000000,0.20600,6,base,,,
20250909,20250910,SZSE.300929,300929.SZ,华骐环保,5,0.02070150338113308,,6,0.14000,20250909,0.004668736830353737,0.026545554399490356,145478.3846,35814.319,2.5602,,11.010000295627899,0.02187681756913662,weak,1.000000,0.14000,6,base,,,
20250910,20250911,SZSE.002591,002591.SZ,恒大高新,4,0.015133688226342201,,6,0.28554,20250910,0.006810542196035385,0.02596917189657688,182821.4858,92926.554,6.767,,6.089999849146063,0.019158629700541496,strong,0.850000,0.32000,6,risk,,,
20250910,20250911,SHSE.688701,688701.SH,卓锦股份,1,0.016701707616448402,,6,0.21626,20250910,0.00355934863910079,0.027595704421401024,121252.4669,33621.957,2.7386,,9.029999496442947,0.024036355782300234,weak,1.000000,0.20600,6,base,,,
20250910,20250911,SZSE.000608,000608.SZ,阳光股份,2,0.015751807019114494,,6,0.21626,20250910,0.004437962546944618,0.028323575854301453,142483.5287,21224.75,1.5121,,1.9,0.023885613307356834,weak,1.000000,0.20600,6,quality,,,
20250910,20250911,SZSE.300097,300097.SZ,智云股份,3,0.015184318646788597,,6,0.14697,20250910,0.004214358050376177,0.02698071487247944,181497.7418,42939.814,2.5513,,6.2900001643455195,0.022766356822103262,weak,1.000000,0.14000,6,risk,,,
20250910,20250911,SHSE.688565,688565.SH,力源科技,5,0.014778075739741325,,6,0.14697,20250910,0.0035100923851132393,0.027272863313555717,154671.09,19402.322,1.2543,,10.300280709708668,0.023762770928442478,weak,1.000000,0.14000,6,quality,,,
20250911,20250912,SZSE.002591,002591.SZ,恒大高新,1,0.04593970626592636,,6,0.20600,20250911,0.008471366949379444,0.20070555806159973,181920.8873,54603.75,4.058,,6.059999849889186,0.1922341911122203,weak,1.000000,0.20600,6,risk,,,
20250911,20250912,SZSE.001336,001336.SZ,楚环科技,2,0.04263344034552574,,6,0.20600,20250911,0.00999587681144476,0.28185001015663147,187270.255,22748.622,2.1096,,23.270222541154293,0.2718541333451867,weak,1.000000,0.20600,6,risk,,,
20250911,20250912,SHSE.688701,688701.SH,卓锦股份,3,0.03525443747639656,,6,0.14000,20250911,0.004780570510774851,0.04154316708445549,122729.518,21901.991,1.8041,,9.13999949030881,0.03676259657368064,weak,1.000000,0.14000,6,quality,,,
20250911,20250912,SZSE.002200,002200.SZ,交投生态,4,0.0351608470082283,,6,0.20600,20250911,0.0029724212363362312,0.04396798834204674,140677.528,21342.448,1.5206,,7.640000240861877,0.040995567105710506,weak,1.000000,0.20600,6,quality,,,
20250911,20250912,SZSE.000608,000608.SZ,阳光股份,5,0.0348014235496521,,6,0.14000,20250911,0.005174829624593258,0.04172823578119278,143983.3553,30353.692,2.1356,,1.92,0.03655340615659952,weak,1.000000,0.14000,6,base,,,
20250924,20250925,SZSE.002494,002494.SZ,华斯股份,1,0.14007072150707245,,6,0.20600,20250924,0.007230035960674286,0.18969114124774933,182995.6982,54938.998,3.9937,,4.849999955476367,0.18246110528707504,weak,1.000000,0.20600,6,risk,,,
20250924,20250925,SZSE.001336,001336.SZ,楚环科技,2,0.13686127960681915,,6,0.20600,20250924,0.0075289662927389145,0.2373015582561493,182608.592,41313.163,3.9499,,22.69096378261912,0.22977259196341038,weak,1.000000,0.20600,6,risk,,,
20250924,20250925,SZSE.000608,000608.SZ,阳光股份,3,0.12929660081863403,,6,0.14000,20250924,0.005738073959946632,0.0335218720138073,143983.3553,18039.745,1.2689,,1.92,0.027783798053860664,weak,1.000000,0.14000,6,quality,,,
20250924,20250925,SHSE.688701,688701.SH,卓锦股份,4,0.12920521199703217,,6,0.20600,20250924,0.0047105345875024796,0.025349795818328857,118701.1968,26781.277,2.2634,,8.83999950703828,0.020639261230826378,weak,1.000000,0.20600,6,base,,,
20250924,20250925,SZSE.002200,002200.SZ,交投生态,5,0.12834875285625458,,6,0.42000,20250924,0.0018423811998218298,0.037872619926929474,134232.8768,7736.795,0.5776,,7.290000229827628,0.036030238727107644,weak,1.000000,0.42000,6,quality,,,
20250926,20250929,SZSE.000608,000608.SZ,阳光股份,1,0.13609912991523743,,6,0.32000,20250926,0.006024542264640331,0.023770228028297424,145483.1819,17860.206,1.2406,,1.94,0.017745685763657093,strong,1.000000,0.32000,6,quality,,,
20250926,20250929,SHSE.688701,688701.SH,卓锦股份,2,0.1348067671060562,,6,0.32000,20250926,0.0046669961884617805,0.022398749366402626,119372.5837,20136.889,1.6877,,8.889999504250035,0.017731753177940845,strong,1.000000,0.32000,6,quality,,,
20250926,20250929,SHSE.603880,603880.SH,南卫股份,3,0.13465926051139832,,6,0.14000,20250926,0.001820409786887467,0.023548875004053116,175737.536,32258.488,1.847,,6.079999929503467,0.02172846521716565,weak,1.000000,0.14000,6,quality,,,
20250926,20250929,SZSE.000692,000692.SZ,惠天热电,4,0.1343868225812912,,6,0.20600,20250926,-0.0028174056205898523,0.01878562942147255,182761.7108,45693.142,2.4845,,3.429999881929018,0.021603035042062402,weak,1.000000,0.20600,6,risk,,,
20250926,20250929,SZSE.002200,002200.SZ,交投生态,5,0.13357609510421753,,6,0.14000,20250926,0.0016755755059421062,0.02509518526494503,134417.0097,11547.866,0.8642,,7.300000230142893,0.023419609759002924,weak,1.000000,0.14000,6,quality,,,
20250929,20250930,SZSE.000608,000608.SZ,阳光股份,1,0.042034123092889786,,6,0.32000,20250929,0.004544594790786505,0.019168654456734657,145483.1819,12575.085,0.8701,,1.94,0.014624059665948153,strong,1.000000,0.32000,6,quality,,,
20250929,20250930,SZSE.300929,300929.SZ,华骐环保,2,0.04150450974702835,,6,0.32000,20250929,0.004435180686414242,0.02209274098277092,142835.7254,40874.593,3.0081,,10.810000290257728,0.017657560296356678,strong,1.000000,0.32000,6,base,,,
20250929,20250930,SHSE.603880,603880.SH,南卫股份,3,0.0405568927526474,,6,0.32000,20250929,0.0008085716981440783,0.020057713612914085,176315.62,40832.115,2.3274,,6.09999992927157,0.019249141914770007,strong,1.000000,0.32000,6,base,,,
20250929,20250930,SZSE.301288,301288.SZ,清研环境,4,0.04049867019057274,,6,0.32000,20250929,0.0037925955839455128,0.020646370947360992,180160.68,24571.116,3.0491,,16.680000188437763,0.01685377536341548,strong,1.000000,0.32000,6,risk,,,
20250929,20250930,SHSE.688296,688296.SH,和达科技,5,0.039883121848106384,,6,0.32000,20250929,0.006901878863573074,0.019365621730685234,156560.9557,26926.567,1.7413,,14.509999728670307,0.01246374286711216,strong,1.000000,0.32000,6,quality,,,
20250930,20251009,SZSE.301288,301288.SZ,清研环境,1,0.13307449221611023,,6,0.32000,20250930,0.004285292234271765,0.0237256046384573,183076.95,13743.097,1.7338,,16.950000191488012,0.019440312404185534,strong,1.000000,0.32000,6,risk,,,
20250930,20251009,SHSE.688450,688450.SH,光格科技,2,0.13012084364891052,,6,0.32000,20250930,0.0005690896650776267,0.017801884561777115,183810.0,23248.536,1.7174,,27.850000363364384,0.017232794896699488,strong,1.000000,0.32000,6,risk,,,
20250930,20251009,SZSE.300268,300268.SZ,佳沃食品,3,0.1290103644132614,,6,0.42000,20250930,0.000919675687327981,0.021073918789625168,182910.0,9275.64,0.6672,,10.499999743114861,0.020154243102297187,weak,1.000000,0.42000,6,risk,,,
20250930,20251009,SZSE.000692,000692.SZ,惠天热电,4,0.12570679187774658,,6,0.20600,20250930,0.0015073593240231276,0.02233220636844635,185425.8756,25050.127,1.3437,,3.479999880207866,0.020824847044423223,weak,1.000000,0.20600,6,risk,,,
20250930,20251009,SZSE.001336,001336.SZ,楚环科技,5,0.12502411007881165,,6,0.14000,20250930,0.04429548606276512,0.019007209688425064,185903.9055,18957.708,1.7558,,23.100439801583644,0.025288276374340057,weak,1.000000,0.14000,6,risk,,,
20251013,20251014,SZSE.000608,000608.SZ,阳光股份,4,0.03982459381222725,,6,0.32000,20251013,0.004140657372772694,0.02045716531574726,144733.2686,15735.198,1.0969,,1.9299999999999997,0.016316507942974567,strong,1.000000,0.32000,6,quality,,,
20251013,20251014,SZSE.002848,002848.SZ,高斯贝尔,5,0.03921012580394745,,6,0.32000,20251013,0.004361497238278389,0.02117731049656868,146590.55,70117.218,4.9185,,8.769999774630199,0.01681581325829029,strong,1.000000,0.32000,6,base,,,
20251013,20251014,SZSE.300929,300929.SZ,华骐环保,1,0.0423356257379055,,6,0.20600,20251013,0.002883710665628314,0.023670878261327744,146139.0493,50747.023,3.6751,,11.060000296970442,0.02078716759569943,weak,1.000000,0.20600,6,base,,,
20251013,20251014,SHSE.603880,603880.SH,南卫股份,2,0.040345605462789536,,6,0.20600,20251013,0.000387961626984179,0.022218788042664528,175737.536,42717.284,2.4313,,6.079999929503467,0.02183082641568035,weak,1.000000,0.20600,6,base,,,
20251013,20251014,SZSE.002200,002200.SZ,交投生态,3,0.03993091732263565,,6,0.14000,20251013,-0.0038438786286860704,0.02109682932496071,130734.3519,24807.099,1.9097,,7.100000223837608,0.02494070795364678,weak,1.000000,0.14000,6,quality,,,
20251015,20251016,SZSE.300929,300929.SZ,华骐环保,1,0.04240179434418678,,6,0.32000,20251015,0.002811353886500001,0.02162829600274563,146271.1823,33836.447,2.4196,,11.07000029723895,0.018816942116245627,strong,1.000000,0.32000,6,base,,,
20251015,20251016,SZSE.000608,000608.SZ,阳光股份,3,0.03975658491253853,,6,0.32000,20251015,0.0039741466753184795,0.017815696075558662,144733.2686,12365.034,0.8659,,1.9299999999999997,0.013841549400240183,strong,1.000000,0.32000,6,quality,,,
20251015,20251016,SHSE.688565,688565.SH,力源科技,4,0.03911921754479408,,6,0.32000,20251015,0.002240197267383337,0.020252201706171036,152874.33,20771.61,1.3622,,10.180625948318054,0.0180120044387877,strong,1.000000,0.32000,6,quality,,,
20251015,20251016,SZSE.002848,002848.SZ,高斯贝尔,5,0.039088305085897446,,6,0.32000,20251015,0.0042977482080459595,0.01906093768775463,144083.3,38749.376,2.7672,,8.619999778484868,0.014763189479708672,strong,1.000000,0.32000,6,base,,,
20251015,20251016,SZSE.002200,002200.SZ,交投生态,2,0.04221107065677643,,6,0.20600,20251015,-0.0004038577899336815,0.02239147387444973,132207.415,12647.395,0.9617,,7.180000226359722,0.02279533166438341,weak,1.000000,0.20600,6,quality,,,
20251016,20251017,SZSE.300929,300929.SZ,华骐环保,1,0.11733707040548325,,6,0.20600,20251016,0.005117007531225681,0.032584287226200104,144817.7198,30032.351,2.1664,,10.960000294285358,0.027467279694974422,weak,1.000000,0.20600,6,base,,,
20251016,20251017,SZSE.002200,002200.SZ,交投生态,2,0.11691838502883911,,6,0.20600,20251016,0.0008695272263139486,0.032985836267471313,134048.7439,14085.871,1.0625,,7.280000229512365,0.032116309041157365,weak,1.000000,0.20600,6,quality,,,
20251016,20251017,SHSE.688701,688701.SH,卓锦股份,3,0.11599905788898468,,6,0.14000,20251016,0.0030315706972032785,0.029503263533115387,118298.3647,16054.51,1.3409,,8.809999508711227,0.02647169283591211,weak,1.000000,0.14000,6,quality,,,
20251016,20251017,SZSE.000608,000608.SZ,阳光股份,4,0.11477207392454147,,6,0.20600,20251016,0.0042297933250665665,0.028483157977461815,144733.2686,13467.033,0.9393,,1.9299999999999997,0.02425336465239525,weak,1.000000,0.20600,6,quality,,,
20251016,20251017,SZSE.000668,000668.SZ,荣丰控股,5,0.11368793249130249,,6,0.14000,20251016,0.002912749769166112,0.03000488504767418,134654.0131,15071.93,1.1136,,9.169999828525619,0.027092135278508067,weak,1.000000,0.14000,6,quality,,,
20251017,20251020,SZSE.300717,300717.SZ,华信新材,1,0.03230108320713043,,6,0.20600,20251017,0.0040619149804115295,-0.019145211204886436,197019.675,46851.306,2.3764,,18.986078347516,0.023207126185297966,weak,1.000000,0.20600,6,risk,,,
20251017,20251020,SZSE.300929,300929.SZ,华骐环保,2,0.01750360056757927,,6,0.20600,20251017,0.002815288957208395,0.031207405030727386,143496.3902,32759.561,2.3696,,10.86000029160027,0.02839211607351899,weak,1.000000,0.20600,6,base,,,
20251017,20251020,SZSE.002200,002200.SZ,交投生态,3,0.01703702099621296,,6,0.14000,20251017,0.0009093335829675198,0.031214965507388115,133864.611,16456.812,1.2199,,7.2700002291971,0.030305631924420595,weak,1.000000,0.14000,6,quality,,,
20251017,20251020,SHSE.688096,688096.SH,京源环保,4,0.016622457653284073,,6,0.20600,20251017,-0.004816332831978798,0.0214021485298872,184581.4063,28514.35,1.5245,,7.8200002329536735,0.026218481361865997,weak,1.000000,0.20600,6,risk,,,
20251017,20251020,SHSE.688701,688701.SH,卓锦股份,5,0.01644422486424446,,6,0.14000,20251017,0.0022901699412614107,0.02804870530962944,116552.7589,18336.389,1.5573,,8.679999515960663,0.02575853536836803,weak,1.000000,0.14000,6,quality,,,
20251020,20251021,SZSE.300929,300929.SZ,华骐环保,1,0.017796214669942856,,6,0.20600,20251020,0.003307300852611661,0.03185902163386345,146403.3152,35159.119,2.514,,11.080000297507457,0.028551720781251788,weak,1.000000,0.20600,6,base,,,
20251020,20251021,SZSE.002200,002200.SZ,交投生态,2,0.015329061076045036,,6,0.20600,20251020,0.0008586397161707282,0.030738646164536476,134785.2755,11829.389,0.8765,,7.320000230773422,0.029880006448365748,weak,1.000000,0.20600,6,quality,,,
20251020,20251021,SZSE.000608,000608.SZ,阳光股份,3,0.015217239037156105,,6,0.14000,20251020,0.0037647283170372248,0.027366463094949722,143983.3553,12124.871,0.8504,,1.92,0.023601734777912498,weak,1.000000,0.14000,6,quality,,,
20251020,20251021,SZSE.301098,301098.SZ,金埔园林,4,0.014449050650000572,,6,0.20600,20251020,0.002240672940388322,0.029407722875475883,168668.5995,34083.299,2.4923,,9.170000175583548,0.02716704993508756,weak,1.000000,0.20600,6,base,,,
20251020,20251021,SHSE.688096,688096.SH,京源环保,5,0.014382276684045792,,6,0.14000,20251020,-0.004442629404366016,0.025922851637005806,188358.008,33151.519,1.7679,,7.980000237719989,0.030365481041371822,weak,1.000000,0.14000,6,risk,,,
20251021,20251022,SZSE.000608,000608.SZ,阳光股份,3,0.03432181105017662,,6,0.32000,20251021,0.004207028076052666,0.02046707272529602,145483.1819,18877.786,1.3069,,1.94,0.016260044649243355,strong,1.000000,0.32000,6,quality,,,
20251021,20251022,SZSE.301098,301098.SZ,金埔园林,4,0.033498816192150116,,6,0.32000,20251021,0.0022100999485701323,0.021334338933229446,171427.6278,42966.754,3.1033,,9.32000017845569,0.019124238984659314,strong,1.000000,0.32000,6,base,,,
20251021,20251022,SHSE.603880,603880.SH,南卫股份,5,0.03317256271839142,,6,0.32000,20251021,0.0017949525499716401,0.01964465156197548,184986.88,30115.858,1.6534,,6.399999925793124,0.01784969901200384,strong,1.000000,0.32000,6,risk,,,
20251021,20251022,SZSE.300929,300929.SZ,华骐环保,1,0.03529094532132149,,6,0.20600,20251021,0.0022907848469913006,0.023153143003582954,151160.1017,43663.865,3.0483,,11.440000307173767,0.020862358156591654,weak,1.000000,0.20600,6,base,,,
20251021,20251022,SZSE.002200,002200.SZ,交投生态,2,0.035088103264570236,,6,0.20600,20251021,0.0023322824854403734,0.023237133398652077,139020.332,24305.606,1.7715,,7.5500002380244995,0.020904850913211703,weak,1.000000,0.20600,6,quality,,,
20251022,20251023,SZSE.002200,002200.SZ,交投生态,1,0.1101035550236702,,6,0.20600,20251022,0.0023488912265747786,0.03216677904129028,140861.6609,24241.663,1.7264,,7.650000241177142,0.029817887814715505,weak,1.000000,0.20600,6,quality,,,
20251022,20251023,SZSE.300929,300929.SZ,华骐环保,2,0.1101035550236702,,6,0.20600,20251022,0.0023135498631745577,0.03104335255920887,152217.1653,40720.078,2.8017,,11.520000309321833,0.028729802696034312,weak,1.000000,0.20600,6,base,,,
20251022,20251023,SZSE.000608,000608.SZ,阳光股份,3,0.1097441092133522,,6,0.14000,20251022,0.004459465853869915,0.029183456674218178,148482.8352,23582.32,1.6042,,1.98,0.024723990820348263,weak,1.000000,0.14000,6,quality,,,
20251022,20251023,SZSE.300417,300417.SZ,南华仪器,4,0.1087673082947731,,6,0.20600,20251022,0.00486769899725914,0.03027014248073101,178430.8032,28774.874,2.4819,,13.190053104520139,0.02540244348347187,weak,1.000000,0.20600,6,base,,,
20251022,20251023,SZSE.301098,301098.SZ,金埔园林,5,0.1085822656750679,,6,0.14000,20251022,0.0022328649647533894,0.030945289880037308,172531.2392,44267.205,3.1474,,9.380000179604545,0.02871242491528392,weak,1.000000,0.14000,6,base,,,
20251023,20251024,SZSE.002200,002200.SZ,交投生态,1,0.016038350760936737,,6,0.20600,20251023,0.002300742780789733,0.028553545475006104,147858.7107,47765.408,3.3173,,8.030000253157182,0.02625280269421637,weak,1.000000,0.20600,6,base,,,
20251023,20251024,SZSE.300929,300929.SZ,华骐环保,2,0.016038350760936737,,6,0.20600,20251023,0.0021944730542600155,0.03011438064277172,148649.5755,58318.895,4.1143,,11.250000302072104,0.027919907588511705,weak,1.000000,0.20600,6,base,,,
20251023,20251024,SZSE.300970,300970.SZ,华绿生物,3,0.01533249020576477,,6,0.14000,20251023,0.0014868004946038127,0.02993466705083847,191024.9778,48220.272,3.2813,,11.814380533040216,0.028447866556234658,weak,1.000000,0.14000,6,risk,,,
20251023,20251024,SZSE.301098,301098.SZ,金埔园林,4,0.015045616775751114,,6,0.20600,20251023,0.002288783434778452,0.029726291075348854,172715.1744,40126.245,2.8652,,9.390000179796022,0.027437507640570402,weak,1.000000,0.20600,6,base,,,
20251023,20251024,SZSE.300417,300417.SZ,南华仪器,5,0.014702098444104195,,6,0.14000,20251023,0.0029890008736401796,0.02877156250178814,179103.6192,29700.068,2.5694,,13.239789353028888,0.02578256162814796,weak,1.000000,0.14000,6,base,,,
20251024,20251027,SZSE.000668,000668.SZ,荣丰控股,4,0.12829919159412384,,6,0.32000,20251024,0.004971347749233246,0.021667463704943657,161526.079,49361.745,3.101,,10.99999979430554,0.01669611595571041,strong,1.000000,0.32000,6,base,,,
20251024,20251027,SZSE.002200,002200.SZ,交投生态,1,0.13115212321281433,,6,0.20600,20251024,0.0028567216359078884,0.026112940162420273,152093.7671,62745.318,4.1331,,8.26000026040826,0.023256218526512384,weak,1.000000,0.20600,6,base,,,
20251024,20251027,SZSE.301098,301098.SZ,金埔园林,2,0.13013258576393127,,6,0.20600,20251024,0.003156284336000681,0.02556026354432106,172715.1744,45296.772,3.2154,,9.390000179796022,0.02240397920832038,weak,1.000000,0.20600,6,base,,,
20251024,20251027,SZSE.300929,300929.SZ,华骐环保,3,0.1291532665491104,,6,0.14000,20251024,0.003207623492926359,0.025539785623550415,149706.6391,57519.447,4.0053,,11.330000304220171,0.022332162130624056,weak,1.000000,0.14000,6,base,,,
20251024,20251027,SHSE.600768,600768.SH,宁波富邦,5,0.1275639832019806,,6,0.14000,20251024,0.0030603359919041395,0.023116562515497208,177616.2816,44828.15,2.5334,,13.27999985510157,0.020056226523593068,weak,1.000000,0.14000,6,base,,,
20251027,20251028,SHSE.600847,600847.SH,万里股份,1,0.125982403755188,,6,0.20600,20251027,0.003809751011431217,0.04194851219654083,184251.4548,37180.012,2.0175,,12.01999992612353,0.038138761185109615,weak,1.000000,0.20600,6,risk,,,
20251027,20251028,SZSE.301372,301372.SZ,科净源,2,0.1253509819507599,,6,0.20600,20251027,0.0032413299195468426,0.038808077573776245,185074.2896,52772.234,4.712,,26.98999974515178,0.0355667476542294,weak,1.000000,0.20600,6,risk,,,
20251027,20251028,SZSE.300417,300417.SZ,南华仪器,3,0.12437078356742859,,6,0.14000,20251027,0.0036098570562899113,0.040816470980644226,183275.0784,50912.658,4.2715,,13.548154093783129,0.037206613924354315,weak,1.000000,0.14000,6,risk,,,
20251027,20251028,SZSE.301098,301098.SZ,金埔园林,4,0.11744560301303864,,6,0.20600,20251027,0.004376128315925598,0.051295582205057144,171979.4335,51509.795,3.6752,,9.350000179030117,0.046919453889131546,weak,1.000000,0.20600,6,base,,,
20251027,20251028,SZSE.300929,300929.SZ,华骐环保,5,0.11703608930110931,,6,0.14000,20251027,0.004324058070778847,0.05316836014389992,148253.1766,55889.547,3.9369,,11.220000301266579,0.04884430207312107,weak,1.000000,0.14000,6,base,,,
20251031,20251103,SZSE.300405,300405.SZ,科隆股份,1,0.12334911525249481,,6,0.21093,20251031,0.00449939351528883,0.037483930587768555,183136.0001,70642.289,5.0313,,6.439999942361874,0.032984537072479725,weak,1.000000,0.20600,6,risk,,,
20251031,20251103,SZSE.002200,002200.SZ,交投生态,2,0.11949790269136429,,6,0.21093,20251031,0.0029352204874157906,0.0544915609061718,139572.7306,23284.643,1.6748,,7.580000238970292,0.05155634041875601,weak,1.000000,0.20600,6,quality,,,
20251031,20251103,SZSE.000668,000668.SZ,荣丰控股,3,0.11840333789587021,,6,0.14335,20251031,0.0059988247230648994,0.051508646458387375,147429.2576,32676.272,2.2166,,10.039999812257054,0.045509821735322475,weak,1.000000,0.14000,6,base,,,
20251031,20251103,SZSE.000608,000608.SZ,阳光股份,4,0.1180262491106987,,6,0.21093,20251031,0.0053701866418123245,0.04621778428554535,160481.4481,69090.466,4.3763,,2.14,0.040847597643733025,weak,1.000000,0.20600,6,base,,,
20251031,20251103,SZSE.300417,300417.SZ,南华仪器,5,0.11695642024278641,,6,0.12185,20251031,0.002349829999729991,0.036540623754262924,185966.3424,95468.663,7.8598,,13.747099087818127,0.03419079375453293,weak,0.850000,0.14000,6,risk,,,
20251105,20251106,SZSE.002200,002200.SZ,交投生态,1,0.1316094994544983,,6,0.20600,20251105,0.00408979831263423,0.03890177980065346,141782.3253,21158.097,1.4859,,7.700000242753462,0.03481198148801923,weak,1.000000,0.20600,6,quality,,,
20251105,20251106,SZSE.000668,000668.SZ,荣丰控股,2,0.13034602999687195,,6,0.20600,20251105,0.007022765465080738,0.03595340996980667,147135.5738,26825.602,1.8059,,10.019999812631045,0.028930644504725933,weak,1.000000,0.20600,6,quality,,,
20251105,20251106,SHSE.688329,688329.SH,艾隆科技,3,0.1296970546245575,,6,0.14000,20251105,0.00381473614834249,0.03498024493455887,174317.6,34696.324,1.9965,,22.579999753780278,0.031165508786216378,weak,1.000000,0.14000,6,quality,,,
20251105,20251106,SZSE.003004,003004.SZ,声迅股份,4,0.12885043025016785,,6,0.20600,20251105,0.006252233870327473,0.03233549743890762,176412.2221,21155.992,1.4233,,21.550000277725427,0.02608326356858015,weak,1.000000,0.20600,6,quality,,,
20251105,20251106,SHSE.600455,600455.SH,博通股份,5,0.12881921231746674,,6,0.14000,20251105,0.00381473614834249,0.034277383238077164,176443.85,37199.28,2.1137,,28.249999880790714,0.030462647089734674,weak,1.000000,0.14000,6,base,,,
20251121,20251124,SZSE.002848,002848.SZ,高斯贝尔,1,0.01539667323231697,,6,0.20600,20251121,0.0019305903697386384,0.029207851737737656,131547.05,50457.334,3.9675,,7.869999797758228,0.027277261367999017,weak,1.000000,0.20600,6,base,,,
20251121,20251124,SZSE.300097,300097.SZ,智云股份,2,0.013140352442860603,,6,0.20600,20251121,0.004943852312862873,0.027866579592227936,171687.0531,45608.469,2.7953,,5.950000155461978,0.022922727279365063,weak,1.000000,0.20600,6,base,,,
20251121,20251124,SZSE.301288,301288.SZ,清研环境,3,0.010869904421269894,,6,0.14000,20251121,0.0028959442861378193,0.025095868855714798,179404.61,30725.802,2.3248,,16.610000187646957,0.02219992456957698,weak,1.000000,0.14000,6,base,,,
20251124,20251125,SHSE.600455,600455.SH,博通股份,1,0.06303294748067856,,6,0.20600,20251124,0.006365487352013588,0.03351583331823349,163889.792,59230.285,3.6473,,26.239999889272507,0.027150345966219902,weak,1.000000,0.20600,6,base,,,
20251124,20251125,SHSE.688021,688021.SH,奥福科技,2,0.06146222725510597,,6,0.20600,20251124,0.007162624038755894,0.03100668266415596,145491.7172,33876.697,2.3423,,19.04000051575006,0.023844058625400066,weak,1.000000,0.20600,6,base,,,
20251124,20251125,SHSE.600768,600768.SH,宁波富邦,3,0.05723384767770767,,6,0.14000,20251124,0.003884797915816307,0.03456771746277809,168253.9776,60042.019,3.5894,,12.579999862739289,0.030682919546961784,weak,1.000000,0.14000,6,base,,,
20251124,20251125,SHSE.688528,688528.SH,秦川物联,4,0.03904052451252937,,6,0.20600,20251124,-0.0014155565295368433,0.030062593519687653,187656.0,23757.416,1.2708,,11.169999560072007,0.031478150049224496,weak,1.000000,0.20600,6,risk,,,
20251124,20251125,SZSE.300929,300929.SZ,华骐环保,5,0.03861948102712631,,6,0.14000,20251124,0.0032774286810308695,0.03090864047408104,149574.5062,45588.563,3.2057,,11.320000303951664,0.02763121179305017,weak,1.000000,0.14000,6,base,,,
20251125,20251126,SHSE.600768,600768.SH,宁波富邦,1,0.058187469840049744,,6,0.20600,20251125,0.010205740109086037,-0.02979673631489277,171731.4048,47473.905,2.7494,,12.839999859902422,0.040002476423978806,weak,1.000000,0.20600,6,base,,,
20251125,20251126,SZSE.300929,300929.SZ,华骐环保,2,0.0387994721531868,,6,0.20600,20251125,0.007134511135518551,0.028956646099686623,152481.4312,37409.484,2.5553,,11.540000309858849,0.021822134964168072,weak,1.000000,0.20600,6,base,,,
20251125,20251126,SZSE.001336,001336.SZ,楚环科技,3,0.036950428038835526,,6,0.14000,20251125,0.008401178754866123,-0.02362748235464096,199969.268,33056.38,2.853,,24.87999983205131,0.032028661109507084,weak,1.000000,0.14000,6,risk,,,
20251125,20251126,SZSE.002652,002652.SZ,扬子新材,4,0.03633613884449005,,6,0.20600,20251125,0.006914052180945873,0.027144990861415863,197144.64,84704.267,4.3188,,3.8499998833240556,0.02023093868046999,weak,1.000000,0.20600,6,risk,,,
20251125,20251126,SHSE.688156,688156.SH,路德科技,5,0.018223008140921593,,6,0.14000,20251125,-0.0016346052289009094,0.02026563696563244,173026.9217,28442.36,1.6385,,17.180000424985042,0.021900242194533348,weak,1.000000,0.14000,6,quality,,,
20251126,20251127,SHSE.600768,600768.SH,宁波富邦,2,0.024957124143838882,,6,0.32000,20251126,0.008133338764309883,0.023774784058332443,172266.3936,71419.973,4.0698,,12.87999985946598,0.01564144529402256,strong,1.000000,0.32000,6,base,,,
20251126,20251127,SZSE.001336,001336.SZ,楚环科技,1,0.24353119730949402,,6,0.20600,20251126,0.015239770524203777,-0.08598007261753082,199969.268,40456.228,3.4553,,24.87999983205131,0.1012198431417346,weak,1.000000,0.20600,6,risk,,,
20251126,20251127,SHSE.688156,688156.SH,路德科技,3,0.018399648368358612,,6,0.14000,20251126,-0.001859071897342801,0.020037654787302017,168897.6413,26414.083,1.5499,,16.77000041484279,0.02189672668464482,weak,1.000000,0.14000,6,quality,,,
20251126,20251127,SHSE.600455,600455.SH,博通股份,4,0.017194833606481552,,6,0.20600,20251126,0.001797245815396309,0.026624910533428192,163327.67,35991.254,2.168,,26.149999889652285,0.024827664718031883,weak,1.000000,0.20600,6,base,,,
20251126,20251127,SHSE.688701,688701.SH,卓锦股份,5,0.017189783975481987,,6,0.14000,20251126,0.004363528918474913,0.028163697570562363,129443.3866,21412.284,1.6374,,9.63999946242636,0.02380016865208745,weak,1.000000,0.14000,6,quality,,,
20251127,20251128,SHSE.600768,600768.SH,宁波富邦,1,0.2107255756855011,,6,0.32000,20251127,0.008133338764309883,0.027496039867401123,172667.6352,54610.606,3.1417,,12.90999985913865,0.01936270110309124,strong,1.000000,0.32000,6,base,,,
20251127,20251128,SHSE.688701,688701.SH,卓锦股份,2,0.11125496029853821,,6,0.20600,20251127,0.00435087364166975,0.03215552121400833,130383.3282,20645.491,1.5835,,9.709999458522818,0.02780464757233858,weak,1.000000,0.20600,6,quality,,,
20251127,20251128,SHSE.600455,600455.SH,博通股份,3,0.11116603761911392,,6,0.14000,20251127,0.005637999624013901,0.03124762326478958,169136.264,88402.963,5.2277,,27.079999885727876,0.02560962364077568,weak,1.000000,0.14000,6,base,,,
20251127,20251128,SHSE.688565,688565.SH,力源科技,4,0.11077871173620224,,6,0.20600,20251127,0.00354499532841146,0.0318036824464798,152574.87,20454.099,1.3429,,10.160683488086285,0.028258687118068337,weak,1.000000,0.20600,6,quality,,,
20251127,20251128,SZSE.000668,000668.SZ,荣丰控股,5,0.11009977012872696,,6,0.14000,20251127,0.004099165089428425,0.031323596835136414,174595.0072,39004.335,2.2148,,11.889999777662988,0.02722443174570799,weak,1.000000,0.14000,6,base,,,
20251128,20251201,SHSE.688156,688156.SH,路德科技,2,0.1373828798532486,,6,0.32000,20251128,-0.0012816409580409527,0.01699814759194851,174034.0633,22490.299,1.3072,,17.280000427458763,0.018279788549989462,strong,1.000000,0.32000,6,quality,,,
20251128,20251201,SHSE.600455,600455.SH,博通股份,3,0.13635806739330292,,6,0.32000,20251128,0.009010120294988155,0.022598976269364357,172259.164,69565.126,4.0822,,27.579999883617976,0.013588855974376202,strong,1.000000,0.32000,6,base,,,
20251128,20251201,SZSE.000668,000668.SZ,荣丰控股,5,0.134340301156044,,6,0.32000,20251128,0.0034897523000836372,0.01703588105738163,183258.6787,88785.332,4.8879,,12.479999766630284,0.013546128757297993,strong,1.000000,0.32000,6,risk,,,
20251128,20251201,SHSE.600768,600768.SH,宁波富邦,1,0.35647544264793396,,6,0.20600,20251128,0.019158152863383293,-0.013569636270403862,177883.776,49377.818,2.8199,,13.29999985488335,0.032727789133787155,weak,1.000000,0.20600,6,base,,,
20251128,20251201,SHSE.688701,688701.SH,卓锦股份,4,0.13625586032867432,,6,0.20600,20251128,0.004285029135644436,0.02491186000406742,136291.5326,32852.756,2.446,,10.14999943398626,0.020626830868422985,weak,1.000000,0.20600,6,base,,,
20251204,20251205,SZSE.000890,000890.SZ,法尔胜,1,0.01306427363306284,,6,0.32000,20251204,0.005092228762805462,-0.012187995947897434,183323.234,54161.367,2.9415,,4.3699999976859765,0.017280224710702896,strong,1.000000,0.32000,6,risk,,,
20251204,20251205,SZSE.002652,002652.SZ,扬子新材,2,0.012856751680374146,,6,0.32000,20251204,0.004683133214712143,-0.01235153991729021,190999.872,50219.439,2.618,,3.7299998869607083,0.017034673132002354,strong,1.000000,0.32000,6,risk,,,
20251204,20251205,SHSE.688096,688096.SH,京源环保,3,0.012739203870296478,,6,0.32000,20251204,0.00441323546692729,-0.01133804116398096,181984.9927,27141.961,1.4791,,7.710000229676831,0.01575127663090825,strong,1.000000,0.32000,6,risk,,,
20251204,20251205,SHSE.688659,688659.SH,元琛科技,4,0.012544911354780197,,6,0.32000,20251204,0.0041859629563987255,-0.01043012086302042,154400.0,27583.614,1.7716,,9.649999576772029,0.014616083819419146,strong,1.000000,0.32000,6,quality,,,
20251204,20251205,SZSE.000668,000668.SZ,荣丰控股,5,0.011438366025686264,,6,0.32000,20251204,0.006454208865761757,-0.011151808314025402,169161.8573,19807.659,1.1674,,11.5199997845818,0.01760601717978716,strong,1.000000,0.32000,6,quality,,,
20251205,20251208,SZSE.000890,000890.SZ,法尔胜,1,0.012909546494483948,,6,0.32000,20251205,0.004640223458409309,-0.013397802598774433,185840.2578,45677.012,2.4771,,4.429999997654205,0.018038026057183743,strong,1.000000,0.32000,6,risk,,,
20251205,20251208,SHSE.688096,688096.SH,京源环保,2,0.012584476731717587,,6,0.32000,20251205,0.004389329347759485,-0.012547844089567661,184109.3311,27320.607,1.5014,,7.800000232357884,0.016937173437327147,strong,1.000000,0.32000,6,risk,,,
20251205,20251208,SZSE.002652,002652.SZ,扬子新材,3,0.012048214673995972,,6,0.32000,20251205,0.004397846758365631,-0.01235153991729021,193048.128,46863.136,2.4474,,3.7699998857484913,0.016749386675655842,strong,1.000000,0.32000,6,risk,,,
20251205,20251208,SZSE.000668,000668.SZ,荣丰控股,4,0.011438366025686264,,6,0.32000,20251205,0.006612114608287811,-0.01151521410793066,169749.2248,15712.547,0.9322,,11.559999783833822,0.01812732871621847,strong,1.000000,0.32000,6,quality,,,
20251205,20251208,SZSE.002848,002848.SZ,高斯贝尔,5,0.01142442412674427,,6,0.32000,20251205,0.007208818569779396,-0.006436971947550774,141743.2,44202.246,3.1911,,8.479999782082563,0.01364579051733017,strong,1.000000,0.32000,6,base,,,
20251208,20251209,SZSE.002848,002848.SZ,高斯贝尔,1,0.027710258960723877,,6,0.20600,20251208,0.003316535847261548,-0.029083292931318283,137397.3,66062.347,4.7707,,8.219999788763994,0.03239982877857983,weak,1.000000,0.20600,6,base,,,
20251208,20251209,SHSE.688565,688565.SH,力源科技,2,0.02712876722216606,,6,0.20600,20251208,0.001934134867042303,-0.02866435796022415,158414.34,33959.476,2.1661,,10.549561462605778,0.030598492827266455,weak,1.000000,0.20600,6,base,,,
20251208,20251209,SHSE.688659,688659.SH,元琛科技,3,0.027005359530448914,,6,0.14000,20251208,0.001526189735159278,-0.02890292927622795,160800.0,24856.056,1.5482,,10.049999559228901,0.03042911901138723,weak,1.000000,0.14000,6,quality,,,
20251208,20251209,SHSE.688701,688701.SH,卓锦股份,4,0.026877813041210175,,6,0.20600,20251208,0.0013567762216553092,-0.031786732375621796,155090.3647,64889.684,4.1707,,11.5499993559154,0.033143508597277105,weak,1.000000,0.20600,6,base,,,
20251208,20251209,SZSE.000668,000668.SZ,荣丰控股,5,0.02578968182206154,,6,0.14000,20251208,0.0021702158264815807,-0.03208056092262268,165637.6519,20960.076,1.2631,,11.279999789069679,0.03425077674910426,weak,1.000000,0.14000,6,quality,,,
20251209,20251210,SHSE.688156,688156.SH,路德科技,1,0.02729516476392746,,6,0.20600,20251209,8.706608787178993e-05,-0.04342254251241684,163358.3627,20002.626,1.2167,,16.220000401237332,0.04350960860028863,weak,1.000000,0.20600,6,quality,,,
20251209,20251210,SHSE.688096,688096.SH,京源环保,2,0.0261605866253376,,6,0.20600,20251209,0.0011379758361727,-0.04140612855553627,182929.1431,16489.238,0.8949,,7.750000230868411,0.04254410439170897,weak,1.000000,0.20600,6,risk,,,
20251209,20251210,SZSE.002848,002848.SZ,高斯贝尔,3,0.02553875744342804,,6,0.14000,20251209,0.004136993084102869,-0.03670819476246834,134221.45,48641.435,3.6614,,8.029999793646578,0.04084518784657121,weak,1.000000,0.14000,6,base,,,
20251209,20251210,SHSE.688565,688565.SH,力源科技,4,0.024638593196868896,,6,0.20600,20251209,0.002377117983996868,-0.03758501261472702,157366.23,29771.324,1.8986,,10.47976285179459,0.03996213059872389,weak,1.000000,0.20600,6,quality,,,
20251209,20251210,SHSE.688701,688701.SH,卓锦股份,5,0.024439189583063126,,6,0.14000,20251209,0.001977053005248308,-0.03924616053700447,154016.1457,38037.766,2.4904,,11.469999360376592,0.04122321354225278,weak,1.000000,0.14000,6,base,,,
20251210,20251211,SHSE.688156,688156.SH,路德科技,1,0.030458159744739532,,6,0.20600,20251210,0.0005252473056316376,-0.03285864740610123,158524.0831,28924.565,1.7997,,15.740000389363479,0.033383894711732864,weak,1.000000,0.20600,6,quality,,,
20251210,20251211,SHSE.688096,688096.SH,京源环保,2,0.028550460934638977,,6,0.20600,20251210,0.0015583309577777982,-0.035170167684555054,179860.6542,24916.077,1.371,,7.62000022699578,0.03672849864233285,weak,1.000000,0.20600,6,quality,,,
20251210,20251211,SHSE.688659,688659.SH,元琛科技,3,0.027301818132400513,,6,0.14000,20251210,0.001215679687447846,-0.03339967504143715,154400.0,26086.253,1.6716,,9.649999576772029,0.034615354728884995,weak,1.000000,0.14000,6,quality,,,
20251210,20251211,SHSE.688701,688701.SH,卓锦股份,4,0.027249623090028763,,6,0.20600,20251210,0.0028831788804382086,-0.03310372680425644,154418.9778,49611.573,3.1764,,11.499999358703645,0.03598690568469465,weak,1.000000,0.20600,6,base,,,
20251210,20251211,SZSE.002848,002848.SZ,高斯贝尔,5,0.02721322700381279,,6,0.14000,20251210,0.004692780785262585,-0.030621297657489777,132549.95,36228.859,2.7834,,7.929999796216359,0.03531407844275236,weak,1.000000,0.14000,6,base,,,
20251211,20251212,SHSE.688096,688096.SH,京源环保,1,0.0311901718378067,,6,0.20600,20251211,0.0016170032322406769,-0.020428195595741272,173723.6765,31360.157,1.7796,,7.360000219250516,0.02204519882798195,weak,1.000000,0.20600,6,quality,,,
20251211,20251212,SHSE.688156,688156.SH,路德科技,2,0.030879337340593338,,6,0.20600,20251211,0.001002092263661325,-0.021439991891384125,168897.6413,74310.507,4.5299,,16.77000041484279,0.02244208415504545,weak,1.000000,0.20600,6,base,,,
20251211,20251212,SHSE.688528,688528.SH,秦川物联,3,0.030879337340593338,,6,0.14000,20251211,0.001459005055949092,-0.020682990550994873,175896.0,22934.048,1.2869,,10.469999587641354,0.022141995606943965,weak,1.000000,0.14000,6,quality,,,
20251211,20251212,SHSE.688565,688565.SH,力源科技,4,0.03062409907579422,,6,0.20600,20251211,0.0018908948404714465,-0.02195390686392784,150927.84,33047.447,2.1708,,10.050999956811555,0.023844801704399288,weak,1.000000,0.20600,6,base,,,
20251211,20251212,SHSE.688659,688659.SH,元琛科技,5,0.030450250953435898,,6,0.14000,20251211,0.0015428607584908605,-0.02166369929909706,149920.0,34518.171,2.287,,9.369999589052217,0.02320656005758792,weak,1.000000,0.14000,6,base,,,
20251212,20251215,SHSE.600448,600448.SH,华纺股份,2,0.01245870254933834,,6,0.32000,20251212,0.004643574357032776,-0.01179416012018919,192724.8166,82827.179,4.2474,,3.0599999198651697,0.016437734477221966,strong,1.000000,0.32000,6,risk,,,
20251212,20251215,SZSE.300621,300621.SZ,维业股份,3,0.011470087803900242,,6,0.32000,20251212,0.0049592009745538235,-0.011278669349849224,173103.1744,44475.226,2.5975,,8.319999728451315,0.016237870324403048,strong,1.000000,0.32000,6,base,,,
20251212,20251215,SHSE.688096,688096.SH,京源环保,4,0.011470087803900242,,6,0.32000,20251212,0.0045100427232682705,-0.011266189627349377,174903.8646,32742.359,1.8573,,7.41000022073999,0.015776232350617647,strong,1.000000,0.32000,6,quality,,,
20251212,20251215,SZSE.301098,301098.SZ,金埔园林,5,0.01138267945498228,,6,0.32000,20251212,0.005065703298896551,-0.010813086293637753,152482.2999,63848.443,5.0403,,8.290000158733653,0.015878789592534304,strong,1.000000,0.32000,6,base,,,
20251212,20251215,SZSE.301037,301037.SZ,保立佳,1,0.1108531653881073,,6,0.20000,20251212,0.04734298959374428,-0.013613040558993816,190195.3464,39678.151,4.1618,,13.68000026193925,0.060956030152738094,weak,1.000000,0.20000,6,risk,,,
20251215,20251216,SZSE.002188,002188.SZ,中天服务,1,0.14949899911880493,,6,0.18244,20251215,0.04954078048467636,-0.03140835836529732,184486.5793,100013.747,6.9472,,5.640000127805858,0.08094913884997368,weak,0.850000,0.20000,6,risk,,,
20251215,20251216,SZSE.002316,002316.SZ,亚联发展,2,0.14223513007164001,,6,0.18244,20251215,0.0495942197740078,-0.016557294875383377,184766.4,96820.846,6.1166,,4.699999951630188,0.06615151464939117,weak,0.850000,0.20000,6,risk,,,
20251215,20251216,SHSE.688096,688096.SH,京源环保,3,0.0972747951745987,,6,0.15024,20251215,0.04821382835507393,0.0018188306130468845,172779.5261,39939.535,2.3068,,7.320000218058937,0.046394997742027044,weak,1.000000,0.14000,6,base,,,
20251215,20251216,SZSE.301037,301037.SZ,保立佳,4,0.08175395429134369,,6,0.21463,20251215,0.04756544902920723,-0.03583280369639397,193810.1703,39307.635,4.1666,,13.940000266917629,0.0833982527256012,weak,1.000000,0.20000,6,risk,,,
20251215,20251216,SZSE.301098,301098.SZ,金埔园林,5,0.07300613820552826,,6,0.15024,20251215,0.005859933793544769,0.9980886578559875,156344.9396,58405.841,4.6301,,8.500000162754652,0.9922287240624428,weak,1.000000,0.14000,6,risk,,,
20251216,20251217,SZSE.002316,002316.SZ,亚联发展,4,0.01618564873933792,,6,0.32000,20251216,0.005417501088231802,-0.009685701690614223,182800.8,73186.632,4.6171,,4.649999952144761,0.015103202778846025,strong,1.000000,0.32000,6,risk,,,
20251216,20251217,SHSE.688156,688156.SH,路德科技,5,0.014122635126113892,,6,0.32000,20251216,0.005459737963974476,-0.008802030235528946,151574.8063,23539.667,1.5427,,15.050000372294813,0.014261768199503422,strong,1.000000,0.32000,6,quality,,,
20251216,20251217,SZSE.002188,002188.SZ,中天服务,1,0.08955416828393936,,6,0.20600,20251216,0.01268203929066658,-0.03373092785477638,183505.2677,75868.452,5.2101,,5.610000127126041,0.04641296714544296,weak,1.000000,0.20600,6,risk,,,
20251216,20251217,SHSE.688466,688466.SH,金科环境,2,0.059465400874614716,,6,0.20600,20251216,0.005774796940386295,-0.020748760551214218,196990.44,61491.457,3.0872,,15.999999883837384,0.026523557491600513,weak,1.000000,0.20600,6,risk,,,
20251216,20251217,SHSE.688096,688096.SH,京源环保,3,0.031864844262599945,,6,0.14000,20251216,0.010283220559358597,-0.03138301521539688,170655.1877,34316.706,2.0055,,7.230000215377885,0.04166623577475548,weak,1.000000,0.14000,6,base,,,
20251217,20251218,SHSE.688701,688701.SH,卓锦股份,1,0.06923647224903107,,6,0.32000,20251217,0.005780395120382309,-0.00625559501349926,123669.4596,61343.013,5.0734,,9.209999486405268,0.012035990133881569,strong,1.000000,0.32000,6,base,,,
20251217,20251218,SHSE.688096,688096.SH,京源环保,2,0.03766801580786705,,6,0.32000,20251217,0.011022788472473621,-0.007564912550151348,169002.9245,32841.237,1.9619,,7.160000213292621,0.01858770102262497,strong,1.000000,0.32000,6,quality,,,
20251217,20251218,SZSE.000608,000608.SZ,阳光股份,3,0.01306427363306284,,6,0.32000,20251217,0.005205229390412569,-0.012644863687455654,175479.7143,27232.46,1.5874,,2.34,0.017850093077868223,strong,1.000000,0.32000,6,quality,,,
20251217,20251218,SHSE.688156,688156.SH,路德科技,4,0.012315090745687485,,6,0.32000,20251217,0.003608649829402566,-0.009404043667018414,152682.662,26252.427,1.7474,,15.160000375015903,0.01301269349642098,strong,1.000000,0.32000,6,quality,,,
20251217,20251218,SZSE.300649,300649.SZ,杭州园林,5,0.011967797763645649,,6,0.32000,20251217,0.004042983055114746,-0.012409764342010021,181145.9211,36918.733,2.573,,13.680000573738711,0.016452747397124767,strong,1.000000,0.32000,6,risk,,,
20251218,20251219,SZSE.300614,300614.SZ,百川畅银,1,0.06829885393381119,,6,0.32000,20251218,0.006919946521520615,-0.010996145196259022,185945.0667,85667.973,4.6675,,11.590000242440556,0.017916091717779636,strong,1.000000,0.32000,6,risk,,,
20251218,20251219,SHSE.688096,688096.SH,京源环保,2,0.03766801580786705,,6,0.32000,20251218,0.010603941045701504,-0.0075850700959563255,173251.6013,30397.169,1.7619,,7.340000218654726,0.01818901114165783,strong,1.000000,0.32000,6,quality,,,
20251218,20251219,SZSE.002316,002316.SZ,亚联发展,3,0.013639649376273155,,6,0.32000,20251218,0.004257366992533207,-0.011345312930643559,189483.84,68389.055,4.1622,,4.819999950395213,0.015602679923176765,strong,1.000000,0.32000,6,risk,,,
20251218,20251219,SZSE.300649,300649.SZ,杭州园林,4,0.013328691944479942,,6,0.32000,20251218,0.004270929843187332,-0.01294697169214487,185780.5024,53696.822,3.6108,,14.030000588417698,0.017217901535332203,strong,1.000000,0.32000,6,risk,,,
20251218,20251219,SZSE.000608,000608.SZ,阳光股份,5,0.012643707916140556,,6,0.32000,20251218,0.004617953673005104,-0.012855424545705318,176229.6276,22279.508,1.2574,,2.35,0.017473378218710423,strong,1.000000,0.32000,6,quality,,,
20251219,20251222,SHSE.688701,688701.SH,卓锦股份,2,0.016693294048309326,,6,0.32000,20251219,0.005282931961119175,-0.014149713329970837,120715.3574,49777.021,4.1351,,8.989999498673546,0.01943264529109001,strong,1.000000,0.32000,6,base,,,
20251219,20251222,SZSE.000668,000668.SZ,荣丰控股,1,0.029578614979982376,,6,0.20600,20251219,0.004782076459378004,0.06474167853593826,135094.5388,35968.235,2.7477,,9.199999827964632,0.05995960207656026,weak,1.000000,0.20600,6,base,,,
20251219,20251222,SZSE.002316,002316.SZ,亚联发展,3,0.013639649376273155,,6,0.14000,20251219,0.004455230198800564,-0.015979088842868805,194201.28,59115.601,3.5401,,4.93999994916024,0.02043431904166937,weak,1.000000,0.14000,6,risk,,,
20251219,20251222,SZSE.300649,300649.SZ,杭州园林,4,0.012926662340760231,,6,0.20600,20251219,0.005514505784958601,-0.017171166837215424,190944.7502,33359.641,2.2054,,14.420000604774284,0.022685672622174025,weak,1.000000,0.20600,6,risk,,,
20251219,20251222,SHSE.600149,600149.SH,廊坊发展,5,0.012879269197583199,,6,0.14000,20251219,0.004087050445377827,-0.016903944313526154,198063.36,40088.694,2.0432,,5.209999889929677,0.02099099475890398,weak,1.000000,0.14000,6,risk,,,
20251222,20251223,SHSE.688701,688701.SH,卓锦股份,2,0.03326495736837387,,6,0.20600,20251222,0.0015453301602974534,-0.032016608864068985,120312.5253,28870.437,2.3786,,8.959999500346493,0.03356193902436644,weak,1.000000,0.20600,6,base,,,
20251222,20251223,SZSE.000668,000668.SZ,荣丰控股,3,0.030574698001146317,,6,0.14000,20251222,0.0007942095398902893,-0.03006213903427124,134947.6969,25513.612,1.8673,,9.189999828151626,0.03085634857416153,weak,1.000000,0.14000,6,quality,,,
20251222,20251223,SZSE.300621,300621.SZ,维业股份,4,0.02804173156619072,,6,0.20600,20251222,0.0016863105120137334,-0.03509024158120155,177264.3084,34631.182,1.9968,,8.519999721923702,0.03677655209321529,weak,1.000000,0.20600,6,quality,,,
20251222,20251223,SZSE.301098,301098.SZ,金埔园林,5,0.02804173156619072,,6,0.14000,20251222,0.0016203762497752905,-0.03234017267823219,158000.3566,36823.596,2.843,,8.590000164477935,0.033960548928007483,weak,1.000000,0.14000,6,base,,,
20251223,20251224,SHSE.688450,688450.SH,光格科技,3,0.49867138266563416,,6,0.14000,20251223,1.176155686378479,0.3315991163253784,179190.0,19804.981,1.4854,,27.150000354231345,0.8445565700531006,weak,1.000000,0.14000,6,risk,,,
20251223,20251224,SZSE.000668,000668.SZ,荣丰控股,4,0.052735477685928345,,6,0.42000,20251223,0.0046357749961316586,0.06955626606941223,141702.4239,9042.763,0.6427,,9.649999819549858,0.06492049107328057,weak,1.000000,0.42000,6,quality,,,
20251223,20251224,SHSE.688701,688701.SH,卓锦股份,5,0.04287458956241608,,6,0.14000,20251223,0.004413883667439222,-0.023367207497358322,119909.6932,24765.472,2.0868,,8.929999502019438,0.027781091164797544,weak,1.000000,0.14000,6,base,,,
20251224,20251225,SHSE.688450,688450.SH,光格科技,2,0.4199427366256714,,6,0.20600,20251224,0.07032398879528046,0.3307841420173645,183480.0,11637.922,0.8621,,27.800000362712023,0.26046015322208405,weak,1.000000,0.20600,6,risk,,,
20251224,20251225,SHSE.688701,688701.SH,卓锦股份,3,0.03296389430761337,,6,0.14000,20251224,-0.0014683688059449196,-0.029194697737693787,119238.3063,26287.096,2.1867,,8.879999504807685,0.027726328931748867,weak,1.000000,0.14000,6,base,,,
20251224,20251225,SZSE.300621,300621.SZ,维业股份,4,0.028550460934638977,,6,0.20600,20251224,0.0006131918635219336,-0.03315603733062744,176848.195,24954.93,1.4508,,8.499999722576463,0.033769229194149375,weak,1.000000,0.20600,6,quality,,,
20251224,20251225,SZSE.301098,301098.SZ,金埔园林,5,0.028550460934638977,,6,0.14000,20251224,0.0007332228124141693,-0.02902008593082428,159471.8383,30986.287,2.4018,,8.670000166009745,0.02975330874323845,weak,1.000000,0.14000,6,base,,,
20251225,20251226,SZSE.002848,002848.SZ,高斯贝尔,3,0.12010057270526886,,6,0.14000,20251225,-0.020128117874264717,-0.045644648373126984,138734.5,38771.248,2.8673,,8.299999786708169,0.025516530498862267,weak,1.000000,0.14000,6,base,,,
20251225,20251226,SHSE.600847,600847.SH,万里股份,4,0.11913888901472092,,6,0.20600,20251225,-0.016881467774510384,-0.04997088387608528,180265.9824,22318.786,1.2465,,11.759999927721525,0.0330894161015749,weak,1.000000,0.20600,6,risk,,,
20251225,20251226,SHSE.600768,600768.SH,宁波富邦,5,0.11856329441070557,,6,0.14000,20251225,-0.015344337560236454,-0.052975334227085114,180291.2256,37470.772,2.0905,,13.479999852919367,0.03763099666684866,weak,1.000000,0.14000,6,risk,,,
20251226,20251229,SZSE.002848,002848.SZ,高斯贝尔,2,0.26562485098838806,,6,0.32000,20251226,-0.04752706363797188,-0.03994644805788994,137063.0,33905.068,2.4954,,8.19999978927795,0.00758061558008194,strong,1.000000,0.32000,6,base,,,
20251226,20251229,SHSE.603880,603880.SH,南卫股份,3,0.2655690312385559,,6,0.32000,20251226,-0.03982159495353699,-0.04547698050737381,180940.292,28330.921,1.5517,,6.259999927416399,0.0056553855538368225,strong,1.000000,0.32000,6,risk,,,
20251226,20251229,SHSE.688681,688681.SH,科汇股份,4,0.26530224084854126,,6,0.32000,20251226,-0.036170635372400284,-0.04717458412051201,182439.81,21888.791,1.1906,,17.24220577380204,0.011003948748111725,strong,1.000000,0.32000,6,risk,,,
20251226,20251229,SHSE.600847,600847.SH,万里股份,5,0.2650836408138275,,6,0.32000,20251226,-0.03891818970441818,-0.04486691206693649,177813.384,21987.515,1.2223,,11.599999928704904,0.0059487223625183105,strong,1.000000,0.32000,6,quality,,,
20251229,20251230,SZSE.300614,300614.SZ,百川畅银,2,0.2608555853366852,,6,0.20600,20251229,-0.016165565699338913,-0.062274444848299026,198779.9289,25388.877,1.2839,,12.390000259175022,0.046108879148960114,weak,1.000000,0.20600,6,risk,,,
20251229,20251230,SHSE.603880,603880.SH,南卫股份,3,0.11962419003248215,,6,0.14000,20251229,-0.018723133951425552,-0.05133761838078499,182096.46,21535.859,1.1876,,6.299999926952606,0.032614484429359436,weak,1.000000,0.14000,6,risk,,,
20251229,20251230,SZSE.002848,002848.SZ,高斯贝尔,4,0.11955495923757553,,6,0.20600,20251229,-0.021058078855276108,-0.0471210703253746,137230.15,63437.316,4.6703,,8.209999789020973,0.026062991470098495,weak,1.000000,0.20600,6,base,,,
20251229,20251230,SHSE.600847,600847.SH,万里股份,5,0.11913888901472092,,6,0.14000,20251229,-0.015661321580410004,-0.0503382682800293,178273.2462,26168.188,1.4764,,11.62999992852052,0.03467694669961929,weak,1.000000,0.14000,6,quality,,,
20251230,20251231,SHSE.688021,688021.SH,奥福科技,2,0.12052467465400696,,6,0.21563,20251230,-0.01806764118373394,-0.05777215585112572,139455.0335,17554.568,1.2519,,18.25000049435077,0.03970451466739178,weak,1.000000,0.20600,6,quality,,,
20251230,20251231,SHSE.603880,603880.SH,南卫股份,3,0.11962419003248215,,6,0.14654,20251230,-0.018980450928211212,-0.051900070160627365,178627.956,25953.561,1.4401,,6.179999928343984,0.03291961923241615,weak,1.000000,0.14000,6,quality,,,
20251230,20251231,SZSE.002848,002848.SZ,高斯贝尔,4,0.11955495923757553,,6,0.18328,20251230,-0.020980196073651314,-0.04715723544359207,142913.25,86847.853,6.2259,,8.549999780283716,0.026177039369940758,weak,0.850000,0.20600,6,risk,,,
20251230,20251231,SZSE.300405,300405.SZ,科隆股份,5,0.11949189007282257,,6,0.14654,20251230,-0.016556372866034508,-0.05212888866662979,182851.6275,42431.376,2.997,,6.429999942451374,0.035572515800595284,weak,1.000000,0.14000,6,risk,,,
20251231,20260105,SZSE.000692,000692.SZ,惠天热电,1,0.12078262865543365,,6,0.20600,20251231,-0.019595738500356674,-0.05096485838294029,183294.5437,46665.421,2.5342,,3.439999881584787,0.03136911988258362,weak,1.000000,0.20600,6,risk,,,
20251231,20260105,SHSE.688021,688021.SH,奥福科技,2,0.12052467465400696,,6,0.20600,20251231,-0.018766675144433975,-0.05715491250157356,140219.1707,19800.853,1.4232,,18.35000049705954,0.03838823735713959,weak,1.000000,0.20600,6,quality,,,
20251231,20260105,SHSE.603880,603880.SH,南卫股份,3,0.11962419003248215,,6,0.14000,20251231,-0.019004741683602333,-0.052130311727523804,180073.166,21461.845,1.2013,,6.229999927764244,0.03312557004392147,weak,1.000000,0.14000,6,risk,,,
20251231,20260105,SZSE.002848,002848.SZ,高斯贝尔,4,0.11955495923757553,,6,0.20600,20251231,-0.02086304873228073,-0.048240721225738525,150100.7,52517.385,3.5724,,8.979999769233658,0.027377672493457794,weak,1.000000,0.20600,6,base,,,
20251231,20260105,SHSE.600847,600847.SH,万里股份,5,0.11913888901472092,,6,0.14000,20251231,-0.014113002456724644,-0.05093441158533096,178119.9588,22310.156,1.2689,,11.619999928581983,0.03682140912860632,weak,1.000000,0.14000,6,quality,,,
20260105,20260106,SHSE.600847,600847.SH,万里股份,2,0.4609594941139221,,6,0.20600,20260105,-0.07176356017589569,0.07410411536693573,178886.3958,36948.239,2.0501,,11.669999928274677,0.14586767554283142,weak,1.000000,0.20600,6,risk,,,
20260105,20260106,SHSE.688565,688565.SH,力源科技,3,0.46015027165412903,,6,0.14000,20260105,-0.06845824420452118,0.0766322985291481,170392.74,48967.766,2.8842,,11.347259871876538,0.14509054273366928,weak,1.000000,0.14000,6,risk,,,
20260105,20260106,SHSE.688329,688329.SH,艾隆科技,4,0.4561995267868042,,6,0.20600,20260105,-0.06822050362825394,0.07233113795518875,177791.6,67320.256,3.8561,,23.029999748873337,0.1405516415834427,weak,1.000000,0.20600,6,risk,,,
20260105,20260106,SHSE.688671,688671.SH,碧兴物联,5,0.4425990581512451,,6,0.14000,20260105,-0.07794860005378723,0.046334996819496155,188916.4734,55214.767,4.8598,,24.059999885843762,0.12428359687328339,weak,1.000000,0.14000,6,risk,,,
20260106,20260107,SHSE.600847,600847.SH,万里股份,2,0.46127280592918396,,6,0.21245,20260106,-0.06963196396827698,0.0744844451546669,179652.8328,31863.166,1.7718,,11.71999992796737,0.14411640912294388,weak,1.000000,0.20600,6,risk,,,
20260106,20260107,SHSE.688565,688565.SH,力源科技,3,0.4596446454524994,,6,0.14438,20260106,-0.0665353536605835,0.07636911422014236,176831.13,60645.968,3.4759,,11.77602276685957,0.14290446788072586,weak,1.000000,0.14000,6,risk,,,
20260106,20260107,SZSE.300417,300417.SZ,南华仪器,4,0.4452514946460724,,6,0.21245,20260106,-0.06267888098955154,0.04894580692052841,187311.9744,46976.224,3.8271,,13.846571584835623,0.11162468791007996,weak,1.000000,0.20600,6,risk,,,
20260106,20260107,SZSE.300736,300736.SZ,百邦科技,5,0.4407660961151123,,6,0.12272,20260106,-0.10176905989646912,0.05036240071058273,199449.6111,160088.288,8.0876,,15.590000506445147,0.15213146060705185,weak,0.850000,0.14000,6,risk,,,
20260107,20260108,SHSE.688565,688565.SH,力源科技,1,0.4611511528491974,,6,0.21334,20260107,-0.06871255487203598,0.07717582583427429,174135.99,41488.29,2.3683,,11.59654062477365,0.14588838070631027,weak,1.000000,0.20600,6,risk,,,
20260107,20260108,SZSE.002848,002848.SZ,高斯贝尔,2,0.44984886050224304,,6,0.18134,20260107,-0.07085387408733368,0.0731402263045311,166314.25,278295.114,16.4966,,9.949999744306782,0.14399410039186478,weak,0.850000,0.20600,6,risk,,,
20260107,20260108,SZSE.300417,300417.SZ,南华仪器,3,0.4452363848686218,,6,0.14499,20260107,-0.06775196641683578,0.04893190413713455,186370.032,33063.253,2.7225,,13.776940836923373,0.11668387055397034,weak,1.000000,0.14000,6,risk,,,
20260107,20260108,SHSE.688701,688701.SH,卓锦股份,4,0.4411310851573944,,6,0.21334,20260107,-0.12294570356607437,0.06977447122335434,109167.5034,20441.055,1.8622,,8.12999954663136,0.1927201747894287,weak,1.000000,0.20600,6,risk,,,
20260107,20260108,SHSE.600768,600768.SH,宁波富邦,5,0.42663276195526123,,6,0.14499,20260107,-0.06260918825864792,0.05213399976491928,190723.5072,57586.409,3.0199,,14.259999844408764,0.1147431880235672,weak,1.000000,0.14000,6,risk,,,
20260108,20260109,SHSE.688565,688565.SH,力源科技,1,0.46161049604415894,,6,0.21334,20260108,-0.06654264032840729,0.07727348059415817,175184.1,42598.33,2.4232,,11.666339235584841,0.14381612092256546,weak,1.000000,0.20600,6,risk,,,
20260108,20260109,SZSE.002848,002848.SZ,高斯贝尔,2,0.4613932967185974,,6,0.18134,20260108,-0.06822562962770462,0.07789797335863113,163472.7,121277.773,7.3781,,9.779999748675408,0.14612360298633575,weak,0.850000,0.20600,6,risk,,,
20260108,20260109,SHSE.688329,688329.SH,艾隆科技,3,0.45602813363075256,,6,0.14499,20260108,-0.07029134780168533,0.06919652968645096,169608.4,57755.557,3.4631,,21.969999760431918,0.1394878774881363,weak,1.000000,0.14000,6,risk,,,
20260108,20260109,SHSE.688701,688701.SH,卓锦股份,4,0.43171823024749756,,6,0.21334,20260108,-0.11158492416143417,0.06689684092998505,112255.883,29329.058,2.6164,,8.359999533805432,0.17848176509141922,weak,1.000000,0.20600,6,risk,,,
20260108,20260109,SZSE.300417,300417.SZ,南华仪器,5,0.42663276195526123,,6,0.14499,20260108,-0.06287983804941177,0.05112703889608383,189599.5488,39260.432,3.1947,,14.015674829765366,0.1140068769454956,weak,1.000000,0.14000,6,risk,,,
20260109,20260112,SHSE.688565,688565.SH,力源科技,1,0.46161049604415894,,6,0.21334,20260109,-0.06630056351423264,0.07722839713096619,181023.57,44869.447,2.5043,,12.055217210104336,0.14352896064519882,weak,1.000000,0.20600,6,risk,,,
20260109,20260112,SZSE.002848,002848.SZ,高斯贝尔,2,0.4613932967185974,,6,0.18134,20260109,-0.06821079552173615,0.07877522706985474,171663.05,123533.886,7.3666,,10.269999736083482,0.14698602259159088,weak,0.850000,0.20600,6,risk,,,
20260109,20260112,SHSE.688329,688329.SH,艾隆科技,3,0.45565399527549744,,6,0.14499,20260109,-0.06920583546161652,0.07080552726984024,172387.6,48378.268,2.8471,,22.32999975650636,0.14001136273145676,weak,1.000000,0.14000,6,risk,,,
20260109,20260112,SZSE.300417,300417.SZ,南华仪器,4,0.42663276195526123,,6,0.21334,20260109,-0.062299344688653946,0.05112703889608383,190406.928,42720.509,3.4538,,14.075358327975867,0.11342638358473778,weak,1.000000,0.20600,6,risk,,,
20260109,20260112,SHSE.600768,600768.SH,宁波富邦,5,0.42655107378959656,,6,0.14499,20260109,-0.06276804208755493,0.05193483456969261,193933.44,72075.73,3.713,,14.499999841790117,0.11470287665724754,weak,1.000000,0.14000,6,risk,,,
20260112,20260113,SZSE.002848,002848.SZ,高斯贝尔,1,0.462270051240921,,6,0.21093,20260112,-0.11336226761341095,0.07894229143857956,180187.7,38878.168,2.2005,,10.779999722977598,0.1923045590519905,weak,1.000000,0.20600,6,risk,,,
20260112,20260113,SHSE.688329,688329.SH,艾隆科技,2,0.45565399527549744,,6,0.21093,20260112,-0.06693626195192337,0.07241614162921906,176942.4,55324.88,3.1421,,22.91999975007281,0.13935240358114243,weak,1.000000,0.20600,6,risk,,,
20260112,20260113,SHSE.688565,688565.SH,力源科技,3,0.45000338554382324,,6,0.14335,20260112,-0.06471365690231323,0.06849025189876556,185216.01,73027.433,3.9292,,12.334411653349102,0.1332039088010788,weak,1.000000,0.14000,6,risk,,,
20260112,20260113,SZSE.300417,300417.SZ,南华仪器,4,0.42663276195526123,,6,0.21093,20260112,-0.06229105219244957,0.05209936201572418,191617.9968,44524.006,3.5673,,14.164883575291615,0.11439041420817375,weak,1.000000,0.20600,6,risk,,,
20260112,20260113,SZSE.300405,300405.SZ,科隆股份,5,0.4247244894504547,,6,0.12185,20260112,-0.06223892793059349,0.04772564396262169,191667.1803,123094.611,8.3665,,6.739999939676868,0.10996457189321518,weak,0.850000,0.14000,6,risk,,,
20260113,20260114,SZSE.002848,002848.SZ,高斯贝尔,1,0.4608210623264313,,6,0.18804,20260113,-0.11348643153905869,0.07980243116617203,181357.75,161956.719,9.0022,,10.849999721178751,0.1932888627052307,weak,0.850000,0.20600,6,risk,,,
20260113,20260114,SHSE.688329,688329.SH,艾隆科技,2,0.45565399527549744,,6,0.22122,20260113,-0.06753944605588913,0.0723760649561882,178872.4,73586.489,4.0933,,23.16999974734673,0.13991551101207733,weak,1.000000,0.20600,6,risk,,,
20260113,20260114,SHSE.688565,688565.SH,力源科技,3,0.4452514946460724,,6,0.15035,20260113,-0.06258251518011093,0.05230417102575302,187012.77,39979.803,2.146,,12.454066414739716,0.11488668620586395,weak,1.000000,0.14000,6,risk,,,
20260113,20260114,SZSE.300405,300405.SZ,科隆股份,4,0.44302064180374146,,6,0.18804,20260113,-0.06751040369272232,0.04785550385713577,188539.0809,98664.866,6.7305,,6.62999994066137,0.1153659075498581,weak,0.850000,0.20600,6,risk,,,
20260113,20260114,SZSE.300417,300417.SZ,南华仪器,5,0.42663276195526123,,6,0.15035,20260113,-0.06480561196804047,0.05047987401485443,189734.112,53916.281,4.3237,,14.025622079467116,0.1152854859828949,weak,1.000000,0.14000,6,risk,,,
20260114,20260115,SHSE.688565,688565.SH,力源科技,1,0.46161049604415894,,6,0.20600,20260114,-0.06638198345899582,0.07697571069002151,182970.06,66208.002,3.5972,,12.184843201610835,0.14335769414901733,weak,1.000000,0.20600,6,risk,,,
20260114,20260115,SHSE.688329,688329.SH,艾隆科技,2,0.45565399527549744,,6,0.20600,20260114,-0.0669843852519989,0.07253237813711166,182192.0,64062.455,3.5297,,23.599999742657868,0.13951676338911057,weak,1.000000,0.20600,6,risk,,,
20260114,20260115,SZSE.002848,002848.SZ,高斯贝尔,3,0.450909286737442,,6,0.14000,20260114,-0.10672727972269058,0.05412160977721214,190383.85,25598.176,1.367,,11.389999707301934,0.16084888949990273,weak,1.000000,0.14000,6,risk,,,
20260115,20260116,SHSE.688793,688793.SH,倍轻松,5,0.39878159761428833,,6,0.32636,20260115,0.10994146764278412,0.11481321603059769,198447.9725,52024.435,2.6117,,23.089999302172327,0.004871748387813568,strong,1.000000,0.32000,6,risk,,,
20260115,20260116,SHSE.688329,688329.SH,艾隆科技,1,0.4575842320919037,,6,0.21009,20260115,-0.0667136013507843,0.07334005832672119,180648.0,38715.55,2.1478,,23.39999974483873,0.1400536596775055,weak,1.000000,0.20600,6,risk,,,
20260115,20260116,SHSE.688565,688565.SH,力源科技,2,0.4452514946460724,,6,0.21009,20260115,-0.06258607655763626,0.0523243211209774,186713.31,44975.484,2.4406,,12.434123954507948,0.11491039767861366,weak,1.000000,0.20600,6,risk,,,
20260115,20260116,SZSE.002848,002848.SZ,高斯贝尔,3,0.4270980656147003,,6,0.12136,20260115,-0.10885659605264664,0.05279428884387016,199911.4,150222.125,7.6448,,11.959999692654183,0.1616508848965168,weak,0.850000,0.14000,6,risk,,,
20260115,20260116,SHSE.688671,688671.SH,碧兴物联,4,0.4205707907676697,,6,0.21009,20260115,-0.06391870975494385,0.043046675622463226,199595.0438,37843.298,3.1947,,25.419999879391042,0.10696538537740707,weak,1.000000,0.20600,6,risk,,,
20260116,20260119,SHSE.688793,688793.SH,倍轻松,3,0.39878159761428833,,6,0.32000,20260116,0.10338972508907318,0.11481321603059769,197330.682,46967.511,2.3668,,22.959999306101196,0.011423490941524506,strong,1.000000,0.32000,6,risk,,,
20260116,20260119,SHSE.688329,688329.SH,艾隆科技,1,0.4575842320919037,,6,0.20600,20260116,-0.06421813368797302,0.0733567625284195,180262.0,37821.085,2.1087,,23.34999974538395,0.13757489621639252,weak,1.000000,0.20600,6,risk,,,
20260116,20260119,SHSE.688565,688565.SH,力源科技,2,0.4452514946460724,,6,0.20600,20260116,-0.05997813120484352,0.05221332237124443,186713.31,36438.384,1.9544,,12.434123954507948,0.11219145357608795,weak,1.000000,0.20600,6,risk,,,
20260119,20260120,SZSE.002848,002848.SZ,高斯贝尔,1,0.4270690083503723,,6,0.20600,20260119,-0.10692150890827179,0.05342138186097145,199409.95,78414.095,4.1097,,11.929999693425115,0.16034289076924324,weak,1.000000,0.20600,6,risk,,,
20260119,20260120,SHSE.688793,688793.SH,倍轻松,2,0.389488160610199,,6,0.20600,20260119,-0.10533732920885086,0.03156178444623947,196815.0095,34929.899,1.7725,,22.89999930791452,0.13689911365509033,weak,1.000000,0.20600,6,risk,,,
20260120,20260121,SHSE.688067,688067.SH,爱威科技,1,0.44360360503196716,,6,0.20600,20260120,-0.063474640250206,0.21103578805923462,187884.0,40353.252,2.1396,,27.630001044826763,0.2745104283094406,weak,1.000000,0.20600,6,risk,,,
20260120,20260121,SHSE.688793,688793.SH,倍轻松,2,0.3886796236038208,,6,0.20600,20260120,-0.09811453521251678,0.03145923092961311,196213.3916,35575.352,1.8095,,22.829999310030065,0.1295737661421299,weak,1.000000,0.20600,6,risk,,,
20260121,20260122,SZSE.002848,002848.SZ,高斯贝尔,1,0.42698153853416443,,6,0.20600,20260121,-0.10745762288570404,0.05353057384490967,195398.35,90109.473,4.6589,,11.689999699592589,0.1609881967306137,weak,1.000000,0.20600,6,risk,,,
20260121,20260122,SHSE.688793,688793.SH,倍轻松,2,0.38674938678741455,,6,0.20600,20260121,-0.09231575578451157,0.0305597186088562,196213.3916,29249.476,1.4943,,22.829999310030065,0.12287547439336777,weak,1.000000,0.20600,6,risk,,,
20260122,20260123,SZSE.002848,002848.SZ,高斯贝尔,1,0.42698153853416443,,6,0.20600,20260122,-0.10745762288570404,0.052927494049072266,198908.5,39450.554,2.0318,,11.89999969419605,0.1603851169347763,weak,1.000000,0.20600,6,risk,,,
20260122,20260123,SHSE.688793,688793.SH,倍轻松,2,0.38674938678741455,,6,0.20600,20260122,-0.09133972227573395,0.030255060642957687,196643.1187,25170.157,1.2772,,22.87999930851896,0.12159478291869164,weak,1.000000,0.20600,6,risk,,,
20260123,20260126,SHSE.688793,688793.SH,倍轻松,1,0.38674938678741455,,6,0.20600,20260123,-0.08609189838171005,0.03217824548482895,199307.4267,32121.274,1.6182,,23.18999929915012,0.118270143866539,weak,1.000000,0.20600,6,risk,,,
20260127,20260128,SHSE.688793,688793.SH,倍轻松,1,0.3876074552536011,,6,0.22270,20260127,-0.09302403777837753,0.13387994468212128,194924.2103,34301.441,1.7733,,22.679999314563375,0.2269039824604988,weak,1.000000,0.20600,6,risk,,,
20260127,20260128,SZSE.300635,300635.SZ,中达安,2,0.3549883961677551,,6,0.18930,20260127,0.09368473291397095,0.11479151248931885,193919.39,128417.518,7.7871,,13.849999924952334,0.0211067795753479,weak,0.850000,0.20600,6,risk,,,
20260128,20260129,SZSE.000668,000668.SZ,荣丰控股,1,0.42698153853416443,,6,0.21415,20260128,-0.11158856749534607,0.051801931113004684,196327.6069,59831.327,3.0662,,13.369999749987732,0.16339049860835075,weak,1.000000,0.20600,6,risk,,,
20260128,20260129,SHSE.688793,688793.SH,倍轻松,2,0.38785743713378906,,6,0.21415,20260128,-0.09383736550807953,0.13423530757427216,189939.376,40841.055,2.1317,,22.099999332092178,0.22807267308235168,weak,1.000000,0.20600,6,risk,,,
20260128,20260129,SZSE.300635,300635.SZ,中达安,3,0.35847610235214233,,6,0.12371,20260128,0.0940997451543808,0.11540380120277405,192659.264,129905.861,7.7943,,13.759999925440008,0.02130405604839325,weak,0.850000,0.14000,6,risk,,,
20260129,20260130,SZSE.000668,000668.SZ,荣丰控股,1,0.42698153853416443,,6,0.21415,20260129,-0.06295615434646606,0.04916149005293846,195446.5556,45652.246,2.333,,13.309999751109704,0.11211764439940453,weak,1.000000,0.20600,6,risk,,,
20260129,20260130,SHSE.688793,688793.SH,倍轻松,2,0.3909396231174469,,6,0.21415,20260129,-0.09496849775314331,0.029759474098682404,189767.4852,30759.881,1.6066,,22.07999933269662,0.12472797185182571,weak,1.000000,0.20600,6,risk,,,
20260129,20260130,SZSE.300635,300635.SZ,中达安,3,0.3311772346496582,,6,0.12371,20260129,0.09514166414737701,0.11555761843919754,194619.46,105534.3,6.2532,,13.899999924681403,0.020415954291820526,weak,0.850000,0.14000,6,risk,,,
20260130,20260202,SZSE.000668,000668.SZ,荣丰控股,2,0.42698153853416443,,6,0.20600,20260130,-0.06604816019535065,0.04916149005293846,193684.4529,36936.042,1.9343,,13.189999753353641,0.11520965024828911,weak,1.000000,0.20600,6,risk,,,
20260130,20260202,SZSE.002848,002848.SZ,高斯贝尔,3,0.4267239570617676,,6,0.14000,20260130,-0.11539175361394882,0.04972657188773155,198239.9,92306.594,4.7063,,11.859999695223962,0.16511832550168037,weak,1.000000,0.14000,6,risk,,,
20260202,20260203,SHSE.688793,688793.SH,倍轻松,1,0.42554500699043274,,6,0.20600,20260202,-0.08770491182804108,0.05176345631480217,190197.2122,30725.541,1.5932,,22.129999331185516,0.13946836814284325,weak,1.000000,0.20600,6,risk,,,
20260203,20260204,SZSE.002848,002848.SZ,高斯贝尔,1,0.44474905729293823,,6,0.20600,20260203,-0.06762739270925522,0.05923348292708397,188879.5,87334.135,4.7679,,11.299999709614736,0.1268608756363392,weak,1.000000,0.20600,6,risk,,,
20260203,20260204,SHSE.688793,688793.SH,倍轻松,2,0.42554500699043274,,6,0.20600,20260203,-0.07630572468042374,0.051191698759794235,193549.0836,21911.449,1.1381,,22.51999931939891,0.12749742344021797,weak,1.000000,0.20600,6,risk,,,
20260204,20260205,SZSE.002848,002848.SZ,高斯贝尔,1,0.44474905729293823,,6,0.20600,20260204,-0.06998620182275772,0.059199705719947815,186372.25,63040.414,3.4465,,11.149999713469407,0.12918590754270554,weak,1.000000,0.20600,6,risk,,,
20260204,20260205,SHSE.688565,688565.SH,力源科技,2,0.42619895935058594,,6,0.20600,20260204,-0.06014878302812576,0.2225944995880127,196745.22,32223.535,1.6308,,13.102196372272207,0.28274328261613846,weak,1.000000,0.20600,6,risk,,,
20260205,20260206,SZSE.002848,002848.SZ,高斯贝尔,1,0.4500289261341095,,6,0.20600,20260205,-0.06836524605751038,0.0755198672413826,186037.95,56114.514,3.024,,11.129999713983366,0.14388511329889297,weak,1.000000,0.20600,6,risk,,,
20260206,20260209,SZSE.002848,002848.SZ,高斯贝尔,1,0.4495544731616974,,6,0.20600,20260206,-0.06864883005619049,0.07540091872215271,183865.0,48099.65,2.6555,,10.99999971732408,0.1440497487783432,weak,1.000000,0.20600,6,risk,,,
20260206,20260209,SZSE.300621,300621.SZ,维业股份,2,0.4433498680591583,,6,0.20600,20260206,-0.0515044741332531,0.2216113954782486,188499.3702,38647.422,2.0923,,9.059999704299148,0.2731158696115017,weak,1.000000,0.20600,6,risk,,,
20260209,20260210,SZSE.002848,002848.SZ,高斯贝尔,1,0.4251980781555176,,6,0.20600,20260209,-0.05921919271349907,0.059006866067647934,190383.85,67598.902,3.6249,,11.389999707301934,0.118226058781147,weak,1.000000,0.20600,6,risk,,,
20260210,20260211,SZSE.002848,002848.SZ,高斯贝尔,2,0.4246525466442108,,6,0.20600,20260210,-0.05785410851240158,0.06090248376131058,199911.4,31197.535,1.5966,,11.959999692654183,0.11875659227371216,weak,1.000000,0.20600,6,risk,,,
20260213,20260224,SZSE.301372,301372.SZ,科净源,4,0.4321923553943634,,6,0.20600,20260213,-0.05448683351278305,0.1364380270242691,193371.4326,24428.159,2.093,,28.199999733726575,0.19092486053705215,weak,1.000000,0.20600,6,risk,,,
20260213,20260224,SHSE.688565,688565.SH,力源科技,5,0.42180415987968445,,6,0.14000,20260213,0.013516144827008247,0.05515987053513527,196894.95,26629.879,1.3407,,13.112167602388093,0.04164372570812702,weak,1.000000,0.14000,6,risk,,,
20260225,20260226,SZSE.300621,300621.SZ,维业股份,1,0.4377736747264862,,6,0.20600,20260225,-0.04772152006626129,0.14656563103199005,194533.0145,26763.936,1.4,,9.349999694834109,0.19428715109825134,weak,1.000000,0.20600,6,risk,,,
20260303,20260304,SZSE.301098,301098.SZ,金埔园林,3,0.47042039036750793,,6,0.14000,20260303,-0.08752407878637314,0.15406396985054016,164070.5365,54261.43,3.9883,,8.920000170796646,0.2415880486369133,weak,1.000000,0.14000,6,risk,,,
20260303,20260304,SHSE.688021,688021.SH,奥福科技,4,0.4605081379413605,,6,0.20600,20260303,-0.07121585309505463,0.07143477350473404,183087.2659,65273.853,3.5013,,23.960000649021612,0.14265062659978867,weak,1.000000,0.20600,6,risk,,,
20260303,20260304,SZSE.300929,300929.SZ,华骐环保,5,0.4589936435222626,,6,0.14000,20260303,-0.07911619544029236,0.07504744827747345,157106.0847,53692.022,3.5021,,11.890000319256652,0.1541636437177658,weak,1.000000,0.14000,6,risk,,,
20260304,20260305,SZSE.300621,300621.SZ,维业股份,3,0.03368215635418892,,6,0.32000,20260304,0.006557655055075884,-0.001166664995253086,176432.0816,39342.789,2.2871,,8.479999723229225,0.00772432005032897,strong,1.000000,0.32000,6,base,,,
20260304,20260305,SHSE.688671,688671.SH,碧兴物联,4,0.031355809420347214,,6,0.32000,20260304,0.006220970302820206,0.014813043177127838,173448.2501,32139.056,3.1018,,22.089999895190722,0.008592072874307632,strong,1.000000,0.32000,6,base,,,
20260304,20260305,SHSE.688573,688573.SH,信宇人,5,0.03039325401186943,,6,0.32000,20260304,0.002594287507236004,0.012632293626666069,199027.934,57919.13,5.2826,,20.359999807754367,0.010038006119430065,strong,1.000000,0.32000,6,risk,,,
20260304,20260305,SHSE.688296,688296.SH,和达科技,2,0.3164173364639282,,6,0.20600,20260304,0.051096998155117035,0.22758086025714874,162603.2806,49961.001,3.0953,,15.06999971819859,0.1764838621020317,weak,1.000000,0.20600,6,risk,,,
20260305,20260306,SZSE.300621,300621.SZ,维业股份,1,0.03368215635418892,,6,0.32000,20260305,0.005725276190787554,0.013028791174292564,178720.7053,34276.196,1.9552,,8.589999719639037,0.007303514983505011,strong,1.000000,0.32000,6,quality,,,
20260305,20260306,SHSE.688296,688296.SH,和达科技,2,0.03189803659915924,,6,0.32000,20260305,0.004715844988822937,0.011563722975552082,163682.2672,28503.513,1.7322,,15.169999716328638,0.006847877986729145,strong,1.000000,0.32000,6,quality,,,
20260305,20260306,SHSE.688217,688217.SH,睿昂基因,3,0.030914422124624252,,6,0.32000,20260305,0.0051787616685032845,0.009559957310557365,159077.5918,15170.075,0.9497,,28.48000104774,0.004381195642054081,strong,1.000000,0.32000,6,quality,,,
20260305,20260306,SHSE.688793,688793.SH,倍轻松,4,0.018947873264551163,,6,0.32000,20260305,0.005238937679678202,0.013112924061715603,179196.1986,22877.447,1.2683,,20.84999936986977,0.007873986382037401,strong,1.000000,0.32000,6,quality,,,
20260305,20260306,SZSE.300665,300665.SZ,飞鹿股份,5,0.01715422049164772,,6,0.32000,20260305,0.005757683422416449,0.013512946665287018,174061.8554,48935.473,2.8227,,7.949999647671484,0.007755263242870569,strong,1.000000,0.32000,6,base,,,
20260306,20260309,SZSE.300621,300621.SZ,维业股份,1,0.03274056315422058,,6,0.32000,20260306,0.006995419971644878,0.01364482194185257,188291.3135,47780.094,2.6534,,9.04999970462553,0.006649401970207691,strong,1.000000,0.32000,6,risk,,,
20260306,20260309,SHSE.688217,688217.SH,睿昂基因,2,0.029933378100395203,,6,0.32000,20260306,0.005414852872490883,0.009411764331161976,168517.2382,28864.515,1.7444,,30.170001109912775,0.003996911458671093,strong,1.000000,0.32000,6,quality,,,
20260306,20260309,SZSE.300665,300665.SZ,飞鹿股份,3,0.01715422049164772,,6,0.32000,20260306,0.005833279807120562,0.014483506791293621,179316.5529,61106.126,3.4518,,8.18999963703515,0.00865022698417306,strong,1.000000,0.32000,6,base,,,
20260306,20260309,SHSE.688671,688671.SH,碧兴物联,4,0.014885753393173218,,6,0.32000,20260306,0.004748513922095299,0.011523506604135036,183498.6693,24785.571,2.2953,,23.369999889117572,0.006774992682039738,strong,1.000000,0.32000,6,risk,,,
20260306,20260309,SHSE.688793,688793.SH,倍轻松,5,0.014885753393173218,,6,0.32000,20260306,0.004669873975217342,0.01051644328981638,184868.5963,20342.713,1.1125,,21.509999349923202,0.005846569314599037,strong,1.000000,0.32000,6,risk,,,
20260309,20260310,SZSE.300621,300621.SZ,维业股份,1,0.033169057220220566,,6,0.32000,20260309,0.006889461539685726,0.013734860345721245,188083.2568,41556.274,2.289,,9.039999704951908,0.006845398806035519,strong,1.000000,0.32000,6,risk,,,
20260309,20260310,SHSE.688217,688217.SH,睿昂基因,2,0.030334681272506714,,6,0.32000,20260309,0.0051313238218426704,0.009285135194659233,165054.1727,25248.732,1.5407,,29.550001087103826,0.004153811372816563,strong,1.000000,0.32000,6,quality,,,
20260309,20260310,SHSE.688296,688296.SH,和达科技,3,0.029826156795024872,,6,0.32000,20260309,0.005137491971254349,0.010047487914562225,168861.4029,40067.641,2.4014,,15.649999707352881,0.004909995943307877,strong,1.000000,0.32000,6,base,,,
20260309,20260310,SHSE.600455,600455.SH,博通股份,4,0.02811727672815323,,6,0.32000,20260309,0.005188638344407082,0.007713961880654097,179316.918,59075.553,3.335,,28.709999878849608,0.002525323536247015,strong,1.000000,0.32000,6,base,,,
20260309,20260310,SZSE.300665,300665.SZ,飞鹿股份,5,0.01759514957666397,,6,0.32000,20260309,0.005724010523408651,0.0145857073366642,177346.0413,58053.964,3.2969,,8.099999641023775,0.008861696813255548,strong,1.000000,0.32000,6,base,,,
20260310,20260311,SZSE.300621,300621.SZ,维业股份,2,0.03360610082745552,,6,0.32000,20260310,0.006366711109876633,0.023978009819984436,194533.0145,37720.613,2.009,,9.349999694834109,0.017611298710107803,strong,1.000000,0.32000,6,risk,,,
20260310,20260311,SHSE.688217,688217.SH,睿昂基因,3,0.030337821692228317,,6,0.32000,20260310,0.004300935193896294,0.009435542859137058,172929.854,23092.804,1.3546,,30.960001138975787,0.005134607665240765,strong,1.000000,0.32000,6,quality,,,
20260310,20260311,SHSE.600455,600455.SH,博通股份,4,0.02853570133447647,,6,0.32000,20260310,0.0035291011445224285,0.008028572425246239,183189.314,56052.331,3.0704,,29.329999876233327,0.00449947128072381,strong,1.000000,0.32000,6,risk,,,
20260310,20260311,SZSE.300665,300665.SZ,飞鹿股份,5,0.01790751703083515,,6,0.32000,20260310,0.0036737548653036356,0.014778929762542248,181724.9559,45180.811,2.5063,,8.299999632160166,0.011105174897238612,strong,1.000000,0.32000,6,risk,,,
20260310,20260311,SZSE.300417,300417.SZ,南华仪器,1,0.1179586797952652,,6,0.20600,20260310,0.003390131052583456,-0.09308262914419174,197673.3408,50600.735,3.9653,,14.612509811870352,0.0964727601967752,weak,1.000000,0.20600,6,risk,,,
20260311,20260312,SZSE.300417,300417.SZ,南华仪器,1,0.15783193707466125,,6,0.20600,20260311,-0.012498382478952408,-0.05891244485974312,194982.0768,41041.019,3.2149,,14.413564817835358,0.04641406238079071,weak,1.000000,0.20600,6,risk,,,
20260311,20260312,SZSE.300621,300621.SZ,维业股份,2,0.07347971200942993,,6,0.20000,20260311,-0.008765656501054764,0.05840492993593216,193284.6743,38474.307,2.0418,,9.289999696792393,0.06717058643698692,weak,1.000000,0.20000,6,risk,,,
20260311,20260312,SHSE.688793,688793.SH,倍轻松,3,0.0545959509909153,,6,0.14000,20260311,-0.012442473322153091,0.04898739233613014,188048.5768,31433.418,1.648,,21.879999338741033,0.061429865658283234,weak,1.000000,0.14000,6,risk,,,
20260312,20260313,SZSE.300417,300417.SZ,南华仪器,1,0.1179586797952652,,6,0.20600,20260312,-0.012087631970643997,0.009444711729884148,194174.6976,48011.014,3.7902,,14.353881319624858,0.021532343700528145,weak,1.000000,0.20600,6,risk,,,
20260312,20260313,SZSE.300621,300621.SZ,维业股份,2,0.033663973212242126,,6,0.20600,20260312,-0.00847124308347702,0.024316687136888504,189123.5403,40192.77,2.1638,,9.089999703320006,0.032787930220365524,weak,1.000000,0.20600,6,risk,,,
20260312,20260313,SHSE.688217,688217.SH,睿昂基因,3,0.03081716224551201,,6,0.14000,20260312,-0.01190119981765747,0.00980669166892767,166450.5701,21528.888,1.2821,,29.800001096300985,0.02170789148658514,weak,1.000000,0.14000,6,quality,,,
20260312,20260313,SZSE.300665,300665.SZ,飞鹿股份,4,0.018137970939278603,,6,0.20600,20260312,-0.011185193434357643,0.014988115057349205,176689.2041,46930.376,2.6497,,8.069999642353318,0.026173308491706848,weak,1.000000,0.20600,6,base,,,
20260312,20260313,SHSE.688671,688671.SH,碧兴物联,5,0.01586950197815895,,6,0.14000,20260312,-0.01181204617023468,0.012303551658987999,184754.9717,23098.162,2.085,,23.52999988835843,0.02411559782922268,weak,1.000000,0.14000,6,risk,,,
20260313,20260316,SZSE.300621,300621.SZ,维业股份,1,0.03375759720802307,,6,0.32000,20260313,0.007522193714976311,0.014386087656021118,190787.9939,29846.611,1.6052,,9.169999700708962,0.0068638939410448074,strong,1.000000,0.32000,6,risk,,,
20260313,20260316,SHSE.688217,688217.SH,睿昂基因,2,0.03081716224551201,,6,0.32000,20260313,0.005591643042862415,0.009921133518218994,166673.9937,19000.682,1.1301,,29.84000109777253,0.004329490475356579,strong,1.000000,0.32000,6,quality,,,
20260313,20260316,SZSE.300665,300665.SZ,飞鹿股份,3,0.018137970939278603,,6,0.32000,20260313,0.0061014448292553425,0.015168953686952591,176908.1498,44282.106,2.4885,,8.079999641910137,0.009067508857697248,strong,1.000000,0.32000,6,base,,,
20260313,20260316,SHSE.688671,688671.SH,碧兴物联,4,0.01586950197815895,,6,0.32000,20260313,0.005473078228533268,0.012346809729933739,183891.2638,18046.327,1.6252,,23.41999988888034,0.006873731501400471,strong,1.000000,0.32000,6,risk,,,
20260313,20260316,SHSE.688793,688793.SH,倍轻松,5,0.01586950197815895,,6,0.32000,20260313,0.005291805602610111,0.012496352195739746,186587.5046,22915.757,1.2196,,21.70999934387879,0.007204546593129635,strong,1.000000,0.32000,6,risk,,,
20260316,20260317,SZSE.300621,300621.SZ,维业股份,2,0.03375759720802307,,6,0.32000,20260316,0.007629073224961758,0.016798220574855804,190371.8805,37631.744,2.0318,,9.149999701361724,0.009169147349894047,strong,1.000000,0.32000,6,risk,,,
20260316,20260317,SHSE.688217,688217.SH,睿昂基因,3,0.03081716224551201,,6,0.32000,20260316,0.005534327123314142,0.01228982675820589,166115.4347,24857.443,1.4945,,29.740001094093664,0.006755499634891748,strong,1.000000,0.32000,6,quality,,,
20260316,20260317,SZSE.300665,300665.SZ,飞鹿股份,4,0.018137970939278603,,6,0.32000,20260316,0.006114277523010969,0.01753493770956993,177346.0413,44183.68,2.4987,,8.099999641023775,0.011420660186558962,strong,1.000000,0.32000,6,base,,,
20260316,20260317,SHSE.688671,688671.SH,碧兴物联,5,0.01586950197815895,,6,0.32000,20260316,0.005709555000066757,0.015107125975191593,185147.5662,21432.409,1.952,,23.579999888121193,0.009397570975124836,strong,1.000000,0.32000,6,risk,,,
20260316,20260317,SZSE.300417,300417.SZ,南华仪器,1,0.18836595118045807,,6,0.20600,20260316,0.05201016739010811,0.2245880663394928,189868.6752,49200.687,3.9629,,14.035569329168867,0.1725778989493847,weak,1.000000,0.20600,6,risk,,,
20260317,20260318,SZSE.300621,300621.SZ,维业股份,1,0.03458694741129875,,6,0.32000,20260317,0.007718014530837536,0.024424679577350616,186418.8032,35326.082,1.9217,,8.959999707562956,0.01670666504651308,strong,1.000000,0.32000,6,risk,,,
20260317,20260318,SHSE.688217,688217.SH,睿昂基因,2,0.03081716224551201,,6,0.32000,20260317,0.005262361839413643,0.009805068373680115,163155.0722,19591.033,1.1816,,29.210001074595695,0.004542706534266472,strong,1.000000,0.32000,6,quality,,,
20260317,20260318,SZSE.300665,300665.SZ,飞鹿股份,3,0.018137970939278603,,6,0.32000,20260317,0.006082405336201191,0.014242161996662617,172748.181,41974.69,2.3977,,7.889999650330567,0.008159756660461426,strong,1.000000,0.32000,6,base,,,
20260317,20260318,SHSE.688671,688671.SH,碧兴物联,4,0.015888120979070663,,6,0.32000,20260317,0.0056334007531404495,0.012123165652155876,180514.9511,26529.81,2.4297,,22.989999890920533,0.006489764899015427,strong,1.000000,0.32000,6,risk,,,
20260317,20260318,SHSE.688793,688793.SH,倍轻松,5,0.015888120979070663,,6,0.32000,20260317,0.005446057766675949,0.011298933997750282,181688.6158,16829.265,0.9175,,21.139999361105367,0.005852876231074333,strong,1.000000,0.32000,6,risk,,,
20260318,20260319,SZSE.300665,300665.SZ,飞鹿股份,3,0.018137970939278603,,6,0.32000,20260318,0.006150554399937391,0.02115572988986969,175813.4212,41385.193,2.3924,,8.029999644126038,0.015005175489932299,strong,1.000000,0.32000,6,base,,,
20260318,20260319,SHSE.688671,688671.SH,碧兴物联,4,0.01586950197815895,,6,0.32000,20260318,0.0062037124298512936,0.019703106954693794,185069.0473,20316.02,1.8592,,23.569999888168642,0.0134993945248425,strong,1.000000,0.32000,6,risk,,,
20260318,20260319,SHSE.688793,688793.SH,倍轻松,5,0.01586950197815895,,6,0.32000,20260318,0.00519748218357563,0.019059088081121445,184782.6509,17242.619,0.9458,,21.499999350225423,0.013861605897545815,strong,1.000000,0.32000,6,risk,,,
20260318,20260319,SZSE.300621,300621.SZ,维业股份,1,0.03365153819322586,,6,0.20600,20260318,0.00852004624903202,0.03130550682544708,188915.4836,30409.217,1.6684,,9.079999703646386,0.022785460576415062,weak,1.000000,0.20600,6,risk,,,
20260318,20260319,SHSE.688217,688217.SH,睿昂基因,2,0.03081716224551201,,6,0.20600,20260318,0.006460289005190134,0.0270303376019001,167288.4085,21647.391,1.314,,29.950001101819275,0.020570048596709967,weak,1.000000,0.20600,6,quality,,,
20260319,20260320,SHSE.688217,688217.SH,睿昂基因,1,0.03081716224551201,,6,0.32000,20260319,0.005222582258284092,0.022844139486551285,162484.8015,20465.128,1.2516,,29.09000107018106,0.017621557228267193,strong,1.000000,0.32000,6,quality,,,
20260319,20260320,SZSE.301098,301098.SZ,金埔园林,2,0.015888560563325882,,6,0.32000,20260319,0.0048961760476231575,0.024783805012702942,164254.472,41355.674,3.0411,,8.930000170988121,0.019887628965079784,strong,1.000000,0.32000,6,base,,,
20260319,20260320,SHSE.688671,688671.SH,碧兴物联,3,0.015888120979070663,,6,0.32000,20260319,0.005682509392499924,0.025256890803575516,181378.659,22261.549,2.0343,,23.099999890398628,0.019574381411075592,strong,1.000000,0.32000,6,risk,,,
20260319,20260320,SHSE.688793,688793.SH,倍轻松,4,0.015888120979070663,,6,0.32000,20260319,0.0053237974643707275,0.024370018392801285,178938.3624,20478.754,1.1332,,20.819999370776433,0.019046220928430557,strong,1.000000,0.32000,6,quality,,,
20260319,20260320,SHSE.688004,688004.SH,博汇科技,5,0.0155099555850029,,6,0.32000,20260319,0.006086272653192282,0.024842064827680588,186765.216,37573.524,1.9969,,23.319999984404152,0.018755792174488306,strong,1.000000,0.32000,6,risk,,,
20260320,20260323,SZSE.300635,300635.SZ,中达安,1,0.015884222462773323,,6,0.32000,20260320,0.0053675053641200066,0.024982362985610962,176137.612,73777.739,4.807,,12.57999993183396,0.019614857621490955,strong,1.000000,0.32000,6,base,,,
20260320,20260323,SZSE.301288,301288.SZ,清研环境,3,0.012324327602982521,,6,0.32000,20260320,0.003676359076052904,0.021619096398353577,185669.19,18709.363,1.3883,,17.19000019419935,0.017942737322300673,strong,1.000000,0.32000,6,risk,,,
20260320,20260323,SHSE.688329,688329.SH,艾隆科技,4,0.010783846490085125,,6,0.32000,20260320,0.002965538762509823,0.019990313798189163,186901.2,41499.235,2.186,,24.20999973600623,0.01702477503567934,strong,1.000000,0.32000,6,risk,,,
20260320,20260323,SZSE.000668,000668.SZ,荣丰控股,2,0.013087984174489975,,6,0.20600,20260320,0.00315632252022624,0.02319420501589775,195006.0299,30204.304,1.5192,,13.279999751670687,0.02003788249567151,weak,1.000000,0.20600,6,risk,,,
20260327,20260330,SZSE.300621,300621.SZ,维业股份,5,0.47075414657592773,,6,0.14000,20260327,0.008176296949386597,-0.015081151388585567,169982.3239,52338.199,3.175,,8.169999733347025,0.023257448337972164,weak,1.000000,0.14000,6,base,,,
20260330,20260331,SZSE.300417,300417.SZ,南华仪器,5,0.47000202536582947,,6,0.14000,20260330,0.007632042281329632,0.03291502594947815,171568.08,52880.698,4.8258,,12.682743369730904,0.025282983668148518,weak,1.000000,0.14000,6,base,,,
20260331,20260401,SZSE.300500,300500.SZ,启迪设计,4,0.21830610930919647,,6,0.20600,20260331,0.0115912314504385,0.47448787093162537,187370.9339,46352.458,2.5151,,10.769999667183974,0.46289663948118687,weak,1.000000,0.20600,6,risk,,,
20260331,20260401,SZSE.300621,300621.SZ,维业股份,5,0.03458941727876663,,6,0.14000,20260331,0.007933937013149261,0.038364555686712265,168733.9837,39946.803,2.3899,,8.109999735305307,0.030430618673563004,weak,1.000000,0.14000,6,base,,,
20260401,20260402,SZSE.300500,300500.SZ,启迪设计,2,0.21737076342105865,,6,0.20600,20260401,0.01276194304227829,0.4740907549858093,192242.2302,47170.803,2.5632,,11.049999658531375,0.46132881194353104,weak,1.000000,0.20600,6,risk,,,
20260401,20260402,SZSE.300621,300621.SZ,维业股份,3,0.03458941727876663,,6,0.14000,20260401,0.008291326463222504,0.03846941515803337,171646.7775,42820.08,2.5619,,8.24999973073598,0.030178088694810867,weak,1.000000,0.14000,6,base,,,
20260401,20260402,SZSE.301098,301098.SZ,金埔园林,4,0.03458941727876663,,6,0.20600,20260401,0.008971264585852623,0.038480691611766815,158920.3403,45395.742,3.5263,,8.640000165435318,0.029509427025914192,weak,1.000000,0.20600,6,base,,,
20260401,20260402,SHSE.688659,688659.SH,元琛科技,5,0.03434566780924797,,6,0.14000,20260401,0.008341366425156593,0.03902408853173256,156640.0,21079.882,1.3394,,9.789999570631933,0.030682722106575966,weak,1.000000,0.14000,6,quality,,,
20260402,20260403,SHSE.600493,600493.SH,凤竹纺织,2,0.4700120687484741,,6,0.32000,20260402,0.0068060909397900105,0.026593510061502457,199376.0,60266.024,2.9921,,7.33000004772493,0.019787419121712446,strong,1.000000,0.32000,6,risk,,,
20260402,20260403,SHSE.688217,688217.SH,睿昂基因,3,0.468013197183609,,6,0.14000,20260402,0.007957015186548233,0.030763927847146988,157178.4913,28694.863,1.8182,,28.14000103523187,0.022806912660598755,weak,1.000000,0.14000,6,quality,,,
20260402,20260403,SZSE.300665,300665.SZ,飞鹿股份,4,0.3070553243160248,,6,0.20600,20260402,0.014096641913056374,0.5172322988510132,164647.189,50787.198,3.0687,,7.519999666728245,0.5031356569379568,weak,1.000000,0.20600,6,risk,,,
20260402,20260403,SZSE.300621,300621.SZ,维业股份,5,0.03458941727876663,,6,0.14000,20260402,0.008276129141449928,0.03846941515803337,166653.4167,46492.826,2.8398,,8.009999738569114,0.030193286016583443,weak,1.000000,0.14000,6,base,,,
20260403,20260407,SZSE.300838,300838.SZ,浙江力诺,2,0.03212044760584831,,6,0.20600,20260403,-0.01186220534145832,0.027730662375688553,196066.738,37229.69,2.5554,,14.209999493323268,0.039592867717146873,weak,1.000000,0.20600,6,risk,,,
20260403,20260407,SHSE.688329,688329.SH,艾隆科技,3,0.030098680406808853,,6,0.14000,20260403,-0.01131175085902214,0.02273610606789589,180339.2,29404.955,1.6193,,23.359999745274905,0.03404785692691803,weak,1.000000,0.14000,6,risk,,,
20260403,20260407,SZSE.300635,300635.SZ,中达安,4,0.017358718439936638,,6,0.20600,20260403,-0.009078549221158028,0.028403691947460175,185658.564,61816.147,3.8293,,13.25999992814931,0.0374822411686182,weak,1.000000,0.20600,6,risk,,,
20260403,20260407,SZSE.301288,301288.SZ,清研环境,5,0.01663156971335411,,6,0.42000,20260403,-0.009988293051719666,0.026708651334047318,180160.68,5680.351,0.4316,,16.680000188437763,0.03669694438576698,weak,1.000000,0.42000,6,risk,,,
20260407,20260408,SZSE.300665,300665.SZ,飞鹿股份,3,0.3059743344783783,,6,0.14951,20260407,0.013953523710370064,0.5143303275108337,165085.0804,67141.866,4.1392,,7.539999665841885,0.5003768038004637,weak,1.000000,0.14000,6,risk,,,
20260407,20260408,SZSE.300405,300405.SZ,科隆股份,4,0.19454213976860046,,6,0.18699,20260407,0.05133610963821411,0.3435172736644745,174889.1927,87693.139,6.6094,,6.149999944957379,0.2921811640262604,weak,0.850000,0.20600,6,risk,,,
20260407,20260408,SHSE.600455,600455.SH,博通股份,5,0.13370105624198914,,6,0.14951,20260407,0.0068125962279737,0.18855585157871246,158081.198,81993.71,5.2467,,25.309999893196917,0.18174325535073876,weak,1.000000,0.14000,6,risk,,,
20260408,20260409,SHSE.688067,688067.SH,爱威科技,3,0.3031422197818756,,6,0.14000,20260408,0.015115633606910706,0.5118876099586487,189244.0,44840.712,2.3934,,27.83000105238975,0.496771976351738,weak,1.000000,0.14000,6,risk,,,
20260408,20260409,SZSE.300665,300665.SZ,飞鹿股份,4,0.21910762786865234,,6,0.20600,20260408,0.016207851469516754,0.48328927159309387,173405.0182,69640.461,4.0785,,7.919999649001024,0.4670814201235771,weak,1.000000,0.20600,6,risk,,,
20260408,20260409,SHSE.600561,600561.SH,江西长运,5,0.03499466925859451,,6,0.14000,20260408,0.007142064161598682,0.031223732978105545,185194.3968,51343.816,2.7642,,6.5100001289714715,0.024081668816506863,weak,1.000000,0.14000,6,risk,,,
20260409,20260410,SZSE.300665,300665.SZ,飞鹿股份,4,0.03458941727876663,,6,0.32000,20260409,0.008847766555845737,0.004626740235835314,168807.1578,55275.78,3.2715,,7.709999658307815,0.004221026320010424,strong,1.000000,0.32000,6,base,,,
20260409,20260410,SHSE.600561,600561.SH,江西长运,2,0.035013288259506226,,6,0.20600,20260409,0.007582249119877815,0.03096834570169449,179504.8608,41392.958,2.2773,,6.310000125009214,0.023386096581816673,weak,1.000000,0.20600,6,base,,,
20260409,20260410,SZSE.300621,300621.SZ,维业股份,3,0.03458941727876663,,6,0.14000,20260409,0.007115940097719431,0.030900251120328903,169566.2105,32150.976,1.9358,,8.149999733999786,0.023784311022609472,weak,1.000000,0.14000,6,quality,,,
20260409,20260410,SHSE.600883,600883.SH,博闻科技,5,0.03457079827785492,,6,0.14000,20260409,0.005991173908114433,0.029268022626638412,187217.784,26758.124,1.4165,,7.9300000899672085,0.02327684871852398,weak,1.000000,0.14000,6,risk,,,
20260410,20260413,SHSE.688217,688217.SH,睿昂基因,2,0.46715211868286133,,6,0.32000,20260410,0.00801413506269455,0.020426487550139427,157792.9062,27922.603,1.7632,,28.250001039278615,0.012412352487444878,strong,1.000000,0.32000,6,quality,,,
20260410,20260413,SZSE.300621,300621.SZ,维业股份,4,0.03458941727876663,,6,0.32000,20260410,0.009220561943948269,0.02867664396762848,172895.1177,36230.34,2.1545,,8.309999728777695,0.01945608202368021,strong,1.000000,0.32000,6,base,,,
20260410,20260413,SZSE.300665,300665.SZ,飞鹿股份,5,0.03458941727876663,,6,0.32000,20260410,0.009576440788805485,0.029128223657608032,169245.0493,38494.011,2.2713,,7.7299996574214545,0.019551782868802547,strong,1.000000,0.32000,6,base,,,
20260410,20260413,SHSE.600561,600561.SH,江西长运,3,0.03499466925859451,,6,0.14000,20260410,0.006401530466973782,0.027008410543203354,181780.6752,29418.519,1.6197,,6.390000126594117,0.020606880076229572,weak,1.000000,0.14000,6,risk,,,
20260413,20260414,SHSE.600561,600561.SH,江西长运,2,0.035013288259506226,,6,0.20600,20260413,0.007261232007294893,0.030860766768455505,181496.1984,31429.603,1.7448,,6.380000126396005,0.023599534761160612,weak,1.000000,0.20600,6,risk,,,
20260413,20260414,SZSE.300665,300665.SZ,飞鹿股份,3,0.03458941727876663,,6,0.14000,20260413,0.009121567010879517,0.03129419684410095,168150.3206,41134.607,2.462,,7.679999659637356,0.022172629833221436,weak,1.000000,0.14000,6,base,,,
20260413,20260414,SZSE.300621,300621.SZ,维业股份,4,0.03458089008927345,,6,0.20600,20260413,0.007273318711668253,0.028667151927947998,171646.7775,24443.407,1.472,,8.24999973073598,0.021393833216279745,weak,1.000000,0.20600,6,quality,,,
20260413,20260414,SHSE.600778,600778.SH,友好集团,5,0.03405926004052162,,6,0.14000,20260413,0.005691079422831535,0.028889518231153488,198419.9912,37166.789,1.8837,,6.370000054845136,0.023198438808321953,weak,1.000000,0.14000,6,risk,,,
20260414,20260415,SHSE.600561,600561.SH,江西长运,2,0.035004764795303345,,6,0.32000,20260414,0.007236666511744261,0.023816734552383423,180358.2912,28893.064,1.6055,,6.340000125603554,0.016580068040639162,strong,1.000000,0.32000,6,risk,,,
20260414,20260415,SZSE.300665,300665.SZ,飞鹿股份,3,0.03458941727876663,,6,0.32000,20260414,0.007799049839377403,0.02264559641480446,167931.3749,35054.242,2.1037,,7.669999660080538,0.014846546575427055,strong,1.000000,0.32000,6,base,,,
20260414,20260415,SHSE.600883,600883.SH,博闻科技,4,0.0333031602203846,,6,0.32000,20260414,0.005959369707852602,0.021187294274568558,185565.168,36203.051,1.9564,,7.860000089173046,0.015227924566715956,strong,1.000000,0.32000,6,risk,,,
20260414,20260415,SZSE.300621,300621.SZ,维业股份,5,0.03305086866021156,,6,0.32000,20260414,0.007297884207218885,0.020927267149090767,171646.7775,35330.435,2.1327,,8.24999973073598,0.013629382941871881,strong,1.000000,0.32000,6,base,,,
20260414,20260415,SZSE.300649,300649.SZ,杭州园林,1,0.20946457982063293,,6,0.20600,20260414,0.0560043565928936,0.3461930751800537,199551.8298,26523.871,1.6704,,15.07000063203526,0.2901887185871601,weak,1.000000,0.20600,6,risk,,,
20260415,20260416,SZSE.300665,300665.SZ,飞鹿股份,2,0.03458089008927345,,6,0.33068,20260415,0.007155055180191994,0.022203054279088974,166617.7005,31961.713,1.9186,,7.609999662739621,0.01504799909889698,strong,1.000000,0.32000,6,quality,,,
20260415,20260416,SHSE.600561,600561.SH,江西长运,3,0.033514369279146194,,6,0.33068,20260415,0.006432126741856337,0.020877867937088013,179789.3376,27641.262,1.5365,,6.320000125207328,0.014445741195231676,strong,1.000000,0.32000,6,quality,,,
20260415,20260416,SHSE.688659,688659.SH,元琛科技,4,0.03190511465072632,,6,0.33068,20260415,0.006361884530633688,0.020773351192474365,154400.0,17106.142,1.0999,,9.649999576772029,0.014411466661840677,strong,1.000000,0.32000,6,quality,,,
20260415,20260416,SZSE.002494,002494.SZ,华斯股份,5,0.03171610087156296,,6,0.28108,20260415,0.006982750725001097,0.021906545385718346,193183.0876,89386.965,6.0331,,5.119999952997732,0.014923794660717249,strong,0.850000,0.32000,6,risk,,,
20260415,20260416,SZSE.300649,300649.SZ,杭州园林,1,0.20946457982063293,,6,0.21288,20260415,0.056391868740320206,0.28771114349365234,196903.4976,26394.44,1.6664,,14.870000623647266,0.23131927475333214,weak,1.000000,0.20600,6,risk,,,
20260416,20260417,SHSE.600561,600561.SH,江西长运,1,0.032647985965013504,,6,0.32000,20260416,0.00802434328943491,0.01600518450140953,186616.7808,34178.154,1.8659,,6.560000129962035,0.00798084121197462,strong,1.000000,0.32000,6,risk,,,
20260416,20260417,SHSE.600455,600455.SH,博通股份,2,0.029899008572101593,,6,0.32000,20260416,0.0063906339928507805,0.014148767106235027,160829.35,38729.931,2.4272,,25.749999891340206,0.007758133113384247,strong,1.000000,0.32000,6,base,,,
20260416,20260417,SHSE.688067,688067.SH,爱威科技,3,0.02988038957118988,,6,0.32000,20260416,0.006701902486383915,0.012450281530618668,183668.0,24919.959,1.3774,,27.010001021381505,0.005748379044234753,strong,1.000000,0.32000,6,risk,,,
20260416,20260417,SHSE.688329,688329.SH,艾隆科技,4,0.02894498035311699,,6,0.32000,20260416,0.0065465085208415985,0.012249650433659554,188290.8,32994.252,1.7681,,24.389999734043446,0.005703141912817955,strong,1.000000,0.32000,6,risk,,,
20260416,20260417,SZSE.300665,300665.SZ,飞鹿股份,5,0.017632517963647842,,6,0.32000,20260416,0.008222067728638649,0.017473481595516205,169901.8865,41718.843,2.4847,,7.759999656091912,0.009251413866877556,strong,1.000000,0.32000,6,base,,,
20260417,20260420,SHSE.600883,600883.SH,博闻科技,1,0.029481571167707443,,6,0.32000,20260417,0.006646852940320969,0.013437917456030846,188162.136,28967.231,1.5362,,7.970000090421015,0.006791064515709877,strong,1.000000,0.32000,6,risk,,,
20260417,20260420,SHSE.600455,600455.SH,博通股份,2,0.028246093541383743,,6,0.32000,20260417,0.006254416424781084,0.01070140115916729,160017.396,37244.256,2.3374,,25.61999989188878,0.004446984734386206,strong,1.000000,0.32000,6,base,,,
20260417,20260420,SHSE.688329,688329.SH,艾隆科技,3,0.028167128562927246,,6,0.32000,20260417,0.006875962018966675,0.010738799348473549,186360.8,34007.287,1.8264,,24.13999973676953,0.003862837329506874,strong,1.000000,0.32000,6,risk,,,
20260417,20260420,SZSE.300665,300665.SZ,飞鹿股份,4,0.01737457886338234,,6,0.32000,20260417,0.00779836717993021,0.014763505198061466,168150.3206,36208.317,2.1546,,7.679999659637356,0.006965138018131256,strong,1.000000,0.32000,6,base,,,
20260417,20260420,SZSE.300929,300929.SZ,华骐环保,5,0.017316989600658417,,6,0.32000,20260417,0.006200539413839579,0.014708537608385086,164505.5302,47890.479,3.023,,12.450000334293128,0.008507998194545507,strong,1.000000,0.32000,6,base,,,
20260420,20260421,SZSE.300621,300621.SZ,维业股份,1,0.03218238428235054,,6,0.32000,20260420,0.010288622230291367,0.022887781262397766,174767.628,30047.194,1.777,,8.39999972584027,0.0125991590321064,strong,1.000000,0.32000,6,quality,,,
20260420,20260421,SZSE.301098,301098.SZ,金埔园林,2,0.0320885144174099,,6,0.32000,20260420,0.009373505599796772,0.014922115951776505,158920.3403,34171.671,2.6472,,8.640000165435318,0.0055486103519797325,strong,1.000000,0.32000,6,base,,,
20260420,20260421,SHSE.688659,688659.SH,元琛科技,3,0.03193863853812218,,6,0.32000,20260420,0.0082582738250494,0.013706272467970848,159360.0,19150.472,1.2067,,9.959999563176106,0.005447998642921448,strong,1.000000,0.32000,6,quality,,,
20260420,20260421,SHSE.600883,600883.SH,博闻科技,4,0.031134486198425293,,6,0.32000,20260420,0.008148567751049995,0.014598966576159,190286.928,25054.187,1.3258,,8.060000091442081,0.006450398825109005,strong,1.000000,0.32000,6,risk,,,
20260420,20260421,SHSE.600697,600697.SH,欧亚集团,5,0.030457645654678345,,6,0.32000,20260420,0.006572553422302008,0.014124028384685516,188360.2808,50280.386,2.7577,,11.83999979138099,0.007551474962383509,strong,1.000000,0.32000,6,risk,,,
20260421,20260422,SZSE.300621,300621.SZ,维业股份,1,0.03162166476249695,,6,0.32000,20260421,0.009158987551927567,0.015220996923744678,174767.628,29427.721,1.7265,,8.39999972584027,0.006062009371817112,strong,1.000000,0.32000,6,quality,,,
20260421,20260422,SZSE.301167,301167.SZ,建研设计,2,0.028834115713834763,,6,0.32000,20260421,0.0073224627412855625,0.011479310691356659,188608.0,33030.333,2.7679,,16.74104996084613,0.004156847950071096,strong,1.000000,0.32000,6,risk,,,
20260421,20260422,SHSE.600883,600883.SH,博闻科技,3,0.028675179928541183,,6,0.32000,20260421,0.00719034019857645,0.012021306902170181,190995.192,34872.668,1.8309,,8.090000091782436,0.004830966703593731,strong,1.000000,0.32000,6,risk,,,
20260421,20260422,SHSE.600455,600455.SH,博通股份,4,0.028246093541383743,,6,0.32000,20260421,0.005289792083203793,0.008832909166812897,161329.014,29621.676,1.8473,,25.829999891002622,0.003543117083609104,strong,1.000000,0.32000,6,quality,,,
20260421,20260422,SHSE.688096,688096.SH,京源环保,5,0.016815882176160812,,6,0.32000,20260421,0.005390970502048731,0.013871347531676292,191668.2907,40375.526,2.1177,,8.120000241890514,0.008480377029627562,strong,1.000000,0.32000,6,risk,,,
20260422,20260423,SZSE.300621,300621.SZ,维业股份,1,0.03072793409228325,,6,0.32000,20260422,0.008124220184981823,0.012238035909831524,175183.7414,26457.197,1.5573,,8.419999725187509,0.004113815724849701,strong,1.000000,0.32000,6,quality,,,
20260422,20260423,SHSE.688096,688096.SH,京源环保,2,0.016815882176160812,,6,0.32000,20260422,0.005784782115370035,0.013871347531676292,193792.693,54700.256,2.8651,,8.21000024457157,0.008086565416306257,strong,1.000000,0.32000,6,risk,,,
20260422,20260423,SZSE.300405,300405.SZ,科隆股份,3,0.016121290624141693,,6,0.32000,20260422,0.005984536372125149,0.011723926290869713,169770.4846,35769.656,2.7368,,5.969999946568383,0.005739389918744564,strong,1.000000,0.32000,6,base,,,
20260422,20260423,SZSE.300500,300500.SZ,启迪设计,4,0.015528922900557518,,6,0.32000,20260422,0.005566762760281563,0.013191841542720795,184935.2857,26022.026,1.4634,,10.629999671510275,0.007625078782439232,strong,1.000000,0.32000,6,risk,,,
20260422,20260423,SZSE.300169,300169.SZ,天晟新材,5,0.015035510994493961,,6,0.32000,20260422,0.005648452322930098,0.012836219742894173,191026.8232,33264.701,1.8758,,5.860000210204168,0.007187767419964075,strong,1.000000,0.32000,6,risk,,,
20260423,20260424,SHSE.688329,688329.SH,艾隆科技,1,0.033383890986442566,,6,0.20600,20260423,-0.02111758105456829,0.011914795264601707,161579.6,40689.331,2.5008,,20.92999977177242,0.03303237631917,weak,1.000000,0.20600,6,base,,,
20260423,20260424,SZSE.300621,300621.SZ,维业股份,2,0.03281952068209648,,6,0.20600,20260423,-0.00840073637664318,0.013221917673945427,174975.6847,31151.904,1.8291,,8.40999972551389,0.021622654050588608,weak,1.000000,0.20600,6,quality,,,
20260423,20260424,SHSE.688096,688096.SH,京源环保,3,0.016815882176160812,,6,0.14000,20260423,-0.00977940671145916,0.013871347531676292,190488.0673,31165.591,1.6306,,8.070000240401042,0.023650754243135452,weak,1.000000,0.14000,6,risk,,,
20260423,20260424,SZSE.300405,300405.SZ,科隆股份,4,0.016121290624141693,,6,0.20600,20260423,-0.00907641276717186,0.011775575578212738,166642.3852,34381.934,2.6709,,5.859999947552885,0.020851988345384598,weak,1.000000,0.20600,6,base,,,
20260423,20260424,SZSE.300500,300500.SZ,启迪设计,5,0.0154350521042943,,6,0.14000,20260423,-0.008585460484027863,0.012722810730338097,185805.1601,45520.233,2.5431,,10.679999669965166,0.02130827121436596,weak,1.000000,0.14000,6,risk,,,
20260424,20260427,SZSE.300621,300621.SZ,维业股份,1,0.033760908991098404,,6,0.32000,20260424,0.006865001283586025,0.016393061727285385,176640.1383,32881.291,1.9335,,8.489999722902844,0.00952806044369936,strong,1.000000,0.32000,6,quality,,,
20260424,20260427,SHSE.688096,688096.SH,京源环保,2,0.016815882176160812,,6,0.32000,20260424,0.005343890283256769,0.016290653496980667,191432.246,39272.983,2.0725,,8.110000241592621,0.010946763213723898,strong,1.000000,0.32000,6,risk,,,
20260424,20260427,SZSE.300405,300405.SZ,科隆股份,3,0.016121290624141693,,6,0.32000,20260424,0.005744880065321922,0.014204033650457859,170623.6026,47457.294,3.652,,5.999999946299882,0.008459153585135937,strong,1.000000,0.32000,6,base,,,
20260424,20260427,SZSE.300169,300169.SZ,天晟新材,4,0.01516727451235056,,6,0.32000,20260424,0.005986582953482866,0.014956449158489704,192656.7449,52193.618,2.9438,,5.910000211997718,0.008969866205006838,strong,1.000000,0.32000,6,risk,,,
20260424,20260427,SHSE.688793,688793.SH,倍轻松,5,0.01458747684955597,,6,0.32000,20260424,0.00452882656827569,0.012488426640629768,178164.8536,26885.031,1.5201,,20.72999937349642,0.007959600072354078,strong,1.000000,0.32000,6,quality,,,
20260427,20260428,SZSE.300405,300405.SZ,科隆股份,1,0.016121290624141693,,6,0.32000,20260427,0.008028771728277206,0.01294161006808281,176879.8014,50531.822,3.8056,,6.219999944330878,0.004912838339805603,strong,1.000000,0.32000,6,base,,,
20260427,20260428,SHSE.688096,688096.SH,京源环保,2,0.014985873363912106,,6,0.32000,20260427,0.0074399118311703205,0.013217970728874207,196153.1399,43642.784,2.2611,,8.310000247550516,0.005778058897703886,strong,1.000000,0.32000,6,risk,,,
20260427,20260428,SHSE.688329,688329.SH,艾隆科技,3,0.014904371462762356,,6,0.32000,20260427,0.004598160739988089,0.011483857408165932,166752.0,59049.154,3.6357,,21.599999764466524,0.006885696668177843,strong,1.000000,0.32000,6,base,,,
20260427,20260428,SZSE.300621,300621.SZ,维业股份,4,0.014110809192061424,,6,0.32000,20260427,0.005599230527877808,0.010525678284466267,181217.3857,63844.819,3.6939,,8.709999715722471,0.004926447756588459,strong,1.000000,0.32000,6,risk,,,
20260427,20260428,SZSE.300665,300665.SZ,飞鹿股份,5,0.014110809192061424,,6,0.32000,20260427,0.00546476012095809,0.010607338510453701,172529.2352,49035.225,2.8864,,7.879999650773746,0.005142578389495611,strong,1.000000,0.32000,6,base,,,
20260428,20260429,SHSE.688329,688329.SH,艾隆科技,1,0.031355809420347214,,6,0.32000,20260428,0.004921055398881435,0.01380608044564724,172773.6,94039.255,5.5106,,22.379999755961148,0.008885025046765804,strong,1.000000,0.32000,6,base,,,
20260428,20260429,SHSE.600561,600561.SH,江西长运,2,0.01550333108752966,,6,0.32000,20260428,0.005388682242482901,0.015063992701470852,196573.4688,38915.3,1.9718,,6.910000136895986,0.009675310458987951,strong,1.000000,0.32000,6,risk,,,
20260428,20260429,SHSE.688096,688096.SH,京源环保,3,0.01483727153390646,,6,0.32000,20260428,0.007090533152222633,0.01558937132358551,194972.9164,37982.809,1.9487,,8.26000024606104,0.008498838171362877,strong,1.000000,0.32000,6,risk,,,
20260428,20260429,SHSE.688793,688793.SH,倍轻松,4,0.014536299742758274,,6,0.32000,20260428,0.004679922014474869,0.011770887300372124,180657.2707,19630.746,1.0818,,21.01999936473202,0.007090965285897255,strong,1.000000,0.32000,6,risk,,,
20260428,20260429,SZSE.300405,300405.SZ,科隆股份,5,0.014468381181359291,,6,0.32000,20260428,0.008075789548456669,0.014452997595071793,176879.8014,53943.779,3.9755,,6.219999944330878,0.006377208046615124,strong,1.000000,0.32000,6,base,,,
20260429,20260430,SHSE.688329,688329.SH,艾隆科技,1,0.031355809420347214,,6,0.32000,20260429,0.007160915993154049,0.01189485751092434,179876.0,64808.515,3.6356,,23.299999745929167,0.00473394151777029,strong,1.000000,0.32000,6,base,,,
20260429,20260430,SHSE.600561,600561.SH,江西长运,2,0.01601269096136093,,6,0.32000,20260429,0.005388682242482901,0.013095354661345482,199133.76,68618.925,3.4557,,7.0000001386790025,0.007706672418862581,strong,1.000000,0.32000,6,risk,,,
20260429,20260430,SHSE.688096,688096.SH,京源环保,3,0.014517759904265404,,6,0.32000,20260429,0.00755235506221652,0.012382933869957924,198749.6315,67326.267,3.3778,,8.420000250827355,0.004830578807741404,strong,1.000000,0.32000,6,risk,,,
20260429,20260430,SHSE.688793,688793.SH,倍轻松,4,0.014449253678321838,,6,0.32000,20260429,0.004526516422629356,0.009116379544138908,182290.2337,22829.384,1.2501,,21.209999358989826,0.004589863121509552,strong,1.000000,0.32000,6,risk,,,
20260429,20260430,SHSE.688659,688659.SH,元琛科技,5,0.014409514144062996,,6,0.32000,20260429,0.005647492595016956,0.01087110210210085,180000.0,53008.305,2.972,,11.249999506599515,0.005223609507083893,strong,1.000000,0.32000,6,risk,,,
20260430,20260506,SHSE.688329,688329.SH,艾隆科技,1,0.031884174793958664,,6,0.32000,20260430,0.0071379500441253185,0.01215755008161068,185820.4,49865.862,2.7092,,24.069999737532836,0.005019600037485361,strong,1.000000,0.32000,6,risk,,,
20260430,20260506,SZSE.301098,301098.SZ,金埔园林,2,0.016033466905355453,,6,0.32000,20260430,0.006200951058417559,0.012485023587942123,173819.1222,72285.378,5.0935,,9.450000180944876,0.006284072529524565,strong,1.000000,0.32000,6,base,,,
20260430,20260506,SHSE.600561,600561.SH,江西长运,3,0.01602121628820896,,6,0.32000,20260430,0.005786251276731491,0.013344470411539078,197426.8992,59899.92,3.0178,,6.940000137490325,0.007558219134807587,strong,1.000000,0.32000,6,risk,,,
20260430,20260506,SZSE.300665,300665.SZ,飞鹿股份,4,0.01601484790444374,,6,0.32000,20260430,0.005654090084135532,0.012568995356559753,185884.9248,79005.031,4.2963,,8.489999623739735,0.006914905272424221,strong,1.000000,0.32000,6,risk,,,
20260430,20260506,SHSE.688659,688659.SH,元琛科技,5,0.01592092216014862,,6,0.32000,20260430,0.005175088532269001,0.011931930668652058,184480.0,75936.056,4.12,,11.529999494319325,0.006756842136383057,strong,1.000000,0.32000,6,risk,,,
20260506,20260507,SHSE.688329,688329.SH,艾隆科技,1,0.061797190457582474,,6,0.20600,20260506,-0.009897252544760704,0.049064844846725464,183350.0,78738.921,4.2621,,23.74999974102222,0.05896209739148617,weak,1.000000,0.20600,6,risk,,,
20260506,20260507,SHSE.688296,688296.SH,和达科技,2,0.05891285091638565,,6,0.20000,20260506,-0.012717774137854576,0.05271890014410019,169724.5922,70745.324,4.1687,,15.729999705856923,0.06543667428195477,weak,1.000000,0.20000,6,base,,,
20260506,20260507,SHSE.688217,688217.SH,睿昂基因,3,0.05790294334292412,,6,0.14000,20260506,-0.012400589883327484,0.05082970857620239,165221.7404,38722.607,2.3289,,29.580001088207485,0.06323029845952988,weak,1.000000,0.14000,6,base,,,
20260506,20260507,SHSE.600561,600561.SH,江西长运,4,0.05589490383863449,,6,0.20000,20260506,-0.011564191430807114,0.050285860896110535,198849.2832,58356.378,2.9335,,6.990000138480889,0.06185005232691765,weak,1.000000,0.20000,6,risk,,,
20260506,20260507,SZSE.300621,300621.SZ,维业股份,5,0.0554710291326046,,6,0.14000,20260506,-0.01154061034321785,0.05001901462674141,187875.2001,60775.229,3.2908,,9.02999970527829,0.06155962496995926,weak,1.000000,0.14000,6,risk,,,
20260521,20260522,SZSE.301098,301098.SZ,金埔园林,1,0.24485518038272858,,6,0.18930,20260521,-0.20313207805156708,0.11145354807376862,187614.2906,108936.062,6.982,,10.20000019530558,0.3145856261253357,weak,0.850000,0.20600,6,risk,,,
20260521,20260522,SHSE.600455,600455.SH,博通股份,2,0.23544593155384064,,6,0.22270,20260521,-0.21802648901939392,0.1257430911064148,178692.338,51744.747,2.8397,,28.609999879271584,0.3437695801258087,weak,1.000000,0.20600,6,risk,,,
20260526,20260527,SZSE.300621,300621.SZ,维业股份,1,0.2716834247112274,,6,0.20600,20260526,-0.12141269445419312,0.4771081507205963,169150.0971,41307.812,2.503,,8.129999734652548,0.5985208451747894,weak,1.000000,0.20600,6,risk,,,
20260526,20260527,SHSE.600561,600561.SH,江西长运,2,0.27059823274612427,,6,0.20600,20260526,-0.11195612698793411,0.45244383811950684,184340.9664,40381.145,2.1869,,6.480000128377133,0.564399965107441,weak,1.000000,0.20600,6,risk,,,
20260526,20260527,SHSE.688004,688004.SH,博汇科技,3,0.26942214369773865,,6,0.14000,20260526,-0.10791023075580597,0.4736522138118744,181319.232,36467.387,1.9973,,22.639999984858914,0.5815624445676804,weak,1.000000,0.14000,6,risk,,,
20260526,20260527,SHSE.688659,688659.SH,元琛科技,4,0.26877447962760925,,6,0.20600,20260526,-0.21700845658779144,0.1300368458032608,179360.0,57000.678,3.1724,,11.20999950835383,0.34704530239105225,weak,1.000000,0.20600,6,risk,,,
20260526,20260527,SHSE.688296,688296.SH,和达科技,5,0.2678510248661041,,6,0.14000,20260526,-0.21942904591560364,0.13068029284477234,170371.9841,34621.29,2.042,,15.78999970473495,0.350109338760376,weak,1.000000,0.14000,6,risk,,,
20260527,20260528,SHSE.603908,603908.SH,牧高笛,1,0.2902259826660156,,6,0.20600,20260527,0.02489829994738102,0.22368907928466797,196777.3256,43635.695,2.2476,,21.130000466284326,0.19879077933728695,weak,1.000000,0.20600,6,risk,,,
20260527,20260528,SZSE.301167,301167.SZ,建研设计,2,0.19069679081439972,,6,0.20600,20260527,0.0199973713606596,0.26611438393592834,175392.0,63794.89,5.7842,,15.567983514658575,0.24611701257526875,weak,1.000000,0.20600,6,risk,,,
20260527,20260528,SZSE.300923,300923.SZ,研奥股份,3,0.11299455910921097,,6,0.14000,20260527,-0.024198569357395172,0.01903223991394043,191784.0,55276.553,2.9765,,23.95121887281687,0.0432308092713356,weak,1.000000,0.14000,6,risk,,,
20260527,20260528,SZSE.002524,002524.SZ,光正眼科,4,0.018584653735160828,,6,0.20600,20260527,-0.01594756916165352,0.014743844978511333,198917.9876,77695.693,3.9563,,3.8599999711027944,0.030691414140164852,weak,1.000000,0.20600,6,risk,,,
20260527,20260528,SZSE.300535,300535.SZ,达威股份,5,0.016927648335695267,,6,0.14000,20260527,-0.01624966412782669,0.02094206213951111,180114.4294,52915.889,3.8938,,16.829999974213365,0.0371917262673378,weak,1.000000,0.14000,6,risk,,,
20260528,20260529,SHSE.600493,600493.SH,凤竹纺织,2,0.01757809892296791,,6,0.32000,20260528,0.002465863013640046,0.013840941712260246,181696.0,45728.621,2.5424,,6.68000004349284,0.0113750786986202,strong,1.000000,0.32000,6,risk,,,
20260528,20260529,SHSE.603879,603879.SH,永悦科技,3,0.016624081879854202,,6,0.32000,20260528,0.002074647694826126,0.0135577991604805,188296.4866,49243.746,2.6525,,5.240000031245039,0.011483151465654373,strong,1.000000,0.32000,6,risk,,,
20260528,20260529,SHSE.600697,600697.SH,欧亚集团,4,0.01647738739848137,,6,0.32000,20260528,0.003774999175220728,0.013253770768642426,179928.6128,38326.132,2.1782,,11.30999980071951,0.009478771593421698,strong,1.000000,0.32000,6,base,,,
20260528,20260529,SHSE.600448,600448.SH,华纺股份,5,0.016404107213020325,,6,0.32000,20260528,0.0014187321066856384,0.012372095137834549,193984.4559,71927.053,3.73,,3.0799999193414123,0.01095336303114891,strong,1.000000,0.32000,6,risk,,,
20260528,20260529,SHSE.603908,603908.SH,牧高笛,1,0.19117985665798187,,6,0.20600,20260528,0.043013136833906174,0.32578548789024353,195939.1828,31828.561,1.6306,,21.040000464298256,0.28277235105633736,weak,1.000000,0.20600,6,risk,,,
20260529,20260601,SHSE.688565,688565.SH,力源科技,1,0.02045414038002491,,6,0.20600,20260529,-0.016042623668909073,0.015942692756652832,167847.33,54357.169,3.2302,,11.177748959906502,0.031985316425561905,weak,1.000000,0.20600,6,base,,,
20260529,20260601,SZSE.300645,300645.SZ,正元智慧,2,0.018745826557278633,,6,0.20600,20260529,-0.02443278580904007,0.014949768781661987,197812.2689,43192.227,2.2003,,13.900731381805272,0.03938255459070206,weak,1.000000,0.20600,6,risk,,,
20260529,20260601,SZSE.002524,002524.SZ,光正眼科,3,0.018584653735160828,,6,0.14000,20260529,-0.015172677114605904,0.014743844978511333,197371.9928,50201.836,2.5121,,3.829999971327384,0.029916522093117237,weak,1.000000,0.14000,6,risk,,,
20260529,20260601,SHSE.688701,688701.SH,卓锦股份,4,0.01661095768213272,,6,0.20600,20260529,-0.01988460123538971,0.016984352841973305,129309.1092,42876.212,3.2319,,9.62999946298401,0.036868954077363014,weak,1.000000,0.20600,6,base,,,
20260529,20260601,SHSE.600697,600697.SH,欧亚集团,5,0.016458768397569656,,6,0.14000,20260529,-0.011577634140849113,0.01423334889113903,183269.4624,54438.828,3.0416,,11.519999797019342,0.025810983031988144,weak,1.000000,0.14000,6,risk,,,
20260601,20260602,SZSE.300169,300169.SZ,天晟新材,2,0.11566831171512604,,6,0.32000,20260601,0.005812584422528744,0.015001506544649601,195548.7398,63685.848,3.7086,,5.760000206617066,0.009188922122120857,strong,1.000000,0.32000,6,risk,,,
20260601,20260602,SHSE.688004,688004.SH,博汇科技,3,0.02899174392223358,,6,0.32000,20260601,0.0044989995658397675,0.007725832052528858,174271.488,66842.886,3.8415,,21.75999998544744,0.0032268324866890907,strong,1.000000,0.32000,6,base,,,
20260601,20260602,SHSE.600493,600493.SH,凤竹纺织,4,0.017559479922056198,,6,0.32000,20260601,0.005786883644759655,0.014560621231794357,182512.0,46931.835,2.5986,,6.710000043688168,0.008773737587034702,strong,1.000000,0.32000,6,risk,,,
20260601,20260602,SHSE.603879,603879.SH,永悦科技,5,0.017559479922056198,,6,0.32000,20260601,0.006057973951101303,0.014701886102557182,186859.1088,64919.993,3.5072,,5.200000031006527,0.00864391215145588,strong,1.000000,0.32000,6,risk,,,
20260602,20260603,SHSE.688004,688004.SH,博汇科技,1,0.026734713464975357,,6,0.32000,20260602,0.0036918146070092916,0.008608332835137844,168985.68,47715.904,2.7974,,21.099999985888832,0.0049165182281285524,strong,1.000000,0.32000,6,base,,,
20260602,20260603,SHSE.688793,688793.SH,倍轻松,2,0.022299300879240036,,6,0.32000,20260602,0.003911259118467569,0.015863757580518723,160116.3156,50445.672,3.0999,,18.629999436962773,0.011952498462051153,strong,1.000000,0.32000,6,base,,,
20260602,20260603,SZSE.002524,002524.SZ,光正眼科,3,0.018584653735160828,,6,0.32000,20260602,0.0056862058117985725,0.017155982553958893,199948.6507,59064.44,2.9719,,3.879999970953068,0.01146977674216032,strong,1.000000,0.32000,6,risk,,,
20260602,20260603,SHSE.603879,603879.SH,永悦科技,4,0.01757809892296791,,6,0.32000,20260602,0.00580339040607214,0.015993183478713036,180390.9089,49642.258,2.7369,,5.0200000299332235,0.010189793072640896,strong,1.000000,0.32000,6,risk,,,
20260602,20260603,SHSE.600697,600697.SH,欧亚集团,5,0.016899697482585907,,6,0.32000,20260602,0.005678726360201836,0.01677832007408142,184542.167,49568.719,2.7327,,11.599999795609753,0.011099593713879585,strong,1.000000,0.32000,6,risk,,,
20260603,20260604,SHSE.603879,603879.SH,永悦科技,1,0.034029532223939896,,6,0.32000,20260603,0.007236000616103411,0.015468650497496128,180390.9089,44162.205,2.4537,,5.0200000299332235,0.008232649881392717,strong,1.000000,0.32000,6,risk,,,
20260603,20260604,SHSE.600697,600697.SH,欧亚集团,2,0.03370073437690735,,6,0.32000,20260603,0.007235139608383179,0.015366130508482456,179769.5248,47853.647,2.7251,,11.29999980089571,0.008130990900099277,strong,1.000000,0.32000,6,base,,,
20260603,20260604,SZSE.301167,301167.SZ,建研设计,3,0.032099246978759766,,6,0.32000,20260603,0.004752869717776775,0.012414446100592613,164864.0,45645.53,4.3585,,14.720000397087155,0.007661576382815838,strong,1.000000,0.32000,6,base,,,
20260603,20260604,SHSE.603214,603214.SH,爱婴室,4,0.031145218759775162,,6,0.32000,20260603,0.006190638057887554,0.014034541323781013,196865.3912,56013.461,2.8333,,14.210000010155534,0.00784390326589346,strong,1.000000,0.32000,6,risk,,,
20260603,20260604,SHSE.688004,688004.SH,博汇科技,5,0.026493333280086517,,6,0.32000,20260603,0.004043548367917538,0.005859665106981993,166583.04,46824.898,2.8078,,20.799999986089464,0.001816116739064455,strong,1.000000,0.32000,6,base,,,
20260604,20260605,SHSE.688793,688793.SH,倍轻松,2,0.02677764557301998,,6,0.32000,20260604,0.006651387549936771,0.02572198584675789,152982.8458,22903.471,1.4793,,17.799999462047094,0.019070598296821117,strong,1.000000,0.32000,6,quality,,,
20260604,20260605,SZSE.300605,300605.SZ,恒锋信息,3,0.02582315355539322,,6,0.32000,20260604,0.005740740802139044,0.025360919535160065,174391.8127,53166.277,3.9695,,10.560000200891073,0.01962017873302102,strong,1.000000,0.32000,6,base,,,
20260604,20260605,SZSE.300535,300535.SZ,达威股份,4,0.024017998948693275,,6,0.32000,20260604,0.006218923255801201,0.0232737734913826,164168.4698,34656.863,2.7864,,15.339999976496317,0.017054850235581398,strong,1.000000,0.32000,6,base,,,
20260604,20260605,SZSE.000663,000663.SZ,永安林业,5,0.023047152906656265,,6,0.32000,20260604,0.006656624376773834,0.018816201016306877,193593.2592,31811.013,1.7911,,5.749999696633114,0.012159576639533043,strong,1.000000,0.32000,6,risk,,,
20260604,20260605,SHSE.688193,688193.SH,仁度生物,1,0.0317554771900177,,6,0.20600,20260604,0.004648388363420963,0.05092018097639084,191493.9087,29955.275,1.5661,,46.9152336726988,0.046271792612969875,weak,1.000000,0.20600,6,risk,,,
20260605,20260608,SZSE.300605,300605.SZ,恒锋信息,4,0.025306111201643944,,6,0.32000,20260605,0.005710874684154987,0.02459726110100746,178355.263,77077.882,5.7065,,10.800000205456781,0.018886386416852474,strong,1.000000,0.32000,6,base,,,
20260605,20260608,SHSE.688793,688793.SH,倍轻松,5,0.02407114766538143,,6,0.32000,20260605,0.006012098863720894,0.024016806855797768,156248.7717,33703.788,2.178,,18.179999450562704,0.018004707992076874,strong,1.000000,0.32000,6,base,,,
20260605,20260608,SHSE.600697,600697.SH,欧亚集团,1,0.06650310754776001,,6,0.20600,20260605,0.006757162511348724,0.12189570814371109,179928.6128,57212.142,3.2814,,11.30999980071951,0.11513854563236237,weak,1.000000,0.20600,6,risk,,,
20260605,20260608,SZSE.300621,300621.SZ,维业股份,2,0.06096089258790016,,6,0.20600,20260605,0.006436116993427277,0.09683626890182495,156666.6951,57888.088,3.8569,,7.529999754235385,0.09040015190839767,weak,1.000000,0.20600,6,risk,,,
20260605,20260608,SHSE.688193,688193.SH,仁度生物,3,0.029001502320170403,,6,0.14000,20260605,0.004414984956383705,0.051176778972148895,193737.8215,27310.088,1.4203,,47.464983219815586,0.04676179401576519,weak,1.000000,0.14000,6,risk,,,
20260608,20260609,SZSE.003003,003003.SZ,天元股份,1,0.07596933096647263,0.048230088495575224,6,0.20600,20260608,0.006611517630517483,0.12611503899097443,199693.6,65928.39,4.9015,0.545,11.3,0.11950352136045694,weak,1.000000,0.20600,6,risk,,,
20260608,20260609,SZSE.300621,300621.SZ,维业股份,2,0.06740518659353256,0.054246575342465755,6,0.20600,20260608,0.006780398078262806,0.12385770678520203,151881.391,55326.791,3.7171,0.396,7.3,0.11707730870693922,weak,1.000000,0.20600,6,risk,,,
20260608,20260609,SHSE.600697,600697.SH,欧亚集团,3,0.06650310754776001,0.04044183949504058,6,0.14000,20260608,0.006709083914756775,0.12023250013589859,176428.6752,51391.294,2.9636,0.4485,11.09,0.11352341622114182,weak,1.000000,0.14000,6,risk,,,
20260608,20260609,SHSE.688193,688193.SH,仁度生物,4,0.03018435463309288,0.06476921895252652,6,0.20600,20260608,0.00482107512652874,0.05252718925476074,197103.6905,64817.438,3.2944,3.12768,48.2896050096339,0.047706114128232,weak,1.000000,0.20600,6,risk,,,
20260608,20260609,SZSE.002760,002760.SZ,凤形股份,5,0.029828501865267754,0.08245375408052232,6,0.14000,20260608,0.00484695378690958,0.02626015990972519,198483.2416,116517.402,5.8144,1.5155,18.38,0.02141320612281561,weak,1.000000,0.14000,6,risk,,,
20260609,20260610,SHSE.688793,688793.SH,倍轻松,2,0.02614792063832283,0.06827803203661327,6,0.32000,20260609,0.006548441015183926,0.02632000856101513,150232.5924,24967.812,1.6556,1.1935,17.48,0.019771567545831203,strong,1.000000,0.32000,6,quality,,,
20260609,20260610,SZSE.300899,300899.SZ,上海凯鑫,3,0.024579180404543877,0.0739394728278555,6,0.32000,20260609,0.005104991607367992,0.02038862369954586,196006.591,16873.647,1.3331,2.27216,30.730000000000004,0.015283632092177868,strong,1.000000,0.32000,6,risk,,,
20260609,20260610,SZSE.002486,002486.SZ,嘉麟杰,4,0.02409636601805687,0.04643028213429761,6,0.32000,20260609,0.006024548783898354,0.020504038780927658,196179.3778,53220.116,2.7447,0.11004,2.3700049825610363,0.014479489997029305,strong,1.000000,0.32000,6,risk,,,
20260609,20260610,SZSE.002760,002760.SZ,凤形股份,5,0.023765813559293747,0.08099510603588907,6,0.32000,20260609,0.0044133011251688,0.02378663420677185,198591.2303,64956.311,3.2757,1.4895,18.39,0.01937333308160305,strong,1.000000,0.32000,6,risk,,,
20260609,20260610,SHSE.688681,688681.SH,科汇股份,1,0.031047185882925987,0.054892169448010265,6,0.20600,20260609,0.005160248838365078,0.02706221118569374,163075.86,29715.871,1.8162,0.85522,15.58,0.021901962347328663,weak,1.000000,0.20600,6,quality,,,
20260610,20260611,SHSE.688670,688670.SH,金迪克,5,0.025103405117988586,0.07112441783100466,6,0.32000,20260610,0.006441625766456127,0.02195318229496479,185169.6,21553.801,1.1699,1.069,15.03,0.015511556528508663,strong,1.000000,0.32000,6,risk,,,
20260610,20260611,SZSE.002828,002828.SZ,贝肯能源,1,0.03364799544215202,0.04748040313549832,6,0.20600,20260610,0.008002746850252151,0.029807014390826225,179481.9268,80390.257,4.4683,0.424,8.93,0.021804267540574074,weak,1.000000,0.20600,6,base,,,
20260610,20260611,SHSE.688681,688681.SH,科汇股份,2,0.031047185882925987,0.05569050715214564,6,0.20600,20260610,0.004818720277398825,0.026504799723625183,160982.46,26417.527,1.6508,0.85652,15.38,0.02168607944622636,weak,1.000000,0.20600,6,quality,,,
20260610,20260611,SHSE.688638,688638.SH,誉辰智能,3,0.027045711874961853,0.06178391214010093,6,0.14000,20260610,0.004080315586179495,0.0242753978818655,188664.0,22913.796,2.5788,2.0815,33.69,0.020195082295686007,weak,1.000000,0.14000,6,risk,,,
20260610,20260611,SHSE.688793,688793.SH,倍轻松,4,0.02621949091553688,0.06717142857142858,6,0.20600,20260610,0.0057751452550292015,0.026256253942847252,150404.4833,22582.403,1.5135,1.1755,17.5,0.02048110868781805,weak,1.000000,0.20600,6,quality,,,
20260611,20260612,SZSE.002535,002535.SZ,林州重机,1,0.03339603543281555,0.07489795918367347,6,0.21093,20260611,0.007970964536070824,0.03628118336200714,196412.3531,42794.25211,2.3663,0.1835,2.45,0.028310218825936317,weak,1.000000,0.20600,6,risk,,,
20260611,20260612,SZSE.300564,300564.SZ,筑博设计,2,0.03290930390357971,0.0765791632485644,6,0.21093,20260611,0.0054125189781188965,0.030454764142632484,196643.2288,63923.328,4.6131,0.9335,12.19,0.025042245164513588,weak,1.000000,0.20600,6,risk,,,
20260611,20260612,SHSE.688058,688058.SH,宝兰德,3,0.031187361106276512,0.059671772428884017,6,0.14335,20260611,0.004928601905703545,0.029417263343930244,173286.503,30476.781,1.7659,1.3635,22.85,0.0244886614382267,weak,1.000000,0.14000,6,quality,,,
20260611,20260612,SHSE.688681,688681.SH,科汇股份,4,0.031050777062773705,0.056479578392621875,6,0.21093,20260611,0.004984371364116669,0.029142893850803375,158889.06,23177.842,1.4647,0.85736,15.18,0.024158522486686707,weak,1.000000,0.20600,6,quality,,,
20260611,20260612,SZSE.000995,000995.SZ,皇台酒业,5,0.030674627050757408,0.08177613320999075,6,0.12185,20260611,0.006049600429832935,0.03375992178916931,191778.048,117439.66271,6.1011,0.884,10.81,0.027710321359336376,weak,0.850000,0.14000,6,risk,,,
20260612,20260615,SZSE.300030,300030.SZ,阳普医疗,3,0.028263695538043976,0.04643962848297214,6,0.33269,20260612,0.0047036632895469666,0.02449648827314377,199735.0055,39882.96302,2.2812,0.3,6.46,0.019792824983596802,strong,1.000000,0.32000,6,risk,,,
20260612,20260615,SZSE.300417,300417.SZ,南华仪器,5,0.027728166431188583,0.06614968999114261,6,0.28279,20260612,0.005960107780992985,0.024860061705112457,151921.8528,58863.136,6.1795,0.74683,11.29,0.018899953924119473,strong,0.850000,0.32000,6,risk,,,
20260612,20260615,SZSE.002535,002535.SZ,林州重机,1,0.03268479183316231,0.07489878542510121,6,0.21417,20260612,0.0056687998585402966,0.03418679162859917,198015.7193,49490.5913,2.6748,0.185,2.47,0.02851799177005887,weak,1.000000,0.20600,6,risk,,,
20260612,20260615,SZSE.000995,000995.SZ,皇台酒业,2,0.029949432238936424,0.07733878292461398,6,0.21417,20260612,0.003717138199135661,0.02587604522705078,195326.208,117224.88374,5.9938,0.8515,11.010000000000002,0.02215890702791512,weak,1.000000,0.20600,6,risk,,,
20260612,20260615,SHSE.688681,688681.SH,科汇股份,4,0.02796967886388302,0.05473034437946719,6,0.21417,20260612,0.004712095018476248,0.025508243590593338,161087.13,27235.148,1.6913,0.8423,15.39,0.02079614857211709,weak,1.000000,0.20600,6,quality,,,
20260615,20260616,SZSE.300417,300417.SZ,南华仪器,5,0.028908811509609222,0.06783853702051738,6,0.30285,20260615,0.006522809155285358,0.026461370289325714,150845.3472,68832.14113,7.2189,0.76047,11.21,0.019938561134040356,strong,0.850000,0.32000,6,risk,,,
20260615,20260616,SHSE.688189,688189.SH,南新制药,1,0.09848155826330185,0.09982788296041308,6,0.19496,20260615,-0.01655757799744606,0.08982321619987488,159426.4,121744.782,7.6597,0.58,5.81,0.10638079419732094,weak,0.850000,0.20600,6,risk,,,
20260615,20260616,SZSE.300405,300405.SZ,科隆股份,2,0.061407994478940964,0.0660344827586207,6,0.19496,20260615,0.00679019745439291,0.09681795537471771,164936.1492,81221.1224,6.249,0.383,5.8,0.0900277579203248,weak,0.850000,0.20600,6,risk,,,
20260615,20260616,SZSE.002535,002535.SZ,林州重机,3,0.03339603543281555,0.07358870967741936,6,0.15588,20260615,0.007492820732295513,0.03458872437477112,198817.4024,73515.217,3.8911,0.1825,2.48,0.027095903642475605,weak,1.000000,0.14000,6,risk,,,
20260615,20260616,SHSE.688426,688426.SH,康为世纪,4,0.030505245551466942,0.06422466422466423,6,0.22936,20260615,0.004653128329664469,0.026040803641080856,184264.7068,18182.564,0.9733,1.052,16.38,0.021387675311416388,weak,1.000000,0.20600,6,risk,,,
20260616,20260617,SZSE.002535,002535.SZ,林州重机,1,0.02521131932735443,0.07368421052631578,6,0.21093,20260616,-0.004765148274600506,0.023847710341215134,198015.7257,55506.76056,3.0443,0.182,2.47,0.02861285861581564,weak,1.000000,0.20600,6,risk,,,
20260616,20260617,SHSE.688670,688670.SH,金迪克,2,0.02084260992705822,0.06399594320486816,6,0.21093,20260616,0.0014520309632644057,0.102447010576725,182212.8,20612.335,1.1477,0.9465,14.79,0.1009949796134606,weak,1.000000,0.20600,6,risk,,,
20260616,20260617,SZSE.000995,000995.SZ,皇台酒业,3,0.020728502422571182,0.07403492647058824,6,0.12185,20260616,-0.009843287989497185,0.017036860808730125,193019.904,139315.47522,7.2965,0.8055,10.879999999999999,0.02688014879822731,weak,0.850000,0.14000,6,risk,,,
20260616,20260617,SZSE.300030,300030.SZ,阳普医疗,4,0.020281825214624405,0.048267716535433075,6,0.21093,20260616,-0.00814059842377901,0.016100987792015076,196333.999,45365.179,2.65,0.3065,6.35,0.024241586215794086,weak,1.000000,0.20600,6,risk,,,
20260616,20260617,SHSE.603818,603818.SH,曲美家居,5,0.02007349207997322,0.05679442508710801,6,0.14335,20260616,-0.008560357615351677,0.016009261831641197,197038.0993,39815.602,2.0262,0.163,2.87,0.024569619446992874,weak,1.000000,0.14000,6,risk,,,
20260617,20260618,SZSE.301063,301063.SZ,海锅股份,4,0.014659205451607704,0.049255377826806404,6,0.32000,20260617,-0.009770434349775314,0.009353037923574448,189205.9491,26224.82352,1.486,0.893,18.13,0.019123472273349762,strong,1.000000,0.32000,6,risk,,,
20260617,20260618,SHSE.688189,688189.SH,南新制药,1,0.06942597031593323,0.08419847328244275,6,0.20600,20260617,-0.007837009616196156,0.032365091145038605,179732.0,98063.883,5.3982,0.5515,6.55,0.04020210076123476,weak,1.000000,0.20600,6,base,,,
20260617,20260618,SZSE.002629,002629.SZ,仁智股份,2,0.019796954467892647,0.08913978494623655,6,0.20600,20260617,-0.008177965879440308,0.016742300242185593,198135.57,73679.849,4.3632,0.4145,4.65,0.0249202661216259,weak,1.000000,0.20600,6,risk,,,
20260617,20260618,SHSE.688021,688021.SH,奥福科技,3,0.015230433084070683,0.06183457249070633,6,0.14000,20260617,-0.01060669869184494,0.011229880154132843,164442.2824,38998.237,2.3486,1.33068,21.52,0.021836578845977783,weak,1.000000,0.14000,6,base,,,
20260617,20260618,SHSE.688670,688670.SH,金迪克,5,0.013931249268352985,0.06440501043841336,6,0.14000,20260617,0.000268467323621735,0.09294252097606659,177038.4,18269.915,1.0313,0.9255,14.37,0.09267405365244485,weak,1.000000,0.14000,6,risk,,,
