signal_date,buy_date,symbol,stock_code,name,rank,pred_prob,atr_ratio,holding_days,target_pct,score_exit_entry_ratio,min_holding_days_before_score_exit,weak_mode,target_adjustment_scale,max_daily_sells,score_continue_entry_ratio,pred_10d,pred_5d,pred_gap
20240604,20240605,SZSE.300266,300266.SZ,兴源环境,1,3.0079939784131797,,3,0.28000,1.0,1,primary_count_le1,1.080000,1,1.02,1.0097898125355047,1.000810641923878,0.0089791706
20240604,20240605,SZSE.300551,300551.SZ,古鳌科技,2,2.9946222306381367,,3,0.28000,1.0,1,primary_count_le1,1.080000,1,1.02,0.9945086157924635,0.9950766900208294,0.0005680742
20240604,20240605,SZSE.000679,000679.SZ,大连友谊,3,2.990948683961371,,3,0.28000,1.0,1,primary_count_le1,1.080000,1,1.02,0.9907214542700247,0.9918576027267563,0.0011361485
20240605,20240606,SZSE.300269,300269.SZ,联建光电,1,2.9774791824375475,,3,0.28000,1.0,1,primary_count_le1,1.080000,1,1.02,0.9774791824375473,0.9774791824375473,0.0000000000
20240605,20240606,SZSE.300551,300551.SZ,古鳌科技,2,2.9752081756245268,,3,0.28000,1.0,1,primary_count_le1,1.080000,1,1.02,0.9767221801665406,0.9691521574564723,0.0075700227
20240605,20240606,SZSE.300165,300165.SZ,天瑞仪器,3,2.9683951551854655,,3,0.28000,1.0,1,primary_count_le1,1.000000,1,1.02,0.975775927327782,0.9388720666161998,0.0369038607
20240606,20240607,SZSE.300242,300242.SZ,佳云科技,1,2.99216502649508,,3,0.28000,1.0,1,primary_count_le1,1.080000,1,1.02,0.9922407267221802,0.9918622255866768,0.0003785011
20240606,20240607,SZSE.300551,300551.SZ,古鳌科技,2,2.9914458743376233,,3,0.28000,1.0,1,primary_count_le1,1.080000,1,1.02,0.9912944738834216,0.9920514761544285,0.0007570023
20240606,20240607,SZSE.000679,000679.SZ,大连友谊,3,2.9908024224072673,,3,0.28000,1.0,1,primary_count_le1,1.080000,1,1.02,0.9907267221801666,0.99110522331567,0.0003785011
20240607,20240611,SZSE.300165,300165.SZ,天瑞仪器,1,3.0060533989774663,,3,0.28000,1.0,1,primary_count_le1,1.080000,1,1.02,1.0078981253550463,0.9986744934671464,0.0092236319
20240607,20240611,SZSE.300551,300551.SZ,古鳌科技,2,2.995985608786215,,3,0.28000,1.0,1,primary_count_le1,1.080000,1,1.02,0.9958341223253172,0.996591554629805,0.0007574323
20240607,20240611,SZSE.300269,300269.SZ,联建光电,3,2.9948873319447076,,3,0.28000,1.0,1,primary_count_le1,1.080000,1,1.02,0.9946979738685855,0.9956447642491952,0.0009467904
20240611,20240612,SZSE.300165,300165.SZ,天瑞仪器,1,3.000681689074039,,3,0.28000,1.0,1,primary_count_le1,1.080000,1,1.02,1.0066748721832985,0.9767089566370005,0.0299659155
20240611,20240612,SZSE.300242,300242.SZ,佳云科技,2,2.99197121757243,,3,0.28000,1.0,1,primary_count_le1,1.080000,1,1.02,0.9912895284983905,0.9946979738685855,0.0034084454
20240611,20240612,SZSE.002495,002495.SZ,佳隆股份,3,2.990569967809127,,3,0.28000,1.0,1,primary_count_le1,1.080000,1,1.02,0.9903427381177807,0.9914788865745124,0.0011361485
20240612,20240613,SZSE.002861,002861.SZ,瀛通通讯,1,3.0068071901608326,,3,0.28000,1.0,1,primary_count_le1,1.080000,1,1.02,1.0091712393566699,0.9973509933774835,0.0118202460
20240612,20240613,SZSE.300165,300165.SZ,天瑞仪器,2,2.9942100283822137,,3,0.28000,1.0,1,primary_count_le1,1.080000,1,1.02,0.9941343424787134,0.9945127719962157,0.0003784295
20240612,20240613,SZSE.300551,300551.SZ,古鳌科技,3,2.9922043519394514,,3,0.28000,1.0,1,primary_count_le1,1.080000,1,1.02,0.9924314096499527,0.9912961210974456,0.0011352886
20240613,20240614,SZSE.002861,002861.SZ,瀛通通讯,1,3.007203934922437,,3,0.28000,1.0,1,primary_count_le1,1.080000,1,1.02,1.0093832765796444,0.9984865682936057,0.0108967083
20240613,20240614,SZSE.300165,300165.SZ,天瑞仪器,2,2.9956488838441167,,3,0.28000,1.0,1,primary_count_le1,1.080000,1,1.02,0.9954597048808173,0.9964055996973137,0.0009458948
20240613,20240614,SZSE.300511,300511.SZ,雪榕生物,3,2.993757094211124,,3,0.28000,1.0,1,primary_count_le1,1.080000,1,1.02,0.9935679152478244,0.9945138100643208,0.0009458948
20240614,20240617,SZSE.300511,300511.SZ,雪榕生物,1,3.0051694402420575,,3,0.28000,1.0,1,primary_count_le1,1.080000,1,1.02,1.0074546142208773,0.9960287443267776,0.0114258699
20240614,20240617,SZSE.300266,300266.SZ,兴源环境,2,2.999573373676248,,3,0.28000,1.0,1,primary_count_le1,1.000000,1,1.02,1.0072201210287444,0.9689863842662633,0.0382337368
20240614,20240617,SZSE.300839,300839.SZ,博汇股份,3,2.99750378214826,,3,0.28000,1.0,1,primary_count_le1,1.080000,1,1.02,0.9973524962178517,0.9981089258698941,0.0007564297
20240617,20240618,SZSE.300266,300266.SZ,兴源环境,1,3.000347266881029,,3,0.28000,1.0,1,primary_count_le1,1.000000,1,1.02,1.0078343105731038,0.9703990921127293,0.0374352185
20240617,20240618,SZSE.300511,300511.SZ,雪榕生物,2,2.9964062795536224,,3,0.28000,1.0,1,primary_count_le1,1.080000,1,1.02,0.9965954227350104,0.9956497068280689,0.0009457159
20240617,20240618,SZSE.300165,300165.SZ,天瑞仪器,3,2.9954227350104032,,3,0.28000,1.0,1,primary_count_le1,1.080000,1,1.02,0.9952714204652923,0.9960279931908455,0.0007565727
20240618,20240619,SZSE.300266,300266.SZ,兴源环境,1,2.9983294874219784,,3,0.28000,1.0,1,primary_count_le1,1.000000,1,1.02,1.0065651598259882,0.9653867978059391,0.0411783620
20240618,20240619,SZSE.300165,300165.SZ,天瑞仪器,2,2.9944770191034613,,3,0.28000,1.0,1,primary_count_le1,1.080000,1,1.02,0.9941365613769624,0.9958388500094572,0.0017022886
20240618,20240619,SZSE.300511,300511.SZ,雪榕生物,3,2.993058445243049,,3,0.28000,1.0,1,primary_count_le1,1.080000,1,1.02,0.9926234159258559,0.9947985625118214,0.0021751466
20240619,20240620,SZSE.300266,300266.SZ,兴源环境,1,3.0030862329803325,,3,0.28000,1.0,1,primary_count_le1,1.080000,1,1.02,1.0080654311649015,0.9831694402420574,0.0248959909
20240619,20240620,SZSE.300511,300511.SZ,雪榕生物,2,2.9946293494704994,,3,0.28000,1.0,1,primary_count_le1,1.080000,1,1.02,0.9945158850226928,0.9950832072617246,0.0005673222
20240619,20240620,SZSE.300165,300165.SZ,天瑞仪器,3,2.9933812405446294,,3,0.28000,1.0,1,primary_count_le1,1.080000,1,1.02,0.9933812405446294,0.9933812405446294,0.0000000000
20240620,20240621,SZSE.300266,300266.SZ,兴源环境,1,2.9992375189107414,,3,0.28000,1.0,1,primary_count_le1,1.000000,1,1.02,1.007178517397882,0.9674735249621785,0.0397049924
20240620,20240621,SZSE.300511,300511.SZ,雪榕生物,2,2.9959909228441752,,3,0.28000,1.0,1,primary_count_le1,1.080000,1,1.02,0.995839636913767,0.9965960665658093,0.0007564297
20240620,20240621,SZSE.300165,300165.SZ,天瑞仪器,3,2.9936838124054463,,3,0.28000,1.0,1,primary_count_le1,1.080000,1,1.02,0.9931921331316188,0.9956505295007564,0.0024583964
20240621,20240624,SZSE.300266,300266.SZ,兴源环境,1,3.0062102874432677,,3,0.28000,1.0,1,primary_count_le1,1.080000,1,1.02,1.0080937972768533,0.9986762481089259,0.0094175492
20240621,20240624,SZSE.002640,002640.SZ,跨境通,2,3.005829046898638,,3,0.28000,1.0,1,primary_count_le1,1.080000,1,1.02,1.0077118003025718,0.9982980332829047,0.0094137670
20240621,20240624,SZSE.300511,300511.SZ,雪榕生物,3,2.994251134644478,,3,0.28000,1.0,1,primary_count_le1,1.080000,1,1.02,0.9941376701966718,0.9947049924357034,0.0005673222
20240624,20240625,SZSE.300266,300266.SZ,兴源环境,1,3.000887880506712,,3,0.28000,1.0,1,primary_count_le1,1.000000,1,1.02,1.0072546795235393,0.9754206844394026,0.0318339951
20240624,20240625,SZSE.002486,002486.SZ,嘉麟杰,2,2.998709775004727,,3,0.28000,1.0,1,primary_count_le1,1.000000,1,1.02,1.008644356211004,0.958971450179618,0.0496729060
20240624,20240625,SZSE.300511,300511.SZ,雪榕生物,3,2.99663452448478,,3,0.28000,1.0,1,primary_count_le1,1.080000,1,1.02,0.9964076384949896,0.9975420684439402,0.0011344299
20240625,20240626,SHSE.600227,600227.SH,赤天化,1,3.0060151400454203,,3,0.28000,1.0,1,primary_count_le1,1.080000,1,1.02,1.0078974261922786,0.9984859954579863,0.0094114307
20240625,20240626,SZSE.002629,002629.SZ,仁智股份,2,3.0057986373959125,,3,0.28000,1.0,1,primary_count_le1,1.080000,1,1.02,1.0075321725965178,0.9988644965934897,0.0086676760
20240625,20240626,SZSE.002640,002640.SZ,跨境通,3,2.997199091597275,,3,0.28000,1.0,1,primary_count_le1,1.080000,1,1.02,0.9969719909159728,0.9981074943224829,0.0011355034
20240626,20240627,SZSE.002629,002629.SZ,仁智股份,1,2.994367794367794,,3,0.28000,1.0,1,primary_count_le1,1.080000,1,1.02,0.993951993951994,0.996030996030996,0.0020790021
20240626,20240627,SHSE.600076,600076.SH,康欣新材,2,2.994254394254394,,3,0.28000,1.0,1,primary_count_le1,1.080000,1,1.02,0.9937629937629938,0.9962199962199962,0.0024570025
20240626,20240627,SHSE.600227,600227.SH,赤天化,3,2.993649593649594,,3,0.28000,1.0,1,primary_count_le1,1.080000,1,1.02,0.9973539973539973,0.9788319788319788,0.0185220185
20240627,20240628,SHSE.600227,600227.SH,赤天化,1,3.0061297031574967,,3,0.28000,1.0,1,primary_count_le1,1.080000,1,1.02,1.0080875401777274,0.998298355076574,0.0097891851
20240627,20240628,SZSE.300266,300266.SZ,兴源环境,2,2.996974853469465,,3,0.28000,1.0,1,primary_count_le1,1.080000,1,1.02,0.9969748534694649,0.9969748534694649,0.0000000000
20240627,20240628,SZSE.002269,002269.SZ,美邦服饰,3,2.006023066742295,,3,0.28000,1.0,1,primary_count_le1,1.080000,1,1.02,1.007906976744186,0.9984874267347325,0.0094195500
20240628,20240701,SZSE.002640,002640.SZ,跨境通,1,3.005685125685126,,3,0.28000,1.0,1,primary_count_le1,1.080000,1,1.02,1.0075316575316575,0.9982989982989983,0.0092326592
20240628,20240701,SZSE.300266,300266.SZ,兴源环境,2,2.9970893970893973,,3,0.28000,1.0,1,primary_count_le1,1.080000,1,1.02,0.9969759969759969,0.9975429975429976,0.0005670006
20240628,20240701,SHSE.600227,600227.SH,赤天化,3,2.996824796824797,,3,0.28000,1.0,1,primary_count_le1,1.080000,1,1.02,0.9965979965979966,0.9977319977319977,0.0011340011
20240701,20240702,SZSE.002640,002640.SZ,跨境通,1,3.0057598789941387,,3,0.28000,1.0,1,primary_count_le1,1.080000,1,1.02,1.0075307241444507,0.9986764983928909,0.0088542258
20240701,20240702,SZSE.300266,300266.SZ,兴源环境,2,2.99640763849499,,3,0.28000,1.0,1,primary_count_le1,1.080000,1,1.02,0.9967857818113065,0.994895065229722,0.0018907166
20240701,20240702,SZSE.000659,000659.SZ,珠海中富,3,2.9963320098317263,,3,0.28000,1.0,1,primary_count_le1,1.080000,1,1.02,0.996596710153148,0.995273208546039,0.0013235016
20240702,20240703,SZSE.002369,002369.SZ,卓翼科技,1,2.9994449905482043,,3,0.28000,1.0,1,primary_count_le1,1.000000,1,1.02,1.0083799621928167,0.9637051039697543,0.0446748582
20240702,20240703,SZSE.300266,300266.SZ,兴源环境,2,2.993005671077505,,3,0.28000,1.0,1,primary_count_le1,1.080000,1,1.02,0.9969754253308128,0.9771266540642722,0.0198487713
20240702,20240703,SZSE.300736,300736.SZ,百邦科技,3,2.9914933837429114,,3,0.28000,1.0,1,primary_count_le1,1.080000,1,1.02,0.9911153119092627,0.9930056710775047,0.0018903592
20240703,20240704,SZSE.300736,300736.SZ,百邦科技,1,3.0072018144018147,,3,0.28000,1.0,1,primary_count_le1,1.080000,1,1.02,1.008847098847099,1.0006206766206767,0.0082264222
20240703,20240704,SZSE.002622,002622.SZ,皓宸医疗,2,2.991683991683992,,3,0.28000,1.0,1,primary_count_le1,1.080000,1,1.02,0.9911169911169911,0.993951993951994,0.0028350028
20240703,20240704,SHSE.688283,688283.SH,坤恒顺维,3,1.9942543942543942,,3,0.28000,1.0,1,primary_count_le1,1.080000,1,1.02,0.993951993951994,0.9954639954639954,0.0015120015
20240704,20240705,SZSE.002622,002622.SZ,皓宸医疗,1,2.9966742252456537,,3,0.28000,1.0,1,primary_count_le1,1.080000,1,1.02,0.9964096749811036,0.9977324263038548,0.0013227513
20240704,20240705,SZSE.000816,000816.SZ,智慧农业,2,2.9939909297052156,,3,0.28000,1.0,1,primary_count_le1,1.080000,1,1.02,0.9935752078609221,0.9956538170823885,0.0020786092
20240704,20240705,SZSE.301315,301315.SZ,威士顿,3,2.0057165532879817,,3,0.28000,1.0,1,primary_count_le1,1.080000,1,1.02,1.0075236205593348,0.99848828420257,0.0090353364
20240705,20240708,SZSE.002622,002622.SZ,皓宸医疗,1,3.006365154950869,,3,0.28000,1.0,1,primary_count_le1,1.080000,1,1.02,1.0078987150415721,1.0002309145880575,0.0076678005
20240705,20240708,SHSE.600227,600227.SH,赤天化,2,2.9979954648526075,,3,0.28000,1.0,1,primary_count_le1,1.000000,1,1.02,1.0063756613756614,0.9644746787603931,0.0419009826
20240708,20240709,SZSE.300736,300736.SZ,百邦科技,1,3.007593344677633,,3,0.28000,1.0,1,primary_count_le1,1.080000,1,1.02,1.0092418226507847,1.0009994327850256,0.0082423899
20240708,20240709,SZSE.002622,002622.SZ,皓宸医疗,2,3.0059489506522974,,3,0.28000,1.0,1,primary_count_le1,1.080000,1,1.02,1.0077197958026092,0.9988655700510494,0.0088542258
20240708,20240709,SZSE.301315,301315.SZ,威士顿,3,2.007023142370959,,3,0.28000,1.0,1,primary_count_le1,1.080000,1,1.02,1.008670826243146,1.0004324068822084,0.0082384194
20240709,20240710,SZSE.300736,300736.SZ,百邦科技,1,3.0074405594405595,,3,0.28000,1.0,1,primary_count_le1,1.080000,1,1.02,1.0095841995841996,0.9988659988659989,0.0107182007
20240709,20240710,SZSE.002622,002622.SZ,皓宸医疗,2,3.006356454356454,,3,0.28000,1.0,1,primary_count_le1,1.080000,1,1.02,1.0082763182763181,0.9986769986769987,0.0095993196
20240709,20240710,SZSE.002640,002640.SZ,跨境通,3,3.005830277830278,,3,0.28000,1.0,1,primary_count_le1,1.080000,1,1.02,1.0077130977130977,0.9982989982989983,0.0094140994
20240710,20240711,SZSE.300736,300736.SZ,百邦科技,1,3.00770867183072,,3,0.28000,1.0,1,primary_count_le1,1.080000,1,1.02,1.0094332136784432,1.000810504439826,0.0086227092
20240710,20240711,SZSE.002622,002622.SZ,皓宸医疗,2,3.0063918382769694,,3,0.28000,1.0,1,primary_count_le1,1.080000,1,1.02,1.0082731910069904,0.9988664273568865,0.0094067637
20240710,20240711,SZSE.002640,002640.SZ,跨境通,3,3.005906669185717,,3,0.28000,1.0,1,primary_count_le1,1.080000,1,1.02,1.0077139618363877,0.9986774985830342,0.0090364633
20240711,20240712,SZSE.300736,300736.SZ,百邦科技,1,3.0075574532401284,,3,0.28000,1.0,1,primary_count_le1,1.080000,1,1.02,1.0092442849045908,1.0008101265822784,0.0084341583
20240711,20240712,SZSE.002622,002622.SZ,皓宸医疗,2,3.005859814849802,,3,0.28000,1.0,1,primary_count_le1,1.080000,1,1.02,1.0077026261099566,0.998488569809182,0.0092140563
20240711,20240712,SHSE.688310,688310.SH,迈得医疗,3,2.9938409219724162,,3,0.28000,1.0,1,primary_count_le1,1.080000,1,1.02,0.9931985641413187,0.996410353296807,0.0032117892
20240712,20240715,SZSE.300736,300736.SZ,百邦科技,1,3.0077072359720387,,3,0.28000,1.0,1,primary_count_le1,1.080000,1,1.02,1.0094313243907047,1.0008108822973738,0.0086204421
20240712,20240715,SHSE.688310,688310.SH,迈得医疗,2,3.0065704515397695,,3,0.28000,1.0,1,primary_count_le1,1.080000,1,1.02,1.0081050443982618,1.0004320801058,0.0076729643
20240712,20240715,SZSE.002622,002622.SZ,皓宸医疗,3,3.0062074437936896,,3,0.28000,1.0,1,primary_count_le1,1.080000,1,1.02,1.0082316266767428,0.9981107122614774,0.0101209144
20240715,20240716,SZSE.300736,300736.SZ,百邦科技,1,3.007707329051757,,3,0.28000,1.0,1,primary_count_le1,1.080000,1,1.02,1.0094314318095958,1.0008109180204003,0.0086205138
20240715,20240716,SHSE.688310,688310.SH,迈得医疗,2,3.006984888553079,,3,0.28000,1.0,1,primary_count_le1,1.080000,1,1.02,1.0086701926709483,1.0002436720816017,0.0084265206
20240715,20240716,SZSE.002622,002622.SZ,皓宸医疗,3,3.005198337740839,,3,0.28000,1.0,1,primary_count_le1,1.080000,1,1.02,1.0074423876086136,0.9962221382697394,0.0112202493
20240716,20240717,SZSE.300736,300736.SZ,百邦科技,1,3.007707366830374,,3,0.28000,1.0,1,primary_count_le1,1.080000,1,1.02,1.0094314318095958,1.0008111069134868,0.0086203249
20240716,20240717,SHSE.600538,600538.SH,国发股份,2,3.0066433698526636,,3,0.28000,1.0,1,primary_count_le1,1.080000,1,1.02,1.0082905175670571,1.0000547789950887,0.0082357386
20240716,20240717,SZSE.002622,002622.SZ,皓宸医疗,3,3.0054990555345675,,3,0.28000,1.0,1,primary_count_le1,1.080000,1,1.02,1.0074877219493767,0.9975443898753306,0.0099433321
20240717,20240718,SZSE.300736,300736.SZ,百邦科技,1,3.007746447467876,,3,0.28000,1.0,1,primary_count_le1,1.080000,1,1.02,1.0094331065759636,1.0009998110355254,0.0084332955
20240717,20240718,SHSE.600538,600538.SH,国发股份,2,3.0074273998488286,,3,0.28000,1.0,1,primary_count_le1,1.080000,1,1.02,1.0092233560090704,1.000243575207861,0.0089797808
20240717,20240718,SZSE.002622,002622.SZ,皓宸医疗,3,3.006814814814815,,3,0.28000,1.0,1,primary_count_le1,1.080000,1,1.02,1.0089909297052155,0.9981103552532123,0.0108805745
20240718,20240719,SZSE.300736,300736.SZ,百邦科技,1,3.0075951625094484,,3,0.28000,1.0,1,primary_count_le1,1.080000,1,1.02,1.009244142101285,1.0009992441421012,0.0082448980
20240718,20240719,SZSE.002622,002622.SZ,皓宸医疗,2,3.006796674225246,,3,0.28000,1.0,1,primary_count_le1,1.080000,1,1.02,1.008826530612245,0.9986772486772487,0.0101492819
20240718,20240719,SZSE.300998,300998.SZ,宁波方正,3,2.9970521541950115,,3,0.28000,1.0,1,primary_count_le1,1.080000,1,1.02,0.9967876039304611,0.9981103552532123,0.0013227513
20240719,20240722,SZSE.300736,300736.SZ,百邦科技,1,3.0078580986580987,,3,0.28000,1.0,1,primary_count_le1,1.080000,1,1.02,1.0096201096201096,1.000810054810055,0.0088100548
20240719,20240722,SZSE.002622,002622.SZ,皓宸医疗,2,3.007204687204687,,3,0.28000,1.0,1,primary_count_le1,1.080000,1,1.02,1.0093838593838593,0.9984879984879985,0.0108958609
20240719,20240722,SZSE.300266,300266.SZ,兴源环境,3,2.9964467964467962,,3,0.28000,1.0,1,primary_count_le1,1.080000,1,1.02,0.9969759969759969,0.9943299943299944,0.0026460026
20240722,20240723,SZSE.300736,300736.SZ,百邦科技,1,3.007746409674981,,3,0.28000,1.0,1,primary_count_le1,1.080000,1,1.02,1.0094331065759636,1.0009996220710506,0.0084334845
20240722,20240723,SZSE.300998,300998.SZ,宁波方正,2,3.0074030990173846,,3,0.28000,1.0,1,primary_count_le1,1.080000,1,1.02,1.0090513983371125,1.000809901738473,0.0082414966
20240722,20240723,SZSE.002622,002622.SZ,皓宸医疗,3,2.997764172335601,,3,0.28000,1.0,1,primary_count_le1,1.000000,1,1.02,1.00651171579743,0.9627739984882842,0.0437377173
20240723,20240724,SZSE.300998,300998.SZ,宁波方正,1,3.0080487150415722,,3,0.28000,1.0,1,primary_count_le1,1.080000,1,1.02,1.0098110355253211,1.000999433106576,0.0088116024
20240723,20240724,SZSE.300736,300736.SZ,百邦科技,2,3.007858163265306,,3,0.28000,1.0,1,primary_count_le1,1.080000,1,1.02,1.0096201814058956,1.0008100907029478,0.0088100907
20240723,20240724,SHSE.688217,688217.SH,睿昂基因,3,3.007516326530612,,3,0.28000,1.0,1,primary_count_le1,1.080000,1,1.02,1.0092403628117914,1.0006201814058957,0.0086201814
20240724,20240725,SHSE.688217,688217.SH,睿昂基因,1,3.007897619047619,,3,0.28000,1.0,1,primary_count_le1,1.080000,1,1.02,1.0096220710506425,1.0009998110355254,0.0086222600
20240724,20240725,SZSE.300998,300998.SZ,宁波方正,2,3.007706953892668,,3,0.28000,1.0,1,primary_count_le1,1.080000,1,1.02,1.009431216931217,1.000809901738473,0.0086213152
20240724,20240725,SZSE.300736,300736.SZ,百邦科技,3,3.007516553287982,,3,0.28000,1.0,1,primary_count_le1,1.080000,1,1.02,1.0092403628117914,1.0006213151927437,0.0086190476
20240725,20240726,SHSE.688217,688217.SH,睿昂基因,1,3.008048686448687,,3,0.28000,1.0,1,primary_count_le1,1.080000,1,1.02,1.0098109998109999,1.000999432999433,0.0088115668
20240725,20240726,SZSE.300736,300736.SZ,百邦科技,2,3.0078580986580987,,3,0.28000,1.0,1,primary_count_le1,1.080000,1,1.02,1.0096201096201096,1.000810054810055,0.0088100548
20240725,20240726,SZSE.300998,300998.SZ,宁波方正,3,3.0076673974673973,,3,0.28000,1.0,1,primary_count_le1,1.080000,1,1.02,1.0094292194292194,1.0006201096201095,0.0088091098
20240726,20240729,SHSE.688217,688217.SH,睿昂基因,1,3.0082,,3,0.28000,1.0,1,primary_count_le1,1.080000,1,1.02,1.01,1.001,0.0090000000
20240726,20240729,SHSE.600785,600785.SH,新华百货,2,3.0078582168492636,,3,0.28000,1.0,1,primary_count_le1,1.080000,1,1.02,1.0096203248961089,1.0008097846618813,0.0088105402
20240726,20240729,SZSE.300736,300736.SZ,百邦科技,3,3.007630222893842,,3,0.28000,1.0,1,primary_count_le1,1.080000,1,1.02,1.0094295428787305,1.0004329429542878,0.0089965999
20240729,20240730,SHSE.688217,688217.SH,睿昂基因,1,3.008048856980918,,3,0.28000,1.0,1,primary_count_le1,1.080000,1,1.02,1.0098110712261477,1.001,0.0088110712
20240729,20240730,SZSE.300736,300736.SZ,百邦科技,2,3.0077072359720387,,3,0.28000,1.0,1,primary_count_le1,1.080000,1,1.02,1.0094313243907047,1.0008108822973738,0.0086204421
20240729,20240730,SZSE.300998,300998.SZ,宁波方正,3,3.0073274891365953,,3,0.28000,1.0,1,primary_count_le1,1.080000,1,1.02,1.0090515775552618,1.0004311354619309,0.0086204421
20240730,20240731,SHSE.688217,688217.SH,睿昂基因,1,3.007897544389875,,3,0.28000,1.0,1,primary_count_le1,1.080000,1,1.02,1.009622213826974,1.0009988666414809,0.0086233472
20240730,20240731,SZSE.300736,300736.SZ,百邦科技,2,3.0075180204004535,,3,0.28000,1.0,1,primary_count_le1,1.080000,1,1.02,1.0092425387230828,1.0006199471099357,0.0086225916
20240730,20240731,SZSE.300998,300998.SZ,宁波方正,3,2.0073274650547788,,3,0.28000,1.0,1,primary_count_le1,1.080000,1,1.02,1.0090517567057045,1.0004302984510767,0.0086214583
20240731,20240801,SZSE.300736,300736.SZ,百邦科技,1,3.007897506611258,,3,0.28000,1.0,1,primary_count_le1,1.080000,1,1.02,1.009622213826974,1.0009986777483943,0.0086235361
20240731,20240801,SHSE.688217,688217.SH,睿昂基因,2,3.007214506989044,,3,0.28000,1.0,1,primary_count_le1,1.080000,1,1.02,1.0088628636191914,1.0006210804684548,0.0082417832
20240731,20240801,SZSE.300998,300998.SZ,宁波方正,3,2.0067198715527015,,3,0.28000,1.0,1,primary_count_le1,1.080000,1,1.02,1.0082924064979222,1.0004297317718172,0.0078626747
20240801,20240802,SZSE.300736,300736.SZ,百邦科技,1,3.0077071226147742,,3,0.28000,1.0,1,primary_count_le1,1.080000,1,1.02,1.0094313243907047,1.0008103155110524,0.0086210089
20240801,20240802,SHSE.688217,688217.SH,睿昂基因,2,3.0066427734744003,,3,0.28000,1.0,1,primary_count_le1,1.080000,1,1.02,1.008290194596637,1.0000530889854524,0.0082371056
20240801,20240802,SZSE.300998,300998.SZ,宁波方正,3,3.005873417721519,,3,0.28000,1.0,1,primary_count_le1,1.080000,1,1.02,1.0077196296996034,0.998488569809182,0.0092310599
20240802,20240805,SZSE.300736,300736.SZ,百邦科技,1,3.007897563739377,,3,0.28000,1.0,1,primary_count_le1,1.080000,1,1.02,1.009622285174693,1.0009986779981115,0.0086236072
20240802,20240805,SHSE.688217,688217.SH,睿昂基因,2,3.0075167894239847,,3,0.28000,1.0,1,primary_count_le1,1.080000,1,1.02,1.0092407932011331,1.0006207743153919,0.0086200189
20240802,20240805,SZSE.300998,300998.SZ,宁波方正,3,2.9973937677053826,,3,0.28000,1.0,1,primary_count_le1,1.080000,1,1.02,0.9971671388101983,0.998300283286119,0.0011331445
20240805,20240806,SZSE.300736,300736.SZ,百邦科技,1,3.007477355996223,,3,0.28000,1.0,1,primary_count_le1,1.080000,1,1.02,1.0092389046270065,1.0004311614730879,0.0088077432
20240805,20240806,SHSE.688217,688217.SH,睿昂基因,2,3.006493937677054,,3,0.28000,1.0,1,primary_count_le1,1.080000,1,1.02,1.0081038715769595,1.0000542020774315,0.0080496695
20240805,20240806,SHSE.688359,688359.SH,三孚新科,3,2.0076673465533523,,3,0.28000,1.0,1,primary_count_le1,1.080000,1,1.02,1.0094296506137865,1.0006181303116146,0.0088115203
20240806,20240807,SZSE.300736,300736.SZ,百邦科技,1,3.0078191051538608,,3,0.28000,1.0,1,primary_count_le1,1.080000,1,1.02,1.009618652067208,1.000620917500472,0.0089977346
20240806,20240807,SHSE.688217,688217.SH,睿昂基因,2,3.0069870115159523,,3,0.28000,1.0,1,primary_count_le1,1.080000,1,1.02,1.0086728336794413,1.0002437228619974,0.0084291108
20240806,20240807,SZSE.300998,300998.SZ,宁波方正,3,2.9966773645459694,,3,0.28000,1.0,1,primary_count_le1,1.080000,1,1.02,0.9964130639984897,0.9977345667358882,0.0013215027
20240807,20240808,SZSE.300736,300736.SZ,百邦科技,1,3.007405323768171,,3,0.28000,1.0,1,primary_count_le1,1.080000,1,1.02,1.0090541816122334,1.00080989239192,0.0082442892
20240807,20240808,SHSE.688217,688217.SH,睿昂基因,2,3.006873815367189,,3,0.28000,1.0,1,primary_count_le1,1.080000,1,1.02,1.0084840475740986,1.0004328865395506,0.0080511610
20240807,20240808,SZSE.300998,300998.SZ,宁波方正,3,2.9966018501038323,,3,0.28000,1.0,1,primary_count_le1,1.080000,1,1.02,0.996224277893147,0.9981121389465736,0.0018878611
20240808,20240809,SZSE.300736,300736.SZ,百邦科技,1,3.00668067195168,,3,0.28000,1.0,1,primary_count_le1,1.080000,1,1.02,1.008289920724802,1.000243676859192,0.0080462439
20240808,20240809,SHSE.688217,688217.SH,睿昂基因,2,2.9973574933937335,,3,0.28000,1.0,1,primary_count_le1,1.080000,1,1.02,0.9969799924499811,0.9988674971687429,0.0018875047
20240808,20240809,SZSE.300998,300998.SZ,宁波方正,3,2.996791241978105,,3,0.28000,1.0,1,primary_count_le1,1.080000,1,1.02,0.9964137410343525,0.9983012457531144,0.0018875047
20240809,20240812,SZSE.300736,300736.SZ,百邦科技,1,3.0066849754624387,,3,0.28000,1.0,1,primary_count_le1,1.080000,1,1.02,1.0082955832389582,1.0002425443563607,0.0080530389
20240809,20240812,SHSE.688217,688217.SH,睿昂基因,2,2.9974329935824837,,3,0.28000,1.0,1,primary_count_le1,1.080000,1,1.02,0.9971687429218573,0.9984899962249906,0.0013212533
20240809,20240812,SHSE.603818,603818.SH,曲美家居,3,2.996470366175916,,3,0.28000,1.0,1,primary_count_le1,1.080000,1,1.02,0.9964137410343525,0.9966968667421668,0.0002831257
20240812,20240813,SZSE.300736,300736.SZ,百邦科技,1,2.9970554926387316,,3,0.28000,1.0,1,primary_count_le1,1.080000,1,1.02,0.9966024915062288,0.9988674971687429,0.0022650057
20240812,20240813,SZSE.300998,300998.SZ,宁波方正,2,2.996300490751227,,3,0.28000,1.0,1,primary_count_le1,1.080000,1,1.02,0.995847489618724,0.9981124952812382,0.0022650057
20240812,20240813,SZSE.300305,300305.SZ,裕兴股份,3,2.9952812382030958,,3,0.28000,1.0,1,primary_count_le1,1.080000,1,1.02,0.9949037372593431,0.996791241978105,0.0018875047
20240813,20240814,SHSE.600322,600322.SH,津投城开,1,3.0043578708946774,,3,0.28000,1.0,1,primary_count_le1,1.080000,1,1.02,1.007948282370706,0.9899962249905625,0.0179520574
20240813,20240814,SZSE.300736,300736.SZ,百邦科技,2,2.9970554926387316,,3,0.28000,1.0,1,primary_count_le1,1.080000,1,1.02,0.996791241978105,0.9981124952812382,0.0013212533
20240813,20240814,SHSE.688217,688217.SH,睿昂基因,3,2.9961872404681014,,3,0.28000,1.0,1,primary_count_le1,1.080000,1,1.02,0.995847489618724,0.9975462438656096,0.0016987542
20240814,20240815,SHSE.600322,600322.SH,津投城开,1,3.005127005095301,,3,0.28000,1.0,1,primary_count_le1,1.080000,1,1.02,1.007729760332138,0.9947159841479525,0.0130137762
20240814,20240815,SZSE.300736,300736.SZ,百邦科技,2,2.9967918475183994,,3,0.28000,1.0,1,primary_count_le1,1.080000,1,1.02,0.9966031326665409,0.997546706925835,0.0009435743
20240814,20240815,SZSE.300998,300998.SZ,宁波方正,3,2.9961502170220795,,3,0.28000,1.0,1,primary_count_le1,1.080000,1,1.02,0.9958482732591055,0.9973579920739762,0.0015097188
20240815,20240816,SZSE.300736,300736.SZ,百邦科技,1,2.997056603773585,,3,0.28000,1.0,1,primary_count_le1,1.080000,1,1.02,0.9967924528301887,0.9981132075471698,0.0013207547
20240815,20240816,SHSE.688217,688217.SH,睿昂基因,2,2.9963396226415098,,3,0.28000,1.0,1,primary_count_le1,1.080000,1,1.02,0.9960377358490566,0.9975471698113207,0.0015094340
20240815,20240816,SZSE.300998,300998.SZ,宁波方正,3,2.995811320754717,,3,0.28000,1.0,1,primary_count_le1,1.080000,1,1.02,0.9954716981132076,0.9971698113207547,0.0016981132
20240816,20240819,SZSE.300998,300998.SZ,宁波方正,1,2.995434823618185,,3,0.28000,1.0,1,primary_count_le1,1.080000,1,1.02,0.9950952650443312,0.9967930579136012,0.0016977929
20240816,20240819,SHSE.688217,688217.SH,睿昂基因,2,2.995246179966044,,3,0.28000,1.0,1,primary_count_le1,1.080000,1,1.02,0.9949066213921901,0.9966044142614601,0.0016977929
20240816,20240819,SHSE.603665,603665.SH,康隆达,3,2.007707828711564,,3,0.28000,1.0,1,primary_count_le1,1.080000,1,1.02,1.0094321826070554,1.0008104131295983,0.0086217695
20240819,20240820,SHSE.688217,688217.SH,睿昂基因,1,2.995622641509434,,3,0.28000,1.0,1,primary_count_le1,1.080000,1,1.02,0.9952830188679245,0.9969811320754717,0.0016981132
20240819,20240820,SHSE.688426,688426.SH,康为世纪,2,2.995358490566038,,3,0.28000,1.0,1,primary_count_le1,1.080000,1,1.02,0.9950943396226415,0.9964150943396226,0.0013207547
20240819,20240820,SZSE.300998,300998.SZ,宁波方正,3,2.995245283018868,,3,0.28000,1.0,1,primary_count_le1,1.080000,1,1.02,0.9949056603773585,0.9966037735849057,0.0016981132
20240820,20240821,SHSE.603665,603665.SH,康隆达,1,3.0082,,3,0.28000,1.0,1,primary_count_le1,1.080000,1,1.02,1.01,1.001,0.0090000000
20240820,20240821,SHSE.688573,688573.SH,信宇人,2,3.0058041878890776,,3,0.28000,1.0,1,primary_count_le1,1.080000,1,1.02,1.0075382003395585,0.9988681380871534,0.0086700623
20240820,20240821,SHSE.688217,688217.SH,睿昂基因,3,2.9973589888700243,,3,0.28000,1.0,1,primary_count_le1,1.080000,1,1.02,0.9971703452178834,0.9981135634785889,0.0009432183
20240821,20240822,SHSE.603665,603665.SH,康隆达,1,3.007557148245945,,3,0.28000,1.0,1,primary_count_le1,1.080000,1,1.02,1.0092436816295738,1.0008110147114297,0.0084326669
20240821,20240822,SHSE.688217,688217.SH,睿昂基因,2,3.0063434175782726,,3,0.28000,1.0,1,primary_count_le1,1.080000,1,1.02,1.0079158807996982,1.0000535646925688,0.0078623161
20240821,20240822,SHSE.688426,688426.SH,康为世纪,3,3.005757827235006,,3,0.28000,1.0,1,primary_count_le1,1.080000,1,1.02,1.0075273481705018,0.9986797434930215,0.0088476047
20240822,20240823,SHSE.603665,603665.SH,康隆达,1,3.007747114296492,,3,0.28000,1.0,1,primary_count_le1,1.080000,1,1.02,1.0094341757827234,1.0009988683515654,0.0084353074
20240822,20240823,SHSE.688426,688426.SH,康为世纪,2,3.0070174651075066,,3,0.28000,1.0,1,primary_count_le1,1.080000,1,1.02,1.0086665409279516,1.0004211618257262,0.0082453791
20240822,20240823,SHSE.688217,688217.SH,睿昂基因,3,2.9975103734439834,,3,0.28000,1.0,1,primary_count_le1,1.080000,1,1.02,0.9971708789136176,0.998868351565447,0.0016974727
20240823,20240826,SHSE.603665,603665.SH,康隆达,1,3.008011205432937,,3,0.28000,1.0,1,primary_count_le1,1.080000,1,1.02,1.0098113563478588,1.0008106017732503,0.0090007546
20240823,20240826,SHSE.688573,688573.SH,信宇人,2,3.0068721373325786,,3,0.28000,1.0,1,primary_count_le1,1.080000,1,1.02,1.0084833050367854,1.0004274665157518,0.0080558385
20240823,20240826,SHSE.688426,688426.SH,康为世纪,3,2.997094887757027,,3,0.28000,1.0,1,primary_count_le1,1.080000,1,1.02,0.9967930579136012,0.99830220713073,0.0015091492
20240826,20240827,SHSE.600719,600719.SH,大连热电,1,3.0075491985668488,,3,0.28000,1.0,1,primary_count_le1,1.080000,1,1.02,1.0092343956251177,1.0008084103337733,0.0084259853
20240826,20240827,SHSE.688573,688573.SH,信宇人,2,3.006688704506883,,3,0.28000,1.0,1,primary_count_le1,1.080000,1,1.02,1.0083009617197813,1.0002396756552894,0.0080612861
20240826,20240827,SHSE.688156,688156.SH,路德科技,3,3.001689609654912,,3,0.28000,1.0,1,primary_count_le1,1.080000,1,1.02,1.0073448991137093,0.9790684518197247,0.0282764473
20240827,20240828,SHSE.600719,600719.SH,大连热电,1,3.0070965673330816,,3,0.28000,1.0,1,primary_count_le1,1.080000,1,1.02,1.0086684270086759,1.0008091286307055,0.0078592984
20240827,20240828,SZSE.000590,000590.SZ,古汉医药,2,2.9992697095435688,,3,0.28000,1.0,1,primary_count_le1,1.000000,1,1.02,1.0080931723877782,0.9639758581667295,0.0441173142
20240827,20240828,SHSE.688573,688573.SH,信宇人,3,2.9976235382874385,,3,0.28000,1.0,1,primary_count_le1,1.080000,1,1.02,0.997359486986043,0.9986797434930215,0.0013202565
20240828,20240829,SHSE.600719,600719.SH,大连热电,1,3.0081998868351567,,3,0.28000,1.0,1,primary_count_le1,1.080000,1,1.02,1.01,1.0009994341757826,0.0090005658
20240828,20240829,SHSE.688573,688573.SH,信宇人,2,2.9970954356846473,,3,0.28000,1.0,1,primary_count_le1,1.080000,1,1.02,0.996982270841192,0.9975480950584685,0.0005658242
20240828,20240829,SHSE.688426,688426.SH,康为世纪,3,2.996039230479065,,3,0.28000,1.0,1,primary_count_le1,1.080000,1,1.02,0.995850622406639,0.9967936627687665,0.0009430404
20240829,20240830,SHSE.600719,600719.SH,大连热电,1,3.0078588079969824,,3,0.28000,1.0,1,primary_count_le1,1.080000,1,1.02,1.0096208977744248,1.0008104488872125,0.0088104489
20240829,20240830,SHSE.603665,603665.SH,康隆达,2,3.0075178423236517,,3,0.28000,1.0,1,primary_count_le1,1.080000,1,1.02,1.0092417955488495,1.0006220294228594,0.0086197661
20240829,20240830,SHSE.688426,688426.SH,康为世纪,3,2.997472651829498,,3,0.28000,1.0,1,primary_count_le1,1.080000,1,1.02,0.997359486986043,0.9979253112033195,0.0005658242
20240830,20240902,SHSE.600719,600719.SH,大连热电,1,3.007709241795549,,3,0.28000,1.0,1,primary_count_le1,1.080000,1,1.02,1.0094341757827234,1.0008095058468502,0.0086246699
20240830,20240902,SHSE.688426,688426.SH,康为世纪,2,3.0060113164843454,,3,0.28000,1.0,1,primary_count_le1,1.080000,1,1.02,1.0082214258770275,0.9971708789136176,0.0110505470
20240830,20240902,SZSE.300736,300736.SZ,百邦科技,3,2.9963787250094303,,3,0.28000,1.0,1,primary_count_le1,1.080000,1,1.02,0.99622783855149,0.996982270841192,0.0007544323
20240902,20240903,SHSE.600719,600719.SH,大连热电,1,3.0069375966798715,,3,0.28000,1.0,1,primary_count_le1,1.080000,1,1.02,1.0086587436332768,1.0000530088662516,0.0086057348
20240902,20240903,SZSE.301288,301288.SZ,清研环境,2,2.9980863987926805,,3,0.28000,1.0,1,primary_count_le1,1.000000,1,1.02,1.0074174684021882,0.96076212035465,0.0466553480
20240902,20240903,SHSE.603579,603579.SH,荣泰健康,3,2.9960007545746086,,3,0.28000,1.0,1,primary_count_le1,1.080000,1,1.02,0.996415770609319,0.9943406904357668,0.0020750802
20240903,20240904,SHSE.600719,600719.SH,大连热电,1,3.0073662832359043,,3,0.28000,1.0,1,primary_count_le1,1.080000,1,1.02,1.0090533660192345,1.0006179521025835,0.0084354139
20240903,20240904,SZSE.301288,301288.SZ,清研环境,2,3.0037669243824254,,3,0.28000,1.0,1,primary_count_le1,1.080000,1,1.02,1.0087629643597964,0.9837827644729399,0.0249801999
20240903,20240904,SHSE.688426,688426.SH,康为世纪,3,2.996530265887234,,3,0.28000,1.0,1,primary_count_le1,1.080000,1,1.02,0.9962285498774278,0.9977371299264567,0.0015085800
20240904,20240905,SHSE.600719,600719.SH,大连热电,1,3.0078963423831073,,3,0.28000,1.0,1,primary_count_le1,1.080000,1,1.02,1.0096229260935143,1.0009900075414782,0.0086329186
20240904,20240905,SHSE.600322,600322.SH,津投城开,2,2.991289592760181,,3,0.28000,1.0,1,primary_count_le1,1.080000,1,1.02,0.9969834087481146,0.9685143288084465,0.0284690799
20240904,20240905,SHSE.603665,603665.SH,康隆达,3,2.0068378205128203,,3,0.28000,1.0,1,primary_count_le1,1.080000,1,1.02,1.00848604826546,1.0002449095022625,0.0082411388
20240905,20240906,SHSE.600719,600719.SH,大连热电,1,3.007857013574661,,3,0.28000,1.0,1,primary_count_le1,1.080000,1,1.02,1.0096210407239818,1.0008009049773756,0.0088201357
20240905,20240906,SHSE.688426,688426.SH,康为世纪,2,3.0071763574660633,,3,0.28000,1.0,1,primary_count_le1,1.080000,1,1.02,1.0088631221719457,1.000429298642534,0.0084338235
20240905,20240906,SHSE.603665,603665.SH,康隆达,3,2.0067969834087482,,3,0.28000,1.0,1,primary_count_le1,1.080000,1,1.02,1.008482277526395,1.00005580693816,0.0084264706
20240906,20240909,SHSE.600719,600719.SH,大连热电,1,3.0070674081055606,,3,0.28000,1.0,1,primary_count_le1,1.080000,1,1.02,1.0086804901036757,1.0006150801131009,0.0080654100
20240906,20240909,SHSE.688426,688426.SH,康为世纪,2,3.006386465598492,,3,0.28000,1.0,1,primary_count_le1,1.080000,1,1.02,1.0079227144203582,1.0002414703110272,0.0076812441
20240906,20240909,SHSE.600322,600322.SH,津投城开,3,3.005415268614515,,3,0.28000,1.0,1,primary_count_le1,1.080000,1,1.02,1.0075702167766258,0.9967954759660698,0.0107747408
20240909,20240910,SHSE.600719,600719.SH,大连热电,1,3.00751833270464,,3,0.28000,1.0,1,primary_count_le1,1.080000,1,1.02,1.0092436816295738,1.0006169370049038,0.0086267446
20240909,20240910,SHSE.603819,603819.SH,神力股份,2,3.006917276499434,,3,0.28000,1.0,1,primary_count_le1,1.080000,1,1.02,1.008632591474915,1.0000560165975105,0.0085765749
20240909,20240910,SHSE.688426,688426.SH,康为世纪,3,3.006267069030555,,3,0.28000,1.0,1,primary_count_le1,1.080000,1,1.02,1.007729158807997,1.0004187099207846,0.0073104489
20240910,20240911,SHSE.600719,600719.SH,大连热电,1,3.0067634100339493,,3,0.28000,1.0,1,primary_count_le1,1.080000,1,1.02,1.0083006412674462,1.0006144850999623,0.0076861562
20240910,20240911,SHSE.603819,603819.SH,神力股份,2,2.997057714070162,,3,0.28000,1.0,1,primary_count_le1,1.080000,1,1.02,0.996605054696341,0.998868351565447,0.0022632969
20240910,20240911,SZSE.002622,002622.SZ,皓宸医疗,3,2.99437947944172,,3,0.28000,1.0,1,primary_count_le1,1.080000,1,1.02,0.995096190116937,0.9915126367408525,0.0035835534
20240911,20240912,SHSE.600719,600719.SH,大连热电,1,3.007216471918583,,3,0.28000,1.0,1,primary_count_le1,1.080000,1,1.02,1.0088654353562005,1.0006206181681114,0.0082448172
20240911,20240912,SHSE.603819,603819.SH,神力股份,2,2.996569920844327,,3,0.28000,1.0,1,primary_count_le1,1.080000,1,1.02,0.9962306822465133,0.9979268752355823,0.0016961930
20240911,20240912,SHSE.600322,600322.SH,津投城开,3,2.993856012061817,,3,0.28000,1.0,1,primary_count_le1,1.080000,1,1.02,0.9950998869204674,0.9888805126272144,0.0062193743
20240912,20240913,SHSE.600719,600719.SH,大连热电,1,3.006575612514135,,3,0.28000,1.0,1,primary_count_le1,1.080000,1,1.02,1.0081115718055031,1.0004317753486618,0.0076797965
20240912,20240913,SHSE.600322,600322.SH,津投城开,2,2.99442140972484,,3,0.28000,1.0,1,primary_count_le1,1.080000,1,1.02,0.9947229551451188,0.9932152280437241,0.0015077271
20240912,20240913,SHSE.603819,603819.SH,神力股份,3,2.9929136826234455,,3,0.28000,1.0,1,primary_count_le1,1.080000,1,1.02,0.9918959668300038,0.9969845457972107,0.0050885790
20240913,20240918,SHSE.600322,600322.SH,津投城开,1,2.9973996608253253,,3,0.28000,1.0,1,primary_count_le1,1.080000,1,1.02,0.9973619747503297,0.9975504051253062,0.0001884304
20240913,20240918,SHSE.600719,600719.SH,大连热电,2,2.9955153570755604,,3,0.28000,1.0,1,primary_count_le1,1.080000,1,1.02,0.9947239495006595,0.9986809873751649,0.0039570379
20240913,20240918,SHSE.603819,603819.SH,神力股份,3,2.9948746938006408,,3,0.28000,1.0,1,primary_count_le1,1.080000,1,1.02,0.9939702280007537,0.9984925570001885,0.0045223290
20240918,20240919,SHSE.600322,600322.SH,津投城开,1,2.996605694889685,,3,0.28000,1.0,1,primary_count_le1,1.080000,1,1.02,0.997171412408071,0.9943428248161418,0.0028285876
20240918,20240919,SZSE.300175,300175.SZ,朗源股份,2,2.992834244767113,,3,0.28000,1.0,1,primary_count_le1,1.080000,1,1.02,0.9918913822364699,0.9966056948896851,0.0047143127
20240918,20240919,SZSE.300050,300050.SZ,世纪鼎利,3,2.991929096737696,,3,0.28000,1.0,1,primary_count_le1,1.080000,1,1.02,0.9922685272487272,0.9905713746935697,0.0016971526
20240919,20240920,SHSE.603172,603172.SH,万丰股份,1,2.99736197475033,,3,0.28000,1.0,1,primary_count_le1,1.080000,1,1.02,0.9973619747503297,0.9973619747503297,0.0000000000
20240919,20240920,SZSE.300175,300175.SZ,朗源股份,2,2.992688901450914,,3,0.28000,1.0,1,primary_count_le1,1.080000,1,1.02,0.9918974938760128,0.9958545317505182,0.0039570379
20240919,20240920,SHSE.688416,688416.SH,恒烁股份,3,2.9876578104390425,,3,0.28000,1.0,1,primary_count_le1,1.080000,1,1.02,0.9864330130016958,0.9925570001884304,0.0061239872
20240920,20240923,SHSE.603172,603172.SH,万丰股份,1,3.004067081213492,,3,0.28000,1.0,1,primary_count_le1,1.080000,1,1.02,1.0076747691727908,0.9896363293762954,0.0180384398
20240920,20240923,SZSE.300175,300175.SZ,朗源股份,2,2.989862445826267,,3,0.28000,1.0,1,primary_count_le1,1.080000,1,1.02,0.9888826078763897,0.9937817976257772,0.0048991897
20240920,20240923,SHSE.688410,688410.SH,山外山,3,1.9976257772752968,,3,0.28000,1.0,1,primary_count_le1,1.080000,1,1.02,0.9973619747503297,0.9986809873751649,0.0013190126
20240923,20240924,SHSE.603172,603172.SH,万丰股份,1,3.0072787867370008,,3,0.28000,1.0,1,primary_count_le1,1.080000,1,1.02,1.0090373021853805,1.0002447249434816,0.0087925772
20240923,20240924,SZSE.300175,300175.SZ,朗源股份,2,2.989374529012811,,3,0.28000,1.0,1,primary_count_le1,1.080000,1,1.02,0.9879427279577996,0.9951017332328561,0.0071590053
20240923,20240924,SHSE.603839,603839.SH,安正时尚,3,2.984099472494348,,3,0.28000,1.0,1,primary_count_le1,1.080000,1,1.02,0.9839864355689525,0.9845516201959307,0.0005651846
20240924,20240925,SHSE.603172,603172.SH,万丰股份,1,3.007370653607082,,3,0.28000,1.0,1,primary_count_le1,1.080000,1,1.02,1.0091994725937088,1.0000553776605763,0.0091440949
20240924,20240925,SZSE.002021,002021.SZ,中捷资源,2,2.997626671689584,,3,0.28000,1.0,1,primary_count_le1,1.080000,1,1.02,0.9973629685439819,0.998681484271991,0.0013185157
20240924,20240925,SZSE.301388,301388.SZ,欣灵电气,3,2.9896025616877004,,3,0.28000,1.0,1,primary_count_le1,1.080000,1,1.02,0.9894518741759276,0.99020531173479,0.0007534376
20240925,20240926,SHSE.603172,603172.SH,万丰股份,1,2.997402108433735,,3,0.28000,1.0,1,primary_count_le1,1.080000,1,1.02,0.9971762048192772,0.9983057228915663,0.0011295181
20240925,20240926,SHSE.688115,688115.SH,思林杰,2,2.9967243975903615,,3,0.28000,1.0,1,primary_count_le1,1.080000,1,1.02,0.9969879518072289,0.9956701807228916,0.0013177711
20240925,20240926,SHSE.603488,603488.SH,展鹏科技,3,2.9912274096385545,,3,0.28000,1.0,1,primary_count_le1,1.080000,1,1.02,0.9909638554216867,0.9922816265060241,0.0013177711
20240926,20240927,SHSE.688573,688573.SH,信宇人,1,2.993035949557689,,3,0.28000,1.0,1,primary_count_le1,1.080000,1,1.02,0.992283079239601,0.9960474308300395,0.0037643516
20240926,20240927,SZSE.300137,300137.SZ,先河环保,2,2.992621870882741,,3,0.28000,1.0,1,primary_count_le1,1.080000,1,1.02,0.9919066440805572,0.9954827780914738,0.0035761340
20240926,20240927,SZSE.300175,300175.SZ,朗源股份,3,1.993826463391681,,3,0.28000,1.0,1,primary_count_le1,1.080000,1,1.02,0.9932241671372106,0.9962356484095615,0.0030114813
20240927,20240930,SHSE.688021,688021.SH,奥福科技,1,2.993035949557689,,3,0.28000,1.0,1,primary_count_le1,1.080000,1,1.02,0.9920948616600791,0.9968003011481272,0.0047054395
20240927,20240930,SHSE.688573,688573.SH,信宇人,2,2.991718426501035,,3,0.28000,1.0,1,primary_count_le1,1.080000,1,1.02,0.9905891210239036,0.9962356484095615,0.0056465274
20240927,20240930,SZSE.002442,002442.SZ,龙星科技,3,1.991906644080557,,3,0.28000,1.0,1,primary_count_le1,1.080000,1,1.02,0.9909655561829475,0.9956709956709957,0.0047054395
20240930,20241008,SHSE.688565,688565.SH,力源科技,1,2.992617702448211,,3,0.28000,1.0,1,primary_count_le1,1.080000,1,1.02,0.9919020715630885,0.9954802259887006,0.0035781544
20240930,20241008,SHSE.688021,688021.SH,奥福科技,2,2.990998116760829,,3,0.28000,1.0,1,primary_count_le1,1.080000,1,1.02,0.9903954802259887,0.9934086629001884,0.0030131827
20241008,20241009,SHSE.688217,688217.SH,睿昂基因,1,2.985375047116472,,3,0.28000,1.0,1,primary_count_le1,1.080000,1,1.02,0.9841688654353562,0.9901997738409348,0.0060309084
20241008,20241009,SHSE.688466,688466.SH,金科环境,2,2.9843573313230305,,3,0.28000,1.0,1,primary_count_le1,1.080000,1,1.02,0.9826611383339615,0.9911421032793064,0.0084809649
20241008,20241009,SZSE.002394,002394.SZ,联发股份,3,1.9862419901997739,,3,0.28000,1.0,1,primary_count_le1,1.080000,1,1.02,0.9860535243120995,0.9869958537504712,0.0009423294
20241009,20241010,SZSE.002377,002377.SZ,国创高新,1,3.0073664907651714,,3,0.28000,1.0,1,primary_count_le1,1.080000,1,1.02,1.0090539012438748,1.000616848850358,0.0084370524
20241009,20241010,SHSE.688619,688619.SH,罗普特,2,2.9961929890689785,,3,0.28000,1.0,1,primary_count_le1,1.080000,1,1.02,0.996607614021862,0.9945344892574444,0.0020731248
20241010,20241011,SZSE.002094,002094.SZ,青岛金王,1,2.9909176559261352,,3,0.28000,1.0,1,primary_count_le1,1.080000,1,1.02,0.994912379875636,0.9749387601281326,0.0199736197
20241010,20241011,SZSE.002628,002628.SZ,成都路桥,2,2.9906915394761633,,3,0.28000,1.0,1,primary_count_le1,1.080000,1,1.02,0.9954776710005653,0.9715470133785566,0.0239306576
20241010,20241011,SZSE.002247,002247.SZ,聚力文化,3,2.9895986433013,,3,0.28000,1.0,1,primary_count_le1,1.080000,1,1.02,0.9941586583757301,0.9713585830035801,0.0228000754
20241011,20241014,SZSE.002718,002718.SZ,友邦吊顶,1,3.007371477015825,,3,0.28000,1.0,1,primary_count_le1,1.080000,1,1.02,1.0094329314242652,0.9991256593820648,0.0103072720
20241011,20241014,SZSE.002247,002247.SZ,聚力文化,2,2.99197437829691,,3,0.28000,1.0,1,primary_count_le1,1.080000,1,1.02,0.9958553127354935,0.9764506405425772,0.0194046722
20241011,20241014,SHSE.688565,688565.SH,力源科技,3,2.987490580256217,,3,0.28000,1.0,1,primary_count_le1,1.080000,1,1.02,0.9862471740768651,0.9924642049736248,0.0062170309
20241014,20241015,SHSE.688565,688565.SH,力源科技,1,2.9938029760783573,,3,0.28000,1.0,1,primary_count_le1,1.080000,1,1.02,0.9930307025805236,0.9968920700696929,0.0038613675
20241014,20241015,SZSE.301178,301178.SZ,天亿马,2,2.990619702392164,,3,0.28000,1.0,1,primary_count_le1,1.000000,1,1.02,0.9973629685439819,0.9636466377848936,0.0337163308
20241014,20241015,SHSE.688701,688701.SH,卓锦股份,3,2.989866264833302,,3,0.28000,1.0,1,primary_count_le1,1.080000,1,1.02,0.9886984366170654,0.9945375776982482,0.0058391411
20241015,20241016,SZSE.300030,300030.SZ,阳普医疗,1,3.0019713747645955,,3,0.28000,1.0,1,primary_count_le1,1.000000,1,1.02,1.0086318267419963,0.9753295668549906,0.0333022599
20241015,20241016,SHSE.688701,688701.SH,卓锦股份,2,2.993596986817326,,3,0.28000,1.0,1,primary_count_le1,1.080000,1,1.02,0.9926553672316384,0.9973634651600753,0.0047080979
20241015,20241016,SHSE.688565,688565.SH,力源科技,3,2.9926553672316385,,3,0.28000,1.0,1,primary_count_le1,1.080000,1,1.02,0.9934086629001884,0.9896421845574388,0.0037664783
20241016,20241017,SZSE.000608,000608.SZ,阳光股份,1,2.9915302089215134,,3,0.28000,1.0,1,primary_count_le1,1.080000,1,1.02,0.9952945605119519,0.9764728025597591,0.0188217580
20241016,20241017,SHSE.688565,688565.SH,力源科技,2,2.9914172783738002,,3,0.28000,1.0,1,primary_count_le1,1.080000,1,1.02,0.9919066440805572,0.9894598155467721,0.0024468285
20241016,20241017,SHSE.688701,688701.SH,卓锦股份,3,2.9900621118012425,,3,0.28000,1.0,1,primary_count_le1,1.080000,1,1.02,0.989648033126294,0.9917184265010351,0.0020703934
20241017,20241018,SHSE.688565,688565.SH,力源科技,1,2.996689240030098,,3,0.28000,1.0,1,primary_count_le1,1.080000,1,1.02,0.996425884123401,0.9977426636568849,0.0013167795
20241017,20241018,SHSE.688701,688701.SH,卓锦股份,2,2.9936418359668924,,3,0.28000,1.0,1,primary_count_le1,1.080000,1,1.02,0.9928517682468021,0.9968021068472536,0.0039503386
20241017,20241018,SHSE.688021,688021.SH,奥福科技,3,2.993416102332581,,3,0.28000,1.0,1,primary_count_le1,1.080000,1,1.02,0.9926636568848759,0.996425884123401,0.0037622272
20241018,20241021,SHSE.688021,688021.SH,奥福科技,1,2.996161806208843,,3,0.28000,1.0,1,primary_count_le1,1.080000,1,1.02,0.9954844778927564,0.9988711194731891,0.0033866416
20241018,20241021,SHSE.688701,688701.SH,卓锦股份,2,2.9958231420507997,,3,0.28000,1.0,1,primary_count_le1,1.080000,1,1.02,0.9951081843838194,0.9986829727187206,0.0035747883
20241018,20241021,SHSE.603001,603001.SH,奥康国际,3,2.99277516462841,,3,0.28000,1.0,1,primary_count_le1,1.080000,1,1.02,0.9915333960489181,0.9977422389463781,0.0062088429
20241021,20241022,SHSE.688701,688701.SH,卓锦股份,1,2.995860771401693,,3,0.28000,1.0,1,primary_count_le1,1.080000,1,1.02,0.9952963311382879,0.9981185324553151,0.0028222013
20241021,20241022,SHSE.688021,688021.SH,奥福科技,2,2.995672624647225,,3,0.28000,1.0,1,primary_count_le1,1.080000,1,1.02,0.9951081843838194,0.9979303857008467,0.0028222013
20241021,20241022,SZSE.002909,002909.SZ,集泰股份,3,2.9932267168391347,,3,0.28000,1.0,1,primary_count_le1,1.080000,1,1.02,0.9924741298212606,0.9962370649106302,0.0037629351
20241022,20241023,SZSE.000608,000608.SZ,阳光股份,1,2.995747083176515,,3,0.28000,1.0,1,primary_count_le1,1.080000,1,1.02,0.99529544599172,0.9975536319156943,0.0022581859
20241022,20241023,SHSE.688701,688701.SH,卓锦股份,2,2.994806172374859,,3,0.28000,1.0,1,primary_count_le1,1.080000,1,1.02,0.9941663530297328,0.9973654497553632,0.0031990967
20241022,20241023,SHSE.688021,688021.SH,奥福科技,3,1.9938276251411367,,3,0.28000,1.0,1,primary_count_le1,1.080000,1,1.02,0.9930372600677456,0.9969890854347008,0.0039518254
20241023,20241024,SHSE.688701,688701.SH,卓锦股份,1,2.995330446243645,,3,0.28000,1.0,1,primary_count_le1,1.080000,1,1.02,0.9947279231783092,0.9977405385049897,0.0030126153
20241023,20241024,SZSE.000608,000608.SZ,阳光股份,2,2.9946337789493507,,3,0.28000,1.0,1,primary_count_le1,1.080000,1,1.02,0.9952927885520617,0.991997740538505,0.0032950480
20241023,20241024,SZSE.300165,300165.SZ,天瑞仪器,3,2.9943136885708905,,3,0.28000,1.0,1,primary_count_le1,1.080000,1,1.02,0.9945396347203916,0.9934099039728864,0.0011297307
20241024,20241025,SHSE.688701,688701.SH,卓锦股份,1,2.9953322040278563,,3,0.28000,1.0,1,primary_count_le1,1.080000,1,1.02,0.9945416901938641,0.9984942593638246,0.0039525692
20241024,20241025,SHSE.688021,688021.SH,奥福科技,2,2.994692264257482,,3,0.28000,1.0,1,primary_count_le1,1.080000,1,1.02,0.9937888198757764,0.9983060417843026,0.0045172219
20241024,20241025,SZSE.300165,300165.SZ,天瑞仪器,3,2.9942781855825333,,3,0.28000,1.0,1,primary_count_le1,1.080000,1,1.02,0.9941652550348202,0.994729907773386,0.0005646527
20241025,20241028,SZSE.002775,002775.SZ,文科股份,1,2.993939393939394,,3,0.28000,1.0,1,primary_count_le1,1.080000,1,1.02,0.9941652550348202,0.9930359495576887,0.0011293055
20241028,20241029,SZSE.300839,300839.SZ,博汇股份,1,2.9907721280602635,,3,0.28000,1.0,1,primary_count_le1,1.080000,1,1.02,0.991713747645951,0.9870056497175141,0.0047080979
20241028,20241029,SZSE.002775,002775.SZ,文科股份,2,2.9895291902071564,,3,0.28000,1.0,1,primary_count_le1,1.080000,1,1.02,0.9887005649717514,0.9928436911487759,0.0041431262
20241028,20241029,SHSE.600319,600319.SH,亚星化学,3,2.986403013182674,,3,0.28000,1.0,1,primary_count_le1,1.080000,1,1.02,0.9849340866290018,0.9922787193973635,0.0073446328
20241029,20241030,SZSE.002633,002633.SZ,申科股份,1,3.006875338855422,,3,0.28000,1.0,1,primary_count_le1,1.080000,1,1.02,1.0084864457831324,1.0004309111445784,0.0080555346
20241029,20241030,SHSE.605069,605069.SH,正和生态,2,2.996987951807229,,3,0.28000,1.0,1,primary_count_le1,1.080000,1,1.02,0.9966114457831325,0.9984939759036144,0.0018825301
20241029,20241030,SHSE.688701,688701.SH,卓锦股份,3,2.9881024096385542,,3,0.28000,1.0,1,primary_count_le1,1.080000,1,1.02,0.9860692771084337,0.9962349397590361,0.0101656627
20241030,20241031,SHSE.688701,688701.SH,卓锦股份,1,2.9880225988700566,,3,0.28000,1.0,1,primary_count_le1,1.080000,1,1.02,0.9854990583804143,0.9981167608286252,0.0126177024
20241030,20241031,SHSE.600319,600319.SH,亚星化学,2,2.9872693032015065,,3,0.28000,1.0,1,primary_count_le1,1.080000,1,1.02,0.9858757062146892,0.9928436911487759,0.0069679849
20241030,20241031,SHSE.688021,688021.SH,奥福科技,3,2.9851977401129943,,3,0.28000,1.0,1,primary_count_le1,1.080000,1,1.02,0.9824858757062147,0.996045197740113,0.0135593220
20241031,20241101,SHSE.688193,688193.SH,仁度生物,1,2.98648852088822,,3,0.28000,1.0,1,primary_count_le1,1.000000,1,1.02,0.99529544599172,0.951260820474219,0.0440346255
20241031,20241101,SHSE.600358,600358.SH,国旅联合,2,2.9862250658637564,,3,0.28000,1.0,1,primary_count_le1,1.080000,1,1.02,0.9856981558148288,0.9883327060594655,0.0026345502
20241031,20241101,SHSE.600319,600319.SH,亚星化学,3,2.9859992472713586,,3,0.28000,1.0,1,primary_count_le1,1.080000,1,1.02,0.9836281520511856,0.9954836281520512,0.0118554761
20241101,20241104,SHSE.688701,688701.SH,卓锦股份,1,2.978953313253012,,3,0.28000,1.0,1,primary_count_le1,1.080000,1,1.02,0.9781626506024096,0.9821159638554217,0.0039533133
20241101,20241104,SZSE.002012,002012.SZ,凯恩股份,2,1.9789909638554217,,3,0.28000,1.0,1,primary_count_le1,1.080000,1,1.02,0.9777861445783133,0.9838102409638554,0.0060240964
20241104,20241105,SHSE.600319,600319.SH,亚星化学,1,2.9861471861471864,,3,0.28000,1.0,1,primary_count_le1,1.080000,1,1.02,0.9849425936382458,0.9909655561829475,0.0060229625
20241104,20241105,SZSE.300591,300591.SZ,万里马,2,2.9821946169772255,,3,0.28000,1.0,1,primary_count_le1,1.080000,1,1.02,0.9838132881611142,0.9757199322416714,0.0080933559
20241104,20241105,SHSE.688701,688701.SH,卓锦股份,3,1.976661020139281,,3,0.28000,1.0,1,primary_count_le1,1.080000,1,1.02,0.9753434970826275,0.9819311123658949,0.0065876153
20241105,20241106,SHSE.600358,600358.SH,国旅联合,1,2.9924379232505642,,3,0.28000,1.0,1,primary_count_le1,1.080000,1,1.02,0.9920993227990971,0.9937923250564334,0.0016930023
20241105,20241106,SHSE.600319,600319.SH,亚星化学,2,2.9915349887133185,,3,0.28000,1.0,1,primary_count_le1,1.080000,1,1.02,0.9911587659894657,0.9930398796087284,0.0018811136
20241105,20241106,SZSE.002909,002909.SZ,集泰股份,3,2.990895410082769,,3,0.28000,1.0,1,primary_count_le1,1.080000,1,1.02,0.989841986455982,0.9951091045899172,0.0052671181
20241106,20241107,SHSE.600319,600319.SH,亚星化学,1,2.992213654316344,,3,0.28000,1.0,1,primary_count_le1,1.080000,1,1.02,0.9913485047959376,0.9956742523979688,0.0043257476
20241106,20241107,SHSE.688701,688701.SH,卓锦股份,2,2.990897122437465,,3,0.28000,1.0,1,primary_count_le1,1.080000,1,1.02,0.9898438969343615,0.9951100244498777,0.0052661275
20241107,20241108,SHSE.600319,600319.SH,亚星化学,1,2.995486176415272,,3,0.28000,1.0,1,primary_count_le1,1.080000,1,1.02,0.9949219484671807,0.9977430882076359,0.0028211397
20241107,20241108,SHSE.600128,600128.SH,苏豪弘业,2,2.9926838442730865,,3,0.28000,1.0,1,primary_count_le1,1.080000,1,1.02,0.9917246567613316,0.9965205943201053,0.0047959376
20241107,20241108,SZSE.002798,002798.SZ,帝欧水华,3,2.992589806281738,,3,0.28000,1.0,1,primary_count_le1,1.080000,1,1.02,0.9919127327440286,0.9952981004325747,0.0033853677
20241108,20241111,SHSE.600319,600319.SH,亚星化学,1,2.993946230494454,,3,0.28000,1.0,1,primary_count_le1,1.080000,1,1.02,0.9934198157548412,0.9960518894529047,0.0026320737
20241108,20241111,SZSE.002494,002494.SZ,华斯股份,2,2.9909381462680953,,3,0.28000,1.0,1,primary_count_le1,1.080000,1,1.02,0.9898477157360406,0.9952998683963151,0.0054521527
20241108,20241111,SZSE.002798,002798.SZ,帝欧水华,3,1.9898853167888702,,3,0.28000,1.0,1,primary_count_le1,1.080000,1,1.02,0.9892836999435984,0.9922917841699568,0.0030080842
20241111,20241112,SHSE.600319,600319.SH,亚星化学,1,2.9926246472248357,,3,0.28000,1.0,1,primary_count_le1,1.080000,1,1.02,0.9917215428033866,0.9962370649106302,0.0045155221
20241111,20241112,SZSE.002494,002494.SZ,华斯股份,2,2.988447789275635,,3,0.28000,1.0,1,primary_count_le1,1.080000,1,1.02,0.9872060206961429,0.993414863593603,0.0062088429
20241111,20241112,SHSE.600128,600128.SH,苏豪弘业,3,1.9872624647224837,,3,0.28000,1.0,1,primary_count_le1,1.080000,1,1.02,0.9860771401693321,0.9920037629350894,0.0059266228
20241112,20241113,SHSE.600319,600319.SH,亚星化学,1,2.9928893905191876,,3,0.28000,1.0,1,primary_count_le1,1.080000,1,1.02,0.9920993227990971,0.9960496613995485,0.0039503386
20241112,20241113,SHSE.600561,600561.SH,江西长运,2,2.9901805869074494,,3,0.28000,1.0,1,primary_count_le1,1.080000,1,1.02,0.9902182091798345,0.9900300978179082,0.0001881114
20241112,20241113,SHSE.603226,603226.SH,菲林格尔,3,2.987471783295711,,3,0.28000,1.0,1,primary_count_le1,1.080000,1,1.02,0.9860797592174567,0.9930398796087284,0.0069601204
20241113,20241114,SHSE.600319,600319.SH,亚星化学,1,2.9930398796087285,,3,0.28000,1.0,1,primary_count_le1,1.080000,1,1.02,0.9919112114371708,0.9975545522949586,0.0056433409
20241113,20241114,SHSE.600561,600561.SH,江西长运,2,2.9903686982693753,,3,0.28000,1.0,1,primary_count_le1,1.080000,1,1.02,0.9887133182844243,0.9969902182091799,0.0082768999
20241113,20241114,SZSE.300665,300665.SZ,飞鹿股份,3,2.9897291196388265,,3,0.28000,1.0,1,primary_count_le1,1.080000,1,1.02,0.9900300978179082,0.9885252069224981,0.0015048909
20241114,20241115,SHSE.600319,600319.SH,亚星化学,1,2.9919127327440287,,3,0.28000,1.0,1,primary_count_le1,1.080000,1,1.02,0.9922888847094226,0.9904081248824526,0.0018807598
20241114,20241115,SZSE.002494,002494.SZ,华斯股份,2,2.9866089900319728,,3,0.28000,1.0,1,primary_count_le1,1.080000,1,1.02,0.9860823772804213,0.9887154410381794,0.0026330638
20241114,20241115,SHSE.600128,600128.SH,苏豪弘业,3,2.986496144442355,,3,0.28000,1.0,1,primary_count_le1,1.080000,1,1.02,0.9857062253150273,0.9896558209516645,0.0039495956
20241115,20241118,SHSE.600319,600319.SH,亚星化学,1,2.991878172588833,,3,0.28000,1.0,1,primary_count_le1,1.080000,1,1.02,0.9921037789058094,0.990975747320925,0.0011280316
20241115,20241118,SHSE.688701,688701.SH,卓锦股份,2,2.990825343109607,,3,0.28000,1.0,1,primary_count_le1,1.080000,1,1.02,0.9902237262643354,0.9932318104906938,0.0030080842
20241115,20241118,SZSE.002494,002494.SZ,华斯股份,3,2.9889076894153037,,3,0.28000,1.0,1,primary_count_le1,1.080000,1,1.02,0.9872156420379771,0.9956758789246098,0.0084602369
20241118,20241119,SZSE.002513,002513.SZ,蓝丰生化,1,2.99477050413845,,3,0.28000,1.0,1,primary_count_le1,1.080000,1,1.02,0.994168547780286,0.9971783295711061,0.0030097818
20241118,20241119,SHSE.600539,600539.SH,狮头股份,2,2.990293453724605,,3,0.28000,1.0,1,primary_count_le1,1.080000,1,1.02,0.989089541008277,0.9951091045899172,0.0060195636
20241118,20241119,SHSE.600319,600319.SH,亚星化学,3,2.9890519187358917,,3,0.28000,1.0,1,primary_count_le1,1.080000,1,1.02,0.9885252069224981,0.9911587659894657,0.0026335591
20241119,20241120,SZSE.002513,002513.SZ,蓝丰生化,1,2.9962774957698817,,3,0.28000,1.0,1,primary_count_le1,1.080000,1,1.02,0.9962398947170521,0.9964278999811995,0.0001880053
20241119,20241120,SHSE.600319,600319.SH,亚星化学,2,2.9925549915397633,,3,0.28000,1.0,1,primary_count_le1,1.080000,1,1.02,0.9915397631133672,0.9966159052453468,0.0050761421
20241119,20241120,SHSE.600539,600539.SH,狮头股份,3,2.9912389546907314,,3,0.28000,1.0,1,primary_count_le1,1.080000,1,1.02,0.9902237262643354,0.9952998683963151,0.0050761421
20241120,20241121,SHSE.600319,600319.SH,亚星化学,1,2.9936865839909808,,3,0.28000,1.0,1,primary_count_le1,1.080000,1,1.02,0.9936114242765878,0.9939872228485531,0.0003757986
20241120,20241121,SHSE.600539,600539.SH,狮头股份,2,2.9935738444193913,,3,0.28000,1.0,1,primary_count_le1,1.080000,1,1.02,0.9926719278466741,0.9971815107102593,0.0045095829
20241120,20241121,SZSE.002397,002397.SZ,梦洁股份,3,2.98793686583991,,3,0.28000,1.0,1,primary_count_le1,1.080000,1,1.02,0.9868470499812101,0.9922961292747088,0.0054490793
20241121,20241122,SHSE.600319,600319.SH,亚星化学,1,2.9928598271326567,,3,0.28000,1.0,1,primary_count_le1,1.080000,1,1.02,0.992108229988726,0.9958662157083803,0.0037579857
20241121,20241122,SHSE.600539,600539.SH,狮头股份,2,2.9928222472754604,,3,0.28000,1.0,1,primary_count_le1,1.080000,1,1.02,0.9917324314167606,0.9971815107102593,0.0054490793
20241121,20241122,SHSE.600448,600448.SH,华纺股份,3,2.99086809470124,,3,0.28000,1.0,1,primary_count_le1,1.080000,1,1.02,0.9894776399849681,0.9964299135663285,0.0069522736
20241122,20241125,SZSE.000692,000692.SZ,惠天热电,1,2.9925619834710746,,3,0.28000,1.0,1,primary_count_le1,1.080000,1,1.02,0.994740796393689,0.9838467317806161,0.0108940646
20241122,20241125,SHSE.600319,600319.SH,亚星化学,2,2.9924868519909844,,3,0.28000,1.0,1,primary_count_le1,1.080000,1,1.02,0.991923365890308,0.994740796393689,0.0028174305
20241122,20241125,SZSE.002513,002513.SZ,蓝丰生化,3,2.989969947407964,,3,0.28000,1.0,1,primary_count_le1,1.080000,1,1.02,0.9907963936889557,0.986664162283997,0.0041322314
20241125,20241126,SHSE.600319,600319.SH,亚星化学,1,2.9916212662032686,,3,0.28000,1.0,1,primary_count_le1,1.080000,1,1.02,0.9906068006763104,0.9956791283111027,0.0050723276
20241125,20241126,SHSE.600539,600539.SH,狮头股份,2,2.989554762352057,,3,0.28000,1.0,1,primary_count_le1,1.080000,1,1.02,0.990043208716889,0.9876009768927296,0.0024422318
20241125,20241126,SZSE.002513,002513.SZ,蓝丰生化,3,2.989122675183167,,3,0.28000,1.0,1,primary_count_le1,1.080000,1,1.02,0.9885402968250986,0.9914521886154424,0.0029118918
20241126,20241127,SHSE.603880,603880.SH,南卫股份,1,2.9929000751314803,,3,0.28000,1.0,1,primary_count_le1,1.080000,1,1.02,0.991923365890308,0.9968069120961683,0.0048835462
20241126,20241127,SHSE.600319,600319.SH,亚星化学,2,2.9913974455296772,,3,0.28000,1.0,1,primary_count_le1,1.080000,1,1.02,0.9906085649887303,0.9945529676934636,0.0039444027
20241126,20241127,SHSE.600539,600539.SH,狮头股份,3,2.9898196844477836,,3,0.28000,1.0,1,primary_count_le1,1.080000,1,1.02,0.9902329075882795,0.9881667918858001,0.0020661157
20241127,20241128,SZSE.001209,001209.SZ,洪兴股份,1,3.00500319368777,,3,0.28000,1.0,1,primary_count_le1,1.080000,1,1.02,1.0081326319744506,0.9924854405410483,0.0156471914
20241127,20241128,SHSE.603880,603880.SH,南卫股份,2,2.9946646627841442,,3,0.28000,1.0,1,primary_count_le1,1.080000,1,1.02,0.9939883524328387,0.9973699041893669,0.0033815518
20241127,20241128,SHSE.600319,600319.SH,亚星化学,3,2.993462333270712,,3,0.28000,1.0,1,primary_count_le1,1.080000,1,1.02,0.9926733045275221,0.9966184482434717,0.0039451437
20241128,20241129,SHSE.603880,603880.SH,南卫股份,1,2.9956399173087767,,3,0.28000,1.0,1,primary_count_le1,1.080000,1,1.02,0.9951137004322496,0.9977447848148844,0.0026310844
20241128,20241129,SHSE.600539,600539.SH,狮头股份,2,2.9943619620372113,,3,0.28000,1.0,1,primary_count_le1,1.080000,1,1.02,0.9937981582409322,0.9966171772223267,0.0028190190
20241128,20241129,SHSE.603226,603226.SH,菲林格尔,3,2.993910919000188,,3,0.28000,1.0,1,primary_count_le1,1.080000,1,1.02,0.9941740274384514,0.992858485247134,0.0013155422
20241129,20241202,SHSE.603880,603880.SH,南卫股份,1,2.9960578186596583,,3,0.28000,1.0,1,primary_count_le1,1.080000,1,1.02,0.9958700957386897,0.9968087103435329,0.0009386146
20241129,20241202,SHSE.600539,600539.SH,狮头股份,2,2.99478603341468,,3,0.28000,1.0,1,primary_count_le1,1.080000,1,1.02,0.9934296977660972,1.0002113760090106,0.0067816782
20241129,20241202,SZSE.002494,002494.SZ,华斯股份,3,2.994480946123522,,3,0.28000,1.0,1,primary_count_le1,1.080000,1,1.02,0.9936174206870659,0.9979350478693448,0.0043176272
20241202,20241203,SHSE.603880,603880.SH,南卫股份,1,2.995643192488263,,3,0.28000,1.0,1,primary_count_le1,1.080000,1,1.02,0.9951173708920188,0.9977464788732394,0.0026291080
20241202,20241203,SHSE.600358,600358.SH,国旅联合,2,2.9950046948356808,,3,0.28000,1.0,1,primary_count_le1,1.080000,1,1.02,0.9947417840375586,0.9960563380281691,0.0013145540
20241202,20241203,SHSE.600539,600539.SH,狮头股份,3,2.991211267605634,,3,0.28000,1.0,1,primary_count_le1,1.080000,1,1.02,0.9900469483568075,0.995868544600939,0.0058215962
20241203,20241204,SHSE.600358,600358.SH,国旅联合,1,2.995943661971831,,3,0.28000,1.0,1,primary_count_le1,1.080000,1,1.02,0.9953051643192489,0.9984976525821596,0.0031924883
20241203,20241204,SHSE.603880,603880.SH,南卫股份,2,2.995680751173709,,3,0.28000,1.0,1,primary_count_le1,1.080000,1,1.02,0.9954929577464788,0.9964319248826291,0.0009389671
20241203,20241204,SHSE.600448,600448.SH,华纺股份,3,2.994666666666667,,3,0.28000,1.0,1,primary_count_le1,1.080000,1,1.02,0.9945539906103287,0.9951173708920188,0.0005633803
20241204,20241205,SHSE.688178,688178.SH,万德斯,1,2.995680751173709,,3,0.28000,1.0,1,primary_count_le1,1.080000,1,1.02,0.9953051643192489,0.9971830985915493,0.0018779343
20241204,20241205,SHSE.688309,688309.SH,恒誉环保,2,2.9944413145539905,,3,0.28000,1.0,1,primary_count_le1,1.080000,1,1.02,0.9939906103286384,0.996244131455399,0.0022535211
20241204,20241205,SHSE.688021,688021.SH,奥福科技,3,2.9938403755868546,,3,0.28000,1.0,1,primary_count_le1,1.080000,1,1.02,0.9951173708920188,0.9887323943661972,0.0063849765
20241205,20241206,SHSE.688701,688701.SH,卓锦股份,1,2.99630324638769,,3,0.28000,1.0,1,primary_count_le1,1.080000,1,1.02,0.9968099080502909,0.9942765997372865,0.0025333083
20241205,20241206,SHSE.688565,688565.SH,力源科技,2,2.9962844811409273,,3,0.28000,1.0,1,primary_count_le1,1.080000,1,1.02,0.9958716457121412,0.9979358228560705,0.0020641771
20241205,20241206,SHSE.688021,688021.SH,奥福科技,3,2.9959467066991934,,3,0.28000,1.0,1,primary_count_le1,1.080000,1,1.02,0.9954963407768812,0.9977481703884407,0.0022518296
20241206,20241209,SHSE.688565,688565.SH,力源科技,1,3.000114135535949,,3,0.28000,1.0,1,primary_count_le1,1.000000,1,1.02,1.007557724798198,0.9703397784869533,0.0372179463
20241206,20241209,SHSE.688701,688701.SH,卓锦股份,2,2.997221700769664,,3,0.28000,1.0,1,primary_count_le1,1.080000,1,1.02,0.9973718791064389,0.9966209874225643,0.0007508917
20241206,20241209,SHSE.688021,688021.SH,奥福科技,3,2.99526938239159,,3,0.28000,1.0,1,primary_count_le1,1.080000,1,1.02,0.9960578186596584,0.9921156373193167,0.0039421813
20241209,20241210,SHSE.688565,688565.SH,力源科技,1,2.9972206572769955,,3,0.28000,1.0,1,primary_count_le1,1.080000,1,1.02,0.9969953051643192,0.9981220657276996,0.0011267606
20241209,20241210,SHSE.688701,688701.SH,卓锦股份,2,2.996206572769953,,3,0.28000,1.0,1,primary_count_le1,1.080000,1,1.02,0.9956807511737089,0.9983098591549295,0.0026291080
20241209,20241210,SHSE.688021,688021.SH,奥福科技,3,2.9947042253521126,,3,0.28000,1.0,1,primary_count_le1,1.080000,1,1.02,0.9941784037558685,0.9968075117370891,0.0026291080
20241210,20241211,SHSE.688565,688565.SH,力源科技,1,3.006115427927928,,3,0.28000,1.0,1,primary_count_le1,1.080000,1,1.02,1.007546921921922,1.0003894519519518,0.0071574700
20241210,20241211,SHSE.688701,688701.SH,卓锦股份,2,3.005307807807808,,3,0.28000,1.0,1,primary_count_le1,1.080000,1,1.02,1.0074324324324324,0.9968093093093093,0.0106231231
20241210,20241211,SHSE.688021,688021.SH,奥福科技,3,2.9964714714714713,,3,0.28000,1.0,1,primary_count_le1,1.080000,1,1.02,0.9958708708708709,0.9988738738738738,0.0030030030
20241211,20241212,SHSE.688701,688701.SH,卓锦股份,1,3.0052963032463875,,3,0.28000,1.0,1,primary_count_le1,1.080000,1,1.02,1.0079339463313943,0.9947457309063614,0.0131882154
20241211,20241212,SHSE.688565,688565.SH,力源科技,2,3.0043910677425405,,3,0.28000,1.0,1,primary_count_le1,1.080000,1,1.02,1.0074591855882904,0.9921185963595421,0.0153405892
20241211,20241212,SHSE.688021,688021.SH,奥福科技,3,2.995796584725089,,3,0.28000,1.0,1,primary_count_le1,1.080000,1,1.02,0.9954963407768812,0.9969975605179208,0.0015012197
20241212,20241213,SHSE.688701,688701.SH,卓锦股份,1,3.005545966228893,,3,0.28000,1.0,1,primary_count_le1,1.080000,1,1.02,1.0079643527204503,0.9958724202626642,0.0120919325
20241212,20241213,SHSE.688021,688021.SH,奥福科技,2,2.996510318949343,,3,0.28000,1.0,1,primary_count_le1,1.080000,1,1.02,0.9971857410881801,0.9938086303939963,0.0033771107
20241212,20241213,SHSE.688565,688565.SH,力源科技,3,2.996510318949343,,3,0.28000,1.0,1,primary_count_le1,1.080000,1,1.02,0.9973733583489681,0.9930581613508442,0.0043151970
20241213,20241216,SHSE.688701,688701.SH,卓锦股份,1,3.007335459662289,,3,0.28000,1.0,1,primary_count_le1,1.080000,1,1.02,1.0090243902439024,1.000579737335835,0.0084446529
20241213,20241216,SHSE.688021,688021.SH,奥福科技,2,3.0069459662288933,,3,0.28000,1.0,1,primary_count_le1,1.080000,1,1.02,1.0086472795497186,1.000140712945591,0.0085065666
20241213,20241216,SHSE.688565,688565.SH,力源科技,3,3.0054003752345215,,3,0.28000,1.0,1,primary_count_le1,1.080000,1,1.02,1.007594746716698,0.9966228893058161,0.0109718574
20241216,20241217,SHSE.688565,688565.SH,力源科技,1,3.0037195350581176,,3,0.28000,1.0,1,primary_count_le1,1.080000,1,1.02,1.007602174728159,0.9881889763779528,0.0194131984
20241216,20241217,SHSE.688701,688701.SH,卓锦股份,2,2.995313085864267,,3,0.28000,1.0,1,primary_count_le1,1.080000,1,1.02,0.9968128983877015,0.9893138357705287,0.0074990626
20241216,20241217,SHSE.688021,688021.SH,奥福科技,3,2.995050618672666,,3,0.28000,1.0,1,primary_count_le1,1.080000,1,1.02,0.9962504686914135,0.9902512185976753,0.0059992501
20241217,20241218,SHSE.688701,688701.SH,卓锦股份,1,2.992759332207841,,3,0.28000,1.0,1,primary_count_le1,1.080000,1,1.02,0.9915588069780529,0.9975614331269931,0.0060026261
20241217,20241218,SHSE.688021,688021.SH,奥福科技,2,2.9914837741511913,,3,0.28000,1.0,1,primary_count_le1,1.080000,1,1.02,0.9908084787094353,0.9941849559182142,0.0033764772
20241217,20241218,SHSE.688309,688309.SH,恒誉环保,3,1.990958544363159,,3,0.28000,1.0,1,primary_count_le1,1.080000,1,1.02,0.9896829863065091,0.996060776589758,0.0063777903
20241218,20241219,SHSE.688565,688565.SH,力源科技,1,2.989049315582224,,3,0.28000,1.0,1,primary_count_le1,1.080000,1,1.02,0.9889368085505345,0.9894993437089818,0.0005625352
20241218,20241219,SHSE.688701,688701.SH,卓锦股份,2,2.9866866679167448,,3,0.28000,1.0,1,primary_count_le1,1.080000,1,1.02,0.9906244140258766,0.9709356834802175,0.0196887305
20241218,20241219,SHSE.688178,688178.SH,万德斯,3,2.986161635102194,,3,0.28000,1.0,1,primary_count_le1,1.080000,1,1.02,0.9868741796362273,0.9833114569660604,0.0035627227
20241219,20241220,SHSE.688701,688701.SH,卓锦股份,1,2.993398349587397,,3,0.28000,1.0,1,primary_count_le1,1.080000,1,1.02,0.9921230307576894,0.9984996249062266,0.0063765941
20241219,20241220,SHSE.688178,688178.SH,万德斯,2,2.992873218304576,,3,0.28000,1.0,1,primary_count_le1,1.080000,1,1.02,0.9913728432108027,0.9988747186796699,0.0075018755
20241219,20241220,SHSE.688021,688021.SH,奥福科技,3,1.9928094523630908,,3,0.28000,1.0,1,primary_count_le1,1.080000,1,1.02,0.9909977494373593,1.0000562640660164,0.0090585146
20241220,20241223,SHSE.688701,688701.SH,卓锦股份,1,2.9907796101949025,,3,0.28000,1.0,1,primary_count_le1,1.080000,1,1.02,0.9919415292353823,0.9861319340329835,0.0058095952
20241220,20241223,SHSE.688565,688565.SH,力源科技,2,2.9907421289355325,,3,0.28000,1.0,1,primary_count_le1,1.080000,1,1.02,0.9908170914542729,0.9904422788605697,0.0003748126
20241220,20241223,SHSE.688178,688178.SH,万德斯,3,1.9872751124437782,,3,0.28000,1.0,1,primary_count_le1,1.080000,1,1.02,0.987256371814093,0.9873500749625187,0.0000937031
20241223,20241224,SHSE.688659,688659.SH,元琛科技,1,2.987476565429321,,3,0.28000,1.0,1,primary_count_le1,1.080000,1,1.02,0.9880014998125234,0.9853768278965129,0.0026246719
20241223,20241224,SHSE.688021,688021.SH,奥福科技,2,2.9868391451068614,,3,0.28000,1.0,1,primary_count_le1,1.080000,1,1.02,0.9861267341582303,0.9896887889013873,0.0035620547
20241223,20241224,SZSE.000668,000668.SZ,荣丰控股,3,1.9866516685414324,,3,0.28000,1.0,1,primary_count_le1,1.080000,1,1.02,0.9878140232470941,0.9820022497187851,0.0058117735
20241224,20241225,SZSE.000668,000668.SZ,荣丰控股,1,2.988713910761155,,3,0.28000,1.0,1,primary_count_le1,1.080000,1,1.02,0.9893138357705287,0.9863142107236595,0.0029996250
20241224,20241225,SHSE.688565,688565.SH,力源科技,2,2.988451443569554,,3,0.28000,1.0,1,primary_count_le1,1.080000,1,1.02,0.9872515935508062,0.9932508436445444,0.0059992501
20241224,20241225,SHSE.688701,688701.SH,卓锦股份,3,2.987626546681665,,3,0.28000,1.0,1,primary_count_le1,1.080000,1,1.02,0.9870641169853769,0.9898762654668166,0.0028121485
20241225,20241226,SZSE.000668,000668.SZ,荣丰控股,1,2.985556180829113,,3,0.28000,1.0,1,primary_count_le1,1.080000,1,1.02,0.9859313449634215,0.9840555242918777,0.0018758207
20241225,20241226,SHSE.688659,688659.SH,元琛科技,2,2.9836053273307073,,3,0.28000,1.0,1,primary_count_le1,1.080000,1,1.02,0.9840555242918777,0.9818045394860251,0.0022509848
20241225,20241226,SHSE.688178,688178.SH,万德斯,3,2.9825173513412118,,3,0.28000,1.0,1,primary_count_le1,1.080000,1,1.02,0.9821797036203339,0.9838679422247233,0.0016882386
20241226,20241227,SZSE.000668,000668.SZ,荣丰控股,1,2.987856071964018,,3,0.28000,1.0,1,primary_count_le1,1.080000,1,1.02,0.9874437781109445,0.9895052473763118,0.0020614693
20241226,20241227,SZSE.300478,300478.SZ,杭州高新,2,2.9859070464767616,,3,0.28000,1.0,1,primary_count_le1,1.080000,1,1.02,0.9889430284857571,0.9737631184407796,0.0151799100
20241226,20241227,SHSE.688565,688565.SH,力源科技,3,2.9841079460269864,,3,0.28000,1.0,1,primary_count_le1,1.080000,1,1.02,0.9855697151424287,0.9782608695652174,0.0073088456
20241227,20241230,SHSE.688701,688701.SH,卓锦股份,1,2.9841019872515937,,3,0.28000,1.0,1,primary_count_le1,1.080000,1,1.02,0.9857517810273716,0.9775028121484814,0.0082489689
20241227,20241230,SHSE.688659,688659.SH,元琛科技,2,2.9838582677165353,,3,0.28000,1.0,1,primary_count_le1,1.080000,1,1.02,0.9855643044619422,0.9770341207349081,0.0085301837
20241227,20241230,SHSE.688021,688021.SH,奥福科技,3,2.983352080989876,,3,0.28000,1.0,1,primary_count_le1,1.080000,1,1.02,0.9833145856767904,0.9835020622422197,0.0001874766
20241230,20241231,SZSE.000668,000668.SZ,荣丰控股,1,2.9868692552991933,,3,0.28000,1.0,1,primary_count_le1,1.080000,1,1.02,0.986681673232039,0.9876195835678109,0.0009379103
20241230,20241231,SHSE.600768,600768.SH,宁波富邦,2,2.980041268054774,,3,0.28000,1.0,1,primary_count_le1,1.080000,1,1.02,0.983680360157569,0.9654848996435941,0.0181954605
20241230,20241231,SZSE.300478,300478.SZ,杭州高新,3,2.979365972613018,,3,0.28000,1.0,1,primary_count_le1,1.080000,1,1.02,0.9834927780904146,0.9628587507034327,0.0206340274
20241231,20250102,SZSE.000668,000668.SZ,荣丰控股,1,2.989538807649044,,3,0.28000,1.0,1,primary_count_le1,1.080000,1,1.02,0.98893888263967,0.9919385076865391,0.0029996250
20241231,20250102,SHSE.688565,688565.SH,力源科技,2,2.9827896512935883,,3,0.28000,1.0,1,primary_count_le1,1.080000,1,1.02,0.9827521559805025,0.9829396325459318,0.0001874766
20241231,20250102,SZSE.300665,300665.SZ,飞鹿股份,3,1.9806149231346084,,3,0.28000,1.0,1,primary_count_le1,1.080000,1,1.02,0.9812523434570679,0.9780652418447694,0.0031871016
20250102,20250103,SZSE.000668,000668.SZ,荣丰控股,1,2.9880367522970186,,3,0.28000,1.0,1,primary_count_le1,1.080000,1,1.02,0.9894993437089818,0.9821863866491656,0.0073129571
20250102,20250103,SHSE.600768,600768.SH,宁波富邦,2,2.9851490718169886,,3,0.28000,1.0,1,primary_count_le1,1.080000,1,1.02,0.9846240390024377,0.9872492030751921,0.0026251641
20250102,20250103,SZSE.300478,300478.SZ,杭州高新,3,2.983873992124508,,3,0.28000,1.0,1,primary_count_le1,1.080000,1,1.02,0.9840615038439903,0.9831239452465779,0.0009375586
20250103,20250106,SZSE.002848,002848.SZ,高斯贝尔,1,2.9946026986506746,,3,0.28000,1.0,1,primary_count_le1,1.080000,1,1.02,0.9940029985007496,0.9970014992503748,0.0029985007
20250103,20250106,SZSE.000668,000668.SZ,荣丰控股,2,2.986656671664168,,3,0.28000,1.0,1,primary_count_le1,1.000000,1,1.02,0.9945652173913043,0.9550224887556222,0.0395427286
20250103,20250106,SZSE.301040,301040.SZ,中环海陆,3,2.9865067466266866,,3,0.28000,1.0,1,primary_count_le1,1.080000,1,1.02,0.9855697151424287,0.9902548725637181,0.0046851574
20250106,20250107,SZSE.002848,002848.SZ,高斯贝尔,1,2.993778110944528,,3,0.28000,1.0,1,primary_count_le1,1.080000,1,1.02,0.993815592203898,0.9936281859070465,0.0001874063
20250106,20250107,SZSE.000691,000691.SZ,亚太实业,2,2.9877811094452773,,3,0.28000,1.0,1,primary_count_le1,1.000000,1,1.02,0.9956896551724138,0.9561469265367316,0.0395427286
20250106,20250107,SZSE.300220,300220.SZ,金运激光,3,2.9863193403298354,,3,0.28000,1.0,1,primary_count_le1,1.080000,1,1.02,0.9855697151424287,0.9893178410794603,0.0037481259
20250107,20250108,SZSE.002848,002848.SZ,高斯贝尔,1,2.992394155114275,,3,0.28000,1.0,1,primary_count_le1,1.080000,1,1.02,0.991944548520045,0.9941925814911952,0.0022480330
20250107,20250108,SZSE.300220,300220.SZ,金运激光,2,2.990783064818284,,3,0.28000,1.0,1,primary_count_le1,1.080000,1,1.02,0.9904458598726115,0.9921318846009741,0.0016860247
20250107,20250108,SZSE.000691,000691.SZ,亚太实业,3,2.9861183964031475,,3,0.28000,1.0,1,primary_count_le1,1.000000,1,1.02,0.9943799175721244,0.9530723117272387,0.0413076058
20250108,20250109,SZSE.002848,002848.SZ,高斯贝尔,1,2.9950543274634693,,3,0.28000,1.0,1,primary_count_le1,1.080000,1,1.02,0.9947545897339828,0.9962532783814163,0.0014986886
20250108,20250109,SZSE.000668,000668.SZ,荣丰控股,2,2.994080179842638,,3,0.28000,1.0,1,primary_count_le1,1.080000,1,1.02,0.994005245410266,0.9943799175721244,0.0003746722
20250108,20250109,SZSE.300665,300665.SZ,飞鹿股份,3,2.9902210565754963,,3,0.28000,1.0,1,primary_count_le1,1.080000,1,1.02,0.9904458598726115,0.9893218433870363,0.0011240165
20250109,20250110,SZSE.000691,000691.SZ,亚太实业,1,3.004396328900543,,3,0.28000,1.0,1,primary_count_le1,1.080000,1,1.02,1.0077430230380222,0.9910095523506275,0.0167334707
20250109,20250110,SZSE.002848,002848.SZ,高斯贝尔,2,2.9938939876381347,,3,0.28000,1.0,1,primary_count_le1,1.080000,1,1.02,0.9936317662483611,0.994942873197228,0.0013111069
20250109,20250110,SZSE.300478,300478.SZ,杭州高新,3,2.9881251170631202,,3,0.28000,1.0,1,primary_count_le1,1.080000,1,1.02,0.9891365424236749,0.9840794156209028,0.0050571268
20250110,20250113,SZSE.002848,002848.SZ,高斯贝尔,1,3.007333670411985,,3,0.28000,1.0,1,primary_count_le1,1.080000,1,1.02,1.009058052434457,1.0004361423220973,0.0086219101
20250110,20250113,SZSE.000691,000691.SZ,亚太实业,2,3.003372284644195,,3,0.28000,1.0,1,primary_count_le1,1.080000,1,1.02,1.0078670411985018,0.9853932584269663,0.0224737828
20250110,20250113,SZSE.000668,000668.SZ,荣丰控股,3,2.9907116104868914,,3,0.28000,1.0,1,primary_count_le1,1.080000,1,1.02,0.9906367041198502,0.9910112359550561,0.0003745318
20250113,20250114,SZSE.002848,002848.SZ,高斯贝尔,1,2.997378277153558,,3,0.28000,1.0,1,primary_count_le1,1.080000,1,1.02,0.9971910112359551,0.99812734082397,0.0009363296
20250113,20250114,SZSE.000691,000691.SZ,亚太实业,2,2.9955805243445695,,3,0.28000,1.0,1,primary_count_le1,1.080000,1,1.02,0.9955056179775281,0.9958801498127341,0.0003745318
20250113,20250114,SZSE.300220,300220.SZ,金运激光,3,2.984550561797753,,3,0.28000,1.0,1,primary_count_le1,1.080000,1,1.02,0.9838951310861423,0.9871722846441947,0.0032771536
20250114,20250115,SZSE.000691,000691.SZ,亚太实业,1,3.005872356354108,,3,0.28000,1.0,1,primary_count_le1,1.080000,1,1.02,1.00771476698484,0.9985027138311809,0.0092120532
20250114,20250115,SZSE.002848,002848.SZ,高斯贝尔,2,2.9965188096574957,,3,0.28000,1.0,1,primary_count_le1,1.080000,1,1.02,0.99606962380685,0.9983155530600786,0.0022459293
20250114,20250115,SHSE.688701,688701.SH,卓锦股份,3,2.992288976230582,,3,0.28000,1.0,1,primary_count_le1,1.080000,1,1.02,0.9928878906981097,0.9898933183604717,0.0029945723
20250115,20250116,SZSE.000691,000691.SZ,亚太实业,1,3.00595846585594,,3,0.28000,1.0,1,primary_count_le1,1.080000,1,1.02,1.0079158091674463,0.9981290926099158,0.0097867166
20250115,20250116,SZSE.000668,000668.SZ,荣丰控股,2,2.9961459307764264,,3,0.28000,1.0,1,primary_count_le1,1.080000,1,1.02,0.9960710944808232,0.99644527595884,0.0003741815
20250115,20250116,SZSE.002848,002848.SZ,高斯贝尔,3,2.9947240411599627,,3,0.28000,1.0,1,primary_count_le1,1.080000,1,1.02,0.9943872778297475,0.9960710944808232,0.0016838167
20250116,20250117,SZSE.000691,000691.SZ,亚太实业,1,3.006019831618335,,3,0.28000,1.0,1,primary_count_le1,1.080000,1,1.02,1.008553788587465,0.9958840037418147,0.0126697848
20250116,20250117,SZSE.002848,002848.SZ,高斯贝尔,2,2.997766585594013,,3,0.28000,1.0,1,primary_count_le1,1.080000,1,1.02,0.9971936389148737,1.0000583723105707,0.0028647334
20250116,20250117,SZSE.000668,000668.SZ,荣丰控股,3,2.9954536950420954,,3,0.28000,1.0,1,primary_count_le1,1.080000,1,1.02,0.9956969130028064,0.9944808231992517,0.0012160898
20250117,20250120,SZSE.000668,000668.SZ,荣丰控股,1,2.9947240411599627,,3,0.28000,1.0,1,primary_count_le1,1.080000,1,1.02,0.9951356407857811,0.9930776426566885,0.0020579981
20250117,20250120,SZSE.002848,002848.SZ,高斯贝尔,2,2.9947240411599627,,3,0.28000,1.0,1,primary_count_le1,1.080000,1,1.02,0.994200187090739,0.9968194574368568,0.0026192703
20250117,20250120,SHSE.688565,688565.SH,力源科技,3,1.9910944808231994,,3,0.28000,1.0,1,primary_count_le1,1.080000,1,1.02,0.9908325537885875,0.9921421889616464,0.0013096352
20250120,20250121,SZSE.000668,000668.SZ,荣丰控股,1,2.9973428143712577,,3,0.28000,1.0,1,primary_count_le1,1.080000,1,1.02,0.9970059880239521,0.9986901197604791,0.0016841317
20250120,20250121,SZSE.002848,002848.SZ,高斯贝尔,2,1.9954715568862276,,3,0.28000,1.0,1,primary_count_le1,1.080000,1,1.02,0.9951347305389222,0.9968188622754491,0.0016841317
20250121,20250122,SZSE.000691,000691.SZ,亚太实业,1,3.0075591844369622,,3,0.28000,1.0,1,primary_count_le1,1.080000,1,1.02,1.0092461653572764,1.0008112607557051,0.0084349046
20250121,20250122,SZSE.000668,000668.SZ,荣丰控股,2,2.996071829405163,,3,0.28000,1.0,1,primary_count_le1,1.080000,1,1.02,0.996258885147774,0.9953236064347175,0.0009352787
20250121,20250122,SHSE.688565,688565.SH,力源科技,3,2.995398428731762,,3,0.28000,1.0,1,primary_count_le1,1.080000,1,1.02,0.9953236064347175,0.9956977179199401,0.0003741115
20250122,20250123,SZSE.000691,000691.SZ,亚太实业,1,3.0008089719626168,,3,0.28000,1.0,1,primary_count_le1,1.000000,1,1.02,1.008441121495327,0.9702803738317757,0.0381607477
20250123,20250124,SZSE.000691,000691.SZ,亚太实业,1,3.0076749392636892,,3,0.28000,1.0,1,primary_count_le1,1.080000,1,1.02,1.0094374883199402,1.0006247430386843,0.0088127453
20250123,20250124,SZSE.000668,000668.SZ,荣丰控股,2,2.9944683236778173,,3,0.28000,1.0,1,primary_count_le1,1.080000,1,1.02,0.994019809381424,0.99626238086339,0.0022425715
20250124,20250127,SZSE.000668,000668.SZ,荣丰控股,1,3.0078630516080778,,3,0.28000,1.0,1,primary_count_le1,1.080000,1,1.02,1.00962602842184,1.0008111443530292,0.0088148841
20250124,20250127,SZSE.002848,002848.SZ,高斯贝尔,2,3.002441286462229,,3,0.28000,1.0,1,primary_count_le1,1.080000,1,1.02,1.008427449513837,0.9784966342557966,0.0299308153
20250124,20250127,SZSE.000691,000691.SZ,亚太实业,3,2.998490650710546,,3,0.28000,1.0,1,primary_count_le1,1.000000,1,1.02,1.007556095736724,0.962228870605834,0.0453272251
20250127,20250205,SZSE.002848,002848.SZ,高斯贝尔,1,2.9999940175733784,,3,0.28000,1.0,1,primary_count_le1,1.000000,1,1.02,1.0082650962796784,0.9669097027481772,0.0413553935
20250127,20250205,SHSE.600228,600228.SH,返利科技,2,2.996597494858852,,3,0.28000,1.0,1,primary_count_le1,1.080000,1,1.02,0.9962609833613759,0.9979435408487568,0.0016825575
20250127,20250205,SHSE.600130,600130.SH,波导股份,3,2.0069874742942604,,3,0.28000,1.0,1,primary_count_le1,1.080000,1,1.02,1.0090147691157225,0.9988782950084127,0.0101364741
20250205,20250206,SZSE.000668,000668.SZ,荣丰控股,1,3.0079009157166885,,3,0.28000,1.0,1,primary_count_le1,1.080000,1,1.02,1.009626238086339,1.0009996262380862,0.0086266118
20250205,20250206,SZSE.002848,002848.SZ,高斯贝尔,2,3.0068772192113626,,3,0.28000,1.0,1,primary_count_le1,1.080000,1,1.02,1.0096243692767708,0.995888618949729,0.0137357503
20250205,20250206,SZSE.301288,301288.SZ,清研环境,3,3.004667538777799,,3,0.28000,1.0,1,primary_count_le1,1.080000,1,1.02,1.0075163520837227,0.9932722855541021,0.0142440665
20250206,20250207,SHSE.688701,688701.SH,卓锦股份,1,3.007175751914814,,3,0.28000,1.0,1,primary_count_le1,1.080000,1,1.02,1.0088623201942835,1.0004294787969363,0.0084328414
20250206,20250207,SZSE.002848,002848.SZ,高斯贝尔,2,3.0035105548290675,,3,0.28000,1.0,1,primary_count_le1,1.080000,1,1.02,1.0088716607509807,0.982066131141416,0.0268055296
20250206,20250207,SZSE.000691,000691.SZ,亚太实业,3,2.9970110218569026,,3,0.28000,1.0,1,primary_count_le1,1.080000,1,1.02,0.9966373995890155,0.9985055109284513,0.0018681113
20250207,20250210,SZSE.002848,002848.SZ,高斯贝尔,1,3.0067800859331215,,3,0.28000,1.0,1,primary_count_le1,1.080000,1,1.02,1.0083186997945077,1.0006256304875771,0.0076930693
20250207,20250210,SHSE.688701,688701.SH,卓锦股份,2,2.995665981692509,,3,0.28000,1.0,1,primary_count_le1,1.080000,1,1.02,0.995516532785354,0.9962637773211284,0.0007472445
20250207,20250210,SZSE.000691,000691.SZ,亚太实业,3,2.9952176349710444,,3,0.28000,1.0,1,primary_count_le1,1.080000,1,1.02,0.9953297216514104,0.9947692882495797,0.0005604334
20250210,20250211,SZSE.002848,002848.SZ,高斯贝尔,1,2.995830065359477,,3,0.28000,1.0,1,primary_count_le1,1.080000,1,1.02,0.9947712418300654,1.0000653594771243,0.0052941176
20250210,20250211,SZSE.000691,000691.SZ,亚太实业,2,2.994808590102708,,3,0.28000,1.0,1,primary_count_le1,1.080000,1,1.02,0.9938375350140056,0.9986928104575163,0.0048552754
20250210,20250211,SHSE.688565,688565.SH,力源科技,3,2.9935014005602243,,3,0.28000,1.0,1,primary_count_le1,1.080000,1,1.02,0.9929038281979459,0.9958916900093371,0.0029878618
20250211,20250212,SHSE.688565,688565.SH,力源科技,1,3.006804632050803,,3,0.28000,1.0,1,primary_count_le1,1.080000,1,1.02,1.0088326484871124,0.9986925663055659,0.0101400822
20250211,20250212,SZSE.002848,002848.SZ,高斯贝尔,2,2.997808965259619,,3,0.28000,1.0,1,primary_count_le1,1.080000,1,1.02,0.9971983563690698,1.0002514008218155,0.0030530445
20250211,20250212,SHSE.688659,688659.SH,元琛科技,3,2.993686963018304,,3,0.28000,1.0,1,primary_count_le1,1.080000,1,1.02,0.9930892790437056,0.9960776989166978,0.0029884199
20250212,20250213,SHSE.688701,688701.SH,卓锦股份,1,2.9953805565932012,,3,0.28000,1.0,1,primary_count_le1,1.080000,1,1.02,0.9942099364960777,1.0000630369816959,0.0058531005
20250212,20250213,SZSE.000691,000691.SZ,亚太实业,2,2.994695554725439,,3,0.28000,1.0,1,primary_count_le1,1.080000,1,1.02,0.9936496077698916,0.9988793425476279,0.0052297348
20250212,20250213,SHSE.688565,688565.SH,力源科技,3,2.9944714232349643,,3,0.28000,1.0,1,primary_count_le1,1.080000,1,1.02,0.9940231602540157,0.9962644751587598,0.0022413149
20250213,20250214,SHSE.688565,688565.SH,力源科技,1,2.993576097105509,,3,0.28000,1.0,1,primary_count_le1,1.080000,1,1.02,0.9932773109243698,0.9947712418300654,0.0014939309
20250213,20250214,SZSE.000691,000691.SZ,亚太实业,2,2.993389355742297,,3,0.28000,1.0,1,primary_count_le1,1.080000,1,1.02,0.9927170868347339,0.996078431372549,0.0033613445
20250213,20250214,SHSE.688659,688659.SH,元琛科技,3,2.9922689075630253,,3,0.28000,1.0,1,primary_count_le1,1.080000,1,1.02,0.9915966386554622,0.9949579831932773,0.0033613445
20250214,20250217,SZSE.002848,002848.SZ,高斯贝尔,1,2.9960160627568175,,3,0.28000,1.0,1,primary_count_le1,1.080000,1,1.02,0.9949570414643257,1.0002521479267836,0.0052951065
20250214,20250217,SHSE.688701,688701.SH,卓锦股份,2,2.993761673515129,,3,0.28000,1.0,1,primary_count_le1,1.080000,1,1.02,0.9932760552857677,0.9957041464325738,0.0024280911
20250214,20250217,SHSE.688021,688021.SH,奥福科技,3,2.992454239820695,,3,0.28000,1.0,1,primary_count_le1,1.080000,1,1.02,0.9917818453492716,0.9951438177063877,0.0033619724
20250217,20250218,SZSE.002848,002848.SZ,高斯贝尔,1,3.0061827174318774,,3,0.28000,1.0,1,primary_count_le1,1.080000,1,1.02,1.0075718551698394,1.0006261664800298,0.0069456887
20250217,20250218,SZSE.300069,300069.SZ,金利华电,2,2.998935423665547,,3,0.28000,1.0,1,primary_count_le1,1.000000,1,1.02,1.008234415826801,0.96173945502053,0.0464949608
20250217,20250218,SHSE.688701,688701.SH,卓锦股份,3,2.996640537513998,,3,0.28000,1.0,1,primary_count_le1,1.080000,1,1.02,0.996080627099664,0.9988801791713325,0.0027995521
20250218,20250219,SZSE.000691,000691.SZ,亚太实业,1,2.9965652417397797,,3,0.28000,1.0,1,primary_count_le1,1.080000,1,1.02,0.996079895463879,0.9985066268433825,0.0024267314
20250218,20250219,SHSE.688565,688565.SH,力源科技,2,2.9958558894903864,,3,0.28000,1.0,1,primary_count_le1,1.080000,1,1.02,0.9957065521747247,0.9964532387530334,0.0007466866
20250218,20250219,SHSE.688701,688701.SH,卓锦股份,3,2.9958558894903864,,3,0.28000,1.0,1,primary_count_le1,1.080000,1,1.02,0.9962665671084562,0.9942131790181071,0.0020533881
20250219,20250220,SHSE.688659,688659.SH,元琛科技,1,3.005625536680978,,3,0.28000,1.0,1,primary_count_le1,1.080000,1,1.02,1.0079652790741087,0.9962665671084562,0.0116987120
20250219,20250220,SHSE.688565,688565.SH,力源科技,2,2.99713768900504,,3,0.28000,1.0,1,primary_count_le1,1.080000,1,1.02,0.9962665671084562,1.0006221765913756,0.0043556095
20250219,20250220,SHSE.688701,688701.SH,卓锦股份,3,2.9969759193578493,,3,0.28000,1.0,1,primary_count_le1,1.080000,1,1.02,0.9968265820421878,0.9975732686204966,0.0007466866
20250220,20250221,SZSE.000691,000691.SZ,亚太实业,1,3.004038834951456,,3,0.28000,1.0,1,primary_count_le1,1.080000,1,1.02,1.0074290515309932,0.9904779686333084,0.0169510829
20250220,20250221,SHSE.688659,688659.SH,元琛科技,2,3.003061986557132,,3,0.28000,1.0,1,primary_count_le1,1.080000,1,1.02,1.007608289768484,0.9848767737117252,0.0227315161
20250220,20250221,SZSE.002848,002848.SZ,高斯贝尔,3,2.9978845407020165,,3,0.28000,1.0,1,primary_count_le1,1.080000,1,1.02,0.9971994025392084,1.0006250933532488,0.0034256908
20250221,20250224,SHSE.688659,688659.SH,元琛科技,1,3.0077978723404257,,3,0.28000,1.0,1,primary_count_le1,1.080000,1,1.02,1.0096043299738708,1.0005720418066442,0.0090322882
20250221,20250224,SZSE.000691,000691.SZ,亚太实业,2,2.9969458379992533,,3,0.28000,1.0,1,primary_count_le1,1.080000,1,1.02,0.996080627099664,1.0004066815976111,0.0043260545
20250221,20250224,SHSE.688565,688565.SH,力源科技,3,2.996640537513998,,3,0.28000,1.0,1,primary_count_le1,1.080000,1,1.02,0.9964539007092199,0.9973870847331093,0.0009331840
20250224,20250225,SHSE.688659,688659.SH,元琛科技,1,3.0038543417366945,,3,0.28000,1.0,1,primary_count_le1,1.080000,1,1.02,1.0089729225023343,0.9833800186741363,0.0255929038
20250224,20250225,SZSE.002848,002848.SZ,高斯贝尔,2,2.9970494864612514,,3,0.28000,1.0,1,primary_count_le1,1.080000,1,1.02,0.9966386554621849,0.9986928104575163,0.0020541550
20250224,20250225,SHSE.688565,688565.SH,力源科技,3,2.9957422969187677,,3,0.28000,1.0,1,primary_count_le1,1.080000,1,1.02,0.996078431372549,0.9943977591036415,0.0016806723
20250225,20250226,SHSE.688659,688659.SH,元琛科技,1,3.0074066878385954,,3,0.28000,1.0,1,primary_count_le1,1.080000,1,1.02,1.0095385764991593,0.9988791331963385,0.0106594433
20250225,20250226,SZSE.002848,002848.SZ,高斯贝尔,2,3.0068156921352513,,3,0.28000,1.0,1,primary_count_le1,1.080000,1,1.02,1.0083186997945077,1.0008036614982252,0.0075150383
20250225,20250226,SZSE.000691,000691.SZ,亚太实业,3,3.0063302073603584,,3,0.28000,1.0,1,primary_count_le1,1.080000,1,1.02,1.0077563982813376,1.000625443676443,0.0071309546
20250226,20250227,SZSE.000691,000691.SZ,亚太实业,1,3.006546918192006,,3,0.28000,1.0,1,primary_count_le1,1.080000,1,1.02,1.0079435935748973,1.0009602166604408,0.0069833769
20250226,20250227,SHSE.688701,688701.SH,卓锦股份,2,2.9967188644004485,,3,0.28000,1.0,1,primary_count_le1,1.080000,1,1.02,0.9958909226746357,1.0000306313036982,0.0041397086
20250226,20250227,SHSE.688565,688565.SH,力源科技,3,2.9963018304071722,,3,0.28000,1.0,1,primary_count_le1,1.080000,1,1.02,0.9957041464325738,0.9986925663055659,0.0029884199
20250227,20250228,SHSE.688701,688701.SH,卓锦股份,1,2.9970104633781762,,3,0.28000,1.0,1,primary_count_le1,1.080000,1,1.02,0.9971973094170403,0.9962630792227205,0.0009342302
20250227,20250228,SHSE.688565,688565.SH,力源科技,2,2.9969730941704036,,3,0.28000,1.0,1,primary_count_le1,1.080000,1,1.02,0.9970104633781763,0.9968236173393124,0.0001868460
20250227,20250228,SHSE.688659,688659.SH,元琛科技,3,2.9963004484304934,,3,0.28000,1.0,1,primary_count_le1,1.080000,1,1.02,0.9962630792227205,0.9964499252615845,0.0001868460
20250228,20250303,SZSE.002848,002848.SZ,高斯贝尔,1,2.9969362974033253,,3,0.28000,1.0,1,primary_count_le1,1.080000,1,1.02,0.9970110218569027,0.9966373995890155,0.0003736223
20250228,20250303,SHSE.688565,688565.SH,力源科技,2,2.9955538950121428,,3,0.28000,1.0,1,primary_count_le1,1.080000,1,1.02,0.9957033439192976,0.9949560993835233,0.0007472445
20250228,20250303,SZSE.000691,000691.SZ,亚太实业,3,2.99417149262096,,3,0.28000,1.0,1,primary_count_le1,1.080000,1,1.02,0.9936484214459181,0.9962637773211284,0.0026153559
20250303,20250304,SHSE.688565,688565.SH,力源科技,1,2.9956643618015324,,3,0.28000,1.0,1,primary_count_le1,1.080000,1,1.02,0.9957017379928985,0.995514857036068,0.0001868810
20250303,20250304,SHSE.688701,688701.SH,卓锦股份,2,2.9953279760792375,,3,0.28000,1.0,1,primary_count_le1,1.080000,1,1.02,0.994767333208746,0.9975705475612036,0.0028032144
20250303,20250304,SHSE.688021,688021.SH,奥福科技,3,2.995103718931041,,3,0.28000,1.0,1,primary_count_le1,1.080000,1,1.02,0.994393571295085,0.9979443094748646,0.0035507382
20250304,20250305,SZSE.002848,002848.SZ,高斯贝尔,1,3.0078991219876707,,3,0.28000,1.0,1,primary_count_le1,1.080000,1,1.02,1.0096245096207734,1.0009975714552588,0.0086269382
20250304,20250305,SZSE.000668,000668.SZ,荣丰控股,2,3.0075167943209413,,3,0.28000,1.0,1,primary_count_le1,1.080000,1,1.02,1.009241546796189,1.0006177844199515,0.0086237624
20250304,20250305,SZSE.000691,000691.SZ,亚太实业,3,3.007283429852419,,3,0.28000,1.0,1,primary_count_le1,1.080000,1,1.02,1.0090435269942089,1.0002430412852605,0.0088004857
20250305,20250306,SZSE.002848,002848.SZ,高斯贝尔,1,3.0074820627802694,,3,0.28000,1.0,1,primary_count_le1,1.080000,1,1.02,1.009243273542601,1.0004372197309417,0.0088060538
20250305,20250306,SZSE.000668,000668.SZ,荣丰控股,2,3.007290807174888,,3,0.28000,1.0,1,primary_count_le1,1.080000,1,1.02,1.0090526905829595,1.0002432735426008,0.0088094170
20250305,20250306,SZSE.000691,000691.SZ,亚太实业,3,3.0065291479820626,,3,0.28000,1.0,1,primary_count_le1,1.080000,1,1.02,1.0084884155455904,0.9986920777279522,0.0097963378
20250306,20250307,SZSE.000691,000691.SZ,亚太实业,1,3.006924448598131,,3,0.28000,1.0,1,primary_count_le1,1.080000,1,1.02,1.0085009345794393,1.0006185046728973,0.0078824299
20250306,20250307,SZSE.002848,002848.SZ,高斯贝尔,2,3.0066258691588787,,3,0.28000,1.0,1,primary_count_le1,1.080000,1,1.02,1.008267289719626,1.0000601869158878,0.0082071028
20250306,20250307,SZSE.000668,000668.SZ,荣丰控股,3,3.004321495327103,,3,0.28000,1.0,1,primary_count_le1,1.080000,1,1.02,1.0083457943925234,0.9882242990654205,0.0201214953
20250307,20250310,SZSE.000668,000668.SZ,荣丰控股,1,3.007515551401869,,3,0.28000,1.0,1,primary_count_le1,1.080000,1,1.02,1.009396261682243,0.9999927102803738,0.0094035514
20250307,20250310,SZSE.002848,002848.SZ,高斯贝尔,2,3.0073738691588785,,3,0.28000,1.0,1,primary_count_le1,1.080000,1,1.02,1.0090616822429905,1.00062261682243,0.0084390654
20250307,20250310,SZSE.000691,000691.SZ,亚太实业,3,2.996448598130841,,3,0.28000,1.0,1,primary_count_le1,1.080000,1,1.02,0.9958878504672897,0.9986915887850467,0.0028037383
20250310,20250311,SZSE.002848,002848.SZ,高斯贝尔,1,3.0073991028037383,,3,0.28000,1.0,1,primary_count_le1,1.080000,1,1.02,1.0090467289719627,1.0008085981308412,0.0082381308
20250310,20250311,SZSE.000691,000691.SZ,亚太实业,2,3.0072114392523366,,3,0.28000,1.0,1,primary_count_le1,1.080000,1,1.02,1.0088616822429906,1.0006104672897196,0.0082512150
20250310,20250311,SZSE.000668,000668.SZ,荣丰控股,3,3.004989906542056,,3,0.28000,1.0,1,primary_count_le1,1.080000,1,1.02,1.0087607476635514,0.9899065420560748,0.0188542056
20250311,20250312,SZSE.002848,002848.SZ,高斯贝尔,1,3.0071092097889034,,3,0.28000,1.0,1,primary_count_le1,1.080000,1,1.02,1.0086867177283765,1.0007991780310106,0.0078875397
20250311,20250312,SZSE.000691,000691.SZ,亚太实业,2,3.0026796189052867,,3,0.28000,1.0,1,primary_count_le1,1.080000,1,1.02,1.008019801980198,0.9813188866056417,0.0267009154
20250311,20250312,SZSE.000668,000668.SZ,荣丰控股,3,3.0018755837847935,,3,0.28000,1.0,1,primary_count_le1,1.080000,1,1.02,1.0075751914814122,0.9790771529983187,0.0284980385
20250312,20250313,SZSE.002848,002848.SZ,高斯贝尔,1,3.007522234678625,,3,0.28000,1.0,1,primary_count_le1,1.080000,1,1.02,1.0092488789237668,1.0006156576980567,0.0086332212
20250312,20250313,SZSE.000668,000668.SZ,荣丰控股,2,3.005742899850523,,3,0.28000,1.0,1,primary_count_le1,1.080000,1,1.02,1.0087201046337817,0.9938340807174888,0.0148860239
20250312,20250313,SZSE.000691,000691.SZ,亚太实业,3,2.9971973094170403,,3,0.28000,1.0,1,primary_count_le1,1.080000,1,1.02,0.9968236173393124,0.9986920777279522,0.0018684604
20250313,20250314,SZSE.002848,002848.SZ,高斯贝尔,1,3.0071187896899514,,3,0.28000,1.0,1,primary_count_le1,1.080000,1,1.02,1.0088419872992156,1.000225999252895,0.0086159880
20250313,20250314,SZSE.000668,000668.SZ,荣丰控股,2,3.004768023907359,,3,0.28000,1.0,1,primary_count_le1,1.080000,1,1.02,1.0082947329099738,0.9906611878968995,0.0176335450
20250313,20250314,SZSE.000691,000691.SZ,亚太实业,3,3.000527456107583,,3,0.28000,1.0,1,primary_count_le1,1.000000,1,1.02,1.0078502054538663,0.9712364587224505,0.0366137467
20250314,20250317,SZSE.002848,002848.SZ,高斯贝尔,1,3.0041666044079194,,3,0.28000,1.0,1,primary_count_le1,1.080000,1,1.02,1.0079865521105715,0.9888868135973105,0.0190997385
20250314,20250317,SZSE.000668,000668.SZ,荣丰控股,2,3.0025595816212176,,3,0.28000,1.0,1,primary_count_le1,1.080000,1,1.02,1.007542024654464,0.9826298094882331,0.0249122152
20250314,20250317,SZSE.000691,000691.SZ,亚太实业,3,3.001036981695928,,3,0.28000,1.0,1,primary_count_le1,1.000000,1,1.02,1.0075532312289877,0.9749719835636907,0.0325812477
20250317,20250318,SZSE.000668,000668.SZ,荣丰控股,1,3.0073134367407963,,3,0.28000,1.0,1,primary_count_le1,1.080000,1,1.02,1.0090599887871425,1.0003272285554101,0.0087327602
20250317,20250318,SZSE.000691,000691.SZ,亚太实业,2,3.006208932909736,,3,0.28000,1.0,1,primary_count_le1,1.080000,1,1.02,1.008695570921323,0.99626238086339,0.0124331901
20250317,20250318,SHSE.688565,688565.SH,力源科技,3,2.995813866566997,,3,0.28000,1.0,1,primary_count_le1,1.080000,1,1.02,0.9953279760792375,0.9977574285180341,0.0024294524
20250318,20250319,SZSE.000668,000668.SZ,荣丰控股,1,3.0071016987119656,,3,0.28000,1.0,1,primary_count_le1,1.080000,1,1.02,1.008682098189285,1.000780100802688,0.0079019974
20250318,20250319,SZSE.000691,000691.SZ,亚太实业,2,3.004058988239686,,3,0.28000,1.0,1,primary_count_le1,1.080000,1,1.02,1.0079671457905544,0.9884263580362143,0.0195407878
20250318,20250319,SZSE.002848,002848.SZ,高斯贝尔,3,2.9976479372783276,,3,0.28000,1.0,1,primary_count_le1,1.080000,1,1.02,0.9973865969759194,0.9986932984879596,0.0013067015
20250319,20250320,SZSE.000668,000668.SZ,荣丰控股,1,3.0042741363211953,,3,0.28000,1.0,1,primary_count_le1,1.080000,1,1.02,1.0073501400560225,0.9919701213818861,0.0153800187
20250319,20250320,SZSE.000691,000691.SZ,亚太实业,2,3.0036765639589174,,3,0.28000,1.0,1,primary_count_le1,1.080000,1,1.02,1.0073968253968255,0.988795518207283,0.0186013072
20250319,20250320,SZSE.002848,002848.SZ,高斯贝尔,3,2.9961531279178337,,3,0.28000,1.0,1,primary_count_le1,1.080000,1,1.02,0.9966386554621849,0.9942110177404295,0.0024276377
20250320,20250321,SZSE.000691,000691.SZ,亚太实业,1,3.007008848235953,,3,0.28000,1.0,1,primary_count_le1,1.080000,1,1.02,1.0086690311741646,1.0003681164831062,0.0083009147
20250320,20250321,SZSE.000668,000668.SZ,荣丰控股,2,3.0064667911144296,,3,0.28000,1.0,1,primary_count_le1,1.080000,1,1.02,1.0079307448198618,1.0006109762927011,0.0073197685
20250320,20250321,SHSE.688565,688565.SH,力源科技,3,2.995631883516894,,3,0.28000,1.0,1,primary_count_le1,1.080000,1,1.02,0.9955198805301475,0.996079895463879,0.0005600149
20250321,20250324,SZSE.000668,000668.SZ,荣丰控股,1,3.0059649122807017,,3,0.28000,1.0,1,primary_count_le1,1.080000,1,1.02,1.0078760731616274,0.9983202687569989,0.0095558044
20250321,20250324,SZSE.000691,000691.SZ,亚太实业,2,3.0045240761478165,,3,0.28000,1.0,1,primary_count_le1,1.080000,1,1.02,1.0077081000373274,0.9917879805897724,0.0159201194
20250321,20250324,SZSE.002848,002848.SZ,高斯贝尔,3,2.9964165733482644,,3,0.28000,1.0,1,primary_count_le1,1.080000,1,1.02,0.9958939902948861,0.9985069055617768,0.0026129153
20250324,20250325,SZSE.002848,002848.SZ,高斯贝尔,1,3.006248600223964,,3,0.28000,1.0,1,primary_count_le1,1.080000,1,1.02,1.008090705487122,0.9988801791713325,0.0092105263
20250324,20250325,SZSE.000691,000691.SZ,亚太实业,2,3.0053497573721537,,3,0.28000,1.0,1,primary_count_le1,1.080000,1,1.02,1.008040313549832,0.9945875326614408,0.0134527809
20250324,20250325,SZSE.000668,000668.SZ,荣丰控股,3,3.002371033967899,,3,0.28000,1.0,1,primary_count_le1,1.080000,1,1.02,1.0071164613661814,0.9833893243747667,0.0237271370
20250325,20250326,SZSE.002848,002848.SZ,高斯贝尔,1,3.001601193807126,,3,0.28000,1.0,1,primary_count_le1,1.080000,1,1.02,1.0067580675247156,0.9809736989367656,0.0257843686
20250325,20250326,SZSE.000691,000691.SZ,亚太实业,2,2.9961574333146803,,3,0.28000,1.0,1,primary_count_le1,1.080000,1,1.02,0.9972020145495244,0.9919791083753031,0.0052229062
20250325,20250326,SZSE.000668,000668.SZ,荣丰控股,3,2.9925387054653982,,3,0.28000,1.0,1,primary_count_le1,1.080000,1,1.02,0.9970154821861593,0.974631598582354,0.0223838836
20250326,20250327,SZSE.000633,000633.SZ,合金投资,1,3.006443491234614,,3,0.28000,1.0,1,primary_count_le1,1.080000,1,1.02,1.0079447967176427,1.0004382693024991,0.0075065274
20250326,20250327,SZSE.002848,002848.SZ,高斯贝尔,2,3.0037776948899664,,3,0.28000,1.0,1,primary_count_le1,1.080000,1,1.02,1.0072864602760163,0.9897426333457665,0.0175438269
20250326,20250327,SZSE.000668,000668.SZ,荣丰控股,3,3.0011503170458784,,3,0.28000,1.0,1,primary_count_le1,1.080000,1,1.02,1.0067064528161134,0.9789257739649384,0.0277806789
20250327,20250328,SZSE.002848,002848.SZ,高斯贝尔,1,3.000426547352722,,3,0.28000,1.0,1,primary_count_le1,1.000000,1,1.02,1.0066853094705444,0.9753914988814317,0.0312938106
20250327,20250328,SZSE.000691,000691.SZ,亚太实业,2,2.9947054436987326,,3,0.28000,1.0,1,primary_count_le1,1.080000,1,1.02,0.9955257270693513,0.9914243102162565,0.0041014169
20250327,20250328,SZSE.000668,000668.SZ,荣丰控股,3,2.9932885906040267,,3,0.28000,1.0,1,primary_count_le1,1.080000,1,1.02,0.9953392990305742,0.9850857568978374,0.0102535421
20250328,20250331,SZSE.000691,000691.SZ,亚太实业,1,2.9957121551081283,,3,0.28000,1.0,1,primary_count_le1,1.080000,1,1.02,0.9955257270693513,0.9964578672632364,0.0009321402
20250328,20250331,SZSE.000668,000668.SZ,荣丰控股,2,2.9939224459358686,,3,0.28000,1.0,1,primary_count_le1,1.080000,1,1.02,0.9947800149142431,0.9904921700223713,0.0042878449
20250328,20250331,SHSE.688659,688659.SH,元琛科技,3,2.993400447427293,,3,0.28000,1.0,1,primary_count_le1,1.080000,1,1.02,0.9925428784489188,0.9968307233407905,0.0042878449
20250331,20250401,SZSE.000691,000691.SZ,亚太实业,1,2.994520037278658,,3,0.28000,1.0,1,primary_count_le1,1.080000,1,1.02,0.9940354147250698,0.9964585274930102,0.0024231128
20250331,20250401,SZSE.002848,002848.SZ,高斯贝尔,2,2.992954333643989,,3,0.28000,1.0,1,primary_count_le1,1.080000,1,1.02,0.9970177073625349,0.9767008387698043,0.0203168686
20250331,20250401,SHSE.688701,688701.SH,卓锦股份,3,2.9920596458527493,,3,0.28000,1.0,1,primary_count_le1,1.080000,1,1.02,0.9921714818266543,0.9916123019571296,0.0005591799
20250401,20250402,SHSE.603335,603335.SH,迪生力,1,2.992471114424152,,3,0.28000,1.0,1,primary_count_le1,1.080000,1,1.02,0.9929183749534104,0.9906820723071189,0.0022363026
20250401,20250402,SZSE.002848,002848.SZ,高斯贝尔,2,2.9905702571748045,,3,0.28000,1.0,1,primary_count_le1,1.080000,1,1.02,0.9947819604919865,0.9737234439060752,0.0210585166
20250401,20250402,SZSE.000668,000668.SZ,荣丰控股,3,2.9862467387253075,,3,0.28000,1.0,1,primary_count_le1,1.080000,1,1.02,0.9860231084606783,0.987141259783824,0.0011181513
20250402,20250403,SZSE.002848,002848.SZ,高斯贝尔,1,2.9935171385991057,,3,0.28000,1.0,1,primary_count_le1,1.080000,1,1.02,0.9932935916542474,0.9944113263785395,0.0011177347
20250402,20250403,SHSE.603335,603335.SH,迪生力,2,2.9881147540983606,,3,0.28000,1.0,1,primary_count_le1,1.080000,1,1.02,0.9873323397913562,0.9912444113263785,0.0039120715
20250402,20250403,SHSE.600778,600778.SH,友好集团,3,2.9877049180327866,,3,0.28000,1.0,1,primary_count_le1,1.080000,1,1.02,0.9884500745156483,0.9847242921013413,0.0037257824
20250403,20250407,SHSE.600778,600778.SH,友好集团,1,2.993181818181818,,3,0.28000,1.0,1,primary_count_le1,1.080000,1,1.02,0.9932935916542474,0.9927347242921013,0.0005588674
20250403,20250407,SHSE.688426,688426.SH,康为世纪,2,2.991467958271237,,3,0.28000,1.0,1,primary_count_le1,1.080000,1,1.02,0.9923621460506706,0.9878912071535022,0.0044709389
20250403,20250407,SZSE.002848,002848.SZ,高斯贝尔,3,2.988785394932936,,3,0.28000,1.0,1,primary_count_le1,1.080000,1,1.02,0.9903129657228018,0.9826751117734724,0.0076378539
20250407,20250408,SZSE.300588,300588.SZ,熙菱信息,1,2.986731270965337,,3,0.28000,1.0,1,primary_count_le1,1.080000,1,1.02,0.9910547894148342,0.96943719716735,0.0216175922
20250407,20250408,SZSE.000608,000608.SZ,阳光股份,2,2.98557584793142,,3,0.28000,1.0,1,primary_count_le1,1.000000,1,1.02,0.9919865821841223,0.9599329109206113,0.0320536713
20250407,20250408,SHSE.688426,688426.SH,康为世纪,3,2.980954155795751,,3,0.28000,1.0,1,primary_count_le1,1.080000,1,1.02,0.9865821841222512,0.9584420424897503,0.0281401416
20250408,20250409,SZSE.000608,000608.SZ,阳光股份,1,2.9918390162101733,,3,0.28000,1.0,1,primary_count_le1,1.080000,1,1.02,0.9973914663685486,0.9696292155766723,0.0277622508
20250408,20250409,SZSE.002848,002848.SZ,高斯贝尔,2,2.9885224520216136,,3,0.28000,1.0,1,primary_count_le1,1.080000,1,1.02,0.9944102850754611,0.9649711198062232,0.0294391653
20250408,20250409,SHSE.688426,688426.SH,康为世纪,3,2.9767095211477548,,3,0.28000,1.0,1,primary_count_le1,1.080000,1,1.02,0.9826718837339296,0.9528600708030557,0.0298118129
20250409,20250410,SZSE.300605,300605.SZ,恒锋信息,1,2.988342644320298,,3,0.28000,1.0,1,primary_count_le1,1.080000,1,1.02,0.9871508379888269,0.9931098696461825,0.0059590317
20250409,20250410,SZSE.002848,002848.SZ,高斯贝尔,2,2.987262569832402,,3,0.28000,1.0,1,primary_count_le1,1.080000,1,1.02,0.9919925512104283,0.9683426443202979,0.0236499069
20250409,20250410,SZSE.301027,301027.SZ,华蓝集团,3,2.98707635009311,,3,0.28000,1.0,1,primary_count_le1,1.080000,1,1.02,0.9929236499068901,0.9636871508379888,0.0292364991
20250410,20250411,SZSE.000608,000608.SZ,阳光股份,1,2.997313966480447,,3,0.28000,1.0,1,primary_count_le1,1.000000,1,1.02,1.0066517690875232,0.9599627560521415,0.0466890130
20250410,20250411,SZSE.002848,002848.SZ,高斯贝尔,2,2.996666666666667,,3,0.28000,1.0,1,primary_count_le1,1.080000,1,1.02,0.996461824953445,0.9974860335195531,0.0010242086
20250410,20250411,SZSE.000668,000668.SZ,荣丰控股,3,2.991880819366853,,3,0.28000,1.0,1,primary_count_le1,1.080000,1,1.02,0.9947858472998138,0.9802607076350093,0.0145251397
20250411,20250414,SZSE.000608,000608.SZ,阳光股份,1,3.0064104283054003,,3,0.28000,1.0,1,primary_count_le1,1.080000,1,1.02,1.0084785847299813,0.9981378026070763,0.0103407821
20250411,20250414,SZSE.002848,002848.SZ,高斯贝尔,2,2.9965735567970206,,3,0.28000,1.0,1,primary_count_le1,1.080000,1,1.02,0.9968342644320298,0.9955307262569832,0.0013035382
20250411,20250414,SZSE.000691,000691.SZ,亚太实业,3,2.9926256983240225,,3,0.28000,1.0,1,primary_count_le1,1.080000,1,1.02,0.9925512104283054,0.9929236499068901,0.0003724395
20250414,20250415,SZSE.000608,000608.SZ,阳光股份,1,3.006009312721177,,3,0.28000,1.0,1,primary_count_le1,1.080000,1,1.02,1.0079307133544422,0.9983237101881169,0.0096070032
20250414,20250415,SZSE.002848,002848.SZ,高斯贝尔,2,2.997019929223319,,3,0.28000,1.0,1,primary_count_le1,1.080000,1,1.02,0.9972061836468616,0.9962749115291488,0.0009312721
20250414,20250415,SZSE.300736,300736.SZ,百邦科技,3,2.9948593779102257,,3,0.28000,1.0,1,primary_count_le1,1.080000,1,1.02,0.9947848761408083,0.9951573849878934,0.0003725088
20250415,20250416,SZSE.000608,000608.SZ,阳光股份,1,3.0061207153502236,,3,0.28000,1.0,1,primary_count_le1,1.080000,1,1.02,1.0081166169895677,0.9981371087928465,0.0099795082
20250415,20250416,SZSE.000668,000668.SZ,荣丰控股,2,3.002080476900149,,3,0.28000,1.0,1,primary_count_le1,1.080000,1,1.02,1.0071646795827123,0.9817436661698957,0.0254210134
20250415,20250416,SZSE.002848,002848.SZ,高斯贝尔,3,2.996758569299553,,3,0.28000,1.0,1,primary_count_le1,1.080000,1,1.02,0.9968330849478391,0.9964605067064084,0.0003725782
20250416,20250417,SZSE.000608,000608.SZ,阳光股份,1,3.007014147431124,,3,0.28000,1.0,1,primary_count_le1,1.080000,1,1.02,1.0090469099032018,0.9988830975428146,0.0101638124
20250416,20250417,SZSE.002848,002848.SZ,高斯贝尔,2,2.9953834698436337,,3,0.28000,1.0,1,primary_count_le1,1.080000,1,1.02,0.9953462397617274,0.9955323901712584,0.0001861504
20250416,20250417,SZSE.000691,000691.SZ,亚太实业,3,2.993224125093075,,3,0.28000,1.0,1,primary_count_le1,1.080000,1,1.02,0.9932985852568875,0.9929262844378257,0.0003723008
20250417,20250418,SZSE.000608,000608.SZ,阳光股份,1,3.0062204020848844,,3,0.28000,1.0,1,primary_count_le1,1.080000,1,1.02,1.0082874162323157,0.9979523454951601,0.0103350707
20250417,20250418,SZSE.002848,002848.SZ,高斯贝尔,2,2.9936708860759493,,3,0.28000,1.0,1,primary_count_le1,1.080000,1,1.02,0.9934847356664185,0.994415487714073,0.0009307520
20250417,20250418,SZSE.002836,002836.SZ,新宏泽,3,2.9934847356664185,,3,0.28000,1.0,1,primary_count_le1,1.080000,1,1.02,0.9932985852568875,0.9942293373045421,0.0009307520
20250418,20250421,SZSE.000608,000608.SZ,阳光股份,1,3.0064509402345934,,3,0.28000,1.0,1,primary_count_le1,1.080000,1,1.02,1.008482591696146,0.9983243343883821,0.0101582573
20250418,20250421,SHSE.688395,688395.SH,正弦电气,2,2.9935207596350772,,3,0.28000,1.0,1,primary_count_le1,1.080000,1,1.02,0.9932973375535282,0.9944144479612735,0.0011171104
20250418,20250421,SZSE.002848,002848.SZ,高斯贝尔,3,2.9929622044312048,,3,0.28000,1.0,1,primary_count_le1,1.080000,1,1.02,0.9927387823496555,0.9938558927574008,0.0011171104
20250421,20250422,SHSE.600228,600228.SH,返利科技,1,3.008007892777364,,3,0.28000,1.0,1,primary_count_le1,1.080000,1,1.02,1.009806403574088,1.000813849590469,0.0089925540
20250421,20250422,SHSE.688395,688395.SH,正弦电气,2,2.991772151898734,,3,0.28000,1.0,1,primary_count_le1,1.080000,1,1.02,0.9914370811615786,0.9931124348473567,0.0016753537
20250421,20250422,SZSE.301152,301152.SZ,天力锂能,3,1.9886820551005213,,3,0.28000,1.0,1,primary_count_le1,1.080000,1,1.02,0.9890171258376769,0.9873417721518988,0.0016753537
20250422,20250423,SZSE.000668,000668.SZ,荣丰控股,1,2.9969826783386107,,3,0.28000,1.0,1,primary_count_le1,1.080000,1,1.02,0.9973924380704041,0.995343639411436,0.0020487987
20250422,20250423,SHSE.600228,600228.SH,返利科技,2,2.9945241199478487,,3,0.28000,1.0,1,primary_count_le1,1.080000,1,1.02,0.9944123672937232,0.9949711305643509,0.0005587633
20250422,20250423,SZSE.002848,002848.SZ,高斯贝尔,3,2.991842056248836,,3,0.28000,1.0,1,primary_count_le1,1.080000,1,1.02,0.9936673495995529,0.9845408828459676,0.0091264668
20250423,20250424,SHSE.600228,600228.SH,返利科技,1,2.9972444609942284,,3,0.28000,1.0,1,primary_count_le1,1.080000,1,1.02,0.9972072239806368,0.9973934090485943,0.0001861851
20250423,20250424,SZSE.301288,301288.SZ,清研环境,2,2.99285049339043,,3,0.28000,1.0,1,primary_count_le1,1.080000,1,1.02,0.9947868180971886,0.9851051945633961,0.0096816235
20250423,20250424,SZSE.300736,300736.SZ,百邦科技,3,2.992664308322473,,3,0.28000,1.0,1,primary_count_le1,1.080000,1,1.02,0.9921802271457829,0.9946006330292311,0.0024204059
20250424,20250425,SHSE.600228,600228.SH,返利科技,1,3.005758749069248,,3,0.28000,1.0,1,primary_count_le1,1.080000,1,1.02,1.0075707371556217,0.9985107967237528,0.0090599404
20250424,20250425,SZSE.002848,002848.SZ,高斯贝尔,2,2.994378257632167,,3,0.28000,1.0,1,primary_count_le1,1.080000,1,1.02,0.9942293373045421,0.9949739389426657,0.0007446016
20250424,20250425,SZSE.301288,301288.SZ,清研环境,3,2.991660461653016,,3,0.28000,1.0,1,primary_count_le1,1.080000,1,1.02,0.9947877885331348,0.9791511541325391,0.0156366344
20250425,20250428,SZSE.301288,301288.SZ,清研环境,1,2.995234549516009,,3,0.28000,1.0,1,primary_count_le1,1.080000,1,1.02,0.9955323901712584,0.9940431868950111,0.0014892033
20250425,20250428,SZSE.300736,300736.SZ,百邦科技,2,2.9924422933730455,,3,0.28000,1.0,1,primary_count_le1,1.080000,1,1.02,0.9918093819806404,0.9949739389426657,0.0031645570
20250425,20250428,SZSE.000668,000668.SZ,荣丰控股,3,2.99084139985108,,3,0.28000,1.0,1,primary_count_le1,1.080000,1,1.02,0.9942293373045421,0.9772896500372301,0.0169396873
20250428,20250429,SZSE.301288,301288.SZ,清研环境,1,2.993627724986026,,3,0.28000,1.0,1,primary_count_le1,1.080000,1,1.02,0.9936649897521893,0.9934786659213714,0.0001863238
20250428,20250429,SZSE.300736,300736.SZ,百邦科技,2,2.9877771566983418,,3,0.28000,1.0,1,primary_count_le1,1.080000,1,1.02,0.9865846841811068,0.9925470467672816,0.0059623626
20250428,20250429,SHSE.688701,688701.SH,卓锦股份,3,1.9873299795043788,,3,0.28000,1.0,1,primary_count_le1,1.080000,1,1.02,0.9863983603502888,0.9910564561207379,0.0046580958
20250429,20250430,SZSE.301027,301027.SZ,华蓝集团,1,2.9854790419161676,,3,0.28000,1.0,1,primary_count_le1,1.080000,1,1.02,0.9846556886227545,0.9887724550898204,0.0041167665
20250429,20250430,SZSE.002084,002084.SZ,海鸥住工,2,2.980875748502994,,3,0.28000,1.0,1,primary_count_le1,1.080000,1,1.02,0.9799775449101796,0.9844685628742516,0.0044910180
20250429,20250430,SHSE.603721,603721.SH,中广天择,3,1.9958832335329342,,3,0.28000,1.0,1,primary_count_le1,1.080000,1,1.02,0.9955089820359282,0.9973802395209581,0.0018712575
20250430,20250506,SHSE.688565,688565.SH,力源科技,1,2.9896803140773978,,3,0.28000,1.0,1,primary_count_le1,1.080000,1,1.02,0.9884090484202654,0.9947653767059264,0.0063563283
20250430,20250506,SHSE.688701,688701.SH,卓锦股份,2,2.9885586090858105,,3,0.28000,1.0,1,primary_count_le1,1.080000,1,1.02,0.9889699009160591,0.9869134417648159,0.0020564592
20250430,20250506,SHSE.688021,688021.SH,奥福科技,3,2.9869508319312024,,3,0.28000,1.0,1,primary_count_le1,1.080000,1,1.02,0.9872873434286783,0.9856047859412974,0.0016825575
20250506,20250507,SHSE.688701,688701.SH,卓锦股份,1,2.9903592034245303,,3,0.28000,1.0,1,primary_count_le1,1.080000,1,1.02,0.9892052856876977,0.9949748743718593,0.0057695887
20250506,20250507,SHSE.688565,688565.SH,力源科技,2,2.9894286246045043,,3,0.28000,1.0,1,primary_count_le1,1.080000,1,1.02,0.9880885911036665,0.9947887586078541,0.0067001675
20250506,20250507,SHSE.688021,688021.SH,奥福科技,3,2.9865252186860225,,3,0.28000,1.0,1,primary_count_le1,1.080000,1,1.02,0.9852968546435883,0.9914386748557603,0.0061418202
20250507,20250508,SHSE.688701,688701.SH,卓锦股份,1,2.9890976744186046,,3,0.28000,1.0,1,primary_count_le1,1.080000,1,1.02,0.9884651162790697,0.9916279069767442,0.0031627907
20250507,20250508,SHSE.688565,688565.SH,力源科技,2,2.988613953488372,,3,0.28000,1.0,1,primary_count_le1,1.080000,1,1.02,0.987906976744186,0.9914418604651163,0.0035348837
20250507,20250508,SZSE.002963,002963.SZ,豪尔赛,3,2.984855813953488,,3,0.28000,1.0,1,primary_count_le1,1.000000,1,1.02,0.9925581395348837,0.954046511627907,0.0385116279
20250508,20250509,SHSE.688701,688701.SH,卓锦股份,1,2.989732142857143,,3,0.28000,1.0,1,primary_count_le1,1.080000,1,1.02,0.9899553571428571,0.9888392857142857,0.0011160714
20250508,20250509,SHSE.688565,688565.SH,力源科技,2,2.989471726190476,,3,0.28000,1.0,1,primary_count_le1,1.080000,1,1.02,0.9895833333333334,0.9890252976190477,0.0005580357
20250508,20250509,SHSE.688021,688021.SH,奥福科技,3,2.9890997023809525,,3,0.28000,1.0,1,primary_count_le1,1.080000,1,1.02,0.98828125,0.9923735119047619,0.0040922619
20250509,20250512,SHSE.688701,688701.SH,卓锦股份,1,2.9926339285714287,,3,0.28000,1.0,1,primary_count_le1,1.080000,1,1.02,0.9925595238095238,0.9929315476190477,0.0003720238
20250509,20250512,SHSE.688565,688565.SH,力源科技,2,2.9924107142857146,,3,0.28000,1.0,1,primary_count_le1,1.080000,1,1.02,0.9920014880952381,0.9940476190476191,0.0020461310
20250509,20250512,SHSE.688021,688021.SH,奥福科技,3,2.990364583333333,,3,0.28000,1.0,1,primary_count_le1,1.080000,1,1.02,0.9906994047619048,0.9890252976190477,0.0016741071
20250512,20250513,SHSE.688701,688701.SH,卓锦股份,1,2.99453125,,3,0.28000,1.0,1,primary_count_le1,1.080000,1,1.02,0.9940476190476191,0.9964657738095238,0.0024181548
20250512,20250513,SHSE.688565,688565.SH,力源科技,2,2.993638392857143,,3,0.28000,1.0,1,primary_count_le1,1.080000,1,1.02,0.9931175595238095,0.9957217261904762,0.0026041667
20250512,20250513,SHSE.688021,688021.SH,奥福科技,3,2.9925595238095237,,3,0.28000,1.0,1,primary_count_le1,1.080000,1,1.02,0.9921875,0.9940476190476191,0.0018601190
20250513,20250514,SHSE.688565,688565.SH,力源科技,1,2.99133506879881,,3,0.28000,1.0,1,primary_count_le1,1.080000,1,1.02,0.9914466344365935,0.9908888062476757,0.0005578282
20250513,20250514,SHSE.688701,688701.SH,卓锦股份,2,2.9908702119747117,,3,0.28000,1.0,1,primary_count_le1,1.080000,1,1.02,0.9923763480847899,0.9848456675343994,0.0075306806
20250513,20250514,SHSE.688021,688021.SH,奥福科技,3,2.988843436221644,,3,0.28000,1.0,1,primary_count_le1,1.080000,1,1.02,0.9903309780587579,0.9828932688731871,0.0074377092
20250514,20250515,SHSE.688701,688701.SH,卓锦股份,1,2.993380438824842,,3,0.28000,1.0,1,primary_count_le1,1.080000,1,1.02,0.993120119003347,0.9944217181108219,0.0013015991
20250514,20250515,SHSE.688565,688565.SH,力源科技,2,2.992636667906285,,3,0.28000,1.0,1,primary_count_le1,1.080000,1,1.02,0.9923763480847899,0.9936779471922648,0.0013015991
20250514,20250515,SHSE.688021,688021.SH,奥福科技,3,2.9910003718854594,,3,0.28000,1.0,1,primary_count_le1,1.080000,1,1.02,0.9908888062476757,0.9914466344365935,0.0005578282
20250515,20250516,SHSE.688701,688701.SH,卓锦股份,1,2.992635298493584,,3,0.28000,1.0,1,primary_count_le1,1.080000,1,1.02,0.993490794123117,0.989213315975451,0.0042774781
20250515,20250516,SHSE.688565,688565.SH,力源科技,2,2.991854193788358,,3,0.28000,1.0,1,primary_count_le1,1.080000,1,1.02,0.9927468848800446,0.9882834294216105,0.0044634555
20250515,20250516,SHSE.688021,688021.SH,奥福科技,3,2.9908871117723637,,3,0.28000,1.0,1,primary_count_le1,1.080000,1,1.02,0.9918169983262042,0.987167565557002,0.0046494328
20250516,20250519,SHSE.688701,688701.SH,卓锦股份,1,2.9932688731870583,,3,0.28000,1.0,1,primary_count_le1,1.080000,1,1.02,0.9940498326515433,0.9901450353291187,0.0039047973
20250516,20250519,SHSE.688021,688021.SH,奥福科技,2,2.9927854220899963,,3,0.28000,1.0,1,primary_count_le1,1.080000,1,1.02,0.9920044626255113,0.995909259947936,0.0039047973
20250516,20250519,SHSE.688565,688565.SH,力源科技,3,2.992153216809223,,3,0.28000,1.0,1,primary_count_le1,1.080000,1,1.02,0.9929341762737077,0.989029378951283,0.0039047973
20250519,20250520,SHSE.688021,688021.SH,奥福科技,1,2.991925581395349,,3,0.28000,1.0,1,primary_count_le1,1.080000,1,1.02,0.9925581395348837,0.9893953488372093,0.0031627907
20250519,20250520,SHSE.688565,688565.SH,力源科技,2,2.991925581395349,,3,0.28000,1.0,1,primary_count_le1,1.080000,1,1.02,0.9931162790697674,0.9871627906976744,0.0059534884
20250519,20250520,SHSE.688701,688701.SH,卓锦股份,3,2.9907348837209304,,3,0.28000,1.0,1,primary_count_le1,1.080000,1,1.02,0.9938604651162791,0.9782325581395349,0.0156279070
20250520,20250521,SHSE.688021,688021.SH,奥福科技,1,2.990893885894815,,3,0.28000,1.0,1,primary_count_le1,1.080000,1,1.02,0.992380598401784,0.9849470358669392,0.0074335625
20250520,20250521,SHSE.688701,688701.SH,卓锦股份,2,2.990522207768073,,3,0.28000,1.0,1,primary_count_le1,1.080000,1,1.02,0.9936814718453819,0.9778851514588367,0.0157963204
20250520,20250521,SHSE.688565,688565.SH,力源科技,3,2.988775320572384,,3,0.28000,1.0,1,primary_count_le1,1.080000,1,1.02,0.987734621817506,0.9929381155918974,0.0052034938
20250521,20250522,SHSE.688565,688565.SH,力源科技,1,2.9940115305932675,,3,0.28000,1.0,1,primary_count_le1,1.080000,1,1.02,0.9936767714338851,0.9953505672307978,0.0016737958
20250521,20250522,SHSE.688021,688021.SH,奥福科技,2,2.9931560349637345,,3,0.28000,1.0,1,primary_count_le1,1.080000,1,1.02,0.993304816812349,0.9925609075692765,0.0007439092
20250521,20250522,SHSE.688701,688701.SH,卓锦股份,3,2.9906639389994423,,3,0.28000,1.0,1,primary_count_le1,1.080000,1,1.02,0.9940487260554213,0.9771247907755254,0.0169239353
20250522,20250523,SHSE.688021,688021.SH,奥福科技,1,2.994603647190175,,3,0.28000,1.0,1,primary_count_le1,1.080000,1,1.02,0.9940454037960551,0.9968366207666542,0.0027912170
20250522,20250523,SHSE.688701,688701.SH,卓锦股份,2,2.99352437662821,,3,0.28000,1.0,1,primary_count_le1,1.080000,1,1.02,0.9946036471901749,0.9892072943803498,0.0053963528
20250522,20250523,SHSE.688565,688565.SH,力源科技,3,2.9922962411611462,,3,0.28000,1.0,1,primary_count_le1,1.080000,1,1.02,0.9944175660588016,0.9838109415705247,0.0106066245
20250523,20250526,SHSE.688021,688021.SH,奥福科技,1,2.9941592261904764,,3,0.28000,1.0,1,primary_count_le1,1.080000,1,1.02,0.9936755952380952,0.99609375,0.0024181548
20250523,20250526,SHSE.688565,688565.SH,力源科技,2,2.994010416666667,,3,0.28000,1.0,1,primary_count_le1,1.080000,1,1.02,0.9946056547619048,0.9916294642857143,0.0029761905
20250523,20250526,SHSE.688701,688701.SH,卓锦股份,3,2.993563988095238,,3,0.28000,1.0,1,primary_count_le1,1.080000,1,1.02,0.9951636904761905,0.9871651785714286,0.0079985119
20250526,20250527,SHSE.688272,688272.SH,富吉瑞,1,2.989614740368509,,3,0.28000,1.0,1,primary_count_le1,1.080000,1,1.02,0.9899497487437185,0.9882747068676717,0.0016750419
20250526,20250527,SHSE.603709,603709.SH,中源家居,2,2.988646938395682,,3,0.28000,1.0,1,primary_count_le1,1.080000,1,1.02,0.9910664433277498,0.9789689186674111,0.0120975247
20250526,20250527,SHSE.688701,688701.SH,卓锦股份,3,2.9862646566164157,,3,0.28000,1.0,1,primary_count_le1,1.080000,1,1.02,0.9858552019356039,0.9879024753396612,0.0020472734
20250527,20250528,SHSE.688565,688565.SH,力源科技,1,2.9934115019542156,,3,0.28000,1.0,1,primary_count_le1,1.080000,1,1.02,0.993858179787828,0.9916247906197655,0.0022333892
20250527,20250528,SHSE.688701,688701.SH,卓锦股份,2,2.992704262050996,,3,0.28000,1.0,1,primary_count_le1,1.080000,1,1.02,0.9934859482598176,0.9895775172157082,0.0039084310
20250527,20250528,SHSE.688021,688021.SH,奥福科技,3,2.9922203610645823,,3,0.28000,1.0,1,primary_count_le1,1.080000,1,1.02,0.9932998324958124,0.9879024753396612,0.0053973572
20250528,20250529,SHSE.688021,688021.SH,奥福科技,1,2.994600633029231,,3,0.28000,1.0,1,primary_count_le1,1.080000,1,1.02,0.9949730031651461,0.9931111524855707,0.0018618507
20250528,20250529,SHSE.688701,688701.SH,卓锦股份,2,2.9931856265127537,,3,0.28000,1.0,1,primary_count_le1,1.080000,1,1.02,0.9947868180971886,0.986780860175014,0.0080059579
20250528,20250529,SZSE.002910,002910.SZ,庄园牧场,3,2.9901321913982497,,3,0.28000,1.0,1,primary_count_le1,1.080000,1,1.02,0.9899460063302923,0.9908769316700801,0.0009309253
20250529,20250530,SHSE.688021,688021.SH,奥福科技,1,2.99464086341645,,3,0.28000,1.0,1,primary_count_le1,1.080000,1,1.02,0.9942314849274284,0.9962783773725344,0.0020468924
20250529,20250530,SHSE.688701,688701.SH,卓锦股份,2,2.994157052474879,,3,0.28000,1.0,1,primary_count_le1,1.080000,1,1.02,0.9936732415333085,0.9960922962411611,0.0024190547
20250529,20250530,SZSE.301372,301372.SZ,科净源,3,2.989318943059174,,3,0.28000,1.0,1,primary_count_le1,1.080000,1,1.02,0.98864905098623,0.991998511350949,0.0033494604
20250530,20250603,SHSE.688021,688021.SH,奥福科技,1,2.9946770891494507,,3,0.28000,1.0,1,primary_count_le1,1.080000,1,1.02,0.9942304113158384,0.996463800483901,0.0022333892
20250530,20250603,SHSE.688701,688701.SH,卓锦股份,2,2.993858179787828,,3,0.28000,1.0,1,primary_count_le1,1.080000,1,1.02,0.9934859482598176,0.9953471058998697,0.0018611576
20250530,20250603,SHSE.688659,688659.SH,元琛科技,3,2.9907314349525405,,3,0.28000,1.0,1,primary_count_le1,1.080000,1,1.02,0.990321980271729,0.9923692536757863,0.0020472734
20250603,20250604,SHSE.688021,688021.SH,奥福科技,1,2.9931458372136337,,3,0.28000,1.0,1,primary_count_le1,1.080000,1,1.02,0.9934810951760105,0.9918048053641274,0.0016762898
20250603,20250604,SHSE.688701,688701.SH,卓锦股份,2,2.9928478301359656,,3,0.28000,1.0,1,primary_count_le1,1.080000,1,1.02,0.9932948407524679,0.9910597876699572,0.0022350531
20250603,20250604,SHSE.600448,600448.SH,华纺股份,3,1.9890482398956975,,3,0.28000,1.0,1,primary_count_le1,1.080000,1,1.02,0.9886384801639039,0.990687278822872,0.0020487987
20250604,20250605,SZSE.003011,003011.SZ,海象新材,1,2.991218604651163,,3,0.28000,1.0,1,primary_count_le1,1.080000,1,1.02,0.9912558139534884,0.9910697674418605,0.0001860465
20250604,20250605,SHSE.603616,603616.SH,韩建河山,2,2.991032558139535,,3,0.28000,1.0,1,primary_count_le1,1.080000,1,1.02,0.9918139534883721,0.987906976744186,0.0039069767
20250604,20250605,SHSE.603316,603316.SH,诚邦股份,3,2.9868279069767443,,3,0.28000,1.0,1,primary_count_le1,1.080000,1,1.02,0.9862325581395349,0.9892093023255814,0.0029767442
20250605,20250606,SHSE.603616,603616.SH,韩建河山,1,2.9909243072345175,,3,0.28000,1.0,1,primary_count_le1,1.080000,1,1.02,0.9912590663938999,0.9895852705969872,0.0016737958
20250605,20250606,SZSE.300929,300929.SZ,华骐环保,2,2.989213315975451,,3,0.28000,1.0,1,primary_count_le1,1.080000,1,1.02,0.9888413613539149,0.9907011344615957,0.0018597731
20250605,20250606,SHSE.688565,688565.SH,力源科技,3,2.988543797656686,,3,0.28000,1.0,1,primary_count_le1,1.080000,1,1.02,0.989213315975451,0.9858657243816255,0.0033475916
20250606,20250609,SHSE.603616,603616.SH,韩建河山,1,2.9879159695110618,,3,0.28000,1.0,1,primary_count_le1,1.080000,1,1.02,0.987544153188325,0.9894032348020078,0.0018590816
20250606,20250609,SZSE.002652,002652.SZ,扬子新材,2,2.987655698085146,,3,0.28000,1.0,1,primary_count_le1,1.080000,1,1.02,0.9871723368655884,0.9895891429633761,0.0024168061
20250606,20250609,SZSE.300838,300838.SZ,浙江力诺,3,2.9859825246328313,,3,0.28000,1.0,1,primary_count_le1,1.080000,1,1.02,0.9854991634132738,0.9879159695110615,0.0024168061
20250609,20250610,SHSE.688565,688565.SH,力源科技,1,2.9892465116279068,,3,0.28000,1.0,1,primary_count_le1,1.080000,1,1.02,0.9908837209302326,0.9826976744186047,0.0081860465
20250609,20250610,SZSE.300736,300736.SZ,百邦科技,2,2.9880930232558143,,3,0.28000,1.0,1,primary_count_le1,1.080000,1,1.02,0.9892093023255814,0.9836279069767442,0.0055813953
20250609,20250610,SHSE.688296,688296.SH,和达科技,3,2.987497674418605,,3,0.28000,1.0,1,primary_count_le1,1.080000,1,1.02,0.9866046511627907,0.9910697674418605,0.0044651163
20250610,20250611,SHSE.688565,688565.SH,力源科技,1,2.9898903549526112,,3,0.28000,1.0,1,primary_count_le1,1.080000,1,1.02,0.990708046831444,0.9866195874372793,0.0040884594
20250610,20250611,SHSE.603616,603616.SH,韩建河山,2,2.989370005575172,,3,0.28000,1.0,1,primary_count_le1,1.080000,1,1.02,0.9897788515145883,0.987734621817506,0.0020442297
20250610,20250611,SZSE.300929,300929.SZ,华骐环保,3,2.9887009849470356,,3,0.28000,1.0,1,primary_count_le1,1.080000,1,1.02,0.9903363687047018,0.9821594499163724,0.0081769188
20250611,20250612,SZSE.300929,300929.SZ,华骐环保,1,2.9913447251114413,,3,0.28000,1.0,1,primary_count_le1,1.080000,1,1.02,0.9910846953937593,0.9923848439821694,0.0013001486
20250611,20250612,SZSE.300665,300665.SZ,飞鹿股份,2,2.9909732540861813,,3,0.28000,1.0,1,primary_count_le1,1.080000,1,1.02,0.9907132243684993,0.9920133729569094,0.0013001486
20250611,20250612,SHSE.603616,603616.SH,韩建河山,3,2.9905274888558693,,3,0.28000,1.0,1,primary_count_le1,1.080000,1,1.02,0.9912704309063893,0.987555720653789,0.0037147103
20250612,20250613,SZSE.300929,300929.SZ,华骐环保,1,2.989450222882615,,3,0.28000,1.0,1,primary_count_le1,1.080000,1,1.02,0.9894130757800892,0.9895988112927192,0.0001857355
20250612,20250613,SZSE.300736,300736.SZ,百邦科技,2,2.988187221396731,,3,0.28000,1.0,1,primary_count_le1,1.080000,1,1.02,0.987555720653789,0.9907132243684993,0.0031575037
20250612,20250613,SHSE.603616,603616.SH,韩建河山,3,2.987852897473997,,3,0.28000,1.0,1,primary_count_le1,1.080000,1,1.02,0.9901560178306092,0.9786404160475483,0.0115156018
20250613,20250616,SHSE.688565,688565.SH,力源科技,1,2.991826119264351,,3,0.28000,1.0,1,primary_count_le1,1.080000,1,1.02,0.9946126695151403,0.9806799182611926,0.0139327513
20250613,20250616,SHSE.603616,603616.SH,韩建河山,2,2.9889281070035296,,3,0.28000,1.0,1,primary_count_le1,1.080000,1,1.02,0.988296488946684,0.9914545792309122,0.0031580903
20250613,20250616,SZSE.300929,300929.SZ,华骐环保,3,2.987813486903214,,3,0.28000,1.0,1,primary_count_le1,1.080000,1,1.02,0.9888537989968419,0.9836522385287014,0.0052015605
20250616,20250617,SHSE.603616,603616.SH,韩建河山,1,2.989489322191272,,3,0.28000,1.0,1,primary_count_le1,1.080000,1,1.02,0.9886722376973074,0.992757660167131,0.0040854225
20250616,20250617,SHSE.688565,688565.SH,力源科技,2,2.988857938718663,,3,0.28000,1.0,1,primary_count_le1,1.080000,1,1.02,0.9918291550603529,0.9769730733519034,0.0148560817
20250616,20250617,SZSE.002652,002652.SZ,扬子新材,3,2.9884493964716805,,3,0.28000,1.0,1,primary_count_le1,1.080000,1,1.02,0.9877437325905293,0.991272051996286,0.0035283194
20250617,20250618,SHSE.688565,688565.SH,力源科技,1,2.992690166975881,,3,0.28000,1.0,1,primary_count_le1,1.080000,1,1.02,0.9931354359925788,0.990909090909091,0.0022263451
20250617,20250618,SZSE.300929,300929.SZ,华骐环保,2,2.9907235621521338,,3,0.28000,1.0,1,primary_count_le1,1.080000,1,1.02,0.990909090909091,0.9899814471243042,0.0009276438
20250617,20250618,SHSE.603616,603616.SH,韩建河山,3,2.988979591836735,,3,0.28000,1.0,1,primary_count_le1,1.080000,1,1.02,0.9888682745825603,0.9894248608534323,0.0005565863
20250618,20250619,SHSE.688565,688565.SH,力源科技,1,2.9923562152133583,,3,0.28000,1.0,1,primary_count_le1,1.080000,1,1.02,0.9927643784786642,0.9907235621521335,0.0020408163
20250618,20250619,SHSE.600448,600448.SH,华纺股份,2,2.992244897959184,,3,0.28000,1.0,1,primary_count_le1,1.080000,1,1.02,0.9916512059369202,0.9946196660482375,0.0029684601
20250618,20250619,SZSE.300929,300929.SZ,华骐环保,3,2.990055658627087,,3,0.28000,1.0,1,primary_count_le1,1.080000,1,1.02,0.9907235621521335,0.9873840445269016,0.0033395176
20250619,20250620,SHSE.688565,688565.SH,力源科技,1,2.993653739098163,,3,0.28000,1.0,1,primary_count_le1,1.080000,1,1.02,0.9933197253664873,0.9949897940248654,0.0016700687
20250619,20250620,SHSE.603616,603616.SH,韩建河山,2,2.989719799591761,,3,0.28000,1.0,1,primary_count_le1,1.080000,1,1.02,0.989979588049731,0.9886806457598812,0.0012989423
20250619,20250620,SHSE.600448,600448.SH,华纺股份,3,2.9896826869549082,,3,0.28000,1.0,1,primary_count_le1,1.080000,1,1.02,0.9890517721284098,0.9922063462609019,0.0031545741
20250620,20250623,SHSE.688565,688565.SH,力源科技,1,2.99165120593692,,3,0.28000,1.0,1,primary_count_le1,1.080000,1,1.02,0.9922077922077922,0.9894248608534323,0.0027829314
20250620,20250623,SHSE.600448,600448.SH,华纺股份,2,2.991465677179963,,3,0.28000,1.0,1,primary_count_le1,1.080000,1,1.02,0.990909090909091,0.9936920222634509,0.0027829314
20250620,20250623,SHSE.688156,688156.SH,路德科技,3,2.986270871985158,,3,0.28000,1.0,1,primary_count_le1,1.080000,1,1.02,0.9857142857142858,0.9884972170686457,0.0027829314
20250623,20250624,SHSE.600448,600448.SH,华纺股份,1,2.989823584029712,,3,0.28000,1.0,1,primary_count_le1,1.080000,1,1.02,0.9890436397400185,0.9929433611884866,0.0038997214
20250623,20250624,SZSE.300929,300929.SZ,华骐环保,2,2.9885051067780872,,3,0.28000,1.0,1,primary_count_le1,1.080000,1,1.02,0.9884865366759518,0.9885793871866295,0.0000928505
20250623,20250624,SZSE.002800,002800.SZ,天顺股份,3,1.9880408542246983,,3,0.28000,1.0,1,primary_count_le1,1.000000,1,1.02,0.9966573816155989,0.9535747446610956,0.0430826370
20250624,20250625,SHSE.688296,688296.SH,和达科技,1,2.9924276169265034,,3,0.28000,1.0,1,primary_count_le1,1.080000,1,1.02,0.994988864142539,0.9821826280623608,0.0128062361
20250624,20250625,SHSE.688701,688701.SH,卓锦股份,2,2.9878619153674832,,3,0.28000,1.0,1,primary_count_le1,1.080000,1,1.02,0.9879361544172235,0.9875649591685226,0.0003711952
20250624,20250625,SZSE.300929,300929.SZ,华骐环保,3,2.987230883444692,,3,0.28000,1.0,1,primary_count_le1,1.080000,1,1.02,0.9870081662954714,0.9881217520415738,0.0011135857
20250625,20250626,SHSE.688296,688296.SH,和达科技,1,2.9906829992576096,,3,0.28000,1.0,1,primary_count_le1,1.080000,1,1.02,0.9927616926503341,0.9823682256867112,0.0103934670
20250625,20250626,SHSE.688565,688565.SH,力源科技,2,2.987713437268003,,3,0.28000,1.0,1,primary_count_le1,1.080000,1,1.02,0.9901633259094283,0.9779138827023014,0.0122494432
20250625,20250626,SHSE.688701,688701.SH,卓锦股份,3,2.9845582776540462,,3,0.28000,1.0,1,primary_count_le1,1.080000,1,1.02,0.9890497401633259,0.9665924276169265,0.0224573125
20250626,20250627,SHSE.688296,688296.SH,和达科技,1,2.9945835652012613,,3,0.28000,1.0,1,primary_count_le1,1.080000,1,1.02,0.9946206640697459,0.9944351697273233,0.0001854943
20250626,20250627,SHSE.688681,688681.SH,科汇股份,2,2.989686514561306,,3,0.28000,1.0,1,primary_count_le1,1.080000,1,1.02,0.9892413281394917,0.9914672602485625,0.0022259321
20250626,20250627,SZSE.300749,300749.SZ,顶固集创,3,2.989463921350399,,3,0.28000,1.0,1,primary_count_le1,1.080000,1,1.02,0.9888703394546466,0.9918382489334076,0.0029679095
20250627,20250630,SZSE.300929,300929.SZ,华骐环保,1,2.9936525612472162,,3,0.28000,1.0,1,primary_count_le1,1.080000,1,1.02,0.9936896807720861,0.9935040831477358,0.0001855976
20250627,20250630,SHSE.688701,688701.SH,卓锦股份,2,2.9934669636228657,,3,0.28000,1.0,1,primary_count_le1,1.080000,1,1.02,0.9946176688938382,0.9888641425389755,0.0057535264
20250627,20250630,SHSE.600768,600768.SH,宁波富邦,3,2.9924276169265034,,3,0.28000,1.0,1,primary_count_le1,1.080000,1,1.02,0.9916481069042317,0.9955456570155902,0.0038975501
20250630,20250701,SZSE.300838,300838.SZ,浙江力诺,1,2.995135536576309,,3,0.28000,1.0,1,primary_count_le1,1.080000,1,1.02,0.9944300037133309,0.9979576680282213,0.0035276643
20250630,20250701,SZSE.300929,300929.SZ,华骐环保,2,2.99242480505013,,3,0.28000,1.0,1,primary_count_le1,1.080000,1,1.02,0.9920163386557742,0.9940586706275529,0.0020423320
20250630,20250701,SZSE.300736,300736.SZ,百邦科技,3,2.991125139249907,,3,0.28000,1.0,1,primary_count_le1,1.080000,1,1.02,0.9946156702562198,0.9771630152246565,0.0174526550
20250701,20250702,SZSE.300838,300838.SZ,浙江力诺,1,2.9959903471319844,,3,0.28000,1.0,1,primary_count_le1,1.080000,1,1.02,0.9953591980694264,0.9985149433822165,0.0031557453
20250701,20250702,SHSE.600448,600448.SH,华纺股份,2,2.9913124187859665,,3,0.28000,1.0,1,primary_count_le1,1.080000,1,1.02,0.9959160943010952,0.9728977167254501,0.0230183776
20250701,20250702,SHSE.688565,688565.SH,力源科技,3,2.9877111564878414,,3,0.28000,1.0,1,primary_count_le1,1.000000,1,1.02,0.9946166697605346,0.960089103397067,0.0345275664
20250702,20250703,SHSE.605303,605303.SH,园林股份,1,2.998750835499443,,3,0.28000,1.0,1,primary_count_le1,1.000000,1,1.02,1.006747122168585,0.9667656888228742,0.0399814333
20250702,20250703,SZSE.300849,300849.SZ,锦盛新材,2,2.9974006683995547,,3,0.28000,1.0,1,primary_count_le1,1.080000,1,1.02,0.9970293353137765,0.9988860007426662,0.0018566654
20250702,20250703,SZSE.300838,300838.SZ,浙江力诺,3,2.99494987003342,,3,0.28000,1.0,1,primary_count_le1,1.080000,1,1.02,0.9942443371704419,0.9977720014853323,0.0035276643
20250703,20250704,SZSE.300849,300849.SZ,锦盛新材,1,3.006822539918307,,3,0.28000,1.0,1,primary_count_le1,1.080000,1,1.02,1.0083252877831415,1.0008115484589677,0.0075137393
20250703,20250704,SHSE.688296,688296.SH,和达科技,2,2.9952469365020424,,3,0.28000,1.0,1,primary_count_le1,1.080000,1,1.02,0.9966580022279985,0.9896026735982176,0.0070553286
20250703,20250704,SZSE.300838,300838.SZ,浙江力诺,3,2.994987003341998,,3,0.28000,1.0,1,primary_count_le1,1.080000,1,1.02,0.9942443371704419,0.9979576680282213,0.0037133309
20250704,20250707,SZSE.300849,300849.SZ,锦盛新材,1,3.006944580549369,,3,0.28000,1.0,1,primary_count_le1,1.080000,1,1.02,1.0084780994803266,1.0008105048255382,0.0076675947
20250704,20250707,SZSE.300838,300838.SZ,浙江力诺,2,2.9955456570155903,,3,0.28000,1.0,1,primary_count_le1,1.080000,1,1.02,0.9948032665181886,0.9985152190051967,0.0037119525
20250704,20250707,SZSE.300736,300736.SZ,百邦科技,3,2.99083147735709,,3,0.28000,1.0,1,primary_count_le1,1.080000,1,1.02,0.9936896807720861,0.9793986636971047,0.0142910171
20250707,20250708,SHSE.688296,688296.SH,和达科技,1,3.006320438091702,,3,0.28000,1.0,1,primary_count_le1,1.080000,1,1.02,1.0078856506404306,1.0000595878967886,0.0078260627
20250707,20250708,SZSE.300849,300849.SZ,锦盛新材,2,3.000320772229441,,3,0.28000,1.0,1,primary_count_le1,1.000000,1,1.02,1.007501392240579,0.9715982921848896,0.0359031001
20250707,20250708,SHSE.688701,688701.SH,卓锦股份,3,2.9982476331910153,,3,0.28000,1.0,1,primary_count_le1,1.000000,1,1.02,1.0063950250603304,0.9656580657137553,0.0407369593
20250708,20250709,SZSE.300849,300849.SZ,锦盛新材,1,3.000103973264018,,3,0.28000,1.0,1,primary_count_le1,1.000000,1,1.02,1.0073709617526923,0.9710360193093205,0.0363349424
20250708,20250709,SZSE.300838,300838.SZ,浙江力诺,2,2.995469736353509,,3,0.28000,1.0,1,primary_count_le1,1.080000,1,1.02,0.9946156702562198,0.9988860007426662,0.0042703305
20250708,20250709,SHSE.688296,688296.SH,和达科技,3,2.9953954697363536,,3,0.28000,1.0,1,primary_count_le1,1.080000,1,1.02,0.9966580022279985,0.9903453397697735,0.0063126625
20250709,20250710,SZSE.300838,300838.SZ,浙江力诺,1,2.995769159398775,,3,0.28000,1.0,1,primary_count_le1,1.080000,1,1.02,0.9949897940248654,0.9988866208944146,0.0038968269
20250709,20250710,SHSE.600697,600697.SH,欧亚集团,2,2.9952124698459826,,3,0.28000,1.0,1,primary_count_le1,1.080000,1,1.02,0.9944331044720728,0.9983299313416218,0.0038968269
20250709,20250710,SHSE.600778,600778.SH,友好集团,3,2.995138244572277,,3,0.28000,1.0,1,primary_count_le1,1.080000,1,1.02,0.9942475412878085,0.9987010577101503,0.0044535164
20250710,20250711,SHSE.600697,600697.SH,欧亚集团,1,2.9961537205418445,,3,0.28000,1.0,1,primary_count_le1,1.080000,1,1.02,0.9951753572091298,1.0000671738727036,0.0048918167
20250710,20250711,SZSE.301037,301037.SZ,保立佳,2,2.995448728892188,,3,0.28000,1.0,1,primary_count_le1,1.080000,1,1.02,0.9942475412878085,1.0002534793097049,0.0060059380
20250710,20250711,SHSE.688659,688659.SH,元琛科技,3,2.994618667656337,,3,0.28000,1.0,1,primary_count_le1,1.080000,1,1.02,0.995360920393394,0.9916496567081091,0.0037112637
20250711,20250714,SZSE.300849,300849.SZ,锦盛新材,1,3.0056517708140182,,3,0.28000,1.0,1,primary_count_le1,1.080000,1,1.02,1.0085017615427407,0.9942518078991285,0.0142499536
20250711,20250714,SHSE.600778,600778.SH,友好集团,2,2.9975288707583907,,3,0.28000,1.0,1,primary_count_le1,1.080000,1,1.02,0.9968477656221028,1.0002532913035416,0.0034055257
20250711,20250714,SHSE.600697,600697.SH,欧亚集团,3,2.9964398294084926,,3,0.28000,1.0,1,primary_count_le1,1.080000,1,1.02,0.9961060634155386,0.9977748933803078,0.0016688300
20250714,20250715,SZSE.300849,300849.SZ,锦盛新材,1,3.0054386941198294,,3,0.28000,1.0,1,primary_count_le1,1.080000,1,1.02,1.0079577072899277,0.9953626414394361,0.0125950659
20250714,20250715,SHSE.600768,600768.SH,宁波富邦,2,3.0032083101465403,,3,0.28000,1.0,1,primary_count_le1,1.080000,1,1.02,1.0071174179187534,0.9875718790576887,0.0195455389
20250714,20250715,SZSE.300929,300929.SZ,华骐环保,3,2.9953626414394363,,3,0.28000,1.0,1,primary_count_le1,1.080000,1,1.02,0.9946206640697459,0.998330550918197,0.0037098868
20250715,20250716,SZSE.300849,300849.SZ,锦盛新材,1,3.0047195845697328,,3,0.28000,1.0,1,primary_count_le1,1.080000,1,1.02,1.0084031899109793,0.9899851632047477,0.0184180267
20250715,20250716,SHSE.688659,688659.SH,元琛科技,2,2.9956602373887242,,3,0.28000,1.0,1,primary_count_le1,1.080000,1,1.02,0.9964762611275965,0.9923961424332344,0.0040801187
20250715,20250716,SZSE.300736,300736.SZ,百邦科技,3,2.99540059347181,,3,0.28000,1.0,1,primary_count_le1,1.080000,1,1.02,0.9957344213649851,0.9940652818991098,0.0016691395
20250716,20250717,SZSE.300849,300849.SZ,锦盛新材,1,3.0067929896142433,,3,0.28000,1.0,1,primary_count_le1,1.080000,1,1.02,1.0084272997032642,1.00025574925816,0.0081715504
20250716,20250717,SZSE.002780,002780.SZ,三夫户外,2,3.0059747774480714,,3,0.28000,1.0,1,primary_count_le1,1.080000,1,1.02,1.0078393916913946,0.9985163204747775,0.0093230712
20250716,20250717,SHSE.688701,688701.SH,卓锦股份,3,2.9973293768545997,,3,0.28000,1.0,1,primary_count_le1,1.080000,1,1.02,0.9974035608308606,0.9970326409495549,0.0003709199
20250717,20250718,SHSE.600493,600493.SH,凤竹纺织,1,3.005427776747636,,3,0.28000,1.0,1,primary_count_le1,1.080000,1,1.02,1.0075264231411087,0.9970331911737438,0.0104932320
20250717,20250718,SZSE.300849,300849.SZ,锦盛新材,2,3.0053387724828484,,3,0.28000,1.0,1,primary_count_le1,1.080000,1,1.02,1.0079714444650474,0.9948080845540516,0.0131633599
20250717,20250718,SZSE.002780,002780.SZ,三夫户外,3,3.0039992582977932,,3,0.28000,1.0,1,primary_count_le1,1.080000,1,1.02,1.0076877433710365,0.9892453180048211,0.0184424254
20250718,20250721,SZSE.300849,300849.SZ,锦盛新材,1,3.006737388724036,,3,0.28000,1.0,1,primary_count_le1,1.080000,1,1.02,1.008746290801187,0.9987017804154302,0.0100445104
20250718,20250721,SZSE.002780,002780.SZ,三夫户外,2,3.0041172106824927,,3,0.28000,1.0,1,primary_count_le1,1.080000,1,1.02,1.0082066023738872,0.987759643916914,0.0204469585
20250718,20250721,SZSE.300929,300929.SZ,华骐环保,3,2.9950296735905044,,3,0.28000,1.0,1,primary_count_le1,1.080000,1,1.02,0.9949925816023739,0.9951780415430267,0.0001854599
20250721,20250722,SZSE.300849,300849.SZ,锦盛新材,1,2.9950305952160208,,3,0.28000,1.0,1,primary_count_le1,1.080000,1,1.02,0.9964769145188207,0.9892453180048211,0.0072315965
20250721,20250722,SHSE.688701,688701.SH,卓锦股份,2,2.9944001483404414,,3,0.28000,1.0,1,primary_count_le1,1.080000,1,1.02,0.9955497867606156,0.9898015946597442,0.0057481921
20250721,20250722,SZSE.300749,300749.SZ,顶固集创,3,2.99380678657519,,3,0.28000,1.0,1,primary_count_le1,1.080000,1,1.02,0.9927684034860004,0.9979603189319488,0.0051919154
20250722,20250723,SZSE.002780,002780.SZ,三夫户外,1,2.9936560934891485,,3,0.28000,1.0,1,primary_count_le1,1.080000,1,1.02,0.9942496753849007,0.9912817659061398,0.0029679095
20250722,20250723,SZSE.300849,300849.SZ,锦盛新材,2,2.993544796883695,,3,0.28000,1.0,1,primary_count_le1,1.080000,1,1.02,0.9940641810424782,0.9914672602485625,0.0025969208
20250722,20250723,SHSE.688659,688659.SH,元琛科技,3,2.9922092376182525,,3,0.28000,1.0,1,primary_count_le1,1.080000,1,1.02,0.9925802263030977,0.9907252828788722,0.0018549434
20250723,20250724,SZSE.300849,300849.SZ,锦盛新材,1,2.997974717330862,,3,0.28000,1.0,1,primary_count_le1,1.080000,1,1.02,0.9974050046339203,1.0002535681186284,0.0028485635
20250723,20250724,SHSE.688659,688659.SH,元琛科技,2,2.994068582020389,,3,0.28000,1.0,1,primary_count_le1,1.080000,1,1.02,0.9946246524559778,0.9918443002780352,0.0027803522
20250723,20250724,SHSE.688701,688701.SH,卓锦股份,3,2.9924003707136237,,3,0.28000,1.0,1,primary_count_le1,1.080000,1,1.02,0.995366079703429,0.9805375347544022,0.0148285449
20250724,20250725,SZSE.300849,300849.SZ,锦盛新材,1,3.006426399703374,,3,0.28000,1.0,1,primary_count_le1,1.080000,1,1.02,1.0083110863922877,0.9988876529477196,0.0094234334
20250724,20250725,SHSE.605567,605567.SH,春雪食品,2,3.0047104189840566,,3,0.28000,1.0,1,primary_count_le1,1.080000,1,1.02,1.007973674453096,0.9916573971078977,0.0163162773
20250724,20250725,SHSE.688701,688701.SH,卓锦股份,3,2.9943641082684467,,3,0.28000,1.0,1,primary_count_le1,1.080000,1,1.02,0.9970337411939192,0.9836855765665554,0.0133481646
20250725,20250728,SHSE.688701,688701.SH,卓锦股份,1,3.001761304670126,,3,0.28000,1.0,1,primary_count_le1,1.080000,1,1.02,1.007436990363232,0.979058561897702,0.0283784285
20250725,20250728,SZSE.300163,300163.SZ,先锋新材,2,3.0016856931060047,,3,0.28000,1.0,1,primary_count_le1,1.000000,1,1.02,1.0083617494440327,0.9749814677538917,0.0333802817
20250725,20250728,SZSE.300849,300849.SZ,锦盛新材,3,2.996256486286138,,3,0.28000,1.0,1,primary_count_le1,1.080000,1,1.02,0.9972201630837657,0.9924017790956264,0.0048183840
20250728,20250729,SHSE.605567,605567.SH,春雪食品,1,2.9947378173059107,,3,0.28000,1.0,1,primary_count_le1,1.080000,1,1.02,0.9966648137854364,0.9870298313878081,0.0096349824
20250728,20250729,SZSE.300849,300849.SZ,锦盛新材,2,2.9941078376876042,,3,0.28000,1.0,1,primary_count_le1,1.080000,1,1.02,0.9948119325551232,0.9912914582175283,0.0035204743
20250728,20250729,SZSE.300163,300163.SZ,先锋新材,3,2.993922549564573,,3,0.28000,1.0,1,primary_count_le1,1.080000,1,1.02,0.9974059662775616,0.9799888827126181,0.0174170836
20250729,20250730,SHSE.688701,688701.SH,卓锦股份,1,3.006306980188854,,3,0.28000,1.0,1,primary_count_le1,1.080000,1,1.02,1.0081614515830402,0.9988890946121088,0.0092723570
20250729,20250730,SZSE.300163,300163.SZ,先锋新材,2,3.0003614145528608,,3,0.28000,1.0,1,primary_count_le1,1.000000,1,1.02,1.0067931864469544,0.9746343269764859,0.0321588595
20250729,20250730,SZSE.300736,300736.SZ,百邦科技,3,2.9898537307905944,,3,0.28000,1.0,1,primary_count_le1,1.080000,1,1.02,0.9922236622847621,0.9803740048139233,0.0118496575
20250730,20250731,SHSE.688701,688701.SH,卓锦股份,1,3.0058211442325495,,3,0.28000,1.0,1,primary_count_le1,1.080000,1,1.02,1.0077393075356416,0.9981484910201814,0.0095908165
20250730,20250731,SHSE.688296,688296.SH,和达科技,2,2.994519533419737,,3,0.28000,1.0,1,primary_count_le1,1.080000,1,1.02,0.9937048694686169,0.9977781892242177,0.0040733198
20250730,20250731,SZSE.002144,002144.SZ,宏达高科,3,2.992112571745973,,3,0.28000,1.0,1,primary_count_le1,1.080000,1,1.02,0.9920385113867802,0.992408813182744,0.0003703018
20250731,20250801,SHSE.688701,688701.SH,卓锦股份,1,3.0064658143413006,,3,0.28000,1.0,1,primary_count_le1,1.080000,1,1.02,1.0084065221419307,0.9987029831387808,0.0097035390
20250731,20250801,SHSE.688296,688296.SH,和达科技,2,2.9957013155456735,,3,0.28000,1.0,1,primary_count_le1,1.080000,1,1.02,0.9951825088011859,0.9977765425236242,0.0025940337
20250731,20250801,SHSE.603183,603183.SH,建研院,3,2.993514915693904,,3,0.28000,1.0,1,primary_count_le1,1.080000,1,1.02,0.9925884750787475,0.9972206781545303,0.0046322031
20250801,20250804,SHSE.688701,688701.SH,卓锦股份,1,3.006567284179326,,3,0.28000,1.0,1,primary_count_le1,1.080000,1,1.02,1.0083549462763985,0.9994166357910338,0.0089383105
20250801,20250804,SZSE.300929,300929.SZ,华骐环保,2,2.991293071507966,,3,0.28000,1.0,1,primary_count_le1,1.080000,1,1.02,0.9918488329010745,0.9890700259355317,0.0027788070
20250801,20250804,SHSE.688659,688659.SH,元琛科技,3,2.9908855131530196,,3,0.28000,1.0,1,primary_count_le1,1.080000,1,1.02,0.9946276398666173,0.9759170062986291,0.0187106336
20250804,20250805,SHSE.688701,688701.SH,卓锦股份,1,3.0056867469879522,,3,0.28000,1.0,1,primary_count_le1,1.080000,1,1.02,1.0074328081556998,0.9987025023169601,0.0087303058
20250804,20250805,SZSE.300163,300163.SZ,先锋新材,2,2.9912511584800745,,3,0.28000,1.0,1,primary_count_le1,1.080000,1,1.02,0.9944392956441149,0.978498609823911,0.0159406858
20250804,20250805,SHSE.688659,688659.SH,元琛科技,3,2.99017608897127,,3,0.28000,1.0,1,primary_count_le1,1.080000,1,1.02,0.9933271547729379,0.9775718257645969,0.0157553290
20250805,20250806,SHSE.688701,688701.SH,卓锦股份,1,3.006053372868792,,3,0.28000,1.0,1,primary_count_le1,1.080000,1,1.02,1.008724981467754,0.9953669384729429,0.0133580430
20250805,20250806,SZSE.001366,001366.SZ,播恩集团,2,2.9739065974796146,,3,0.28000,1.0,1,primary_count_le1,1.080000,1,1.02,0.9728502594514455,0.9781319495922906,0.0052816901
20250805,20250806,SZSE.300736,300736.SZ,百邦科技,3,2.972498146775389,,3,0.28000,1.0,1,primary_count_le1,1.080000,1,1.02,0.9749814677538917,0.9625648628613788,0.0124166049
20250806,20250807,SZSE.001366,001366.SZ,播恩集团,1,2.979140422378659,,3,0.28000,1.0,1,primary_count_le1,1.080000,1,1.02,0.9789736939607262,0.979807336050389,0.0008336421
20250806,20250807,SHSE.688701,688701.SH,卓锦股份,2,2.9621341237495367,,3,0.28000,1.0,1,primary_count_le1,1.080000,1,1.02,0.9612819562801037,0.9655427936272694,0.0042608373
20250806,20250807,SZSE.300626,300626.SZ,华瑞股份,3,2.9548351241200446,,3,0.28000,1.0,1,primary_count_le1,1.080000,1,1.02,0.9525750277880697,0.9638755094479436,0.0113004817
20250807,20250808,SZSE.001366,001366.SZ,播恩集团,1,2.9788810670618746,,3,0.28000,1.0,1,primary_count_le1,1.080000,1,1.02,0.9786031863653205,0.9799925898480919,0.0013894035
20250807,20250808,SHSE.688701,688701.SH,卓锦股份,2,2.959540570581697,,3,0.28000,1.0,1,primary_count_le1,1.080000,1,1.02,0.9590589107076695,0.9614672100778066,0.0024082994
20250807,20250808,SHSE.688335,688335.SH,复洁科技,3,2.9570211189329383,,3,0.28000,1.0,1,primary_count_le1,1.080000,1,1.02,0.9596146721007781,0.9466469062615783,0.0129677658
20250808,20250811,SZSE.001366,001366.SZ,播恩集团,1,2.9791296296296297,,3,0.28000,1.0,1,primary_count_le1,1.080000,1,1.02,0.9787962962962963,0.980462962962963,0.0016666667
20250808,20250811,SHSE.688701,688701.SH,卓锦股份,2,2.9588888888888887,,3,0.28000,1.0,1,primary_count_le1,1.080000,1,1.02,0.9590740740740741,0.9581481481481482,0.0009259259
20250808,20250811,SHSE.688156,688156.SH,路德科技,3,2.958555555555556,,3,0.28000,1.0,1,primary_count_le1,1.080000,1,1.02,0.9638888888888889,0.9372222222222222,0.0266666667
20250811,20250812,SZSE.001366,001366.SZ,播恩集团,1,2.978948342899463,,3,0.28000,1.0,1,primary_count_le1,1.080000,1,1.02,0.9787076467320867,0.9799111275689687,0.0012034808
20250811,20250812,SZSE.300931,300931.SZ,通用电梯,2,2.9523421588594703,,3,0.28000,1.0,1,primary_count_le1,1.080000,1,1.02,0.9563043880762822,0.9364932419922236,0.0198111461
20250811,20250812,SHSE.688701,688701.SH,卓锦股份,3,2.951231253471579,,3,0.28000,1.0,1,primary_count_le1,1.080000,1,1.02,0.9553786335863729,0.9346417330124052,0.0207369006
20250812,20250813,SZSE.001366,001366.SZ,播恩集团,1,2.9800703182827535,,3,0.28000,1.0,1,primary_count_le1,1.080000,1,1.02,0.9798297557364914,0.9810325684678016,0.0012028127
20250812,20250813,SHSE.600448,600448.SH,华纺股份,2,2.9443375277572166,,3,0.28000,1.0,1,primary_count_le1,1.080000,1,1.02,0.9431902294596595,0.9489267209474463,0.0057364915
20250812,20250813,SHSE.600149,600149.SH,廊坊发展,3,2.928386380458919,,3,0.28000,1.0,1,primary_count_le1,1.080000,1,1.02,0.9269059955588453,0.9343079200592154,0.0074019245
20250813,20250814,SZSE.001366,001366.SZ,播恩集团,1,2.979929642658767,,3,0.28000,1.0,1,primary_count_le1,1.080000,1,1.02,0.9797259766709868,0.9807443066098871,0.0010183299
20250813,20250814,SZSE.300163,300163.SZ,先锋新材,2,2.961747824476949,,3,0.28000,1.0,1,primary_count_le1,1.080000,1,1.02,0.9644510275874838,0.9509350120348083,0.0135160156
20250813,20250814,SZSE.300838,300838.SZ,浙江力诺,3,2.938529901870024,,3,0.28000,1.0,1,primary_count_le1,1.080000,1,1.02,0.9390853545639697,0.9363080910942418,0.0027772635
20250814,20250815,SZSE.001366,001366.SZ,播恩集团,1,2.9799370719970386,,3,0.28000,1.0,1,primary_count_le1,1.080000,1,1.02,0.9797334813992227,0.9807514343883028,0.0010179530
20250814,20250815,SZSE.300163,300163.SZ,先锋新材,2,2.9620210993892284,,3,0.28000,1.0,1,primary_count_le1,1.080000,1,1.02,0.9642791042013696,0.9529890801406626,0.0112900241
20250814,20250815,SZSE.002144,002144.SZ,宏达高科,3,2.954580788450861,,3,0.28000,1.0,1,primary_count_le1,1.080000,1,1.02,0.9540995743105682,0.9565056450120304,0.0024060707
20250815,20250818,SZSE.001366,001366.SZ,播恩集团,1,2.9808219178082194,,3,0.28000,1.0,1,primary_count_le1,1.080000,1,1.02,0.9805627545353572,0.9818585708996668,0.0012958164
20250815,20250818,SZSE.300163,300163.SZ,先锋新材,2,2.962680488707886,,3,0.28000,1.0,1,primary_count_le1,1.080000,1,1.02,0.9650129581636431,0.9533506108848575,0.0116623473
20250815,20250818,SZSE.002144,002144.SZ,宏达高科,3,2.955572010366531,,3,0.28000,1.0,1,primary_count_le1,1.080000,1,1.02,0.9550166604961126,0.9577934098482044,0.0027767494
20250818,20250819,SHSE.688335,688335.SH,复洁科技,1,2.9883333333333333,,3,0.28000,1.0,1,primary_count_le1,1.080000,1,1.02,0.9875925925925926,0.9912962962962963,0.0037037037
20250818,20250819,SHSE.688156,688156.SH,路德科技,2,2.978888888888889,,3,0.28000,1.0,1,primary_count_le1,1.000000,1,1.02,0.9868518518518519,0.947037037037037,0.0398148148
20250818,20250819,SHSE.603700,603700.SH,宁水集团,3,1.993851851851852,,3,0.28000,1.0,1,primary_count_le1,1.080000,1,1.02,0.9929629629629629,0.9974074074074074,0.0044444444
20250819,20250820,SZSE.300749,300749.SZ,顶固集创,1,2.990449750138812,,3,0.28000,1.0,1,primary_count_le1,1.080000,1,1.02,0.9894503053858967,0.994447529150472,0.0049972238
20250819,20250820,SZSE.300635,300635.SZ,中达安,2,2.989709420692208,,3,0.28000,1.0,1,primary_count_le1,1.080000,1,1.02,0.9935221173422173,0.974458634092171,0.0190634833
20250819,20250820,SHSE.603172,603172.SH,万丰股份,3,2.006115121228947,,3,0.28000,1.0,1,primary_count_le1,1.080000,1,1.02,1.0081991486211364,0.9977790116601888,0.0104201370
20250820,20250821,SHSE.603356,603356.SH,华菱精工,1,2.992519903721533,,3,0.28000,1.0,1,primary_count_le1,1.080000,1,1.02,0.993519718570635,0.988520644325125,0.0049990742
20250820,20250821,SHSE.688335,688335.SH,复洁科技,2,2.9917422699500094,,3,0.28000,1.0,1,primary_count_le1,1.080000,1,1.02,0.9920385113867802,0.9905573042029254,0.0014812072
20250820,20250821,SZSE.300635,300635.SZ,中达安,3,2.990112942047769,,3,0.28000,1.0,1,primary_count_le1,1.080000,1,1.02,0.9933345676726532,0.9772264395482319,0.0161081281
20250821,20250822,SHSE.688335,688335.SH,复洁科技,1,2.992339008142117,,3,0.28000,1.0,1,primary_count_le1,1.080000,1,1.02,0.9907475943745374,0.9987046632124352,0.0079570688
20250821,20250822,SHSE.600455,600455.SH,博通股份,2,2.9919319022945965,,3,0.28000,1.0,1,primary_count_le1,1.080000,1,1.02,0.9903774981495189,0.9981495188749074,0.0077720207
20250821,20250822,SZSE.300823,300823.SZ,建科智能,3,2.9913397483345667,,3,0.28000,1.0,1,primary_count_le1,1.080000,1,1.02,0.9901924500370096,0.9959289415247965,0.0057364915
20250822,20250825,SZSE.300749,300749.SZ,顶固集创,1,3.0053890841813136,,3,0.28000,1.0,1,primary_count_le1,1.080000,1,1.02,1.0074301572617947,0.9972247918593895,0.0102053654
20250822,20250825,SHSE.603073,603073.SH,彩蝶实业,2,2.9963513413506013,,3,0.28000,1.0,1,primary_count_le1,1.080000,1,1.02,0.9953746530989824,1.000258094357077,0.0048834413
20250822,20250825,SHSE.688681,688681.SH,科汇股份,3,2.9958186864014804,,3,0.28000,1.0,1,primary_count_le1,1.080000,1,1.02,0.996854764107308,0.9916743755781684,0.0051803885
20250825,20250826,SHSE.603073,603073.SH,彩蝶实业,1,3.0066797039777984,,3,0.28000,1.0,1,primary_count_le1,1.080000,1,1.02,1.008146160962072,1.000813876040703,0.0073322849
20250825,20250826,SZSE.300417,300417.SZ,南华仪器,2,3.005932284921369,,3,0.28000,1.0,1,primary_count_le1,1.080000,1,1.02,1.0081554116558742,0.9970397779833488,0.0111156337
20250825,20250826,SZSE.300749,300749.SZ,顶固集创,3,3.005901202590194,,3,0.28000,1.0,1,primary_count_le1,1.080000,1,1.02,1.0078390379278446,0.9981498612395929,0.0096891767
20250826,20250827,SHSE.603073,603073.SH,彩蝶实业,1,3.0069697373288937,,3,0.28000,1.0,1,primary_count_le1,1.080000,1,1.02,1.0085090640029597,1.0008124306326305,0.0076966334
20250826,20250827,SZSE.301167,301167.SZ,建研设计,2,3.0039541250462447,,3,0.28000,1.0,1,primary_count_le1,1.080000,1,1.02,1.0072086570477248,0.9909359970403255,0.0162726600
20250826,20250827,SHSE.600883,600883.SH,博闻科技,3,3.001842397336293,,3,0.28000,1.0,1,primary_count_le1,1.080000,1,1.02,1.0070662227155014,0.9809470958194598,0.0261191269
20250827,20250828,SHSE.600847,600847.SH,万里股份,1,3.0052938783059,,3,0.28000,1.0,1,primary_count_le1,1.080000,1,1.02,1.0075420750878492,0.9963010911781025,0.0112409839
20250827,20250828,SZSE.300126,300126.SZ,锐奇股份,2,2.99604216756057,,3,0.28000,1.0,1,primary_count_le1,1.080000,1,1.02,0.995561309413723,0.9979656001479563,0.0024042907
20250827,20250828,SZSE.300626,300626.SZ,华瑞股份,3,2.9935269095616794,,3,0.28000,1.0,1,primary_count_le1,1.080000,1,1.02,0.9926021823562049,0.9972258183835768,0.0046236360
20250828,20250829,SZSE.300126,300126.SZ,锐奇股份,1,3.006766272189349,,3,0.28000,1.0,1,primary_count_le1,1.080000,1,1.02,1.0087814349112425,0.9987056213017751,0.0100758136
20250828,20250829,SZSE.002836,002836.SZ,新宏泽,2,2.997204105029586,,3,0.28000,1.0,1,primary_count_le1,1.080000,1,1.02,0.9964866863905325,1.0000737795857988,0.0035870932
20250828,20250829,SZSE.300417,300417.SZ,南华仪器,3,2.9952662721893493,,3,0.28000,1.0,1,primary_count_le1,1.080000,1,1.02,0.9948224852071006,0.9970414201183432,0.0022189349
20250829,20250901,SHSE.605567,605567.SH,春雪食品,1,3.0061839037927847,,3,0.28000,1.0,1,primary_count_le1,1.080000,1,1.02,1.0085161887141536,0.996854764107308,0.0116614246
20250829,20250901,SZSE.002836,002836.SZ,新宏泽,2,2.994486586493987,,3,0.28000,1.0,1,primary_count_le1,1.080000,1,1.02,0.9944495837187789,0.9946345975948196,0.0001850139
20250829,20250901,SZSE.300838,300838.SZ,浙江力诺,3,2.9919703977798333,,3,0.28000,1.0,1,primary_count_le1,1.080000,1,1.02,0.9929694727104533,0.9879740980573543,0.0049953747
20250901,20250902,SHSE.605567,605567.SH,春雪食品,1,2.994024051803885,,3,0.28000,1.0,1,primary_count_le1,1.080000,1,1.02,0.9959296947271046,0.9864014801110084,0.0095282146
20250901,20250902,SZSE.002836,002836.SZ,新宏泽,2,2.99263644773358,,3,0.28000,1.0,1,primary_count_le1,1.080000,1,1.02,0.9927844588344126,0.9920444033302498,0.0007400555
20250901,20250902,SHSE.603073,603073.SH,彩蝶实业,3,2.9924144310823313,,3,0.28000,1.0,1,primary_count_le1,1.080000,1,1.02,0.9944495837187789,0.9842738205365402,0.0101757632
20250902,20250903,SZSE.002494,002494.SZ,华斯股份,1,2.987606363300037,,3,0.28000,1.0,1,primary_count_le1,1.080000,1,1.02,0.9863115057343692,0.9927857935627081,0.0064742878
20250902,20250903,SHSE.600697,600697.SH,欧亚集团,2,2.9871254162042176,,3,0.28000,1.0,1,primary_count_le1,1.080000,1,1.02,0.9848316685164632,0.9963004069552349,0.0114687384
20250902,20250903,SHSE.605567,605567.SH,春雪食品,3,2.986940436551979,,3,0.28000,1.0,1,primary_count_le1,1.080000,1,1.02,0.9861265260821309,0.9901960784313726,0.0040695523
20250903,20250904,SHSE.605567,605567.SH,春雪食品,1,3.0032795857988166,,3,0.28000,1.0,1,primary_count_le1,1.080000,1,1.02,1.0081213017751478,0.9839127218934911,0.0242085799
20250903,20250904,SZSE.300635,300635.SZ,中达安,2,2.992603550295858,,3,0.28000,1.0,1,primary_count_le1,1.080000,1,1.02,0.9961168639053254,0.9785502958579881,0.0175665680
20250903,20250904,SHSE.688081,688081.SH,兴图新科,3,2.007547596153846,,3,0.28000,1.0,1,primary_count_le1,1.080000,1,1.02,1.0092307692307692,1.0008149038461538,0.0084158654
20250904,20250905,SZSE.301027,301027.SZ,华蓝集团,1,3.0061061586831883,,3,0.28000,1.0,1,primary_count_le1,1.080000,1,1.02,1.0079563528759017,0.9987053819123358,0.0092509710
20250904,20250905,SHSE.605567,605567.SH,春雪食品,2,2.9925097096356574,,3,0.28000,1.0,1,primary_count_le1,1.080000,1,1.02,0.9972258183835768,0.97364527464398,0.0235805437
20250904,20250905,SHSE.600671,600671.SH,天目药业,3,1.994303680414278,,3,0.28000,1.0,1,primary_count_le1,1.080000,1,1.02,0.9935269095616793,0.9974107638246718,0.0038838543
20250905,20250908,SZSE.301027,301027.SZ,华蓝集团,1,3.0061005917159767,,3,0.28000,1.0,1,primary_count_le1,1.080000,1,1.02,1.0079493343195267,0.9987056213017751,0.0092437130
20250905,20250908,SZSE.002591,002591.SZ,恒大高新,2,2.990273668639053,,3,0.28000,1.0,1,primary_count_le1,1.080000,1,1.02,0.992603550295858,0.9809541420118343,0.0116494083
20250905,20250908,SHSE.600671,600671.SH,天目药业,3,1.993639053254438,,3,0.28000,1.0,1,primary_count_le1,1.080000,1,1.02,0.9931582840236687,0.9955621301775148,0.0024038462
20250908,20250909,SHSE.688701,688701.SH,卓锦股份,1,2.9957855822550834,,3,0.28000,1.0,1,primary_count_le1,1.080000,1,1.02,0.9953789279112755,0.9974121996303142,0.0020332717
20250908,20250909,SZSE.300929,300929.SZ,华骐环保,2,2.9922735674676524,,3,0.28000,1.0,1,primary_count_le1,1.080000,1,1.02,0.9944547134935305,0.9835489833641404,0.0109057301
20250908,20250909,SZSE.002591,002591.SZ,恒大高新,3,2.9915711645101664,,3,0.28000,1.0,1,primary_count_le1,1.080000,1,1.02,0.9924214417744917,0.9881700554528651,0.0042513863
20250909,20250910,SHSE.688701,688701.SH,卓锦股份,1,2.989687673258178,,3,0.28000,1.0,1,primary_count_le1,1.080000,1,1.02,0.9913139900203289,0.9831824062095731,0.0081315838
20250909,20250910,SHSE.688565,688565.SH,力源科技,2,2.9807429310663465,,3,0.28000,1.0,1,primary_count_le1,1.080000,1,1.02,0.9829975974866013,0.9717242653853262,0.0112733321
20250909,20250910,SZSE.001260,001260.SZ,坤泰股份,3,1.9941600443540937,,3,0.28000,1.0,1,primary_count_le1,1.080000,1,1.02,0.9959342080946221,0.9870633893919794,0.0088708187
20250910,20250911,SZSE.301198,301198.SZ,喜悦智行,1,2.9964160354701646,,3,0.28000,1.0,1,primary_count_le1,1.080000,1,1.02,0.9970441529650841,0.9939035654904859,0.0031405875
20250910,20250911,SHSE.688701,688701.SH,卓锦股份,2,2.986587844079069,,3,0.28000,1.0,1,primary_count_le1,1.080000,1,1.02,0.9887308331793829,0.9780158876778127,0.0107149455
20250910,20250911,SZSE.001260,001260.SZ,坤泰股份,3,2.0039933493441717,,3,0.28000,1.0,1,primary_count_le1,1.080000,1,1.02,1.0077166081655273,0.9891003140587474,0.0186162941
20250911,20250912,SZSE.001336,001336.SZ,楚环科技,1,2.997301792644613,,3,0.28000,1.0,1,primary_count_le1,1.080000,1,1.02,0.9970430604324524,0.9983367214932545,0.0012936611
20250911,20250912,SZSE.002591,002591.SZ,恒大高新,2,2.9965995194973205,,3,0.28000,1.0,1,primary_count_le1,1.080000,1,1.02,0.9968582517094807,0.9955645906486786,0.0012936611
20250911,20250912,SZSE.300163,300163.SZ,先锋新材,3,2.9888005913879137,,3,0.28000,1.0,1,primary_count_le1,1.080000,1,1.02,0.9876178155608945,0.9935316946959897,0.0059138791
20250912,20250915,SZSE.001336,001336.SZ,楚环科技,1,3.0053801256002957,,3,0.28000,1.0,1,primary_count_le1,1.080000,1,1.02,1.0074639822681937,0.9970446989287034,0.0104192833
20250912,20250915,SZSE.300163,300163.SZ,先锋新材,2,2.9888067971924643,,3,0.28000,1.0,1,primary_count_le1,1.080000,1,1.02,0.9874399704469893,0.9942741041743628,0.0068341337
20250912,20250915,SZSE.300929,300929.SZ,华骐环保,3,2.9858884373845584,,3,0.28000,1.0,1,primary_count_le1,1.080000,1,1.02,0.9876246767639453,0.9789434798670115,0.0086811969
20250915,20250916,SZSE.001336,001336.SZ,楚环科技,1,3.0057058388765707,,3,0.28000,1.0,1,primary_count_le1,1.080000,1,1.02,1.0076866223207688,0.9977827050997783,0.0099039172
20250915,20250916,SZSE.002591,002591.SZ,恒大高新,2,2.9902069475240207,,3,0.28000,1.0,1,primary_count_le1,1.080000,1,1.02,0.9894678492239468,0.9931633407243163,0.0036954915
20250915,20250916,SZSE.300929,300929.SZ,华骐环保,3,2.9854028085735402,,3,0.28000,1.0,1,primary_count_le1,1.080000,1,1.02,0.9865114560236512,0.9809682187730968,0.0055432373
20250916,20250917,SZSE.002316,002316.SZ,亚联发展,1,3.0059408721359944,,3,0.28000,1.0,1,primary_count_le1,1.080000,1,1.02,1.009550997782705,0.99150036954915,0.0180506282
20250916,20250917,SZSE.001336,001336.SZ,楚环科技,2,2.998019105691057,,3,0.28000,1.0,1,primary_count_le1,1.080000,1,1.02,0.9974131559497413,1.0004429046563192,0.0030297487
20250916,20250917,SZSE.300929,300929.SZ,华骐环保,3,2.991352549889135,,3,0.28000,1.0,1,primary_count_le1,1.080000,1,1.02,0.9902069475240207,0.9959349593495935,0.0057280118
20250917,20250918,SZSE.001336,001336.SZ,楚环科技,1,3.006869340232859,,3,0.28000,1.0,1,primary_count_le1,1.080000,1,1.02,1.0083367214932544,1.0009998151912771,0.0073369063
20250917,20250918,SZSE.301198,301198.SZ,喜悦智行,2,2.9980561448900387,,3,0.28000,1.0,1,primary_count_le1,1.080000,1,1.02,0.9974126778783958,1.0006300129366106,0.0032173351
20250917,20250918,SZSE.300929,300929.SZ,华骐环保,3,2.9931620772500462,,3,0.28000,1.0,1,primary_count_le1,1.080000,1,1.02,0.9924228423581593,0.9961190168175937,0.0036961745
20250918,20250919,SZSE.002591,002591.SZ,恒大高新,1,3.005987430683919,,3,0.28000,1.0,1,primary_count_le1,1.080000,1,1.02,1.007992606284658,0.9979667282809612,0.0100258780
20250918,20250919,SHSE.688701,688701.SH,卓锦股份,2,2.988927911275416,,3,0.28000,1.0,1,primary_count_le1,1.080000,1,1.02,0.9872458410351201,0.9956561922365988,0.0084103512
20250918,20250919,SZSE.300929,300929.SZ,华骐环保,3,2.987837338262477,,3,0.28000,1.0,1,primary_count_le1,1.080000,1,1.02,0.9870609981515711,0.9909426987060999,0.0038817006
20250919,20250922,SZSE.001336,001336.SZ,楚环科技,1,2.996858832224686,,3,0.28000,1.0,1,primary_count_le1,1.080000,1,1.02,0.9966740576496674,0.9975979305247598,0.0009238729
20250919,20250922,SHSE.688701,688701.SH,卓锦股份,2,2.99150036954915,,3,0.28000,1.0,1,primary_count_le1,1.080000,1,1.02,0.9916851441241685,0.9907612712490761,0.0009238729
20250919,20250922,SHSE.688296,688296.SH,和达科技,3,2.989209164818921,,3,0.28000,1.0,1,primary_count_le1,1.080000,1,1.02,0.9902069475240207,0.9852180339985218,0.0049889135
20250922,20250923,SHSE.603778,603778.SH,国晟科技,1,3.0066094674556214,,3,0.28000,1.0,1,primary_count_le1,1.080000,1,1.02,1.0095562130177516,0.9948224852071006,0.0147337278
20250922,20250923,SZSE.001336,001336.SZ,楚环科技,2,3.005300295857988,,3,0.28000,1.0,1,primary_count_le1,1.080000,1,1.02,1.0075961538461538,0.9961168639053254,0.0114792899
20250922,20250923,SZSE.300929,300929.SZ,华骐环保,3,2.990569526627219,,3,0.28000,1.0,1,primary_count_le1,1.080000,1,1.02,0.9911242603550295,0.9883505917159763,0.0027736686
20250923,20250924,SHSE.603778,603778.SH,国晟科技,1,3.0068725526413003,,3,0.28000,1.0,1,primary_count_le1,1.080000,1,1.02,1.0094680458071665,0.9964905799778352,0.0129774658
20250923,20250924,SZSE.301198,301198.SZ,喜悦智行,2,3.0007373476172887,,3,0.28000,1.0,1,primary_count_le1,1.000000,1,1.02,1.007663465090506,0.9730328777244182,0.0346305874
20250923,20250924,SZSE.002836,002836.SZ,新宏泽,3,2.995862578500185,,3,0.28000,1.0,1,primary_count_le1,1.080000,1,1.02,0.9957517547100111,0.9963058736608792,0.0005541190
20250924,20250925,SHSE.603073,603073.SH,彩蝶实业,1,3.006150554323725,,3,0.28000,1.0,1,primary_count_le1,1.080000,1,1.02,1.0075813008130081,1.0004275683665926,0.0071537324
20250924,20250925,SZSE.002836,002836.SZ,新宏泽,2,2.997339246119734,,3,0.28000,1.0,1,primary_count_le1,1.080000,1,1.02,0.9970436067997044,0.9985218033998522,0.0014781966
20250924,20250925,SZSE.001336,001336.SZ,楚环科技,3,2.997137102734664,,3,0.28000,1.0,1,primary_count_le1,1.080000,1,1.02,0.9964892830746489,0.9997283813747228,0.0032390983
20250925,20250926,SZSE.300886,300886.SZ,华业香料,1,3.0053855243722305,,3,0.28000,1.0,1,primary_count_le1,1.080000,1,1.02,1.008716765140325,0.9920605612998523,0.0166562038
20250925,20250926,SZSE.002836,002836.SZ,新宏泽,2,2.9959748892171345,,3,0.28000,1.0,1,primary_count_le1,1.080000,1,1.02,0.9970457902511078,0.9916912850812407,0.0053545052
20250925,20250926,SZSE.300838,300838.SZ,浙江力诺,3,2.9955686853766617,,3,0.28000,1.0,1,primary_count_le1,1.080000,1,1.02,0.9948301329394387,0.9985228951255539,0.0036927622
20250926,20250929,SHSE.688450,688450.SH,光格科技,1,2.9951624815361892,,3,0.28000,1.0,1,primary_count_le1,1.080000,1,1.02,0.9963072378138847,0.9905834564254062,0.0057237814
20250926,20250929,SZSE.001231,001231.SZ,农心科技,2,2.9946824224519943,,3,0.28000,1.0,1,primary_count_le1,1.080000,1,1.02,0.9951994091580503,0.9926144756277696,0.0025849335
20250926,20250929,SZSE.300929,300929.SZ,华骐环保,3,2.987629246676514,,3,0.28000,1.0,1,primary_count_le1,1.080000,1,1.02,0.9885524372230429,0.9839364844903988,0.0046159527
20250929,20250930,SZSE.301040,301040.SZ,中环海陆,1,2.9969321751986695,,3,0.28000,1.0,1,primary_count_le1,1.080000,1,1.02,0.996673442986509,0.997967104047311,0.0012936611
20250929,20250930,SZSE.002494,002494.SZ,华斯股份,2,2.9955276289040844,,3,0.28000,1.0,1,primary_count_le1,1.080000,1,1.02,0.9951949732027352,0.9968582517094807,0.0016632785
20250929,20250930,SZSE.300929,300929.SZ,华骐环保,3,1.9936425799297726,,3,0.28000,1.0,1,primary_count_le1,1.080000,1,1.02,0.9929772685270745,0.9963038255405655,0.0033265570
20250930,20251009,SZSE.002743,002743.SZ,富煌钢构,1,3.0074589582563727,,3,0.28000,1.0,1,primary_count_le1,1.080000,1,1.02,1.0090764684152198,1.0009889176209827,0.0080875508
20250930,20251009,SZSE.300405,300405.SZ,科隆股份,2,3.006664203915774,,3,0.28000,1.0,1,primary_count_le1,1.080000,1,1.02,1.0086534909493905,0.9987070557813077,0.0099464352
20250930,20251009,SZSE.300929,300929.SZ,华骐环保,3,2.9935352789065384,,3,0.28000,1.0,1,primary_count_le1,1.080000,1,1.02,0.9926117473217584,0.9972294052456594,0.0046176579
20251009,20251010,SZSE.300838,300838.SZ,浙江力诺,1,2.9956377079482444,,3,0.28000,1.0,1,primary_count_le1,1.080000,1,1.02,0.9948243992606285,0.9988909426987062,0.0040665434
20251009,20251010,SZSE.300823,300823.SZ,建科智能,2,2.9956007393715343,,3,0.28000,1.0,1,primary_count_le1,1.080000,1,1.02,0.9950092421441774,0.9979667282809612,0.0029574861
20251009,20251010,SZSE.300929,300929.SZ,华骐环保,3,2.995120147874307,,3,0.28000,1.0,1,primary_count_le1,1.080000,1,1.02,0.9944547134935305,0.9977818853974122,0.0033271719
20251010,20251013,SHSE.688189,688189.SH,南新制药,1,3.007719231479771,,3,0.28000,1.0,1,primary_count_le1,1.080000,1,1.02,1.0094457786809532,1.0008130426750417,0.0086327360
20251010,20251013,SZSE.300929,300929.SZ,华骐环保,2,2.995640125623499,,3,0.28000,1.0,1,primary_count_le1,1.080000,1,1.02,0.9948272676888971,0.9988915573619065,0.0040642897
20251010,20251013,SHSE.688217,688217.SH,睿昂基因,3,2.9900240162571587,,3,0.28000,1.0,1,primary_count_le1,1.080000,1,1.02,0.9881766118603362,0.9974136338444486,0.0092370220
20251013,20251014,SHSE.688189,688189.SH,南新制药,1,3.0079044506001846,,3,0.28000,1.0,1,primary_count_le1,1.080000,1,1.02,1.0096306555863341,1.0009996306555864,0.0086310249
20251013,20251014,SHSE.603022,603022.SH,新通联,2,2.9962326869806093,,3,0.28000,1.0,1,primary_count_le1,1.080000,1,1.02,0.997045244690674,0.9929824561403509,0.0040627886
20251013,20251014,SZSE.300929,300929.SZ,华骐环保,3,2.9893628808864268,,3,0.28000,1.0,1,primary_count_le1,1.080000,1,1.02,0.9878116343490305,0.9955678670360111,0.0077562327
20251014,20251015,SHSE.688189,688189.SH,南新制药,1,3.0078658050221567,,3,0.28000,1.0,1,primary_count_le1,1.080000,1,1.02,1.0096288774002955,1.0008135155096012,0.0088153619
20251014,20251015,SZSE.300929,300929.SZ,华骐环保,2,2.9935745937961595,,3,0.28000,1.0,1,primary_count_le1,1.080000,1,1.02,0.9926144756277696,0.9974150664697193,0.0048005908
20251014,20251015,SZSE.300417,300417.SZ,南华仪器,3,2.9930945347119646,,3,0.28000,1.0,1,primary_count_le1,1.080000,1,1.02,0.9920605612998523,0.9972304283604135,0.0051698671
20251015,20251016,SZSE.300929,300929.SZ,华骐环保,1,2.993722304283604,,3,0.28000,1.0,1,primary_count_le1,1.080000,1,1.02,0.9926144756277696,0.9981536189069424,0.0055391433
20251015,20251016,SHSE.688565,688565.SH,力源科技,2,2.989327917282127,,3,0.28000,1.0,1,primary_count_le1,1.080000,1,1.02,0.9887370753323486,0.9916912850812407,0.0029542097
20251015,20251016,SHSE.603880,603880.SH,南卫股份,3,2.9889955686853766,,3,0.28000,1.0,1,primary_count_le1,1.080000,1,1.02,0.9885524372230429,0.9907680945347119,0.0022156573
20251016,20251017,SZSE.300640,300640.SZ,德艺文创,1,2.994981549815498,,3,0.28000,1.0,1,primary_count_le1,1.080000,1,1.02,0.9959409594095942,0.9911439114391144,0.0047970480
20251016,20251017,SZSE.300929,300929.SZ,华骐环保,2,2.9916236162361622,,3,0.28000,1.0,1,primary_count_le1,1.080000,1,1.02,0.9904059040590406,0.9964944649446494,0.0060885609
20251016,20251017,SHSE.603880,603880.SH,南卫股份,3,2.9848708487084874,,3,0.28000,1.0,1,primary_count_le1,1.080000,1,1.02,0.9835793357933579,0.9900369003690037,0.0064575646
20251017,20251020,SHSE.688189,688189.SH,南新制药,1,3.0077187903374516,,3,0.28000,1.0,1,primary_count_le1,1.080000,1,1.02,1.009444956666052,1.00081412502305,0.0086308316
20251017,20251020,SZSE.300929,300929.SZ,华骐环保,2,2.9914438502673795,,3,0.28000,1.0,1,primary_count_le1,1.080000,1,1.02,0.9918864097363083,0.9896736123916652,0.0022127973
20251017,20251020,SZSE.000692,000692.SZ,惠天热电,3,2.986833855799373,,3,0.28000,1.0,1,primary_count_le1,1.080000,1,1.02,0.9856168172598193,0.9917020099575881,0.0060851927
20251020,20251021,SZSE.300929,300929.SZ,华骐环保,1,2.9944300995942457,,3,0.28000,1.0,1,primary_count_le1,1.080000,1,1.02,0.9937292511988196,0.9972334931759498,0.0035042420
20251020,20251021,SHSE.603073,603073.SH,彩蝶实业,2,2.9785687938030248,,3,0.28000,1.0,1,primary_count_le1,1.080000,1,1.02,0.9767613426779787,0.9857985983032092,0.0090372556
20251020,20251021,SHSE.603177,603177.SH,德创环保,3,2.006081888601992,,3,0.28000,1.0,1,primary_count_le1,1.080000,1,1.02,1.0082478790114349,0.9974179269642198,0.0108299520
20251021,20251022,SZSE.300929,300929.SZ,华骐环保,1,2.991293119350673,,3,0.28000,1.0,1,primary_count_le1,1.080000,1,1.02,0.9900387382401771,0.9963106437926582,0.0062719056
20251021,20251022,SHSE.688701,688701.SH,卓锦股份,2,2.98693967902601,,3,0.28000,1.0,1,primary_count_le1,1.080000,1,1.02,0.9856115107913669,0.9922523519645822,0.0066408412
20251021,20251022,SHSE.688565,688565.SH,力源科技,3,2.9867183176535694,,3,0.28000,1.0,1,primary_count_le1,1.080000,1,1.02,0.9854270429809998,0.991883416343848,0.0064563734
20251022,20251023,SHSE.688565,688565.SH,力源科技,1,2.987197933960524,,3,0.28000,1.0,1,primary_count_le1,1.080000,1,1.02,0.9865338498432024,0.98985427042981,0.0033204206
20251022,20251023,SZSE.300929,300929.SZ,华骐环保,2,2.986423169156982,,3,0.28000,1.0,1,primary_count_le1,1.080000,1,1.02,0.9856115107913669,0.9896698026194429,0.0040582918
20251022,20251023,SZSE.301098,301098.SZ,金埔园林,3,2.9863493820328353,,3,0.28000,1.0,1,primary_count_le1,1.080000,1,1.02,0.9852425751706327,0.9907766094816455,0.0055340343
20251023,20251024,SZSE.300929,300929.SZ,华骐环保,1,2.9908168910197306,,3,0.28000,1.0,1,primary_count_le1,1.080000,1,1.02,0.9904112115065462,0.9924396090724691,0.0020283976
20251023,20251024,SZSE.300970,300970.SZ,华绿生物,2,2.9891572930112487,,3,0.28000,1.0,1,primary_count_le1,1.080000,1,1.02,0.9885672137193435,0.9915176101788677,0.0029503965
20251023,20251024,SZSE.301098,301098.SZ,金埔园林,3,2.9874608150470223,,3,0.28000,1.0,1,primary_count_le1,1.080000,1,1.02,0.9869076157108612,0.9896736123916652,0.0027659967
20251024,20251027,SZSE.301098,301098.SZ,金埔园林,1,2.9910029498525077,,3,0.28000,1.0,1,primary_count_le1,1.080000,1,1.02,0.9902286135693216,0.9941002949852508,0.0038716814
20251024,20251027,SZSE.300929,300929.SZ,华骐环保,2,2.9905973451327434,,3,0.28000,1.0,1,primary_count_le1,1.080000,1,1.02,0.9900442477876106,0.9928097345132744,0.0027654867
20251024,20251027,SHSE.688565,688565.SH,力源科技,3,2.986799410029499,,3,0.28000,1.0,1,primary_count_le1,1.080000,1,1.02,0.9859882005899705,0.9900442477876106,0.0040560472
20251027,20251028,SZSE.301390,301390.SZ,经纬股份,1,2.995648165222202,,3,0.28000,1.0,1,primary_count_le1,1.080000,1,1.02,0.9950212059745528,0.9981560022127973,0.0031347962
20251027,20251028,SHSE.688092,688092.SH,爱科科技,2,2.9942098469481837,,3,0.28000,1.0,1,primary_count_le1,1.080000,1,1.02,0.9939148073022313,0.9953900055319934,0.0014751982
20251027,20251028,SHSE.603880,603880.SH,南卫股份,3,2.9919601696477964,,3,0.28000,1.0,1,primary_count_le1,1.080000,1,1.02,0.9915176101788677,0.9937304075235109,0.0022127973
20251028,20251029,SHSE.603356,603356.SH,华菱精工,1,3.0030825958702065,,3,0.28000,1.0,1,primary_count_le1,1.080000,1,1.02,1.0087389380530973,0.980457227138643,0.0282817109
20251028,20251029,SHSE.603880,603880.SH,南卫股份,2,2.994358407079646,,3,0.28000,1.0,1,primary_count_le1,1.080000,1,1.02,0.9937315634218289,0.9968657817109144,0.0031342183
20251028,20251029,SZSE.301390,301390.SZ,经纬股份,3,2.994137168141593,,3,0.28000,1.0,1,primary_count_le1,1.080000,1,1.02,0.9929941002949852,0.9987094395280236,0.0057153392
20251029,20251030,SHSE.603356,603356.SH,华菱精工,1,3.0044056047197643,,3,0.28000,1.0,1,primary_count_le1,1.080000,1,1.02,1.0090099557522125,0.9859882005899705,0.0230217552
20251029,20251030,SZSE.301098,301098.SZ,金埔园林,2,2.9968289085545723,,3,0.28000,1.0,1,primary_count_le1,1.080000,1,1.02,0.9968657817109144,0.9966814159292036,0.0001843658
20251029,20251030,SHSE.603880,603880.SH,南卫股份,3,2.993339601769912,,3,0.28000,1.0,1,primary_count_le1,1.080000,1,1.02,0.991519174041298,1.0006213126843657,0.0091021386
20251030,20251031,SZSE.301098,301098.SZ,金埔园林,1,3.005729669924396,,3,0.28000,1.0,1,primary_count_le1,1.080000,1,1.02,1.0074847870182555,0.9987092015489581,0.0087755855
20251030,20251031,SHSE.603880,603880.SH,南卫股份,2,2.986870735755117,,3,0.28000,1.0,1,primary_count_le1,1.080000,1,1.02,0.9848792181449382,0.9948368061958326,0.0099575881
20251030,20251031,SZSE.300929,300929.SZ,华骐环保,3,2.9807117831458605,,3,0.28000,1.0,1,primary_count_le1,1.080000,1,1.02,0.9786096256684492,0.9891204130555044,0.0105107874
20251031,20251103,SHSE.603880,603880.SH,南卫股份,1,2.991371681415929,,3,0.28000,1.0,1,primary_count_le1,1.080000,1,1.02,0.9896755162241888,0.9981563421828908,0.0084808260
20251031,20251103,SZSE.301390,301390.SZ,经纬股份,2,2.990966076696165,,3,0.28000,1.0,1,primary_count_le1,1.080000,1,1.02,0.9894911504424779,0.9968657817109144,0.0073746313
20251031,20251103,SZSE.300929,300929.SZ,华骐环保,3,2.97617994100295,,3,0.28000,1.0,1,primary_count_le1,1.080000,1,1.02,0.9752949852507374,0.9797197640117994,0.0044247788
20251103,20251104,SZSE.301390,301390.SZ,经纬股份,1,2.9908588278658312,,3,0.28000,1.0,1,primary_count_le1,1.080000,1,1.02,0.989679321784003,0.9955768521931441,0.0058975304
20251103,20251104,SZSE.002652,002652.SZ,扬子新材,2,2.9887578326575746,,3,0.28000,1.0,1,primary_count_le1,1.080000,1,1.02,0.9872834500552894,0.9946553630667158,0.0073719130
20251103,20251104,SHSE.688021,688021.SH,奥福科技,3,2.9768521931441208,,3,0.28000,1.0,1,primary_count_le1,1.080000,1,1.02,0.9741983044600073,0.987467747880575,0.0132694434
20251104,20251105,SZSE.002652,002652.SZ,扬子新材,1,2.9947659417618873,,3,0.28000,1.0,1,primary_count_le1,1.080000,1,1.02,0.9944710652414301,0.9959454478437154,0.0014743826
20251104,20251105,SHSE.688367,688367.SH,工大高科,2,2.9907113896056026,,3,0.28000,1.0,1,primary_count_le1,1.080000,1,1.02,0.9904165130851456,0.9918908956874309,0.0014743826
20251104,20251105,SHSE.688329,688329.SH,艾隆科技,3,2.986067084408404,,3,0.28000,1.0,1,primary_count_le1,1.080000,1,1.02,0.9843346848507187,0.9929966826391449,0.0086619978
20251105,20251106,SHSE.603879,603879.SH,永悦科技,1,2.9895687430888316,,3,0.28000,1.0,1,primary_count_le1,1.080000,1,1.02,0.9883892370070033,0.9942867674161445,0.0058975304
20251105,20251106,SHSE.688329,688329.SH,艾隆科技,2,2.9833763361592336,,3,0.28000,1.0,1,primary_count_le1,1.080000,1,1.02,0.9810173239955768,0.9928123848138592,0.0117950608
20251105,20251106,SHSE.600455,600455.SH,博通股份,3,2.980575009214891,,3,0.28000,1.0,1,primary_count_le1,1.080000,1,1.02,0.9784371544415776,0.989126428308146,0.0106892739
20251106,20251107,SHSE.688701,688701.SH,卓锦股份,1,2.9876151861408036,,3,0.28000,1.0,1,primary_count_le1,1.080000,1,1.02,0.9867305565794323,0.9911537043862882,0.0044231478
20251106,20251107,SZSE.300929,300929.SZ,华骐环保,2,2.9865093991890896,,3,0.28000,1.0,1,primary_count_le1,1.080000,1,1.02,0.989126428308146,0.976041282712864,0.0130851456
20251106,20251107,SHSE.688229,688229.SH,博睿数据,3,2.0019122742351643,,3,0.28000,1.0,1,primary_count_le1,1.080000,1,1.02,1.007596756358275,0.9791743457427202,0.0284224106
20251107,20251110,SZSE.002188,002188.SZ,中天服务,1,3.001361827560796,,3,0.28000,1.0,1,primary_count_le1,1.080000,1,1.02,1.007044952100221,0.9786293294030951,0.0284156227
20251107,20251110,SHSE.688701,688701.SH,卓锦股份,2,2.9858511422254974,,3,0.28000,1.0,1,primary_count_le1,1.080000,1,1.02,0.9841562269712602,0.9926308032424466,0.0084745763
20251107,20251110,SZSE.002591,002591.SZ,恒大高新,3,2.00406779661017,,3,0.28000,1.0,1,primary_count_le1,1.080000,1,1.02,1.0085390567428152,0.9861827560795873,0.0223563007
20251110,20251111,SZSE.002591,002591.SZ,恒大高新,1,3.0004802062235316,,3,0.28000,1.0,1,primary_count_le1,1.000000,1,1.02,1.0083336402135887,0.9690664702633033,0.0392671700
20251110,20251111,SZSE.300417,300417.SZ,南华仪器,2,3.0003829865586447,,3,0.28000,1.0,1,primary_count_le1,1.000000,1,1.02,1.0066930583686247,0.9751426993187259,0.0315503590
20251110,20251111,SZSE.300710,300710.SZ,万隆光电,3,1.9893942183759896,,3,0.28000,1.0,1,primary_count_le1,1.000000,1,1.02,0.9963174369361075,0.9617013441355183,0.0346160928
20251111,20251112,SZSE.002591,002591.SZ,恒大高新,1,3.0017172312223863,,3,0.28000,1.0,1,primary_count_le1,1.000000,1,1.02,1.0086818851251842,0.9738586156111929,0.0348232695
20251111,20251112,SHSE.688528,688528.SH,秦川物联,2,2.9948453608247423,,3,0.28000,1.0,1,primary_count_le1,1.080000,1,1.02,0.9948453608247423,0.9948453608247423,0.0000000000
20251111,20251112,SZSE.002696,002696.SZ,百洋股份,3,1.9942930780559647,,3,0.28000,1.0,1,primary_count_le1,1.080000,1,1.02,0.9959499263622975,0.9876656848306333,0.0082842415
20251112,20251113,SHSE.688528,688528.SH,秦川物联,1,2.9951785057048212,,3,0.28000,1.0,1,primary_count_le1,1.080000,1,1.02,0.9955833640044166,0.9935590725064409,0.0020242915
20251112,20251113,SHSE.688329,688329.SH,艾隆科技,2,2.9904306220095696,,3,0.28000,1.0,1,primary_count_le1,1.080000,1,1.02,0.993375046006625,0.9786529260213471,0.0147221200
20251112,20251113,SZSE.301001,301001.SZ,凯淳股份,3,2.0080864188443135,,3,0.28000,1.0,1,primary_count_le1,1.080000,1,1.02,1.0099503128450498,1.0006308428413693,0.0093194700
20251113,20251114,SHSE.688528,688528.SH,秦川物联,1,2.9938523835818147,,3,0.28000,1.0,1,primary_count_le1,1.080000,1,1.02,0.9941100681023376,0.992821645499724,0.0012884226
20251113,20251114,SHSE.688329,688329.SH,艾隆科技,2,2.991938155715075,,3,0.28000,1.0,1,primary_count_le1,1.080000,1,1.02,0.9935578869869317,0.9854592306276458,0.0080986564
20251113,20251114,SHSE.600791,600791.SH,京能置业,3,1.9969971654702743,,3,0.28000,1.0,1,primary_count_le1,1.080000,1,1.02,0.996134732192159,1.000446898582735,0.0043121664
20251114,20251117,SHSE.688528,688528.SH,秦川物联,1,2.995507273062051,,3,0.28000,1.0,1,primary_count_le1,1.080000,1,1.02,0.9966856932424968,0.9907935923402689,0.0058921009
20251114,20251117,SHSE.688701,688701.SH,卓锦股份,2,2.9885472288712944,,3,0.28000,1.0,1,primary_count_le1,1.080000,1,1.02,0.9907935923402689,0.9795617749953968,0.0112318173
20251114,20251117,SHSE.688565,688565.SH,力源科技,3,2.981200515558829,,3,0.28000,1.0,1,primary_count_le1,1.080000,1,1.02,0.9823236972933161,0.9767077886208801,0.0056159087
20251117,20251118,SHSE.688701,688701.SH,卓锦股份,1,2.9867403314917125,,3,0.28000,1.0,1,primary_count_le1,1.080000,1,1.02,0.9904235727440147,0.9720073664825046,0.0184162063
20251117,20251118,SZSE.301098,301098.SZ,金埔园林,2,2.9806629834254146,,3,0.28000,1.0,1,primary_count_le1,1.080000,1,1.02,0.9793738489871087,0.9858195211786372,0.0064456722
20251117,20251118,SHSE.688565,688565.SH,力源科技,3,2.980147329650092,,3,0.28000,1.0,1,primary_count_le1,1.080000,1,1.02,0.9815837937384899,0.974401473296501,0.0071823204
20251118,20251119,SHSE.600455,600455.SH,博通股份,1,2.993005705871526,,3,0.28000,1.0,1,primary_count_le1,1.080000,1,1.02,0.9963187925639609,0.9797533591017854,0.0165654335
20251118,20251119,SHSE.603356,603356.SH,华菱精工,2,2.9914964108227498,,3,0.28000,1.0,1,primary_count_le1,1.080000,1,1.02,0.9953984907049512,0.9758880912939444,0.0195103994
20251118,20251119,SZSE.300169,300169.SZ,天晟新材,3,1.9960757592490337,,3,0.28000,1.0,1,primary_count_le1,1.080000,1,1.02,0.9950303699613473,1.000257316399779,0.0052269464
20251119,20251120,SHSE.600137,600137.SH,浪莎股份,1,2.994742447102116,,3,0.28000,1.0,1,primary_count_le1,1.080000,1,1.02,0.993376264949402,1.0002071757129714,0.0068309108
20251119,20251120,SZSE.300929,300929.SZ,华骐环保,2,2.9856485740570378,,3,0.28000,1.0,1,primary_count_le1,1.080000,1,1.02,0.9830726770929162,0.9959521619135234,0.0128794848
20251119,20251120,SHSE.688638,688638.SH,誉辰智能,3,2.0049251149954004,,3,0.28000,1.0,1,primary_count_le1,1.080000,1,1.02,1.0077203311867526,0.9937442502299908,0.0139760810
20251120,20251121,SZSE.300614,300614.SZ,百川畅银,1,3.007035701140964,,3,0.28000,1.0,1,primary_count_le1,1.080000,1,1.02,1.0093467059256533,0.9977916820022084,0.0115550239
20251120,20251121,SHSE.600768,600768.SH,宁波富邦,2,2.9966665071770335,,3,0.28000,1.0,1,primary_count_le1,1.080000,1,1.02,0.9957673905042326,1.0002629738682371,0.0044955834
20251120,20251121,SZSE.301429,301429.SZ,森泰股份,3,2.0063064409274936,,3,0.28000,1.0,1,primary_count_le1,1.080000,1,1.02,1.0077714390872285,1.0004464482885536,0.0073249908
20251121,20251124,SZSE.300929,300929.SZ,华骐环保,1,2.993268346514622,,3,0.28000,1.0,1,primary_count_le1,1.080000,1,1.02,0.9924590766967077,0.9965054257862792,0.0040463491
20251121,20251124,SZSE.000890,000890.SZ,法尔胜,2,2.99139231193673,,3,0.28000,1.0,1,primary_count_le1,1.080000,1,1.02,0.9908037520691558,0.993746551407026,0.0029427993
20251121,20251124,SHSE.603880,603880.SH,南卫股份,3,2.989553062350561,,3,0.28000,1.0,1,primary_count_le1,1.080000,1,1.02,0.9884127276071363,0.9941144013242597,0.0057016737
20251124,20251125,SZSE.002963,002963.SZ,豪尔赛,1,2.9927848334253637,,3,0.28000,1.0,1,primary_count_le1,1.080000,1,1.02,0.9922694643843181,0.9948463095895453,0.0025768452
20251124,20251125,SHSE.600768,600768.SH,宁波富邦,2,2.992085404012516,,3,0.28000,1.0,1,primary_count_le1,1.080000,1,1.02,0.9909810417817044,0.9965028529357629,0.0055218112
20251124,20251125,SHSE.688189,688189.SH,南新制药,3,1.9951408061844287,,3,0.28000,1.0,1,primary_count_le1,1.080000,1,1.02,0.9942941284741396,0.9985275170255844,0.0042333886
20251125,20251126,SZSE.300929,300929.SZ,华骐环保,1,2.993592340268827,,3,0.28000,1.0,1,primary_count_le1,1.080000,1,1.02,0.9928190020254097,0.9966856932424968,0.0038666912
20251125,20251126,SZSE.301098,301098.SZ,金埔园林,2,2.9920088381513534,,3,0.28000,1.0,1,primary_count_le1,1.080000,1,1.02,0.9913459767998527,0.9946602835573559,0.0033143068
20251125,20251126,SHSE.688701,688701.SH,卓锦股份,3,2.9918983612594365,,3,0.28000,1.0,1,primary_count_le1,1.080000,1,1.02,0.9920824894126312,0.9911618486466581,0.0009206408
20251126,20251127,SHSE.688701,688701.SH,卓锦股份,1,2.9941794068889296,,3,0.28000,1.0,1,primary_count_le1,1.080000,1,1.02,0.9937373365260638,0.9959476883403942,0.0022103518
20251126,20251127,SHSE.603356,603356.SH,华菱精工,2,2.991177012341131,,3,0.28000,1.0,1,primary_count_le1,1.080000,1,1.02,0.9941057284951188,0.9794621477251796,0.0146435808
20251126,20251127,SHSE.605069,605069.SH,正和生态,3,2.989537668078836,,3,0.28000,1.0,1,primary_count_le1,1.080000,1,1.02,0.9907902007736231,0.9845275372996869,0.0062626635
20251127,20251128,SHSE.600448,600448.SH,华纺股份,1,3.003959476883404,,3,0.28000,1.0,1,primary_count_le1,1.080000,1,1.02,1.0072057469147173,0.9909743967581507,0.0162313502
20251127,20251128,SZSE.001336,001336.SZ,楚环科技,2,2.988911401731442,,3,0.28000,1.0,1,primary_count_le1,1.080000,1,1.02,0.9872904770676,0.9953951003868116,0.0081046233
20251127,20251128,SHSE.688701,688701.SH,卓锦股份,3,2.987806225824277,,3,0.28000,1.0,1,primary_count_le1,1.080000,1,1.02,0.9867378891140173,0.9920795726653159,0.0053416836
20251128,20251201,SZSE.001336,001336.SZ,楚环科技,1,3.007425755342668,,3,0.28000,1.0,1,primary_count_le1,1.080000,1,1.02,1.0090788504053059,1.0008133750921149,0.0082654753
20251128,20251201,SHSE.688701,688701.SH,卓锦股份,2,2.991893883566691,,3,0.28000,1.0,1,primary_count_le1,1.080000,1,1.02,0.9913411938098747,0.9941046425939573,0.0027634488
20251128,20251201,SHSE.688565,688565.SH,力源科技,3,2.9913411938098746,,3,0.28000,1.0,1,primary_count_le1,1.080000,1,1.02,0.9915254237288136,0.9906042741341193,0.0009211496
20251201,20251202,SZSE.001336,001336.SZ,楚环科技,1,2.99739893146647,,3,0.28000,1.0,1,primary_count_le1,1.080000,1,1.02,0.9966838614591009,1.000259211495947,0.0035753500
20251201,20251202,SHSE.600768,600768.SH,宁波富邦,2,2.992778187177598,,3,0.28000,1.0,1,primary_count_le1,1.080000,1,1.02,0.9917096536477524,0.9970523212969786,0.0053426676
20251201,20251202,SHSE.600455,600455.SH,博通股份,3,2.9925571112748712,,3,0.28000,1.0,1,primary_count_le1,1.080000,1,1.02,0.9922623434045689,0.9937361827560796,0.0014738394
20251202,20251203,SZSE.001336,001336.SZ,楚环科技,1,3.007005818449641,,3,0.28000,1.0,1,primary_count_le1,1.080000,1,1.02,1.008692690112318,1.000258331798932,0.0084343583
20251202,20251203,SZSE.301037,301037.SZ,保立佳,2,3.0057389062787703,,3,0.28000,1.0,1,primary_count_le1,1.080000,1,1.02,1.0081403056527343,0.996133308782913,0.0120069969
20251202,20251203,SHSE.600455,600455.SH,博通股份,3,2.9914932793224085,,3,0.28000,1.0,1,primary_count_le1,1.080000,1,1.02,0.9913459767998527,0.9920824894126312,0.0007365126
20251203,20251204,SHSE.600493,600493.SH,凤竹纺织,1,2.9823432039727793,,3,0.28000,1.0,1,primary_count_le1,1.080000,1,1.02,0.9795843295935258,0.9933787014897921,0.0137943719
20251203,20251204,SHSE.688659,688659.SH,元琛科技,2,2.9784807798418242,,3,0.28000,1.0,1,primary_count_le1,1.080000,1,1.02,0.9775611550487401,0.9821592790141622,0.0045981240
20251203,20251204,SHSE.688701,688701.SH,卓锦股份,3,2.9764208203053153,,3,0.28000,1.0,1,primary_count_le1,1.080000,1,1.02,0.9727791061247011,0.9909876770277727,0.0182085709
20251204,20251205,SHSE.603779,603779.SH,威龙股份,1,2.9711867525298987,,3,0.28000,1.0,1,primary_count_le1,1.000000,1,1.02,0.9644894204231831,0.9979760809567617,0.0334866605
20251204,20251205,SHSE.688701,688701.SH,卓锦股份,2,2.9705611775528977,,3,0.28000,1.0,1,primary_count_le1,1.000000,1,1.02,0.9637534498620055,0.9977920883164674,0.0340386385
20251204,20251205,SZSE.001373,001373.SZ,翔腾新材,3,2.968555657773689,,3,0.28000,1.0,1,primary_count_le1,1.080000,1,1.02,0.973505059797608,0.9487580496780129,0.0247470101
20251205,20251208,SHSE.688701,688701.SH,卓锦股份,1,2.9682679919013437,,3,0.28000,1.0,1,primary_count_le1,1.000000,1,1.02,0.9609792011779864,0.9974231547947727,0.0364439536
20251205,20251208,SHSE.688565,688565.SH,力源科技,2,2.9658015829191973,,3,0.28000,1.0,1,primary_count_le1,1.000000,1,1.02,0.958402355972759,0.9953984907049512,0.0369961347
20251205,20251208,SZSE.301098,301098.SZ,金埔园林,3,2.9638873550524574,,3,0.28000,1.0,1,primary_count_le1,1.000000,1,1.02,0.9556414503957298,0.9968709736793668,0.0412295233
20251208,20251209,SZSE.300169,300169.SZ,天晟新材,1,2.993817847286109,,3,0.28000,1.0,1,primary_count_le1,1.080000,1,1.02,0.9930082796688132,0.9970561177552898,0.0040478381
20251208,20251209,SHSE.688659,688659.SH,元琛科技,2,2.954958601655934,,3,0.28000,1.0,1,primary_count_le1,1.080000,1,1.02,0.9536338546458142,0.9602575896964122,0.0066237351
20251208,20251209,SHSE.688565,688565.SH,力源科技,3,2.9538914443422266,,3,0.28000,1.0,1,primary_count_le1,1.080000,1,1.02,0.9541858325666973,0.9527138914443423,0.0014719411
20251209,20251210,SHSE.688565,688565.SH,力源科技,1,2.955289788408464,,3,0.28000,1.0,1,primary_count_le1,1.080000,1,1.02,0.9547378104875806,0.9574977000919963,0.0027598896
20251209,20251210,SHSE.688659,688659.SH,元琛科技,2,2.9520147194112236,,3,0.28000,1.0,1,primary_count_le1,1.080000,1,1.02,0.9505059797608095,0.9580496780128794,0.0075436983
20251209,20251210,SHSE.688701,688701.SH,卓锦股份,3,2.9502851885924564,,3,0.28000,1.0,1,primary_count_le1,1.080000,1,1.02,0.9482980680772769,0.9582336706531739,0.0099356026
20251210,20251211,SZSE.001366,001366.SZ,播恩集团,1,2.972220176730486,,3,0.28000,1.0,1,primary_count_le1,1.080000,1,1.02,0.9710972017673049,0.9767120765832106,0.0056148748
20251210,20251211,SZSE.001373,001373.SZ,翔腾新材,2,2.9673048600883654,,3,0.28000,1.0,1,primary_count_le1,1.080000,1,1.02,0.9658505154639175,0.9731222385861561,0.0072717231
20251210,20251211,SHSE.688565,688565.SH,力源科技,3,2.9518777614138436,,3,0.28000,1.0,1,primary_count_le1,1.080000,1,1.02,0.9510309278350515,0.9552650957290133,0.0042341679
20251211,20251212,SZSE.002652,002652.SZ,扬子新材,1,3.0041597056117757,,3,0.28000,1.0,1,primary_count_le1,1.080000,1,1.02,1.0086954921803128,0.9860165593376264,0.0226789328
20251211,20251212,SZSE.301390,301390.SZ,经纬股份,2,2.9982940202391903,,3,0.28000,1.0,1,primary_count_le1,1.000000,1,1.02,1.0072971481140753,0.9622815087396505,0.0450156394
20251211,20251212,SZSE.300621,300621.SZ,维业股份,3,2.9851333946642136,,3,0.28000,1.0,1,primary_count_le1,1.000000,1,1.02,0.9913523459061637,0.9602575896964122,0.0310947562
20251212,20251215,SZSE.002652,002652.SZ,扬子新材,1,2.9974986205628102,,3,0.28000,1.0,1,primary_count_le1,1.080000,1,1.02,0.9972411256207467,0.9985286003310649,0.0012874747
20251212,20251215,SHSE.600149,600149.SH,廊坊发展,2,2.978811844767335,,3,0.28000,1.0,1,primary_count_le1,1.080000,1,1.02,0.9770093801728894,0.9860217031451168,0.0090123230
20251212,20251215,SZSE.001366,001366.SZ,播恩集团,3,2.9742872907853597,,3,0.28000,1.0,1,primary_count_le1,1.080000,1,1.02,0.9781129299245908,0.9589847342284348,0.0191281957
20251215,20251216,SZSE.301098,301098.SZ,金埔园林,1,3.0080357247976455,,3,0.28000,1.0,1,primary_count_le1,1.080000,1,1.02,1.009805003679176,1.0009586092715232,0.0088463944
20251215,20251216,SHSE.688096,688096.SH,京源环保,2,2.9827446651949963,,3,0.28000,1.0,1,primary_count_le1,1.080000,1,1.02,0.9792126563649742,0.9968727005150846,0.0176600442
20251215,20251216,SZSE.001366,001366.SZ,播恩集团,3,2.972056659308315,,3,0.28000,1.0,1,primary_count_le1,1.080000,1,1.02,0.9780169242089772,0.9482155997056659,0.0298013245
20251216,20251217,SZSE.001366,001366.SZ,播恩集团,1,2.976737771239426,,3,0.28000,1.0,1,primary_count_le1,1.080000,1,1.02,0.9761860978300846,0.978944464876793,0.0027583670
20251216,20251217,SZSE.001373,001373.SZ,翔腾新材,2,2.9710371460095626,,3,0.28000,1.0,1,primary_count_le1,1.080000,1,1.02,0.9710371460095624,0.9710371460095624,0.0000000000
20251216,20251217,SZSE.000573,000573.SZ,粤宏远A,3,1.993508642883413,,3,0.28000,1.0,1,primary_count_le1,1.080000,1,1.02,0.9929201912467819,0.9958624494299375,0.0029422582
20251217,20251218,SHSE.688701,688701.SH,卓锦股份,1,2.972347858062144,,3,0.28000,1.0,1,primary_count_le1,1.080000,1,1.02,0.9663541092112521,0.9963228534657106,0.0299687443
20251217,20251218,SZSE.001366,001366.SZ,播恩集团,2,2.971888214745358,,3,0.28000,1.0,1,primary_count_le1,1.080000,1,1.02,0.9775694061408348,0.9491634491634492,0.0284059570
20251217,20251218,SHSE.688096,688096.SH,京源环保,3,2.969148740577312,,3,0.28000,1.0,1,primary_count_le1,1.080000,1,1.02,0.9641478212906784,0.9891524177238463,0.0250045964
20251218,20251219,SZSE.001366,001366.SZ,播恩集团,1,2.976442484380742,,3,0.28000,1.0,1,primary_count_le1,1.080000,1,1.02,0.9776736493936052,0.9715178243292907,0.0061558251
20251218,20251219,SZSE.001373,001373.SZ,翔腾新材,2,2.9699558985667034,,3,0.28000,1.0,1,primary_count_le1,1.080000,1,1.02,0.9724366041896362,0.9600330760749725,0.0124035281
20251218,20251219,SHSE.688096,688096.SH,京源环保,3,2.969276001470048,,3,0.28000,1.0,1,primary_count_le1,1.080000,1,1.02,0.9639838294744579,0.9904446894524072,0.0264608600
20251219,20251222,SZSE.300614,300614.SZ,百川畅银,1,2.9687189854806104,,3,0.28000,1.0,1,primary_count_le1,1.000000,1,1.02,0.96250689211542,0.993567358941371,0.0310604668
20251219,20251222,SZSE.001366,001366.SZ,播恩集团,2,2.966734056239662,,3,0.28000,1.0,1,primary_count_le1,1.080000,1,1.02,0.9725234331924278,0.9435765484285977,0.0289468848
20251219,20251222,SZSE.001373,001373.SZ,翔腾新材,3,2.960374931078846,,3,0.28000,1.0,1,primary_count_le1,1.000000,1,1.02,0.9672854254732586,0.9327329535011947,0.0345524720
20251222,20251223,SHSE.688096,688096.SH,京源环保,1,2.9972411256207465,,3,0.28000,1.0,1,primary_count_le1,1.080000,1,1.02,0.9968732757035129,0.9987125252896818,0.0018392496
20251222,20251223,SZSE.300721,300721.SZ,怡达股份,2,2.9950340261173443,,3,0.28000,1.0,1,primary_count_le1,1.080000,1,1.02,0.9950340261173442,0.9950340261173442,0.0000000000
20251222,20251223,SHSE.688466,688466.SH,金科环境,3,2.9894059223836678,,3,0.28000,1.0,1,primary_count_le1,1.080000,1,1.02,0.9878609527312856,0.9955858009931948,0.0077248483
20251223,20251224,SHSE.688096,688096.SH,京源环保,1,3.0077742741639106,,3,0.28000,1.0,1,primary_count_le1,1.080000,1,1.02,1.0096986402058066,1.0000768099963249,0.0096218302
20251223,20251224,SZSE.300721,300721.SZ,怡达股份,2,2.9940463065049614,,3,0.28000,1.0,1,primary_count_le1,1.080000,1,1.02,0.9943035648658581,0.9930172730613744,0.0012862918
20251223,20251224,SHSE.688450,688450.SH,光格科技,3,2.9891216464535098,,3,0.28000,1.0,1,primary_count_le1,1.000000,1,1.02,0.9966923925027563,0.9588386622565234,0.0378537302
20251224,20251225,SHSE.688096,688096.SH,京源环保,1,3.006799412196914,,3,0.28000,1.0,1,primary_count_le1,1.080000,1,1.02,1.0089125642909627,0.99834680382072,0.0105657605
20251224,20251225,SHSE.688450,688450.SH,光格科技,2,2.998068993387215,,3,0.28000,1.0,1,primary_count_le1,1.080000,1,1.02,0.9974283614988979,1.000631520940485,0.0032031594
20251224,20251225,SZSE.300736,300736.SZ,百邦科技,3,2.996819875091844,,3,0.28000,1.0,1,primary_count_le1,1.080000,1,1.02,0.9959588537839824,1.0002639603232917,0.0043051065
20251225,20251226,SHSE.688096,688096.SH,京源环保,1,3.00719177528915,,3,0.28000,1.0,1,primary_count_le1,1.080000,1,1.02,1.0087883238479898,1.000805581053791,0.0079827428
20251225,20251226,SZSE.300736,300736.SZ,百邦科技,2,2.9954995410317604,,3,0.28000,1.0,1,primary_count_le1,1.080000,1,1.02,0.9943087938314669,1.0002625298329355,0.0059537360
20251225,20251226,SHSE.688450,688450.SH,光格科技,3,2.9948595557187443,,3,0.28000,1.0,1,primary_count_le1,1.080000,1,1.02,0.9939416192399486,0.9985313016339269,0.0045896824
20251226,20251229,SHSE.688096,688096.SH,京源环保,1,3.00620734484025,,3,0.28000,1.0,1,primary_count_le1,1.080000,1,1.02,1.0078791773778921,0.9995200146896805,0.0083591627
20251226,20251229,SHSE.688793,688793.SH,倍轻松,2,2.9969988982739624,,3,0.28000,1.0,1,primary_count_le1,1.000000,1,1.02,1.0063018729342637,0.959786999632758,0.0465148733
20251226,20251229,SZSE.300851,300851.SZ,交大思诺,3,1.9951891296364304,,3,0.28000,1.0,1,primary_count_le1,1.080000,1,1.02,0.9957767168564083,0.9928387807565185,0.0029379361
20251229,20251230,SHSE.688793,688793.SH,倍轻松,1,3.006583223201175,,3,0.28000,1.0,1,primary_count_le1,1.080000,1,1.02,1.0079809104258444,1.0009924743024963,0.0069884361
20251229,20251230,SHSE.688701,688701.SH,卓锦股份,2,2.9928046989720998,,3,0.28000,1.0,1,primary_count_le1,1.080000,1,1.02,0.9959618208516887,0.9801762114537445,0.0157856094
20251229,20251230,SZSE.300246,300246.SZ,宝莱特,3,2.9910058737151246,,3,0.28000,1.0,1,primary_count_le1,1.080000,1,1.02,0.9899045521292217,0.9954111600587372,0.0055066079
20251230,20251231,SHSE.688793,688793.SH,倍轻松,1,3.0063466788990825,,3,0.28000,1.0,1,primary_count_le1,1.080000,1,1.02,1.0078697247706423,1.000254495412844,0.0076152294
20251230,20251231,SZSE.300670,300670.SZ,大烨智能,2,2.9931172110091744,,3,0.28000,1.0,1,primary_count_le1,1.080000,1,1.02,0.9913761467889908,1.0000814678899084,0.0087053211
20251230,20251231,SZSE.300721,300721.SZ,怡达股份,3,2.9874495412844038,,3,0.28000,1.0,1,primary_count_le1,1.080000,1,1.02,0.986605504587156,0.9908256880733946,0.0042201835
20251231,20260105,SHSE.688793,688793.SH,倍轻松,1,2.984333149880756,,3,0.28000,1.0,1,primary_count_le1,1.080000,1,1.02,0.9899101082370207,0.9620253164556962,0.0278847918
20251231,20260105,SZSE.001366,001366.SZ,播恩集团,2,2.968959823885526,,3,0.28000,1.0,1,primary_count_le1,1.080000,1,1.02,0.9678040726472207,0.9735828288387451,0.0057787562
20251231,20260105,SZSE.300736,300736.SZ,百邦科技,3,2.9515685195376995,,3,0.28000,1.0,1,primary_count_le1,1.080000,1,1.02,0.9502843514951385,0.9567051917079435,0.0064208402
20260105,20260106,SZSE.300500,300500.SZ,启迪设计,1,2.993285635663181,,3,0.28000,1.0,1,primary_count_le1,1.080000,1,1.02,0.9921115391671252,0.9979820216474041,0.0058704825
20260105,20260106,SHSE.688565,688565.SH,力源科技,2,2.9891396074114844,,3,0.28000,1.0,1,primary_count_le1,1.080000,1,1.02,0.9904604659695468,0.9838561731792331,0.0066042928
20260105,20260106,SHSE.688793,688793.SH,倍轻松,3,2.988589249678958,,3,0.28000,1.0,1,primary_count_le1,1.080000,1,1.02,0.9926618968996515,0.9722986607961842,0.0203632361
20260106,20260107,SZSE.002715,002715.SZ,登云股份,1,2.99614890885751,,3,0.28000,1.0,1,primary_count_le1,1.080000,1,1.02,0.9961489088575096,0.9961489088575096,0.0000000000
20260106,20260107,SZSE.300500,300500.SZ,启迪设计,2,2.993618191821016,,3,0.28000,1.0,1,primary_count_le1,1.080000,1,1.02,0.9924812030075187,0.9981661470750046,0.0056849441
20260106,20260107,SHSE.688793,688793.SH,倍轻松,3,2.9931780671190173,,3,0.28000,1.0,1,primary_count_le1,1.080000,1,1.02,0.993214744177517,0.9930313588850174,0.0001833853
20260107,20260108,SZSE.002715,002715.SZ,登云股份,1,3.006443527686102,,3,0.28000,1.0,1,primary_count_le1,1.080000,1,1.02,1.007942794279428,1.000446461312798,0.0074963330
20260107,20260108,SZSE.300500,300500.SZ,启迪设计,2,2.9970818848551524,,3,0.28000,1.0,1,primary_count_le1,1.080000,1,1.02,0.9961496149614961,1.0008109644297765,0.0046613495
20260107,20260108,SHSE.688793,688793.SH,倍轻松,3,2.9935826916024935,,3,0.28000,1.0,1,primary_count_le1,1.080000,1,1.02,0.9928492849284929,0.9965163182984965,0.0036670334
20260108,20260109,SZSE.002715,002715.SZ,登云股份,1,3.006584302218962,,3,0.28000,1.0,1,primary_count_le1,1.080000,1,1.02,1.00798092792958,1.00099779937649,0.0069831286
20260108,20260109,SZSE.300500,300500.SZ,启迪设计,2,2.994684613973959,,3,0.28000,1.0,1,primary_count_le1,1.080000,1,1.02,0.9933981294700165,0.9998305519897305,0.0064324225
20260108,20260109,SHSE.688793,688793.SH,倍轻松,3,2.9933981294700165,,3,0.28000,1.0,1,primary_count_le1,1.080000,1,1.02,0.9937649000550156,0.9919310471300202,0.0018338529
20260109,20260112,SHSE.600561,600561.SH,江西长运,1,3.0041870529983496,,3,0.28000,1.0,1,primary_count_le1,1.080000,1,1.02,1.007571978727306,0.9906473500825234,0.0169246286
20260109,20260112,SZSE.002715,002715.SZ,登云股份,2,2.997338785989364,,3,0.28000,1.0,1,primary_count_le1,1.080000,1,1.02,0.9965156794425087,1.0006312121767833,0.0041155327
20260109,20260112,SZSE.301372,301372.SZ,科净源,3,2.995231982395012,,3,0.28000,1.0,1,primary_count_le1,1.080000,1,1.02,0.995598752980011,0.9937649000550156,0.0018338529
20260112,20260113,SHSE.600561,600561.SH,江西长运,1,3.006742710434623,,3,0.28000,1.0,1,primary_count_le1,1.080000,1,1.02,1.0087493123051532,0.9987163029525032,0.0100330094
20260112,20260113,SZSE.300500,300500.SZ,启迪设计,2,2.9979917476618376,,3,0.28000,1.0,1,primary_count_le1,1.080000,1,1.02,0.9972492206125069,1.0009618558591602,0.0037126352
20260112,20260113,SHSE.688793,688793.SH,倍轻松,3,2.99207775536402,,3,0.28000,1.0,1,primary_count_le1,1.080000,1,1.02,0.991197505960022,0.995598752980011,0.0044012470
20260113,20260114,SHSE.600561,600561.SH,江西长运,1,3.0064142489900845,,3,0.28000,1.0,1,primary_count_le1,1.080000,1,1.02,1.0089129636430407,0.9964193903782592,0.0124935733
20260113,20260114,SZSE.300500,300500.SZ,启迪设计,2,3.0063882115313993,,3,0.28000,1.0,1,primary_count_le1,1.080000,1,1.02,1.0077910392948954,1.0007769004774145,0.0070141388
20260113,20260114,SZSE.300614,300614.SZ,百川畅银,3,2.994528094013955,,3,0.28000,1.0,1,primary_count_le1,1.080000,1,1.02,0.993573264781491,0.998347410943812,0.0047741462
20260114,20260115,SZSE.300614,300614.SZ,百川畅银,1,2.995463032305433,,3,0.28000,1.0,1,primary_count_le1,1.080000,1,1.02,0.994309838472834,1.0000758076358296,0.0057659692
20260114,20260115,SZSE.300670,300670.SZ,大烨智能,2,2.993502202643172,,3,0.28000,1.0,1,primary_count_le1,1.080000,1,1.02,0.9926578560939795,0.9968795888399412,0.0042217327
20260114,20260115,SHSE.688793,688793.SH,倍轻松,3,2.9929148311306903,,3,0.28000,1.0,1,primary_count_le1,1.080000,1,1.02,0.9930249632892805,0.992474302496329,0.0005506608
20260115,20260116,SZSE.300500,300500.SZ,启迪设计,1,3.006820106402495,,3,0.28000,1.0,1,primary_count_le1,1.080000,1,1.02,1.0083305815446708,1.000778205833792,0.0075523757
20260115,20260116,SZSE.300614,300614.SZ,百川畅银,2,2.994988736011741,,3,0.28000,1.0,1,primary_count_le1,1.080000,1,1.02,0.993579159787195,1.0006270409099247,0.0070478811
20260115,20260116,SHSE.688793,688793.SH,倍轻松,3,2.9933590166941846,,3,0.28000,1.0,1,primary_count_le1,1.080000,1,1.02,0.9928453494771602,0.9954136855622822,0.0025683361
20260116,20260119,SHSE.600448,600448.SH,华纺股份,1,3.00361862852952,,3,0.28000,1.0,1,primary_count_le1,1.080000,1,1.02,1.0075944261092777,0.9877154382104877,0.0198789879
20260116,20260119,SHSE.603717,603717.SH,天域生物,2,3.000979831316465,,3,0.28000,1.0,1,primary_count_le1,1.000000,1,1.02,1.007825449211588,0.9735973597359736,0.0342280895
20260116,20260119,SHSE.688296,688296.SH,和达科技,3,2.9883388338833883,,3,0.28000,1.0,1,primary_count_le1,1.080000,1,1.02,0.9864319765309865,0.995966263292996,0.0095342868
20260119,20260120,SHSE.688659,688659.SH,元琛科技,1,2.991275659824047,,3,0.28000,1.0,1,primary_count_le1,1.080000,1,1.02,0.9895527859237536,0.9981671554252199,0.0086143695
20260119,20260120,SHSE.688021,688021.SH,奥福科技,2,2.9906524926686218,,3,0.28000,1.0,1,primary_count_le1,1.080000,1,1.02,0.9888196480938416,0.9979838709677419,0.0091642229
20260119,20260120,SZSE.300929,300929.SZ,华骐环保,3,2.9900293255131967,,3,0.28000,1.0,1,primary_count_le1,1.080000,1,1.02,0.9886363636363636,0.9956011730205279,0.0069648094
20260120,20260121,SHSE.600448,600448.SH,华纺股份,1,3.006170298480132,,3,0.28000,1.0,1,primary_count_le1,1.080000,1,1.02,1.0083995605200513,0.9972532503204541,0.0111463102
20260120,20260121,SHSE.688067,688067.SH,爱威科技,2,2.9960071415491667,,3,0.28000,1.0,1,primary_count_le1,1.080000,1,1.02,0.9950558505768174,0.9998123054385644,0.0047564549
20260120,20260121,SZSE.300500,300500.SZ,启迪设计,3,2.9940670206921807,,3,0.28000,1.0,1,primary_count_le1,1.080000,1,1.02,0.9932246841237868,0.9974363669657572,0.0042116828
20260121,20260122,SHSE.600448,600448.SH,华纺股份,1,3.0060626488367834,,3,0.28000,1.0,1,primary_count_le1,1.080000,1,1.02,1.0085400256457226,0.9961531416010259,0.0123868840
20260121,20260122,SZSE.300929,300929.SZ,华骐环保,2,2.9920864627221104,,3,0.28000,1.0,1,primary_count_le1,1.080000,1,1.02,0.9908408133357758,0.9970690602674482,0.0062282469
20260121,20260122,SHSE.688659,688659.SH,元琛科技,3,2.9902912621359223,,3,0.28000,1.0,1,primary_count_le1,1.080000,1,1.02,0.988642608536362,0.9968858765341637,0.0082432680
20260122,20260123,SZSE.300929,300929.SZ,华骐环保,1,2.991796374290423,,3,0.28000,1.0,1,primary_count_le1,1.080000,1,1.02,0.9901117011536349,0.9985350668375755,0.0084233657
20260122,20260123,SHSE.688659,688659.SH,元琛科技,2,2.990587804431423,,3,0.28000,1.0,1,primary_count_le1,1.080000,1,1.02,0.9886467679912104,0.9983519501922725,0.0097051822
20260122,20260123,SZSE.301098,301098.SZ,金埔园林,3,2.9898919611792714,,3,0.28000,1.0,1,primary_count_le1,1.080000,1,1.02,0.9879143014099981,0.9978026002563632,0.0098882988
20260123,20260126,SHSE.600448,600448.SH,华纺股份,1,3.005665324057122,,3,0.28000,1.0,1,primary_count_le1,1.080000,1,1.02,1.0082716953496889,0.9952398388868546,0.0130318565
20260123,20260126,SHSE.688193,688193.SH,仁度生物,2,2.9952032222629077,,3,0.28000,1.0,1,primary_count_le1,1.080000,1,1.02,0.9945075064079092,0.9979860856829,0.0034785793
20260123,20260126,SZSE.301167,301167.SZ,建研设计,3,2.9946539729036985,,3,0.28000,1.0,1,primary_count_le1,1.080000,1,1.02,0.9937751739289638,0.9981691688026364,0.0043939949
20260126,20260127,SHSE.688681,688681.SH,科汇股份,1,2.995786774134457,,3,0.28000,1.0,1,primary_count_le1,1.080000,1,1.02,0.995054039201319,0.9987177138670086,0.0036636747
20260126,20260127,SZSE.301167,301167.SZ,建研设计,2,2.992965744641876,,3,0.28000,1.0,1,primary_count_le1,1.080000,1,1.02,0.9926726506686206,0.9941381205348965,0.0014654699
20260126,20260127,SZSE.300929,300929.SZ,华骐环保,3,2.986554313976919,,3,0.28000,1.0,1,primary_count_le1,1.080000,1,1.02,0.9862612200036637,0.9877266898699395,0.0014654699
20260127,20260128,SZSE.001336,001336.SZ,楚环科技,1,3.006478842278806,,3,0.28000,1.0,1,primary_count_le1,1.080000,1,1.02,1.0084649203150762,0.9985345301337242,0.0099303902
20260127,20260128,SHSE.688793,688793.SH,倍轻松,2,2.9942846675215242,,3,0.28000,1.0,1,primary_count_le1,1.080000,1,1.02,0.993588569335043,0.9970690602674482,0.0034804909
20260127,20260128,SHSE.688078,688078.SH,龙软科技,3,2.9941381205348967,,3,0.28000,1.0,1,primary_count_le1,1.080000,1,1.02,0.994321304268181,0.9934053856017586,0.0009159187
20260128,20260129,SZSE.001336,001336.SZ,楚环科技,1,2.996263736263736,,3,0.28000,1.0,1,primary_count_le1,1.080000,1,1.02,0.9961538461538462,0.9967032967032967,0.0005494505
20260128,20260129,SZSE.300635,300635.SZ,中达安,2,2.991941391941392,,3,0.28000,1.0,1,primary_count_le1,1.080000,1,1.02,0.9908424908424909,0.9963369963369964,0.0054945055
20260128,20260129,SHSE.688793,688793.SH,倍轻松,3,2.9918681318681317,,3,0.28000,1.0,1,primary_count_le1,1.080000,1,1.02,0.9913919413919414,0.9937728937728938,0.0023809524
20260129,20260130,SZSE.001336,001336.SZ,楚环科技,1,2.9973264969785753,,3,0.28000,1.0,1,primary_count_le1,1.080000,1,1.02,0.9970701336751511,0.9983519501922725,0.0012818165
20260129,20260130,SZSE.300635,300635.SZ,中达安,2,2.992638710858817,,3,0.28000,1.0,1,primary_count_le1,1.080000,1,1.02,0.9915766343160594,0.996887017029848,0.0053103827
20260129,20260130,SZSE.300500,300500.SZ,启迪设计,3,2.9920527375938475,,3,0.28000,1.0,1,primary_count_le1,1.080000,1,1.02,0.9910272843801502,0.9961545504486358,0.0051272661
20260130,20260202,SZSE.001336,001336.SZ,楚环科技,1,2.9971428571428573,,3,0.28000,1.0,1,primary_count_le1,1.080000,1,1.02,0.9967032967032967,0.9989010989010989,0.0021978022
20260130,20260202,SHSE.688701,688701.SH,卓锦股份,2,2.9923076923076923,,3,0.28000,1.0,1,primary_count_le1,1.080000,1,1.02,0.9908424908424909,0.9981684981684982,0.0073260073
20260130,20260202,SZSE.300929,300929.SZ,华骐环保,3,2.9916849816849815,,3,0.28000,1.0,1,primary_count_le1,1.080000,1,1.02,0.9904761904761905,0.9965201465201465,0.0060439560
20260202,20260203,SHSE.688701,688701.SH,卓锦股份,1,2.9825704870010985,,3,0.28000,1.0,1,primary_count_le1,1.080000,1,1.02,0.9804101061882095,0.9912120102526547,0.0108019041
20260202,20260203,SZSE.301098,301098.SZ,金埔园林,2,2.9807579641157087,,3,0.28000,1.0,1,primary_count_le1,1.080000,1,1.02,0.9787623581105822,0.9887403881362138,0.0099780300
20260202,20260203,SZSE.300929,300929.SZ,华骐环保,3,2.979531307213475,,3,0.28000,1.0,1,primary_count_le1,1.080000,1,1.02,0.9783961918711095,0.9840717685829367,0.0056755767
20260203,20260204,SHSE.688701,688701.SH,卓锦股份,1,2.990444810543657,,3,0.28000,1.0,1,primary_count_le1,1.080000,1,1.02,0.9890170236133993,0.9961559582646897,0.0071389347
20260203,20260204,SZSE.300929,300929.SZ,华骐环保,2,2.9893099029837087,,3,0.28000,1.0,1,primary_count_le1,1.080000,1,1.02,0.9886509244005125,0.9919458173164928,0.0032948929
20260203,20260204,SZSE.301098,301098.SZ,金埔园林,3,2.9890902434559767,,3,0.28000,1.0,1,primary_count_le1,1.080000,1,1.02,0.9877356763682958,0.9945085118066996,0.0067728354
20260204,20260205,SHSE.688701,688701.SH,卓锦股份,1,2.9923513266239707,,3,0.28000,1.0,1,primary_count_le1,1.080000,1,1.02,0.9912168344007319,0.9968892955169258,0.0056724611
20260204,20260205,SHSE.688565,688565.SH,力源科技,2,2.9916925892040256,,3,0.28000,1.0,1,primary_count_le1,1.080000,1,1.02,0.9946935041171089,0.9796889295516926,0.0150045746
20260204,20260205,SZSE.300929,300929.SZ,华骐环保,3,2.9909240622140896,,3,0.28000,1.0,1,primary_count_le1,1.080000,1,1.02,0.9910338517840805,0.9904849039341262,0.0005489478
20260205,20260206,SHSE.688217,688217.SH,睿昂基因,1,2.995314787701318,,3,0.28000,1.0,1,primary_count_le1,1.080000,1,1.02,0.9946925329428989,0.9978038067349927,0.0031112738
20260205,20260206,SHSE.600561,600561.SH,江西长运,2,2.9950219619326504,,3,0.28000,1.0,1,primary_count_le1,1.080000,1,1.02,0.9950585651537335,0.9948755490483162,0.0001830161
20260205,20260206,SHSE.688701,688701.SH,卓锦股份,3,2.992349926793558,,3,0.28000,1.0,1,primary_count_le1,1.080000,1,1.02,0.9910322108345534,0.9976207906295754,0.0065885798
20260206,20260209,SZSE.300621,300621.SZ,维业股份,1,2.994436310395315,,3,0.28000,1.0,1,primary_count_le1,1.080000,1,1.02,0.9946925329428989,0.9934114202049781,0.0012811127
20260206,20260209,SHSE.688217,688217.SH,睿昂基因,2,2.9943265007320647,,3,0.28000,1.0,1,primary_count_le1,1.080000,1,1.02,0.9945095168374817,0.9935944363103953,0.0009150805
20260206,20260209,SHSE.688701,688701.SH,卓锦股份,3,2.9906295754026355,,3,0.28000,1.0,1,primary_count_le1,1.080000,1,1.02,0.9892020497803806,0.9963396778916545,0.0071376281
20260209,20260210,SHSE.688178,688178.SH,万德斯,1,3.0053640856672157,,3,0.28000,1.0,1,primary_count_le1,1.080000,1,1.02,1.0081695039355665,0.994142412593813,0.0140270913
20260209,20260210,SZSE.301098,301098.SZ,金埔园林,2,2.990042101409482,,3,0.28000,1.0,1,primary_count_le1,1.080000,1,1.02,0.9888339740069559,0.9948746110195863,0.0060406370
20260209,20260210,SZSE.300929,300929.SZ,华骐环保,3,2.9895295625114406,,3,0.28000,1.0,1,primary_count_le1,1.080000,1,1.02,0.9882848251876258,0.9945085118066996,0.0062236866
20260210,20260211,SHSE.688701,688701.SH,卓锦股份,1,2.9902340892465253,,3,0.28000,1.0,1,primary_count_le1,1.080000,1,1.02,0.99067300658376,0.988478419897586,0.0021945867
20260210,20260211,SZSE.301098,301098.SZ,金埔园林,2,2.990197512801756,,3,0.28000,1.0,1,primary_count_le1,1.080000,1,1.02,0.9897585954645208,0.991953182150695,0.0021945867
20260210,20260211,SZSE.300929,300929.SZ,华骐环保,3,2.9900146305779076,,3,0.28000,1.0,1,primary_count_le1,1.080000,1,1.02,0.9895757132406731,0.9917702999268471,0.0021945867
20260211,20260212,SHSE.688156,688156.SH,路德科技,1,3.005105542344979,,3,0.28000,1.0,1,primary_count_le1,1.080000,1,1.02,1.0074794219864642,0.9956100237790378,0.0118693982
20260211,20260212,SZSE.301098,301098.SZ,金埔园林,2,2.9886958112310227,,3,0.28000,1.0,1,primary_count_le1,1.080000,1,1.02,0.9877446497164807,0.9925004572891897,0.0047558076
20260211,20260212,SZSE.300929,300929.SZ,华骐环保,3,2.987378818364734,,3,0.28000,1.0,1,primary_count_le1,1.080000,1,1.02,0.9868300713371136,0.989573806475215,0.0027437351
20260212,20260213,SHSE.688156,688156.SH,路德科技,1,3.0073568426822583,,3,0.28000,1.0,1,primary_count_le1,1.080000,1,1.02,1.0096985200073085,0.9979901333820573,0.0117083866
20260212,20260213,SZSE.300665,300665.SZ,飞鹿股份,2,2.9948108898227663,,3,0.28000,1.0,1,primary_count_le1,1.080000,1,1.02,0.9947012607345149,0.995249406175772,0.0005481454
20260212,20260213,SHSE.600561,600561.SH,江西长运,3,2.9929106522930753,,3,0.28000,1.0,1,primary_count_le1,1.080000,1,1.02,0.9925086789694866,0.9945185455874292,0.0020098666
20260213,20260224,SHSE.688156,688156.SH,路德科技,1,3.0075086821422046,,3,0.28000,1.0,1,primary_count_le1,1.080000,1,1.02,1.009888503015902,0.9979893986474137,0.0118991044
20260213,20260224,SHSE.600448,600448.SH,华纺股份,2,2.9936026320599525,,3,0.28000,1.0,1,primary_count_le1,1.080000,1,1.02,0.9936026320599525,0.9936026320599525,0.0000000000
20260213,20260224,SZSE.301372,301372.SZ,科净源,3,2.9915920307073662,,3,0.28000,1.0,1,primary_count_le1,1.080000,1,1.02,0.9903125571193566,0.9967099250594041,0.0063973679
20260224,20260225,SZSE.301098,301098.SZ,金埔园林,1,2.9881944444444444,,3,0.28000,1.0,1,primary_count_le1,1.080000,1,1.02,0.9864766081871345,0.9950657894736842,0.0085891813
20260224,20260225,SZSE.300929,300929.SZ,华骐环保,2,2.9879751461988304,,3,0.28000,1.0,1,primary_count_le1,1.080000,1,1.02,0.9862938596491229,0.9947002923976608,0.0084064327
20260224,20260225,SHSE.688701,688701.SH,卓锦股份,3,2.9864400584795323,,3,0.28000,1.0,1,primary_count_le1,1.080000,1,1.02,0.9844663742690059,0.9943347953216374,0.0098684211
20260225,20260226,SZSE.300621,300621.SZ,维业股份,1,2.994039129639788,,3,0.28000,1.0,1,primary_count_le1,1.080000,1,1.02,0.9930517462058878,0.9979886633753886,0.0049369172
20260225,20260226,SZSE.300665,300665.SZ,飞鹿股份,2,2.9926494788809657,,3,0.28000,1.0,1,primary_count_le1,1.080000,1,1.02,0.9915889559334431,0.996891570671055,0.0053026147
20260225,20260226,SHSE.688701,688701.SH,卓锦股份,3,2.9911866886085208,,3,0.28000,1.0,1,primary_count_le1,1.080000,1,1.02,0.9906747120131651,0.9932345949899433,0.0025598830
20260226,20260227,SZSE.300621,300621.SZ,维业股份,1,2.9945145364783325,,3,0.28000,1.0,1,primary_count_le1,1.080000,1,1.02,0.9939659901261657,0.9967087218869994,0.0027427318
20260226,20260227,SZSE.000692,000692.SZ,惠天热电,2,2.9931980252331325,,3,0.28000,1.0,1,primary_count_le1,1.080000,1,1.02,0.9930517462058878,0.9937831413421101,0.0007313951
20260226,20260227,SHSE.688659,688659.SH,元琛科技,3,2.9923934905832876,,3,0.28000,1.0,1,primary_count_le1,1.080000,1,1.02,0.9917718047174986,0.9948802340464435,0.0031084293
20260227,20260302,SZSE.000692,000692.SZ,惠天热电,1,2.9948070945328213,,3,0.28000,1.0,1,primary_count_le1,1.080000,1,1.02,0.9939659901261657,0.9981715121594441,0.0042055220
20260227,20260302,SZSE.301098,301098.SZ,金埔园林,2,2.9942219784238437,,3,0.28000,1.0,1,primary_count_le1,1.080000,1,1.02,0.9937831413421101,0.9959773267507771,0.0021941854
20260227,20260302,SHSE.688793,688793.SH,倍轻松,3,2.9939659901261657,,3,0.28000,1.0,1,primary_count_le1,1.080000,1,1.02,0.9956116291826659,0.9873834339001646,0.0082281953
20260302,20260303,SZSE.301098,301098.SZ,金埔园林,1,2.996196049743965,,3,0.28000,1.0,1,primary_count_le1,1.080000,1,1.02,0.9959765910753475,0.9970738844184345,0.0010972933
20260302,20260303,SZSE.300621,300621.SZ,维业股份,2,2.994732991953182,,3,0.28000,1.0,1,primary_count_le1,1.080000,1,1.02,0.9956108266276518,0.9912216532553035,0.0043891734
20260302,20260303,SHSE.603717,603717.SH,天域生物,3,2.9894294074615946,,3,0.28000,1.0,1,primary_count_le1,1.080000,1,1.02,0.9899414776883687,0.987381126554499,0.0025603511
20260303,20260304,SZSE.300635,300635.SZ,中达安,1,3.0065769652650824,,3,0.28000,1.0,1,primary_count_le1,1.080000,1,1.02,1.0092723948811702,0.9957952468007313,0.0134771481
20260303,20260304,SHSE.688296,688296.SH,和达科技,2,2.9960877513711153,,3,0.28000,1.0,1,primary_count_le1,1.080000,1,1.02,0.9957952468007313,0.9972577696526508,0.0014625229
20260303,20260304,SZSE.300621,300621.SZ,维业股份,3,2.9957221206581353,,3,0.28000,1.0,1,primary_count_le1,1.080000,1,1.02,0.9954296160877514,0.9968921389396709,0.0014625229
20260304,20260305,SHSE.688217,688217.SH,睿昂基因,1,2.9973318713450294,,3,0.28000,1.0,1,primary_count_le1,1.080000,1,1.02,0.9972587719298246,0.997624269005848,0.0003654971
20260304,20260305,SHSE.688296,688296.SH,和达科技,2,2.9970394736842105,,3,0.28000,1.0,1,primary_count_le1,1.080000,1,1.02,0.9967105263157895,0.9983552631578947,0.0016447368
20260304,20260305,SZSE.300500,300500.SZ,启迪设计,3,2.98859649122807,,3,0.28000,1.0,1,primary_count_le1,1.080000,1,1.02,0.9881213450292398,0.9904970760233918,0.0023757310
20260305,20260306,SZSE.300500,300500.SZ,启迪设计,1,2.9896236755571794,,3,0.28000,1.0,1,primary_count_le1,1.080000,1,1.02,0.9895871392035075,0.989769820971867,0.0001826818
20260305,20260306,SZSE.300665,300665.SZ,飞鹿股份,2,2.9789550602849837,,3,0.28000,1.0,1,primary_count_le1,1.080000,1,1.02,0.978808914870296,0.979539641943734,0.0007307271
20260305,20260306,SHSE.600847,600847.SH,万里股份,3,2.9744610887833396,,3,0.28000,1.0,1,primary_count_le1,1.080000,1,1.02,0.9731457800511509,0.9797223237120936,0.0065765437
20260306,20260309,SZSE.300665,300665.SZ,飞鹿股份,1,2.9855707762557078,,3,0.28000,1.0,1,primary_count_le1,1.080000,1,1.02,0.9857534246575342,0.9848401826484018,0.0009132420
20260306,20260309,SZSE.300621,300621.SZ,维业股份,2,2.983123287671233,,3,0.28000,1.0,1,primary_count_le1,1.080000,1,1.02,0.982648401826484,0.9850228310502284,0.0023744292
20260306,20260309,SZSE.300500,300500.SZ,启迪设计,3,2.980785388127854,,3,0.28000,1.0,1,primary_count_le1,1.080000,1,1.02,0.9804566210045662,0.9821004566210045,0.0016438356
20260309,20260310,SZSE.300500,300500.SZ,启迪设计,1,2.9875159700675304,,3,0.28000,1.0,1,primary_count_le1,1.080000,1,1.02,0.9861288556305895,0.9930644278152948,0.0069355722
20260309,20260310,SZSE.300665,300665.SZ,飞鹿股份,2,2.985143274320132,,3,0.28000,1.0,1,primary_count_le1,1.080000,1,1.02,0.9841211899981749,0.9892316116079577,0.0051104216
20260309,20260310,SHSE.688189,688189.SH,南新制药,3,2.9844862201131592,,3,0.28000,1.0,1,primary_count_le1,1.080000,1,1.02,0.9828435845957292,0.9910567621828801,0.0082131776
20260310,20260311,SZSE.300621,300621.SZ,维业股份,1,2.9880591564725214,,3,0.28000,1.0,1,primary_count_le1,1.080000,1,1.02,0.9910534964396568,0.9760817966039803,0.0149716998
20260310,20260311,SZSE.300665,300665.SZ,飞鹿股份,2,2.986269855760453,,3,0.28000,1.0,1,primary_count_le1,1.080000,1,1.02,0.9848457184590104,0.9919664049662223,0.0071206865
20260310,20260311,SHSE.600697,600697.SH,欧亚集团,3,2.9825086726310026,,3,0.28000,1.0,1,primary_count_le1,1.080000,1,1.02,0.9810115026474348,0.9884973525652729,0.0074858499
20260311,20260312,SZSE.300665,300665.SZ,飞鹿股份,1,2.991861313868613,,3,0.28000,1.0,1,primary_count_le1,1.080000,1,1.02,0.9910583941605839,0.9950729927007299,0.0040145985
20260311,20260312,SZSE.300621,300621.SZ,维业股份,2,2.991058394160584,,3,0.28000,1.0,1,primary_count_le1,1.080000,1,1.02,0.9917883211678832,0.9881386861313869,0.0036496350
20260311,20260312,SHSE.688659,688659.SH,元琛科技,3,2.9793430656934308,,3,0.28000,1.0,1,primary_count_le1,1.080000,1,1.02,0.9768248175182481,0.9894160583941606,0.0125912409
20260312,20260313,SZSE.300621,300621.SZ,维业股份,1,2.992883211678832,,3,0.28000,1.0,1,primary_count_le1,1.080000,1,1.02,0.9932481751824818,0.9914233576642336,0.0018248175
20260312,20260313,SZSE.300665,300665.SZ,飞鹿股份,2,2.985328467153285,,3,0.28000,1.0,1,primary_count_le1,1.080000,1,1.02,0.9854014598540146,0.9850364963503649,0.0003649635
20260312,20260313,SHSE.688189,688189.SH,南新制药,3,2.985328467153285,,3,0.28000,1.0,1,primary_count_le1,1.080000,1,1.02,0.9844890510948905,0.9886861313868613,0.0041970803
20260313,20260316,SHSE.603880,603880.SH,南卫股份,1,2.9911662712173754,,3,0.28000,1.0,1,primary_count_le1,1.080000,1,1.02,0.9899616718379266,0.9959846687351707,0.0060229969
20260313,20260316,SZSE.300665,300665.SZ,飞鹿股份,2,2.9849242562511407,,3,0.28000,1.0,1,primary_count_le1,1.080000,1,1.02,0.9839386749406827,0.9888665814929731,0.0049279066
20260313,20260316,SHSE.688189,688189.SH,南新制药,3,2.983719656871692,,3,0.28000,1.0,1,primary_count_le1,1.080000,1,1.02,0.9828435845957292,0.987223945975543,0.0043803614
20260316,20260317,SZSE.300417,300417.SZ,南华仪器,1,3.007070354143848,,3,0.28000,1.0,1,primary_count_le1,1.080000,1,1.02,1.0086792625045637,1.0006347207009858,0.0080445418
20260316,20260317,SZSE.300665,300665.SZ,飞鹿股份,2,2.985067542898868,,3,0.28000,1.0,1,primary_count_le1,1.080000,1,1.02,0.984118291347207,0.9888645491055129,0.0047462578
20260316,20260317,SHSE.688189,688189.SH,南新制药,3,2.984738955823293,,3,0.28000,1.0,1,primary_count_le1,1.080000,1,1.02,0.9828404527199708,0.9923329682365827,0.0094925155
20260317,20260318,SZSE.300621,300621.SZ,维业股份,1,2.9868517165814463,,3,0.28000,1.0,1,primary_count_le1,1.080000,1,1.02,0.9888604821037253,0.9788166544923301,0.0100438276
20260317,20260318,SZSE.300665,300665.SZ,飞鹿股份,2,2.9765887509130753,,3,0.28000,1.0,1,primary_count_le1,1.080000,1,1.02,0.9758948137326515,0.9793644996347699,0.0034696859
20260317,20260318,SHSE.688189,688189.SH,南新制药,3,2.9761139517896273,,3,0.28000,1.0,1,primary_count_le1,1.080000,1,1.02,0.974981738495252,0.9806428049671293,0.0056610665
20260318,20260319,SZSE.300621,300621.SZ,维业股份,1,2.9895928427971517,,3,0.28000,1.0,1,primary_count_le1,1.080000,1,1.02,0.989958006207778,0.9881321891546467,0.0018258171
20260318,20260319,SHSE.688217,688217.SH,睿昂基因,2,2.98762096037977,,3,0.28000,1.0,1,primary_count_le1,1.080000,1,1.02,0.9881321891546467,0.9855760452802629,0.0025561439
20260318,20260319,SHSE.688189,688189.SH,南新制药,3,2.981851378491875,,3,0.28000,1.0,1,primary_count_le1,1.080000,1,1.02,0.9800985941208691,0.9888625159758992,0.0087639219
20260319,20260320,SHSE.603880,603880.SH,南卫股份,1,3.006918933722841,,3,0.28000,1.0,1,primary_count_le1,1.080000,1,1.02,1.0085356947233888,1.00045188972065,0.0080838050
20260319,20260320,SHSE.603779,603779.SH,威龙股份,2,2.985831659667701,,3,0.28000,1.0,1,primary_count_le1,1.080000,1,1.02,0.9850283001643235,0.9890450976812123,0.0040167975
20260319,20260320,SHSE.688189,688189.SH,南新制药,3,2.9684498813218916,,3,0.28000,1.0,1,primary_count_le1,1.080000,1,1.02,0.966952711338324,0.9744385612561621,0.0074858499
20260320,20260323,SZSE.300220,300220.SZ,金运激光,1,3.006083972252647,,3,0.28000,1.0,1,primary_count_le1,1.080000,1,1.02,1.0086089813800658,0.9959839357429718,0.0126250456
20260320,20260323,SHSE.605567,605567.SH,春雪食品,2,2.9978631617378606,,3,0.28000,1.0,1,primary_count_le1,1.080000,1,1.02,0.9972617743702081,1.0002687112084703,0.0030069368
20260320,20260323,SZSE.002494,002494.SZ,华斯股份,3,2.997626871120847,,3,0.28000,1.0,1,primary_count_le1,1.080000,1,1.02,0.9974443227455275,0.9983570646221248,0.0009127419
20260323,20260324,SZSE.301098,301098.SZ,金埔园林,1,3.007902518248175,,3,0.28000,1.0,1,primary_count_le1,1.080000,1,1.02,1.0096295620437956,1.0009943430656933,0.0086352190
20260323,20260324,SHSE.600455,600455.SH,博通股份,2,3.0074430291970806,,3,0.28000,1.0,1,primary_count_le1,1.080000,1,1.02,1.0092372262773723,1.0002662408759124,0.0089709854
20260323,20260324,SZSE.300665,300665.SZ,飞鹿股份,3,3.0073473357664233,,3,0.28000,1.0,1,primary_count_le1,1.080000,1,1.02,1.0090729927007298,1.0004447080291972,0.0086282847
20260324,20260325,SZSE.300838,300838.SZ,浙江力诺,1,3.0067265425337713,,3,0.28000,1.0,1,primary_count_le1,1.080000,1,1.02,1.0090014603870026,0.997626871120847,0.0113745893
20260324,20260325,SHSE.603779,603779.SH,威龙股份,2,3.0060211756115374,,3,0.28000,1.0,1,primary_count_le1,1.080000,1,1.02,1.0078002920774005,0.9989047097480832,0.0088955823
20260324,20260325,SZSE.301098,301098.SZ,金埔园林,3,3.0060094925155165,,3,0.28000,1.0,1,primary_count_le1,1.080000,1,1.02,1.00942862358525,0.9923329682365827,0.0170956553
20260325,20260326,SZSE.301098,301098.SZ,金埔园林,1,3.00819536411754,,3,0.28000,1.0,1,primary_count_le1,1.080000,1,1.02,1.0099945245482753,1.0009987223945975,0.0089958022
20260325,20260326,SHSE.603860,603860.SH,中公高科,2,3.0071672567986862,,3,0.28000,1.0,1,primary_count_le1,1.080000,1,1.02,1.0088921336010221,1.000267749589341,0.0086243840
20260325,20260326,SZSE.301037,301037.SZ,保立佳,3,3.0071024274502647,,3,0.28000,1.0,1,primary_count_le1,1.080000,1,1.02,1.0087205694469794,1.0006298594634058,0.0080907100
20260326,20260327,SZSE.300417,300417.SZ,南华仪器,1,3.007447353048558,,3,0.28000,1.0,1,primary_count_le1,1.080000,1,1.02,1.0092424242424243,1.0002670682730925,0.0089753560
20260326,20260327,SZSE.300838,300838.SZ,浙江力诺,2,3.0074435925520264,,3,0.28000,1.0,1,primary_count_le1,1.080000,1,1.02,1.0097608616283316,0.9981745162468054,0.0115863454
20260326,20260327,SZSE.300823,300823.SZ,建科智能,3,3.0074236217597665,,3,0.28000,1.0,1,primary_count_le1,1.080000,1,1.02,1.0090763052208835,1.0008128879152975,0.0082634173
20260327,20260330,SHSE.603860,603860.SH,中公高科,1,3.0074671050228314,,3,0.28000,1.0,1,primary_count_le1,1.080000,1,1.02,1.0090840182648402,1.0009994520547945,0.0080845662
20260327,20260330,SZSE.301098,301098.SZ,金埔园林,2,3.00561095890411,,3,0.28000,1.0,1,primary_count_le1,1.080000,1,1.02,1.0075616438356165,0.9978082191780822,0.0097534247
20260327,20260330,SZSE.300417,300417.SZ,南华仪器,3,3.0054940639269407,,3,0.28000,1.0,1,primary_count_le1,1.080000,1,1.02,1.0078264840182647,0.9961643835616438,0.0116621005
20260330,20260331,SHSE.603860,603860.SH,中公高科,1,3.0079001644436323,,3,0.28000,1.0,1,primary_count_le1,1.080000,1,1.02,1.0096254339484743,1.0009990864242646,0.0086263475
20260330,20260331,SZSE.300665,300665.SZ,飞鹿股份,2,3.007284889457336,,3,0.28000,1.0,1,primary_count_le1,1.080000,1,1.02,1.0090389183263293,1.000268773981363,0.0087701443
20260330,20260331,SZSE.300500,300500.SZ,启迪设计,3,3.0060749132103055,,3,0.28000,1.0,1,primary_count_le1,1.080000,1,1.02,1.0095121505572813,0.9923259638224009,0.0171861867
20260331,20260401,SHSE.600561,600561.SH,江西长运,1,3.007528185469149,,3,0.28000,1.0,1,primary_count_le1,1.080000,1,1.02,1.0092515516611902,1.0006347207009858,0.0086168310
20260331,20260401,SZSE.300823,300823.SZ,建科智能,2,2.9971522453450166,,3,0.28000,1.0,1,primary_count_le1,1.080000,1,1.02,0.9974443227455275,0.9959839357429718,0.0014603870
20260331,20260401,SHSE.603779,603779.SH,威龙股份,3,2.9966556042351224,,3,0.28000,1.0,1,primary_count_le1,1.080000,1,1.02,0.9958013873676524,1.0000724717050018,0.0042710843
20260401,20260402,SHSE.600561,600561.SH,江西长运,1,3.007490567414705,,3,0.28000,1.0,1,primary_count_le1,1.080000,1,1.02,1.0092501368363438,1.0004522897281518,0.0087978471
20260401,20260402,SZSE.300823,300823.SZ,建科智能,2,3.0042722130997994,,3,0.28000,1.0,1,primary_count_le1,1.080000,1,1.02,1.0076664842182084,0.9906951286261632,0.0169713556
20260401,20260402,SZSE.002188,002188.SZ,中天服务,3,2.997482211275315,,3,0.28000,1.0,1,primary_count_le1,1.080000,1,1.02,0.9974457215836526,0.9976281700419631,0.0001824485
20260402,20260403,SZSE.300665,300665.SZ,飞鹿股份,1,3.0060558292282433,,3,0.28000,1.0,1,primary_count_le1,1.080000,1,1.02,1.0092118226600986,0.993431855500821,0.0157799672
20260402,20260403,SZSE.300500,300500.SZ,启迪设计,2,2.9990125889436237,,3,0.28000,1.0,1,primary_count_le1,1.000000,1,1.02,1.0068162744024813,0.9677978471081919,0.0390184273
20260402,20260403,SZSE.002494,002494.SZ,华斯股份,3,2.996569968983762,,3,0.28000,1.0,1,primary_count_le1,1.080000,1,1.02,0.9959861339171684,0.9989053092501369,0.0029191753
20260403,20260407,SHSE.688217,688217.SH,睿昂基因,1,3.007677380518059,,3,0.28000,1.0,1,primary_count_le1,1.080000,1,1.02,1.0094381612550163,1.0006342575702298,0.0088039037
20260403,20260407,SHSE.603183,603183.SH,建研院,2,3.0061320685881068,,3,0.28000,1.0,1,primary_count_le1,1.080000,1,1.02,1.0080755198832543,0.9983582634075155,0.0097172565
20260403,20260407,SZSE.300665,300665.SZ,飞鹿股份,3,3.0057657789128056,,3,0.28000,1.0,1,primary_count_le1,1.080000,1,1.02,1.008210507114192,0.9959868661072602,0.0122236410
20260407,20260408,SHSE.688217,688217.SH,睿昂基因,1,3.005899653347929,,3,0.28000,1.0,1,primary_count_le1,1.080000,1,1.02,1.0080131362889984,0.9974457215836526,0.0105674147
20260407,20260408,SZSE.300665,300665.SZ,飞鹿股份,2,3.005886517058931,,3,0.28000,1.0,1,primary_count_le1,1.080000,1,1.02,1.0077230432402846,0.9985404123335158,0.0091826309
20260407,20260408,SZSE.002820,002820.SZ,桂发祥,3,3.003752599890531,,3,0.28000,1.0,1,primary_count_le1,1.080000,1,1.02,1.0082028826856413,0.9859514687100894,0.0222514140
20260408,20260409,SZSE.002820,002820.SZ,桂发祥,1,3.0076837251685804,,3,0.28000,1.0,1,primary_count_le1,1.080000,1,1.02,1.0094459631857116,1.0006347731000547,0.0088111901
20260408,20260409,SHSE.688217,688217.SH,睿昂基因,2,3.0069898305084743,,3,0.28000,1.0,1,primary_count_le1,1.080000,1,1.02,1.0086714051394203,1.000263531984691,0.0084078732
20260408,20260409,SHSE.688067,688067.SH,爱威科技,3,3.006422453070895,,3,0.28000,1.0,1,primary_count_le1,1.080000,1,1.02,1.0083014397667214,0.9989065062875888,0.0093949335
20260409,20260410,SZSE.002820,002820.SZ,桂发祥,1,3.007424380466472,,3,0.28000,1.0,1,primary_count_le1,1.080000,1,1.02,1.009076166180758,1.0008172376093294,0.0082589286
20260409,20260410,SHSE.603860,603860.SH,中公高科,2,3.0052521865889217,,3,0.28000,1.0,1,primary_count_le1,1.080000,1,1.02,1.0079774052478134,0.9943513119533528,0.0136260933
20260409,20260410,SZSE.002494,002494.SZ,华斯股份,3,2.9972303206997086,,3,0.28000,1.0,1,primary_count_le1,1.080000,1,1.02,0.996902332361516,0.9985422740524781,0.0016399417
20260410,20260413,SHSE.603860,603860.SH,中公高科,1,3.006933066278223,,3,0.28000,1.0,1,primary_count_le1,1.080000,1,1.02,1.0086453022578294,1.000084122359796,0.0085611799
20260410,20260413,SHSE.600455,600455.SH,博通股份,2,3.0054828841951933,,3,0.28000,1.0,1,primary_count_le1,1.080000,1,1.02,1.0076729788783685,0.9967225054624909,0.0109504734
20260410,20260413,SZSE.002820,002820.SZ,桂发祥,3,3.0053627093954844,,3,0.28000,1.0,1,primary_count_le1,1.080000,1,1.02,1.009024945375091,0.9907137654770576,0.0183111799
20260413,20260414,SHSE.603860,603860.SH,中公高科,1,3.0067938820101965,,3,0.28000,1.0,1,primary_count_le1,1.080000,1,1.02,1.0089475600873998,0.9981791697013839,0.0107683904
20260413,20260414,SZSE.002494,002494.SZ,华斯股份,2,2.9870356882738527,,3,0.28000,1.0,1,primary_count_le1,1.080000,1,1.02,0.9865258557902403,0.989075018208303,0.0025491624
20260413,20260414,SZSE.002524,002524.SZ,光正眼科,3,2.9843590677348875,,3,0.28000,1.0,1,primary_count_le1,1.080000,1,1.02,0.9870721048798252,0.9735069191551348,0.0135651857
20260414,20260415,SZSE.300649,300649.SZ,杭州园林,1,3.0065684804367607,,3,0.28000,1.0,1,primary_count_le1,1.080000,1,1.02,1.0081428571428572,1.000270973612375,0.0078718835
20260414,20260415,SHSE.603860,603860.SH,中公高科,2,3.006069517743403,,3,0.28000,1.0,1,primary_count_le1,1.080000,1,1.02,1.0087242948134667,0.9954504094631483,0.0132738854
20260414,20260415,SHSE.600455,600455.SH,博通股份,3,2.984385805277525,,3,0.28000,1.0,1,primary_count_le1,1.080000,1,1.02,0.9845313921747043,0.9838034576888081,0.0007279345
20260415,20260416,SZSE.300958,300958.SZ,建工修复,1,3.004845439650464,,3,0.28000,1.0,1,primary_count_le1,1.080000,1,1.02,1.0077407609685054,0.9932641543782996,0.0144766066
20260415,20260416,SZSE.300649,300649.SZ,杭州园林,2,2.998015365010013,,3,0.28000,1.0,1,primary_count_le1,1.080000,1,1.02,0.997451301656654,1.000271618423448,0.0028203168
20260415,20260416,SZSE.002622,002622.SZ,皓宸医疗,3,2.9823047515019114,,3,0.28000,1.0,1,primary_count_le1,1.080000,1,1.02,0.9850719097032586,0.9712361186965228,0.0138357910
20260416,20260417,SZSE.002622,002622.SZ,皓宸医疗,1,2.9848644715299253,,3,0.28000,1.0,1,primary_count_le1,1.080000,1,1.02,0.9892668728397308,0.967254866290704,0.0220120065
20260416,20260417,SHSE.600448,600448.SH,华纺股份,2,2.976569037656904,,3,0.28000,1.0,1,primary_count_le1,1.080000,1,1.02,0.9778060760414772,0.9716208841186101,0.0061851919
20260416,20260417,SZSE.300635,300635.SZ,中达安,3,2.97069310533018,,3,0.28000,1.0,1,primary_count_le1,1.080000,1,1.02,0.9668910314717118,0.9859014007640531,0.0190103693
20260417,20260420,SZSE.300665,300665.SZ,飞鹿股份,1,2.966812227074236,,3,0.28000,1.0,1,primary_count_le1,1.080000,1,1.02,0.9630640465793304,0.9818049490538574,0.0187409025
20260417,20260420,SHSE.605567,605567.SH,春雪食品,2,2.965647743813683,,3,0.28000,1.0,1,primary_count_le1,1.080000,1,1.02,0.9625181950509462,0.9781659388646288,0.0156477438
20260417,20260420,SZSE.300929,300929.SZ,华骐环保,3,2.965247452692868,,3,0.28000,1.0,1,primary_count_le1,1.080000,1,1.02,0.9623362445414847,0.9768922852983989,0.0145560408
20260420,20260421,SHSE.605567,605567.SH,春雪食品,1,2.9967225054624906,,3,0.28000,1.0,1,primary_count_le1,1.080000,1,1.02,0.9963583394027676,0.9981791697013839,0.0018208303
20260420,20260421,SHSE.603022,603022.SH,新通联,2,2.9823743627093955,,3,0.28000,1.0,1,primary_count_le1,1.080000,1,1.02,0.9806991988346686,0.989075018208303,0.0083758194
20260420,20260421,SZSE.300621,300621.SZ,维业股份,3,2.9815003641660596,,3,0.28000,1.0,1,primary_count_le1,1.080000,1,1.02,0.9812454479242535,0.9825200291332847,0.0012745812
20260421,20260422,SHSE.688329,688329.SH,艾隆科技,1,2.993778424595234,,3,0.28000,1.0,1,primary_count_le1,1.080000,1,1.02,0.9949063125341095,0.9892668728397308,0.0056394397
20260421,20260422,SZSE.002622,002622.SZ,皓宸医疗,2,2.975404766236129,,3,0.28000,1.0,1,primary_count_le1,1.080000,1,1.02,0.9763507367655084,0.9716208841186101,0.0047298526
20260421,20260422,SZSE.300621,300621.SZ,维业股份,3,2.97489539748954,,3,0.28000,1.0,1,primary_count_le1,1.080000,1,1.02,0.9727123885755867,0.9836274331453521,0.0109150446
20260422,20260423,SHSE.688329,688329.SH,艾隆科技,1,3.0073557940694924,,3,0.28000,1.0,1,primary_count_le1,1.080000,1,1.02,1.0090813170820447,1.0004537020192832,0.0086276151
20260422,20260423,SHSE.600493,600493.SH,凤竹纺织,2,2.9813352737857013,,3,0.28000,1.0,1,primary_count_le1,1.080000,1,1.02,0.9812625068219029,0.981626341640895,0.0003638348
20260422,20260423,SZSE.002622,002622.SZ,皓宸医疗,3,2.964744406039658,,3,0.28000,1.0,1,primary_count_le1,1.080000,1,1.02,0.9676187011096962,0.9532472257595052,0.0143714754
20260423,20260424,SHSE.600847,600847.SH,万里股份,1,2.9729159082635603,,3,0.28000,1.0,1,primary_count_le1,1.080000,1,1.02,0.9694211867491809,0.9868947943210775,0.0174736076
20260423,20260424,SHSE.688096,688096.SH,京源环保,2,2.9706224972697486,,3,0.28000,1.0,1,primary_count_le1,1.080000,1,1.02,0.9703312704768838,0.9717874044412086,0.0014561340
20260423,20260424,SHSE.603879,603879.SH,永悦科技,3,2.970294867127776,,3,0.28000,1.0,1,primary_count_le1,1.080000,1,1.02,0.9677830360393156,0.9803421914816163,0.0125591554
20260424,20260427,SHSE.688426,688426.SH,康为世纪,1,2.9724890829694326,,3,0.28000,1.0,1,primary_count_le1,1.080000,1,1.02,0.9761644832605532,0.9577874818049491,0.0183770015
20260424,20260427,SZSE.300621,300621.SZ,维业股份,2,2.9676128093158662,,3,0.28000,1.0,1,primary_count_le1,1.080000,1,1.02,0.9630640465793304,0.9858078602620087,0.0227438137
20260424,20260427,SHSE.600847,600847.SH,万里股份,3,2.9670305676855895,,3,0.28000,1.0,1,primary_count_le1,1.080000,1,1.02,0.9621542940320232,0.9865356622998545,0.0243813683
20260427,20260428,SHSE.688058,688058.SH,宝兰德,1,2.9880618744313012,,3,0.28000,1.0,1,primary_count_le1,1.080000,1,1.02,0.986533212010919,0.9941765241128299,0.0076433121
20260427,20260428,SZSE.002524,002524.SZ,光正眼科,2,2.9544313011828933,,3,0.28000,1.0,1,primary_count_le1,1.080000,1,1.02,0.956687898089172,0.9454049135577798,0.0112829845
20260427,20260428,SHSE.688096,688096.SH,京源环保,3,2.9508826205641494,,3,0.28000,1.0,1,primary_count_le1,1.080000,1,1.02,0.9494085532302092,0.956778889899909,0.0073703367
20260428,20260429,SHSE.688058,688058.SH,宝兰德,1,2.9863702623906705,,3,0.28000,1.0,1,primary_count_le1,1.080000,1,1.02,0.9856049562682215,0.9894314868804664,0.0038265306
20260428,20260429,SZSE.000856,000856.SZ,冀东装备,2,2.9704810495626823,,3,0.28000,1.0,1,primary_count_le1,1.080000,1,1.02,0.9699344023323615,0.972667638483965,0.0027332362
20260428,20260429,SHSE.603879,603879.SH,永悦科技,3,2.9390670553935863,,3,0.28000,1.0,1,primary_count_le1,1.080000,1,1.02,0.934402332361516,0.9577259475218659,0.0233236152
20260429,20260430,SHSE.688058,688058.SH,宝兰德,1,2.9876601977297694,,3,0.28000,1.0,1,primary_count_le1,1.080000,1,1.02,0.9868180153789821,0.9910289271329183,0.0042109118
20260429,20260430,SHSE.688670,688670.SH,金迪克,2,2.953863053826437,,3,0.28000,1.0,1,primary_count_le1,1.080000,1,1.02,0.9589893811790553,0.9333577444159649,0.0256316368
20260429,20260430,SHSE.600097,600097.SH,开创国际,3,1.9889417795679238,,3,0.28000,1.0,1,primary_count_le1,1.080000,1,1.02,0.9893811790552911,0.9871841816184548,0.0021969974
20260430,20260506,SHSE.688121,688121.SH,卓然股份,1,3.0031238095238093,,3,0.28000,1.0,1,primary_count_le1,1.080000,1,1.02,1.0078424908424908,0.9842490842490842,0.0235934066
20260430,20260506,SHSE.603879,603879.SH,永悦科技,2,2.9534065934065934,,3,0.28000,1.0,1,primary_count_le1,1.080000,1,1.02,0.9501831501831501,0.9663003663003663,0.0161172161
20260430,20260506,SHSE.600561,600561.SH,江西长运,3,2.9476923076923076,,3,0.28000,1.0,1,primary_count_le1,1.080000,1,1.02,0.9481684981684981,0.9457875457875458,0.0023809524
20260506,20260507,SZSE.301098,301098.SZ,金埔园林,1,2.9637158469945355,,3,0.28000,1.0,1,primary_count_le1,1.080000,1,1.02,0.9619307832422587,0.970856102003643,0.0089253188
20260506,20260507,SHSE.688701,688701.SH,卓锦股份,2,2.95591985428051,,3,0.28000,1.0,1,primary_count_le1,1.080000,1,1.02,0.953551912568306,0.9653916211293261,0.0118397086
20260506,20260507,SHSE.688296,688296.SH,和达科技,3,2.952094717668488,,3,0.28000,1.0,1,primary_count_le1,1.080000,1,1.02,0.9480874316939891,0.9681238615664846,0.0200364299
20260507,20260508,SHSE.688296,688296.SH,和达科技,1,2.9969230657200074,,3,0.28000,1.0,1,primary_count_le1,1.080000,1,1.02,0.9961769524849808,0.999907518660113,0.0037305662
20260507,20260508,SHSE.688217,688217.SH,睿昂基因,2,2.996104132532314,,3,0.28000,1.0,1,primary_count_le1,1.080000,1,1.02,0.9954487529583106,0.998725650828327,0.0032768979
20260507,20260508,SHSE.688329,688329.SH,艾隆科技,3,2.9933733843073003,,3,0.28000,1.0,1,primary_count_le1,1.080000,1,1.02,0.9921718550882942,0.9981795011833242,0.0060076461
20260508,20260511,SHSE.688296,688296.SH,和达科技,1,2.9917334547441268,,3,0.28000,1.0,1,primary_count_le1,1.080000,1,1.02,0.989801493352759,0.9994613003095975,0.0096598070
20260508,20260511,SHSE.688217,688217.SH,睿昂基因,2,2.9899836095428887,,3,0.28000,1.0,1,primary_count_le1,1.080000,1,1.02,0.9894372609725005,0.99216900382444,0.0027317429
20260508,20260511,SHSE.688329,688329.SH,艾隆科技,3,2.988235294117647,,3,0.28000,1.0,1,primary_count_le1,1.080000,1,1.02,0.9859770533600437,0.9972682571480604,0.0112912038
20260511,20260512,SHSE.688296,688296.SH,和达科技,1,2.9912584228737935,,3,0.28000,1.0,1,primary_count_le1,1.080000,1,1.02,0.9908941904935349,0.9927153523948279,0.0018211619
20260511,20260512,SHSE.688217,688217.SH,睿昂基因,2,2.989327991258423,,3,0.28000,1.0,1,primary_count_le1,1.080000,1,1.02,0.9905299581132763,0.9845201238390093,0.0060098343
20260511,20260512,SHSE.688078,688078.SH,龙软科技,3,2.988745219450009,,3,0.28000,1.0,1,primary_count_le1,1.080000,1,1.02,0.9881624476415953,0.9910763066836642,0.0029138590
20260512,20260513,SHSE.688296,688296.SH,和达科技,1,2.9897996357012753,,3,0.28000,1.0,1,primary_count_le1,1.080000,1,1.02,0.9888888888888889,0.9934426229508196,0.0045537341
20260512,20260513,SHSE.688217,688217.SH,睿昂基因,2,2.9895081967213115,,3,0.28000,1.0,1,primary_count_le1,1.080000,1,1.02,0.9887067395264116,0.9927140255009107,0.0040072860
20260512,20260513,SZSE.300621,300621.SZ,维业股份,3,2.988342440801457,,3,0.28000,1.0,1,primary_count_le1,1.080000,1,1.02,0.9867030965391621,0.9948998178506375,0.0081967213
20260513,20260514,SHSE.688217,688217.SH,睿昂基因,1,2.9922810850172947,,3,0.28000,1.0,1,primary_count_le1,1.080000,1,1.02,0.991807755324959,0.9941744037866376,0.0023666485
20260513,20260514,SHSE.688296,688296.SH,和达科技,2,2.991734935372292,,3,0.28000,1.0,1,primary_count_le1,1.080000,1,1.02,0.9908975059166212,0.9950846531949754,0.0041871473
20260513,20260514,SZSE.300621,300621.SZ,维业股份,3,2.9900964864372837,,3,0.28000,1.0,1,primary_count_le1,1.080000,1,1.02,0.9894411068632806,0.992718004733297,0.0032768979
20260514,20260515,SHSE.688078,688078.SH,龙软科技,1,2.989404696886947,,3,0.28000,1.0,1,primary_count_le1,1.080000,1,1.02,0.9878026579282724,0.9958128527216458,0.0080101948
20260514,20260515,SZSE.300621,300621.SZ,维业股份,2,2.98933187693428,,3,0.28000,1.0,1,primary_count_le1,1.080000,1,1.02,0.9887129073366102,0.991807755324959,0.0030948480
20260514,20260515,SHSE.688329,688329.SH,艾隆科技,3,2.9881303477152743,,3,0.28000,1.0,1,primary_count_le1,1.080000,1,1.02,0.9865283087565994,0.9945385035499726,0.0080101948
20260515,20260518,SHSE.688217,688217.SH,睿昂基因,1,2.993921747042766,,3,0.28000,1.0,1,primary_count_le1,1.080000,1,1.02,0.9932666060054595,0.9965423111919928,0.0032757052
20260515,20260518,SZSE.300621,300621.SZ,维业股份,2,2.991264786169245,,3,0.28000,1.0,1,primary_count_le1,1.080000,1,1.02,0.9901728844404004,0.9956323930846224,0.0054595086
20260515,20260518,SHSE.688078,688078.SH,龙软科技,3,2.990646041856233,,3,0.28000,1.0,1,primary_count_le1,1.080000,1,1.02,0.989080982711556,0.9969062784349408,0.0078252957
20260518,20260519,SHSE.688217,688217.SH,睿昂基因,1,2.9901982178577926,,3,0.28000,1.0,1,primary_count_le1,1.080000,1,1.02,0.9927259501727587,0.9800872885979269,0.0126386616
20260518,20260519,SZSE.300621,300621.SZ,维业股份,2,2.9889434442625933,,3,0.28000,1.0,1,primary_count_le1,1.080000,1,1.02,0.9894526277505001,0.9869067103109657,0.0025459174
20260518,20260519,SHSE.688329,688329.SH,艾隆科技,3,2.9888343335151846,,3,0.28000,1.0,1,primary_count_le1,1.080000,1,1.02,0.9869067103109657,0.9965448263320604,0.0096381160
20260519,20260520,SHSE.688217,688217.SH,睿昂基因,1,2.9889697852202404,,3,0.28000,1.0,1,primary_count_le1,1.080000,1,1.02,0.9912631962140517,0.9797961412449946,0.0114670550
20260519,20260520,SZSE.300621,300621.SZ,维业股份,2,2.9887513651255917,,3,0.28000,1.0,1,primary_count_le1,1.080000,1,1.02,0.9883509282854023,0.9903531124863487,0.0020021842
20260519,20260520,SZSE.300535,300535.SZ,达威股份,3,2.9864579541317804,,3,0.28000,1.0,1,primary_count_le1,1.080000,1,1.02,0.9854386603567529,0.9905351292318894,0.0050964689
20260520,20260521,SZSE.300621,300621.SZ,维业股份,1,2.989341578755911,,3,0.28000,1.0,1,primary_count_le1,1.080000,1,1.02,0.9909057839214259,0.9830847580938523,0.0078210258
20260520,20260521,SHSE.688329,688329.SH,艾隆科技,2,2.9874863586758824,,3,0.28000,1.0,1,primary_count_le1,1.080000,1,1.02,0.985631138595853,0.9949072389959985,0.0092761004
20260520,20260521,SZSE.300605,300605.SZ,恒锋信息,3,2.9867588213895964,,3,0.28000,1.0,1,primary_count_le1,1.080000,1,1.02,0.9858130229174246,0.990542015278283,0.0047289924
20260521,20260522,SZSE.002524,002524.SZ,光正眼科,1,2.987747682239593,,3,0.28000,1.0,1,primary_count_le1,1.080000,1,1.02,0.9872750409016543,0.989638247591347,0.0023632067
20260521,20260522,SHSE.688329,688329.SH,艾隆科技,2,2.9863297582257773,,3,0.28000,1.0,1,primary_count_le1,1.080000,1,1.02,0.9843664788220323,0.9941828758407563,0.0098163970
20260521,20260522,SZSE.300605,300605.SZ,恒锋信息,3,2.984257407744047,,3,0.28000,1.0,1,primary_count_le1,1.080000,1,1.02,0.9834575531721506,0.9874568260316307,0.0039992729
20260522,20260525,SHSE.688004,688004.SH,博汇科技,1,2.993895348837209,,3,0.28000,1.0,1,primary_count_le1,1.080000,1,1.02,0.9929142441860465,0.9978197674418605,0.0049055233
20260522,20260525,SZSE.300621,300621.SZ,维业股份,2,2.9936046511627907,,3,0.28000,1.0,1,primary_count_le1,1.080000,1,1.02,0.993640988372093,0.9934593023255814,0.0001816860
20260522,20260525,SHSE.600561,600561.SH,江西长运,3,2.9928052325581396,,3,0.28000,1.0,1,primary_count_le1,1.080000,1,1.02,0.9927325581395349,0.9930959302325582,0.0003633721
20260525,20260526,SHSE.688217,688217.SH,睿昂基因,1,2.990043604651163,,3,0.28000,1.0,1,primary_count_le1,1.080000,1,1.02,0.9920058139534884,0.9821947674418605,0.0098110465
20260525,20260526,SHSE.688004,688004.SH,博汇科技,2,2.988263081395349,,3,0.28000,1.0,1,primary_count_le1,1.080000,1,1.02,0.9880087209302325,0.989280523255814,0.0012718023
20260525,20260526,SHSE.600561,600561.SH,江西长运,3,2.9874273255813955,,3,0.28000,1.0,1,primary_count_le1,1.080000,1,1.02,0.9876453488372093,0.9865552325581395,0.0010901163
20260526,20260527,SZSE.002494,002494.SZ,华斯股份,1,2.988626453488372,,3,0.28000,1.0,1,primary_count_le1,1.080000,1,1.02,0.9876453488372093,0.9925508720930233,0.0049055233
20260526,20260527,SHSE.688004,688004.SH,博汇科技,2,2.9867732558139535,,3,0.28000,1.0,1,primary_count_le1,1.080000,1,1.02,0.9861918604651163,0.9890988372093024,0.0029069767
20260526,20260527,SZSE.300500,300500.SZ,启迪设计,3,2.98546511627907,,3,0.28000,1.0,1,primary_count_le1,1.080000,1,1.02,0.984375,0.9898255813953488,0.0054505814
20260527,20260528,SZSE.300112,300112.SZ,万讯自控,1,3.001840900835452,,3,0.28000,1.0,1,primary_count_le1,1.080000,1,1.02,1.007114057391936,0.9807482746095169,0.0263657828
20260527,20260528,SZSE.000663,000663.SZ,永安林业,2,2.9965492190337812,,3,0.28000,1.0,1,primary_count_le1,1.080000,1,1.02,0.9961859789320741,0.9980021794406102,0.0018162005
20260527,20260528,SZSE.301167,301167.SZ,建研设计,3,2.996331274972757,,3,0.28000,1.0,1,primary_count_le1,1.080000,1,1.02,0.9958227388303669,0.9983654195423175,0.0025426807
20260528,20260529,SZSE.300112,300112.SZ,万讯自控,1,3.0063290955321467,,3,0.28000,1.0,1,primary_count_le1,1.080000,1,1.02,1.0082746095168906,0.998547039593171,0.0097275699
20260528,20260529,SHSE.603908,603908.SH,牧高笛,2,2.9958953868507083,,3,0.28000,1.0,1,primary_count_le1,1.080000,1,1.02,0.9967308390846349,0.9925535779150018,0.0041772612
20260528,20260529,SZSE.002535,002535.SZ,林州重机,3,2.9886305848165637,,3,0.28000,1.0,1,primary_count_le1,1.000000,1,1.02,0.9950962586269524,0.962767889575009,0.0323283691
20260529,20260601,SZSE.300112,300112.SZ,万讯自控,1,3.0044460588448967,,3,0.28000,1.0,1,primary_count_le1,1.080000,1,1.02,1.0081002542680713,0.9898292771521976,0.0182709771
20260529,20260601,SHSE.603506,603506.SH,南都物业,2,2.9962949509625862,,3,0.28000,1.0,1,primary_count_le1,1.080000,1,1.02,0.9974573192880494,0.9916454776607337,0.0058118416
20260529,20260601,SHSE.688193,688193.SH,仁度生物,3,2.9818379949146387,,3,0.28000,1.0,1,primary_count_le1,1.080000,1,1.02,0.9805666545586633,0.9869233563385398,0.0063567018
20260601,20260602,SZSE.300886,300886.SZ,华业香料,1,2.9997923021060275,,3,0.28000,1.0,1,primary_count_le1,1.000000,1,1.02,1.0085911401597676,0.9645969498910676,0.0439941903
20260601,20260602,SZSE.300112,300112.SZ,万讯自控,2,2.996713870733479,,3,0.28000,1.0,1,primary_count_le1,1.080000,1,1.02,0.9972766884531591,0.9944625998547567,0.0028140886
20260601,20260602,SHSE.688193,688193.SH,仁度生物,3,2.977923021060276,,3,0.28000,1.0,1,primary_count_le1,1.080000,1,1.02,0.9832970225127088,0.9564270152505446,0.0268700073
20260602,20260603,SZSE.300112,300112.SZ,万讯自控,1,3.0035460323224985,,3,0.28000,1.0,1,primary_count_le1,1.080000,1,1.02,1.0078372979843835,0.9863809696749591,0.0214563283
20260602,20260603,SHSE.688193,688193.SH,仁度生物,2,2.982349736698747,,3,0.28000,1.0,1,primary_count_le1,1.080000,1,1.02,0.9845650989649537,0.9734882876339205,0.0110768113
20260602,20260603,SHSE.688089,688089.SH,嘉必优,3,2.9712366079535135,,3,0.28000,1.0,1,primary_count_le1,1.080000,1,1.02,0.9685854367169058,0.9818412928999455,0.0132558562
20260603,20260604,SZSE.003003,003003.SZ,天元股份,1,3.0046713845037196,,3,0.28000,1.0,1,primary_count_le1,1.080000,1,1.02,1.0078806024315006,0.9918345127925966,0.0160460896
20260603,20260604,SHSE.603506,603506.SH,南都物业,2,3.0016955180547997,,3,0.28000,1.0,1,primary_count_le1,1.080000,1,1.02,1.0075630557067683,0.9782253674469243,0.0293376883
20260603,20260604,SHSE.603818,603818.SH,曲美家居,3,2.9964434766829977,,3,0.28000,1.0,1,primary_count_le1,1.080000,1,1.02,0.9967338051170387,0.9952821629468336,0.0014516422
20260604,20260605,SZSE.003003,003003.SZ,天元股份,1,3.0045247686445293,,3,0.28000,1.0,1,primary_count_le1,1.080000,1,1.02,1.0081056069678824,0.9902014153511159,0.0179041916
20260604,20260605,SHSE.688193,688193.SH,仁度生物,2,2.9883868626383596,,3,0.28000,1.0,1,primary_count_le1,1.080000,1,1.02,0.988749773180911,0.9869352204681546,0.0018145527
20260604,20260605,SHSE.688089,688089.SH,嘉必优,3,2.976338232625658,,3,0.28000,1.0,1,primary_count_le1,1.080000,1,1.02,0.9784068227182,0.9680638722554891,0.0103429505
20260605,20260608,SZSE.003003,003003.SZ,天元股份,1,3.00664490388103,,3,0.28000,1.0,1,primary_count_le1,1.080000,1,1.02,1.00930359085963,0.9960101559666305,0.0132934349
20260605,20260608,SHSE.600697,600697.SH,欧亚集团,2,3.0065883206383752,,3,0.28000,1.0,1,primary_count_le1,1.080000,1,1.02,1.0091421835328256,0.9963728690605731,0.0127693145
20260605,20260608,SZSE.300621,300621.SZ,维业股份,3,3.0056742836416395,,3,0.28000,1.0,1,primary_count_le1,1.080000,1,1.02,1.0082263329706203,0.9954660863257163,0.0127602466
20260608,20260609,SZSE.003003,003003.SZ,天元股份,1,3.00310861287398,0.048230088495575224,3,0.28000,1.0,1,primary_count_le1,1.080000,1,1.02,1.0072402538531278,0.986582048957389,0.0206582049
20260608,20260609,SZSE.300621,300621.SZ,维业股份,2,2.9969900271985495,0.054246575342465755,3,0.28000,1.0,1,primary_count_le1,1.080000,1,1.02,0.9974614687216682,0.9951042611060743,0.0023572076
20260608,20260609,SHSE.688793,688793.SH,倍轻松,3,2.9965548504079784,0.07099083619702176,3,0.28000,1.0,1,primary_count_le1,1.080000,1,1.02,0.9963735267452403,0.9972801450589301,0.0009066183
20260609,20260610,SZSE.300642,300642.SZ,透景生命,1,3.0030636446056214,0.04023307692307692,3,0.28000,1.0,1,primary_count_le1,1.080000,1,1.02,1.0074106980961015,0.985675430643699,0.0217352675
20260609,20260610,SHSE.688051,688051.SH,佳华科技,2,2.995684496826836,0.12572089711641152,3,0.28000,1.0,1,primary_count_le1,1.080000,1,1.02,0.9952855847688123,0.9972801450589301,0.0019945603
20260609,20260610,SZSE.003003,003003.SZ,天元股份,3,2.995430643699003,0.04712543554006969,3,0.28000,1.0,1,primary_count_le1,1.080000,1,1.02,0.9972801450589301,0.9880326382592929,0.0092475068
20260610,20260611,SHSE.688613,688613.SH,奥精医疗,1,3.004657474600871,0.04402035623409669,3,0.28000,1.0,1,primary_count_le1,1.080000,1,1.02,1.0083164005805516,0.990021770682148,0.0182946299
20260610,20260611,SZSE.300642,300642.SZ,透景生命,2,3.004177068214804,0.04143647700701481,3,0.28000,1.0,1,primary_count_le1,1.080000,1,1.02,1.00794267053701,0.9891146589259797,0.0188280116
20260610,20260611,SHSE.688051,688051.SH,佳华科技,3,2.996190130624093,0.1255482456140351,3,0.28000,1.0,1,primary_count_le1,1.080000,1,1.02,0.9958272859216255,0.9976415094339622,0.0018142235
20260611,20260612,SZSE.300642,300642.SZ,透景生命,1,2.992486388384755,0.04168458498023715,3,0.28000,1.0,1,primary_count_le1,1.080000,1,1.02,0.997459165154265,0.972595281306715,0.0248638838
20260611,20260612,SHSE.688051,688051.SH,佳华科技,2,2.9879854809437387,0.12449438202247191,3,0.28000,1.0,1,primary_count_le1,1.080000,1,1.02,0.9883847549909256,0.9863883847549909,0.0019963702
20260611,20260612,SHSE.688193,688193.SH,仁度生物,3,2.975426497277677,0.05847963378176382,3,0.28000,1.0,1,primary_count_le1,1.080000,1,1.02,0.9731397459165154,0.984573502722323,0.0114337568
20260612,20260615,SZSE.300642,300642.SZ,透景生命,1,2.9972781709308656,0.04111660231660232,3,0.28000,1.0,1,primary_count_le1,1.080000,1,1.02,0.9972781709308656,0.9972781709308656,0.0000000000
20260612,20260615,SHSE.688051,688051.SH,佳华科技,2,2.9892941389947376,0.1186063480481576,3,0.28000,1.0,1,primary_count_le1,1.080000,1,1.02,0.9896570495372891,0.9878424968245327,0.0018145527
20260612,20260615,SHSE.688193,688193.SH,仁度生物,3,2.9856831790963527,0.057585412667946256,3,0.28000,1.0,1,primary_count_le1,1.080000,1,1.02,0.983306115042642,0.9951914353111958,0.0118853203
20260615,20260616,SZSE.300642,300642.SZ,透景生命,1,2.9974209952778788,0.04212732919254658,3,0.28000,1.0,1,primary_count_le1,1.080000,1,1.02,0.9970940791863422,0.9987286596440247,0.0016345805
20260615,20260616,SZSE.300405,300405.SZ,科隆股份,2,2.994278968398111,0.0660344827586207,3,0.28000,1.0,1,primary_count_le1,1.080000,1,1.02,0.9967308390846349,0.984471485652016,0.0122593534
20260615,20260616,SHSE.688051,688051.SH,佳华科技,3,2.9916454776607337,0.116562154186647,3,0.28000,1.0,1,primary_count_le1,1.080000,1,1.02,0.9909189974573193,0.9945513984743916,0.0036324010
20260616,20260617,SHSE.688670,688670.SH,金迪克,1,2.9965173226918194,0.06399594320486816,3,0.28000,1.0,1,primary_count_le1,1.080000,1,1.02,0.9967349900235807,0.9956466533647742,0.0010883367
20260616,20260617,SZSE.300642,300642.SZ,透景生命,2,2.9964810448031924,0.04258823529411764,3,0.28000,1.0,1,primary_count_le1,1.080000,1,1.02,0.9965536005804462,0.9961908216941774,0.0003627789
20260616,20260617,SZSE.301167,301167.SZ,建研设计,3,2.9958643206965356,0.050695839311334284,3,0.28000,1.0,1,primary_count_le1,1.080000,1,1.02,0.996009432251043,0.9952838744785053,0.0007255578
20260617,20260618,SHSE.688670,688670.SH,金迪克,1,2.995570884007987,0.06440501043841336,3,0.28000,1.0,1,primary_count_le1,1.080000,1,1.02,0.9961880559085133,0.9931021964058813,0.0030858595
20260617,20260618,SZSE.300642,300642.SZ,透景生命,2,2.9949900163369034,0.04424041533546326,3,0.28000,1.0,1,primary_count_le1,1.080000,1,1.02,0.996369577055727,0.9894717734616083,0.0068978036
20260617,20260618,SHSE.600099,600099.SH,林海股份,3,2.993283717553095,0.04674285714285714,3,0.28000,1.0,1,primary_count_le1,1.080000,1,1.02,0.995825013614086,0.9831185333091305,0.0127064803
